file_id,상대경로,크기,SHA-256,확장자,실제형식,원본주차,Git상태,작성수정근거,참조대상,분류,부모file_id,판정근거,미확인사유,관측_슬라이드수,관측_인라인SVG수
F-0001,courses/AI_코딩_에이전트_입문_3차시/3차시_강의자료_제작계획.md,154786,7bc46fdcddc77bdde3e02478d8e8f5728cd160fcea79350e03b4cf744d091523,.md,텍스트(Markdown),신규과정공통,untracked,커밋 없음,(참조 없음),관리 자료,-,과정 운영·계획·안내 문서,-,-,-
F-0002,courses/AI_코딩_에이전트_입문_3차시/README.md,2521,0e3a06482d14f1b127659bcf2d80772352b24e0a3d0faf0ed258e3028db77f87,.md,텍스트(Markdown),신규과정공통,untracked,커밋 없음,(참조 없음),관리 자료,-,과정 운영·계획·안내 문서,-,-,-
F-0003,courses/AI_코딩_에이전트_입문_3차시/profile.md,2526,5dc1d014b28298f32d104ad9ad92b47f0ae6b5056d0a08d33aa15f28a8ce4ccb,.md,텍스트(Markdown),신규과정공통,untracked,커밋 없음,(참조 없음),관리 자료,-,과목 프로필(운영 파라미터 정본),-,-,-
F-0004,courses/AI_코딩_에이전트_입문_3차시/sessions/1주차/1주차_초안.md,7823,6dfb6607a53e0f3b06f434165a9ca0387332aeb4c48750888b4ab2c37f690678,.md,텍스트(Markdown),1주차,untracked,커밋 없음,(참조 없음),템플릿,-,신규 과정 주차 골격(_template에 대응 없음·내용 미집필),-,-,-
F-0005,courses/AI_코딩_에이전트_입문_3차시/sessions/1주차/README.md,3042,d4773b55a50695a98c9c9efd0d4326ac70f888a448ecb4d0f20dcf543f671452,.md,텍스트(Markdown),1주차,untracked,커밋 없음,../README.md(있음),템플릿,F-0345,_template 골격과 SHA-256 동일(미집필 복사본),-,-,-
F-0006,courses/AI_코딩_에이전트_입문_3차시/sessions/1주차/deck.contract.json,1471,ded854e50e1c4a27497883f3145da737f6547dcf62e38e15ebabe5d3d2edc585,.json,JSON,1주차,untracked,커밋 없음,(참조 없음),템플릿,F-0346,_template 골격과 SHA-256 동일(미집필 복사본),-,-,-
F-0007,courses/AI_코딩_에이전트_입문_3차시/sessions/1주차/강의덱.초안/README.md,2708,a81c9fc402c7d29773a5cea88bc3b76fae4ed20f92a50e8de8fdf466474305f9,.md,텍스트(Markdown),1주차,untracked,커밋 없음,(참조 없음),템플릿,F-0347,_template 골격과 SHA-256 동일(미집필 복사본),-,-,-
F-0008,courses/AI_코딩_에이전트_입문_3차시/sessions/1주차/강의덱.초안/part-01.html,6197,99afcbdc08d3b979f99bad334993c753d8724feef8550616d099afc280aa87fe,.html,HTML(조각),1주차,untracked,커밋 없음,자료/images/roadmap-01.png(없음),템플릿,F-0348,_template 골격과 SHA-256 동일(미집필 복사본),-,2,2
F-0009,courses/AI_코딩_에이전트_입문_3차시/sessions/1주차/강의덱.초안/shell.html,38378,08c532e1c7513403a8cea1c80e83632346453f2360355d54322e47e0e1b318ea,.html,HTML(문서),1주차,untracked,커밋 없음,../../../../kit/styles/deck.css(있음);../../../../kit/styles/legibility.css(있음);../../../../kit/styles/patterns.css(있음);자료/images/asset-001.png(없음);자료/images/asset-002.png(없음),템플릿,F-0349,_template 골격과 SHA-256 동일(미집필 복사본),-,4,6
F-0010,courses/AI_코딩_에이전트_입문_3차시/sessions/1주차/실습예제/README.md,272,3e1c8c6a3c302550f189d59b3afb2026fdd2460f9cecfec465b108d44ea3cad8,.md,텍스트(Markdown),1주차,untracked,커밋 없음,(참조 없음),템플릿,-,신규 과정 주차 골격(_template에 대응 없음·내용 미집필),-,-,-
F-0011,courses/AI_코딩_에이전트_입문_3차시/sessions/1주차/자료/개념KB.md,8438,b7a18a8dd38f11d80c3b3f2854c72a712b3db17c26079194513786fbbd20cb80,.md,텍스트(Markdown),1주차,untracked,커밋 없음,(참조 없음),템플릿,F-0350,_template 골격과 SHA-256 동일(미집필 복사본),-,-,-
F-0012,courses/AI_코딩_에이전트_입문_3차시/sessions/1주차/자료/리서치_리뷰.html,29212,d7171f17d1afa46816afdd0fa4a33ce5103c9885a08f425c0272f2aed4b55b22,.html,HTML(조각),1주차,untracked,커밋 없음,(참조 없음),템플릿,F-0351,_template 골격과 SHA-256 동일(미집필 복사본),-,0(section 있으나 data-slide 0건),0
F-0013,courses/AI_코딩_에이전트_입문_3차시/sessions/1주차/자료/이미지-에셋.json,171,15bd7595b34b564f6e5cb1c6ddb46991ad9d3d09b8871694aeeada18b841e2f7,.json,JSON,1주차,untracked,커밋 없음,(참조 없음),템플릿,F-0352,_template 골격과 SHA-256 동일(미집필 복사본),-,-,-
F-0014,courses/AI_코딩_에이전트_입문_3차시/sessions/1주차/자료/이미지-프롬프트.md,961,8f198035aa4b4bcf66bf465fc7f3e9ce1d7eba9e3b96993eaa376889bef7b0e9,.md,텍스트(Markdown),1주차,untracked,커밋 없음,(참조 없음),템플릿,F-0353,_template 골격과 SHA-256 동일(미집필 복사본),-,-,-
F-0015,courses/AI_코딩_에이전트_입문_3차시/sessions/1주차/콘텐츠_리뷰.html,22119,e07d036ffad3b37abb97223118eaf8435632988e533691f2edb783b91f61399f,.html,HTML(조각),1주차,untracked,커밋 없음,(참조 없음),템플릿,F-0354,_template 골격과 SHA-256 동일(미집필 복사본),-,0(section 있으나 data-slide 0건),0
F-0016,courses/AI_코딩_에이전트_입문_3차시/sessions/2주차/2주차_초안.md,7838,c2c92eb7abf551d69c897eb8f7f319609d96e80bb12a65778782def1cbc70556,.md,텍스트(Markdown),2주차,untracked,커밋 없음,(참조 없음),템플릿,-,신규 과정 주차 골격(_template에 대응 없음·내용 미집필),-,-,-
F-0017,courses/AI_코딩_에이전트_입문_3차시/sessions/2주차/README.md,3042,d4773b55a50695a98c9c9efd0d4326ac70f888a448ecb4d0f20dcf543f671452,.md,텍스트(Markdown),2주차,untracked,커밋 없음,../README.md(있음),템플릿,F-0345,_template 골격과 SHA-256 동일(미집필 복사본),-,-,-
F-0018,courses/AI_코딩_에이전트_입문_3차시/sessions/2주차/deck.contract.json,1471,ded854e50e1c4a27497883f3145da737f6547dcf62e38e15ebabe5d3d2edc585,.json,JSON,2주차,untracked,커밋 없음,(참조 없음),템플릿,F-0346,_template 골격과 SHA-256 동일(미집필 복사본),-,-,-
F-0019,courses/AI_코딩_에이전트_입문_3차시/sessions/2주차/강의덱.초안/README.md,2708,a81c9fc402c7d29773a5cea88bc3b76fae4ed20f92a50e8de8fdf466474305f9,.md,텍스트(Markdown),2주차,untracked,커밋 없음,(참조 없음),템플릿,F-0347,_template 골격과 SHA-256 동일(미집필 복사본),-,-,-
F-0020,courses/AI_코딩_에이전트_입문_3차시/sessions/2주차/강의덱.초안/part-01.html,6197,99afcbdc08d3b979f99bad334993c753d8724feef8550616d099afc280aa87fe,.html,HTML(조각),2주차,untracked,커밋 없음,자료/images/roadmap-01.png(없음),템플릿,F-0348,_template 골격과 SHA-256 동일(미집필 복사본),-,2,2
F-0021,courses/AI_코딩_에이전트_입문_3차시/sessions/2주차/강의덱.초안/shell.html,38378,08c532e1c7513403a8cea1c80e83632346453f2360355d54322e47e0e1b318ea,.html,HTML(문서),2주차,untracked,커밋 없음,../../../../kit/styles/deck.css(있음);../../../../kit/styles/legibility.css(있음);../../../../kit/styles/patterns.css(있음);자료/images/asset-001.png(없음);자료/images/asset-002.png(없음),템플릿,F-0349,_template 골격과 SHA-256 동일(미집필 복사본),-,4,6
F-0022,courses/AI_코딩_에이전트_입문_3차시/sessions/2주차/실습예제/README.md,277,ccacbfa804476f7165694b0c86bfb5e5c2c9418b8057a2ba628720bf64a0e0d1,.md,텍스트(Markdown),2주차,untracked,커밋 없음,(참조 없음),템플릿,-,신규 과정 주차 골격(_template에 대응 없음·내용 미집필),-,-,-
F-0023,courses/AI_코딩_에이전트_입문_3차시/sessions/2주차/자료/개념KB.md,8438,b7a18a8dd38f11d80c3b3f2854c72a712b3db17c26079194513786fbbd20cb80,.md,텍스트(Markdown),2주차,untracked,커밋 없음,(참조 없음),템플릿,F-0350,_template 골격과 SHA-256 동일(미집필 복사본),-,-,-
F-0024,courses/AI_코딩_에이전트_입문_3차시/sessions/2주차/자료/리서치_리뷰.html,29212,d7171f17d1afa46816afdd0fa4a33ce5103c9885a08f425c0272f2aed4b55b22,.html,HTML(조각),2주차,untracked,커밋 없음,(참조 없음),템플릿,F-0351,_template 골격과 SHA-256 동일(미집필 복사본),-,0(section 있으나 data-slide 0건),0
F-0025,courses/AI_코딩_에이전트_입문_3차시/sessions/2주차/자료/이미지-에셋.json,171,15bd7595b34b564f6e5cb1c6ddb46991ad9d3d09b8871694aeeada18b841e2f7,.json,JSON,2주차,untracked,커밋 없음,(참조 없음),템플릿,F-0352,_template 골격과 SHA-256 동일(미집필 복사본),-,-,-
F-0026,courses/AI_코딩_에이전트_입문_3차시/sessions/2주차/자료/이미지-프롬프트.md,961,8f198035aa4b4bcf66bf465fc7f3e9ce1d7eba9e3b96993eaa376889bef7b0e9,.md,텍스트(Markdown),2주차,untracked,커밋 없음,(참조 없음),템플릿,F-0353,_template 골격과 SHA-256 동일(미집필 복사본),-,-,-
F-0027,courses/AI_코딩_에이전트_입문_3차시/sessions/2주차/콘텐츠_리뷰.html,22119,e07d036ffad3b37abb97223118eaf8435632988e533691f2edb783b91f61399f,.html,HTML(조각),2주차,untracked,커밋 없음,(참조 없음),템플릿,F-0354,_template 골격과 SHA-256 동일(미집필 복사본),-,0(section 있으나 data-slide 0건),0
F-0028,courses/AI_코딩_에이전트_입문_3차시/sessions/3주차/3주차_초안.md,7836,71ae4745669728ad8de7a6012679f3d5ad31a36e8c41896f9386cb5eed3ea892,.md,텍스트(Markdown),3주차,untracked,커밋 없음,(참조 없음),템플릿,-,신규 과정 주차 골격(_template에 대응 없음·내용 미집필),-,-,-
F-0029,courses/AI_코딩_에이전트_입문_3차시/sessions/3주차/README.md,3042,d4773b55a50695a98c9c9efd0d4326ac70f888a448ecb4d0f20dcf543f671452,.md,텍스트(Markdown),3주차,untracked,커밋 없음,../README.md(있음),템플릿,F-0345,_template 골격과 SHA-256 동일(미집필 복사본),-,-,-
F-0030,courses/AI_코딩_에이전트_입문_3차시/sessions/3주차/deck.contract.json,1471,ded854e50e1c4a27497883f3145da737f6547dcf62e38e15ebabe5d3d2edc585,.json,JSON,3주차,untracked,커밋 없음,(참조 없음),템플릿,F-0346,_template 골격과 SHA-256 동일(미집필 복사본),-,-,-
F-0031,courses/AI_코딩_에이전트_입문_3차시/sessions/3주차/강의덱.초안/README.md,2708,a81c9fc402c7d29773a5cea88bc3b76fae4ed20f92a50e8de8fdf466474305f9,.md,텍스트(Markdown),3주차,untracked,커밋 없음,(참조 없음),템플릿,F-0347,_template 골격과 SHA-256 동일(미집필 복사본),-,-,-
F-0032,courses/AI_코딩_에이전트_입문_3차시/sessions/3주차/강의덱.초안/part-01.html,6197,99afcbdc08d3b979f99bad334993c753d8724feef8550616d099afc280aa87fe,.html,HTML(조각),3주차,untracked,커밋 없음,자료/images/roadmap-01.png(없음),템플릿,F-0348,_template 골격과 SHA-256 동일(미집필 복사본),-,2,2
F-0033,courses/AI_코딩_에이전트_입문_3차시/sessions/3주차/강의덱.초안/shell.html,38378,08c532e1c7513403a8cea1c80e83632346453f2360355d54322e47e0e1b318ea,.html,HTML(문서),3주차,untracked,커밋 없음,../../../../kit/styles/deck.css(있음);../../../../kit/styles/legibility.css(있음);../../../../kit/styles/patterns.css(있음);자료/images/asset-001.png(없음);자료/images/asset-002.png(없음),템플릿,F-0349,_template 골격과 SHA-256 동일(미집필 복사본),-,4,6
F-0034,courses/AI_코딩_에이전트_입문_3차시/sessions/3주차/실습예제/README.md,350,97b2c842377c8dfcf1393ae817169911b8105852842d6ddbba4272c2b7ded3c9,.md,텍스트(Markdown),3주차,untracked,커밋 없음,(참조 없음),템플릿,-,신규 과정 주차 골격(_template에 대응 없음·내용 미집필),-,-,-
F-0035,courses/AI_코딩_에이전트_입문_3차시/sessions/3주차/자료/개념KB.md,8438,b7a18a8dd38f11d80c3b3f2854c72a712b3db17c26079194513786fbbd20cb80,.md,텍스트(Markdown),3주차,untracked,커밋 없음,(참조 없음),템플릿,F-0350,_template 골격과 SHA-256 동일(미집필 복사본),-,-,-
F-0036,courses/AI_코딩_에이전트_입문_3차시/sessions/3주차/자료/리서치_리뷰.html,29212,d7171f17d1afa46816afdd0fa4a33ce5103c9885a08f425c0272f2aed4b55b22,.html,HTML(조각),3주차,untracked,커밋 없음,(참조 없음),템플릿,F-0351,_template 골격과 SHA-256 동일(미집필 복사본),-,0(section 있으나 data-slide 0건),0
F-0037,courses/AI_코딩_에이전트_입문_3차시/sessions/3주차/자료/이미지-에셋.json,171,15bd7595b34b564f6e5cb1c6ddb46991ad9d3d09b8871694aeeada18b841e2f7,.json,JSON,3주차,untracked,커밋 없음,(참조 없음),템플릿,F-0352,_template 골격과 SHA-256 동일(미집필 복사본),-,-,-
F-0038,courses/AI_코딩_에이전트_입문_3차시/sessions/3주차/자료/이미지-프롬프트.md,961,8f198035aa4b4bcf66bf465fc7f3e9ce1d7eba9e3b96993eaa376889bef7b0e9,.md,텍스트(Markdown),3주차,untracked,커밋 없음,(참조 없음),템플릿,F-0353,_template 골격과 SHA-256 동일(미집필 복사본),-,-,-
F-0039,courses/AI_코딩_에이전트_입문_3차시/sessions/3주차/콘텐츠_리뷰.html,22119,e07d036ffad3b37abb97223118eaf8435632988e533691f2edb783b91f61399f,.html,HTML(조각),3주차,untracked,커밋 없음,(참조 없음),템플릿,F-0354,_template 골격과 SHA-256 동일(미집필 복사본),-,0(section 있으나 data-slide 0건),0
F-0040,courses/AI_코딩_에이전트_입문_3차시/sessions/README.md,945,217de2eaf50cbaf6da9a9ca1d11af46559fe4ce3c8096723aea55e5d713e13fc,.md,텍스트(Markdown),신규과정공통,untracked,커밋 없음,(참조 없음),템플릿,-,신규 과정 주차 골격(_template에 대응 없음·내용 미집필),-,-,-
F-0041,courses/AI_코딩_에이전트_입문_3차시/sessions/_verify/README.md,2636,8c8479eb952076fd14c1ece43ae86e6d1019a92fd0252cee0694b557cc9c1427,.md,텍스트(Markdown),검증증거(주차없음),untracked,커밋 없음,(참조 없음),템플릿,-,A7 마커(T04-B 신설) · 신규 과정 증거 루트 선언 골격 · untracked · 실제 증거 파일 아님,-,-,-
F-0042,courses/AI_코딩_에이전트_입문_3차시/슬라이드지침.md,1652,eaa3a58c856be7385ff79943f444462ebe64d562b36dd5afee175e6c10d846f1,.md,텍스트(Markdown),신규과정공통,untracked,커밋 없음,(참조 없음),편집 정본,-,과목 기준 정본 문서,-,-,-
F-0043,courses/AI_코딩_에이전트_입문_3차시/자료/데이터/mock_ecommerce_orders.csv,305614,3502d6b4bcc78d28b5797566a6dbe8da5fc85d00c066bb0a3fef709e537d5192,.csv,텍스트(CSV),신규과정공통,untracked,커밋 없음,-,편집 정본,-,실습용 원본 데이터(DATA),-,-,-
F-0044,courses/AI_코딩_에이전트_입문_3차시/자료/원문/01_교육계획서_구조형_원문.txt,21998,0da9d8de48db9ac42e0388c3c451405c41661aaa84f6e3e2bf714d0404996396,.txt,텍스트,신규과정공통,untracked,커밋 없음,(참조 없음),편집 정본,-,신규 과정 요청 원문(O1/O2),-,-,-
F-0045,courses/AI_코딩_에이전트_입문_3차시/자료/원문/02_교육계획서_목록형_원문.txt,19695,fee47b8ad0089cfc80480dfff20ddf95529a60d13bd89d4dc9f875b7608a31ca,.txt,텍스트,신규과정공통,untracked,커밋 없음,(참조 없음),편집 정본,-,신규 과정 요청 원문(O1/O2),-,-,-
F-0046,courses/AI_코딩_에이전트_입문_3차시/자료/자료목록.md,1349,df18d34276364a5fa2ab519fa332bbaf7c77a19acec88ccc13eb413d965fd1e0,.md,텍스트(Markdown),신규과정공통,untracked,커밋 없음,(참조 없음),참고자료,-,리서치·출처·개념·집필 노트 등 제작 참고 문서,-,-,-
F-0047,courses/AI_코딩_에이전트_입문_3차시/제작관리/G00-승인안.md,18485,3269a1d45de44ee125c4e5e1b9bfba03726bb2babf7e3259707d418d1ad33a38,.md,텍스트(Markdown),신규과정공통,untracked,커밋 없음,(참조 없음),관리 자료,-,본 과정 제작 관리 문서,-,-,-
F-0048,courses/AI_코딩_에이전트_입문_3차시/제작관리/검증명령.md,14910,ea6ab4433bb39219bde4ff54c8f11660f4348835f5c4f94645ab68f9e409c566,.md,텍스트(Markdown),신규과정공통,untracked,커밋 없음,(참조 없음),관리 자료,-,본 과정 제작 관리 문서,-,-,-
F-0049,courses/AI_코딩_에이전트_입문_3차시/제작관리/경로스키마호환성.md,169396,a973238cda5ed6b2bb4ab56f395839fe6c1ac0e52156b2ca2ab1e35f0f0cbca5,.md,텍스트(Markdown),신규과정공통,untracked,커밋 없음,(참조 없음),관리 자료,-,본 과정 제작 관리 문서,-,-,-
F-0050,courses/AI_코딩_에이전트_입문_3차시/제작관리/모델계약호환성.md,128659,ce795c46ab40540ea05b13767e720fb956042e84fbc0386b1e4ec23ed0031765,.md,텍스트(Markdown),신규과정공통,untracked,커밋 없음,(참조 없음),관리 자료,-,본 과정 제작 관리 문서,-,-,-
F-0051,courses/AI_코딩_에이전트_입문_3차시/제작관리/모델지원증거.md,11814,f5cfad2d350d9ace651f73286f877fd8d90044ec35c466ba1fd531aa80e037f7,.md,텍스트(Markdown),신규과정공통,untracked,커밋 없음,(참조 없음),관리 자료,-,본 과정 제작 관리 문서,-,-,-
F-0052,courses/AI_코딩_에이전트_입문_3차시/제작관리/상태장부.md,19949,e3d9ec08f790f2e5036011e6256d2ee2e26effc8a587692bc66c3a7acc00ec3b,.md,텍스트(Markdown),신규과정공통,untracked,커밋 없음,(참조 없음),관리 자료,-,본 과정 제작 관리 문서,-,-,-
F-0053,courses/AI_코딩_에이전트_입문_3차시/제작관리/시작기준선.json,175901,79d316435b96f8af3c00406ae9d461c57120ce2670a8fe058d235451ca61cd7e,.json,JSON,신규과정공통,untracked,커밋 없음,(참조 없음),관리 자료,-,본 과정 제작 관리 문서,-,-,-
F-0054,courses/AI_코딩_에이전트_입문_3차시/제작관리/실행계약.md,21089,f98b66b56dfa2795e9046f078a12518d7bbda42fd2cc426cc2c4e3eceb3daf4d,.md,텍스트(Markdown),신규과정공통,untracked,커밋 없음,(참조 없음),관리 자료,-,본 과정 제작 관리 문서,-,-,-
F-0055,courses/AI_코딩_에이전트_입문_3차시/커리큘럼_기준안.md,4034,dccfc5336355772b1341d392ad788740554346bf8f013648c5dd76d938c0607d,.md,텍스트(Markdown),신규과정공통,untracked,커밋 없음,(참조 없음),편집 정본,-,과목 기준 정본 문서,-,-,-
F-0056,courses/바이브코딩/1주차_내용정리.md,82308,dee7b1b2c6f16f6ebebbf795f6428da089456338d98836d73e822d4aa57d1112,.md,텍스트(Markdown),과목공통(바이브코딩),tracked,최초 da4b35c(2026-08-11) / 최종 da4b35c(2026-08-11) / 커밋 1회,(참조 없음),참고자료,-,주차 내용 요약 문서,-,-,-
F-0057,courses/바이브코딩/2주차_내용정리.md,128289,6b9b89582791c103be55db8de829562d41fddf61c53c29cd71425c40f06f630d,.md,텍스트(Markdown),과목공통(바이브코딩),tracked,최초 da4b35c(2026-08-11) / 최종 da4b35c(2026-08-11) / 커밋 1회,(참조 없음),참고자료,-,주차 내용 요약 문서,-,-,-
F-0058,courses/바이브코딩/3주차_내용정리.md,95713,bec4b1d2c8c3b8eef0be5aa4a1eb67595b0701e1b2c691c035c51dd313801191,.md,텍스트(Markdown),과목공통(바이브코딩),tracked,최초 da4b35c(2026-08-11) / 최종 da4b35c(2026-08-11) / 커밋 1회,(참조 없음),참고자료,-,주차 내용 요약 문서,-,-,-
F-0059,courses/바이브코딩/AI_코딩_에이전트_입문_4강_커리큘럼.html,63622,a729dada45f4d59ec698c2a5f1d6f3c4cddd77d2241e8e0de5ecb6a153f7c4e0,.html,HTML(문서),과목공통(바이브코딩),untracked,커밋 없음,(참조 없음),참고자료,-,과거 4강 커리큘럼 문서 · 현행 3차시 정본 아님,현행 과정에 반영할 범위 미확정,0(section 있으나 data-slide 0건),22
F-0060,courses/바이브코딩/profile.md,13146,827d3bd987e87334bb87de713d6753b05745930821b0921c0899c0e01d9397b2,.md,텍스트(Markdown),과목공통(바이브코딩),tracked,최초 df8492d(2026-07-29) / 최종 1d86f88(2026-08-29) / 커밋 10회,../../입력양식/과목프로필템플릿.md(있음);슬라이드지침.md(있음),관리 자료,-,과목 프로필(운영 파라미터 정본),-,-,-
F-0061,courses/바이브코딩/sessions/1주차/1주차_강의안설계.md,64026,d678938a3de717ba50506307b7de3ea5ebdc91b0c5566fad6667c9a85945cb23,.md,텍스트(Markdown),1주차,tracked,최초 147abfa(2026-07-18) / 최종 b5756e7(2026-07-29) / 커밋 6회,(참조 없음),편집 정본,-,주차 콘텐츠 정본(집필 원본),-,-,-
F-0062,courses/바이브코딩/sessions/1주차/1주차_초안.md,36206,197c5daa4d3e3323a03e00cc3e80ef9c346f6a189edaa092f61e1f96c9abf0a3,.md,텍스트(Markdown),1주차,tracked,최초 e321979(2026-07-16) / 최종 b5756e7(2026-07-29) / 커밋 14회,(참조 없음),편집 정본,-,주차 콘텐츠 정본(집필 원본),-,-,-
F-0063,courses/바이브코딩/sessions/1주차/deck.contract.json,12193,253a4545a295d3f867f0c5b36cbbe26b9bb863cc133782977316e888c10972c9,.json,JSON,1주차,tracked,최초 907a634(2026-07-26) / 최종 bc20335(2026-08-19) / 커밋 8회,(참조 없음),관리 자료,-,검증 메타데이터·조립 보고,-,-,-
F-0064,courses/바이브코딩/sessions/1주차/강의덱.html,182146,3b509205dec1f2200903760e6cf7c726f01a176cf4a607250a1e6fe092e00b39,.html,HTML(문서),1주차,tracked,최초 95438ae(2026-07-21) / 최종 b8119b0(2026-08-03) / 커밋 21회,../../../../kit/styles/deck.css(있음);../../../../kit/styles/legibility.css(있음);../../../../kit/styles/patterns.css(있음);강의덱.초안/revision.css(있음);자료/images/s00_light-paper-background.png(있음);자료/images/s00_workbench-hero-paper-cut-v1-transparent.png(있음);자료/images/s00_check-paper-cut-v1-transparent.png(있음);자료/images/s01a_ai-one-sentence-era-paper-cut-v1-transparent.png(있음);자료/images/s05_week1_journey-paper-cut-v1-transparent.png(있음);자료/images/s05_week2_journey-paper-cut-v1-transparent.png(있음);자료/images/s05_week3_journey-paper-cut-v1-transparent.png(있음);자료/images/s02_arrival-three-actions-paper-cut-v1-transparent.png(있음);자료/images/s05a-data-design-background-v1.png(있음);자료/images/s07_llm-agent-workshop-paper-cut-v1-transparent.png(있음);자료/images/s09_three-work-roles-paper-cut-v1-transparent.png(있음);자료/images/s10a_web-based-v2.png(있음);자료/images/s10a_installed-v2.png(있음);자료/images/s10b_webservice-seven-stage-infographic-paper-cut-v1-transparent.png(있음);자료/images/s10_plan-paper-cut-v1-transparent.png(있음);자료/images/s10_design-paper-cut-v1-transparent.png(있음);자료/images/s10_frontend-paper-cut-v1-transparent.png(있음);자료/images/s10_backend-paper-cut-v1-transparent.png(있음);자료/images/s10_qa-publish-improve-story-paper-cut-v2-transparent.png(있음);자료/images/s17_html-structure-paper-cut-v1-transparent.png(있음);자료/images/s17_css-styling-paper-cut-v1-transparent.png(있음);자료/images/s17_javascript-interaction-paper-cut-v1-transparent.png(있음);자료/images/s11_human-ai-prepare-paper-cut-v2-transparent.png(있음);자료/images/s17_folder-file-workspace-paper-cut-v1-transparent.png(있음);자료/screenshot/win02_c-drive-open.png(있음);자료/screenshot/win_new-folder-context-menu.png(있음);자료/screenshot/codex_about-me-folder-created.png(있음);자료/screenshot/codex_use-existing-folder-menu.png(있음);자료/screenshot/codex_select-project-root_about-me.png(있음);자료/images/s19_permission-four-checks-paper-cut-v1-transparent.png(있음);자료/images/s18_context-memory-workbench-paper-cut-v1-transparent.png(있음);자료/images/s44_keep-change-check-paper-cut-v1-transparent.png(있음);자료/images/s45_human-ai-one-change-paper-cut-v2-transparent.png(있음);자료/images/s46_one-change-protected-paper-cut-v1-transparent.png(있음);자료/images/s50_human-ai-free-change-paper-cut-v2-transparent.png(있음);자료/images/s52_issue-type-check-paper-cut-v1-transparent.png(있음);자료/images/s56_human-ai-refresh-check-paper-cut-v2-transparent.png(있음);자료/images/s60_final-three-checks-paper-cut-v1-transparent.png(있음);자료/images/s42_one-file-three-files-paper-cut-v1-transparent.png(있음),조립 결과물,F-0073,shard(shell+part-*)에서 조립된 생성물,-,75,74
F-0065,courses/바이브코딩/sessions/1주차/강의덱.초안/_보관/README_복구안내.md,685,a73095ee82c75418326bbaa4bd25f9441092485c8f8d825c9095cc9b60c8e74b,.md,텍스트(Markdown),1주차,tracked,최초 fb273c1(2026-07-24) / 최종 b5756e7(2026-07-29) / 커밋 2회,(참조 없음),상태 확인 필요,F-0073,초안 폴더 내 _보관 사본 · 현행 shard와 별개,현행 덱과의 계보·폐기 여부 미확인,-,-
F-0066,courses/바이브코딩/sessions/1주차/강의덱.초안/_보관/shell_실습6주제_원본_2026-07-24.html,51972,f8eb93929d6d76345d752c17845e01613e9071c5154e7247c2b1acadbe717bc1,.html,HTML(문서),1주차,tracked,최초 95438ae(2026-07-21) / 최종 b5756e7(2026-07-29) / 커밋 14회,../../kit/styles/deck.css(없음);../../kit/styles/legibility.css(없음);../../kit/styles/patterns.css(없음);강의덱.초안/revision.css(있음);자료/images/s00_light-paper-background.png(있음);자료/images/s00_workbench-hero-paper-cut-v1-transparent.png(있음);자료/images/s00_check-paper-cut-v1-transparent.png(있음);자료/images/s01a_ai-one-sentence-era-paper-cut-v1-transparent.png(있음);자료/images/s05_week1_journey-paper-cut-v1-transparent.png(있음);자료/images/s05_week2_journey-paper-cut-v1-transparent.png(있음);자료/images/s05_week3_journey-paper-cut-v1-transparent.png(있음);자료/images/s02_arrival-three-actions-paper-cut-v1-transparent.png(있음);자료/images/s05a-data-design-background-v1.png(있음);자료/images/s42_one-file-three-files-paper-cut-v1-transparent.png(있음),상태 확인 필요,F-0073,초안 폴더 내 _보관 사본 · 현행 shard와 별개,현행 덱과의 계보·폐기 여부 미확인,19,16
F-0067,courses/바이브코딩/sessions/1주차/강의덱.초안/part-01.html,45773,ca30fdeba7d3a35ea23a49e3788375ac38cde716a75c7c9c334a869e16835bab,.html,HTML(조각),1주차,tracked,최초 95438ae(2026-07-21) / 최종 b5756e7(2026-07-29) / 커밋 11회,자료/images/s07_llm-agent-workshop-paper-cut-v1-transparent.png(있음);자료/images/s09_three-work-roles-paper-cut-v1-transparent.png(있음);자료/images/s10a_web-based-v2.png(있음);자료/images/s10a_installed-v2.png(있음);자료/images/s10b_webservice-seven-stage-infographic-paper-cut-v1-transparent.png(있음);자료/images/s10_plan-paper-cut-v1-transparent.png(있음);자료/images/s10_design-paper-cut-v1-transparent.png(있음);자료/images/s10_frontend-paper-cut-v1-transparent.png(있음);자료/images/s10_backend-paper-cut-v1-transparent.png(있음);자료/images/s10_qa-publish-improve-story-paper-cut-v2-transparent.png(있음);자료/images/s17_html-structure-paper-cut-v1-transparent.png(있음);자료/images/s17_css-styling-paper-cut-v1-transparent.png(있음);자료/images/s17_javascript-interaction-paper-cut-v1-transparent.png(있음);자료/images/s11_human-ai-prepare-paper-cut-v2-transparent.png(있음),편집 정본,-,조립 입력 shard(편집 대상 원본),-,17,18
F-0068,courses/바이브코딩/sessions/1주차/강의덱.초안/part-02.html,12919,36ae5eabfd6e90ad62bdf7cc460f7504c65fc099c6cf48dc81a57456f22e3bad,.html,HTML(조각),1주차,tracked,최초 95438ae(2026-07-21) / 최종 b5756e7(2026-07-29) / 커밋 10회,자료/images/s17_folder-file-workspace-paper-cut-v1-transparent.png(있음);자료/screenshot/win02_c-drive-open.png(있음);자료/screenshot/win_new-folder-context-menu.png(있음);자료/screenshot/codex_about-me-folder-created.png(있음);자료/screenshot/codex_use-existing-folder-menu.png(있음);자료/screenshot/codex_select-project-root_about-me.png(있음);자료/images/s19_permission-four-checks-paper-cut-v1-transparent.png(있음),편집 정본,-,조립 입력 shard(편집 대상 원본),-,7,7
F-0069,courses/바이브코딩/sessions/1주차/강의덱.초안/part-03.html,38881,3ceb7b9daa5b6fb23bc27fe76252105f011067820a83d9da5a1139d8bf946cd5,.html,HTML(조각),1주차,tracked,최초 95438ae(2026-07-21) / 최종 b5756e7(2026-07-29) / 커밋 13회,자료/images/s18_context-memory-workbench-paper-cut-v1-transparent.png(있음),편집 정본,-,조립 입력 shard(편집 대상 원본),-,19,18
F-0070,courses/바이브코딩/sessions/1주차/강의덱.초안/part-04.html,24199,f8528cf7ca50f962f811de101b23bc8a8cb3330b3163605aab13bf99df028fe9,.html,HTML(조각),1주차,tracked,최초 95438ae(2026-07-21) / 최종 b5756e7(2026-07-29) / 커밋 7회,자료/images/s44_keep-change-check-paper-cut-v1-transparent.png(있음);자료/images/s45_human-ai-one-change-paper-cut-v2-transparent.png(있음);자료/images/s46_one-change-protected-paper-cut-v1-transparent.png(있음);자료/images/s50_human-ai-free-change-paper-cut-v2-transparent.png(있음),편집 정본,-,조립 입력 shard(편집 대상 원본),-,9,11
F-0071,courses/바이브코딩/sessions/1주차/강의덱.초안/part-05.html,15746,86a32dfe43645ae888e6f1d9e71bb1f9dbe28b0fa663cb56764827c728c3af43,.html,HTML(조각),1주차,tracked,최초 95438ae(2026-07-21) / 최종 b5756e7(2026-07-29) / 커밋 9회,자료/images/s52_issue-type-check-paper-cut-v1-transparent.png(있음);자료/images/s56_human-ai-refresh-check-paper-cut-v2-transparent.png(있음);자료/images/s60_final-three-checks-paper-cut-v1-transparent.png(있음),편집 정본,-,조립 입력 shard(편집 대상 원본),-,8,8
F-0072,courses/바이브코딩/sessions/1주차/강의덱.초안/revision.css,119572,8a9c00ece9e21bf656b4228012be011b20740c6fb8ce89652781af5638cee72b,.css,텍스트(CSS),1주차,tracked,최초 95438ae(2026-07-21) / 최종 b5756e7(2026-07-29) / 커밋 11회,(참조 없음),편집 정본,-,조립 입력 shard(편집 대상 원본),-,-,-
F-0073,courses/바이브코딩/sessions/1주차/강의덱.초안/shell.html,44638,4fbe490deedcbd867eff0799a69e1f36ff5ae812b8c035371b904c43ac74e043,.html,HTML(문서),1주차,tracked,최초 95438ae(2026-07-21) / 최종 b8119b0(2026-08-03) / 커밋 15회,../../../../kit/styles/deck.css(있음);../../../../kit/styles/legibility.css(있음);../../../../kit/styles/patterns.css(있음);강의덱.초안/revision.css(있음);자료/images/s00_light-paper-background.png(있음);자료/images/s00_workbench-hero-paper-cut-v1-transparent.png(있음);자료/images/s00_check-paper-cut-v1-transparent.png(있음);자료/images/s01a_ai-one-sentence-era-paper-cut-v1-transparent.png(있음);자료/images/s05_week1_journey-paper-cut-v1-transparent.png(있음);자료/images/s05_week2_journey-paper-cut-v1-transparent.png(있음);자료/images/s05_week3_journey-paper-cut-v1-transparent.png(있음);자료/images/s02_arrival-three-actions-paper-cut-v1-transparent.png(있음);자료/images/s05a-data-design-background-v1.png(있음);자료/images/s42_one-file-three-files-paper-cut-v1-transparent.png(있음),편집 정본,-,조립 입력 shard(편집 대상 원본),-,15,12
F-0074,courses/바이브코딩/sessions/1주차/강의덱_발표.html,59008238,5a4aa2b58643b040fe55f48442400afdbce9fcb066dca53dd95a2b4a569ecf2e,.html,HTML(문서),1주차,tracked,최초 95438ae(2026-07-21) / 최종 b5756e7(2026-07-29) / 커밋 6회,(참조 없음),내보내기 결과물,F-0064,조립본에서 파생된 자립 배포/발표 런타임(폰트·이미지 인라인),-,75,77
F-0075,courses/바이브코딩/sessions/1주차/강의덱_발표자노트.html,30691,5bd0443cf048651033a92d88b8aadb65ae5c9675ee8a236d7d4025d700be90b1,.html,HTML(문서),1주차,tracked,최초 e321979(2026-07-16) / 최종 b5756e7(2026-07-29) / 커밋 14회,(참조 없음),조립 결과물,F-0062,초안 강사 멘트에서 생성된 노트 HTML,-,51(pn-slide 섹션·data-slide 미사용),0
F-0076,courses/바이브코딩/sessions/1주차/강의덱_배포.html,58899544,53a88c5a9ac6331edb88af1d6afad9e225683db5d0d4023ce0037a942b383f15,.html,HTML(문서),1주차,tracked,최초 95438ae(2026-07-21) / 최종 b5756e7(2026-07-29) / 커밋 5회,(참조 없음),내보내기 결과물,F-0064,조립본에서 파생된 자립 배포/발표 런타임(폰트·이미지 인라인),-,75,76
F-0077,courses/바이브코딩/sessions/1주차/자료/1주차_개념KB.md,189444,37fd2fdfd6378d279d706ea1522d7fa781503d37f80bff175047f8f1259c735e,.md,텍스트(Markdown),1주차,tracked,최초 a47b3b1(2026-07-18) / 최종 b5756e7(2026-07-29) / 커밋 9회,(참조 없음),참고자료,-,리서치·출처·개념·집필 노트 등 제작 참고 문서,-,-,-
F-0078,courses/바이브코딩/sessions/1주차/자료/1주차_결정요청사항.md,3578,695187611fc29c83c3806c84345a3a1651fe7ede54466e2ac96b445fe0d41e2e,.md,텍스트(Markdown),1주차,tracked,최초 98cec83(2026-07-17) / 최종 b5756e7(2026-07-29) / 커밋 8회,(참조 없음),참고자료,-,리서치·출처·개념·집필 노트 등 제작 참고 문서,-,-,-
F-0079,courses/바이브코딩/sessions/1주차/자료/1주차_상세강의설계_및_콘텐츠실습검증_인수인계.md,63122,953bd7364d8efd5ad1bccc3ac60f10f53e0eb2418fe1d99c04f9af7c9094a4f1,.md,텍스트(Markdown),1주차,tracked,최초 147abfa(2026-07-18) / 최종 b5756e7(2026-07-29) / 커밋 6회,(참조 없음),참고자료,-,리서치·출처·개념·집필 노트 등 제작 참고 문서,-,-,-
F-0080,courses/바이브코딩/sessions/1주차/자료/1주차_실습안_검증결과.md,15067,8d92f204d171ec770185e60c34fdbbf8d51b9a11029ce96e8740e9f41ccc5f58,.md,텍스트(Markdown),1주차,tracked,최초 f31dcaa(2026-07-18) / 최종 b5756e7(2026-07-29) / 커밋 6회,(참조 없음),참고자료,-,리서치·출처·개념·집필 노트 등 제작 참고 문서,-,-,-
F-0081,courses/바이브코딩/sessions/1주차/자료/1주차_출처레지스트리.md,67207,65e63dda3c88620d625dae32b3e2430d4e31b9a1157be66ad7caaf7ca4735231,.md,텍스트(Markdown),1주차,tracked,최초 f31dcaa(2026-07-18) / 최종 b5756e7(2026-07-29) / 커밋 10회,(참조 없음),참고자료,-,리서치·출처·개념·집필 노트 등 제작 참고 문서,-,-,-
F-0082,courses/바이브코딩/sessions/1주차/자료/1주차_콘텐츠_리뷰.html,25622,ec4c4dca7cccbd4afa0edb65c434b81622d9dc5e1a60b688b0953a00a31aebdf,.html,HTML(문서),1주차,tracked,최초 95438ae(2026-07-21) / 최종 b5756e7(2026-07-29) / 커밋 3회,(참조 없음),참고자료,-,리서치·출처·개념·집필 노트 등 제작 참고 문서,-,0(section 있으나 data-slide 0건),0
F-0083,courses/바이브코딩/sessions/1주차/자료/1주차_콘텐츠_집필노트.md,8455,6cf9f48c47b4228c47255377663608f9de5b10fd2d9a83d972857f0f915e62d4,.md,텍스트(Markdown),1주차,tracked,최초 ee35bd4(2026-07-18) / 최종 b5756e7(2026-07-29) / 커밋 7회,(참조 없음),참고자료,-,리서치·출처·개념·집필 노트 등 제작 참고 문서,-,-,-
F-0084,courses/바이브코딩/sessions/1주차/자료/1주차_콘텐츠리서치_결과.md,37430,489965e34df3ddbb9c21b21e572d4beb31ca6fe9bbb7923ab60d3d12737de426,.md,텍스트(Markdown),1주차,tracked,최초 f31dcaa(2026-07-18) / 최종 b5756e7(2026-07-29) / 커밋 7회,(참조 없음),참고자료,-,리서치·출처·개념·집필 노트 등 제작 참고 문서,-,-,-
F-0085,courses/바이브코딩/sessions/1주차/자료/images/s00_check-paper-cut-v1-transparent.png,1321942,e8998e71f806be785120d764290543eb772a65a0d8a828255e5ad10771191350,.png,PNG,1주차,tracked,최초 dcfdeca(2026-07-23) / 최종 b5756e7(2026-07-29) / 커밋 2회,-,편집 정본,-,덱·shard가 참조하는 원본 자산,-,-,-
F-0086,courses/바이브코딩/sessions/1주차/자료/images/s00_light-paper-background.png,2108605,ec9d66e0e81488c8332dc41a733f7c667059f6b22b73690305d998f2c490a8aa,.png,PNG,1주차,tracked,최초 dcfdeca(2026-07-23) / 최종 b5756e7(2026-07-29) / 커밋 2회,-,편집 정본,-,덱·shard가 참조하는 원본 자산,-,-,-
F-0087,courses/바이브코딩/sessions/1주차/자료/images/s00_pencil-paper-cut-v1-transparent.png,451507,ed635a3700617f65a6c21e9db00a87e0dce26d6457f39eeedec55d25dae18c2e,.png,PNG,1주차,tracked,최초 dcfdeca(2026-07-23) / 최종 b5756e7(2026-07-29) / 커밋 2회,-,상태 확인 필요,-,자산이나 범위 내 어떤 파일도 참조하지 않음(미참조),버전 후보/폐기본/외부 참조 여부 미확인,-,-
F-0088,courses/바이브코딩/sessions/1주차/자료/images/s00_project-folder-paper-cut-v1-transparent.png,1028129,d7bc9e6d546f05155aa14c77a55b7d4d1b1a249a5b09f2f5e6f178091480d8fa,.png,PNG,1주차,tracked,최초 dcfdeca(2026-07-23) / 최종 b5756e7(2026-07-29) / 커밋 2회,-,상태 확인 필요,-,자산이나 범위 내 어떤 파일도 참조하지 않음(미참조),버전 후보/폐기본/외부 참조 여부 미확인,-,-
F-0089,courses/바이브코딩/sessions/1주차/자료/images/s00_workbench-hero-paper-cut-v1-transparent.png,784093,6e948dd8472b3cbe50df60bdf4d7f34051de42cdc62e101ec8edab25f1931d8f,.png,PNG,1주차,tracked,최초 dcfdeca(2026-07-23) / 최종 b5756e7(2026-07-29) / 커밋 2회,-,편집 정본,-,덱·shard가 참조하는 원본 자산,-,-,-
F-0090,courses/바이브코딩/sessions/1주차/자료/images/s01a_ai-one-sentence-era-paper-cut-v1-transparent.png,794627,7faece707a48b046b9f69af73c82205bf8bfef4b9ad70e3c1a2f69bfebfba01d,.png,PNG,1주차,tracked,최초 95438ae(2026-07-21) / 최종 b5756e7(2026-07-29) / 커밋 2회,-,편집 정본,-,덱·shard가 참조하는 원본 자산,-,-,-
F-0091,courses/바이브코딩/sessions/1주차/자료/images/s02_arrival-three-actions-paper-cut-v1-transparent.png,944536,f851b0fb09260aea0be0310928ad0c5f746259b1f3eb3c3a9a6d3881176ab4cd,.png,PNG,1주차,tracked,최초 95438ae(2026-07-21) / 최종 b5756e7(2026-07-29) / 커밋 2회,-,편집 정본,-,덱·shard가 참조하는 원본 자산,-,-,-
F-0092,courses/바이브코딩/sessions/1주차/자료/images/s05_week1_journey-paper-cut-v1-transparent.png,1729318,b4e768e6184b26889e7318862bb1c13fefd0cbe79309959ab2552f01fa47833e,.png,PNG,1주차,tracked,최초 95438ae(2026-07-21) / 최종 b5756e7(2026-07-29) / 커밋 2회,-,편집 정본,-,덱·shard가 참조하는 원본 자산,-,-,-
F-0093,courses/바이브코딩/sessions/1주차/자료/images/s05_week2_journey-paper-cut-v1-transparent.png,1860251,680aff29caa3ffa2036b846d75582f795a7805b09e305761ca7138ba625864b8,.png,PNG,1주차,tracked,최초 95438ae(2026-07-21) / 최종 b5756e7(2026-07-29) / 커밋 2회,-,편집 정본,-,덱·shard가 참조하는 원본 자산,-,-,-
F-0094,courses/바이브코딩/sessions/1주차/자료/images/s05_week3_journey-paper-cut-v1-transparent.png,1408800,642594c605859230b924198cd350a427e5830f51a0fec5c5c7eb9725f6944ed2,.png,PNG,1주차,tracked,최초 95438ae(2026-07-21) / 최종 b5756e7(2026-07-29) / 커밋 2회,-,편집 정본,-,덱·shard가 참조하는 원본 자산,-,-,-
F-0095,courses/바이브코딩/sessions/1주차/자료/images/s05a-data-design-background-v1.png,3466307,7a720ba17a7e4dd5ca95fdf6e9d8b85d7a5be700dbfdfa74fc4c661ca7a51a04,.png,PNG,1주차,tracked,최초 95438ae(2026-07-21) / 최종 b5756e7(2026-07-29) / 커밋 2회,-,편집 정본,-,덱·shard가 참조하는 원본 자산,-,-,-
F-0096,courses/바이브코딩/sessions/1주차/자료/images/s07_llm-agent-workshop-paper-cut-v1-transparent.png,974190,b22029f075de5ac34026f0bbad090d00d12c80f63f78e1b754bbac1956c6d682,.png,PNG,1주차,tracked,최초 95438ae(2026-07-21) / 최종 b5756e7(2026-07-29) / 커밋 2회,-,편집 정본,-,덱·shard가 참조하는 원본 자산,-,-,-
F-0097,courses/바이브코딩/sessions/1주차/자료/images/s09_three-work-roles-paper-cut-v1-transparent.png,884153,271a1f3b068ef0e26c813a8c538b9a97f81502f1313287810e3e4ce88709460e,.png,PNG,1주차,tracked,최초 95438ae(2026-07-21) / 최종 b5756e7(2026-07-29) / 커밋 2회,-,편집 정본,-,덱·shard가 참조하는 원본 자산,-,-,-
F-0098,courses/바이브코딩/sessions/1주차/자료/images/s10_backend-paper-cut-v1-transparent.png,1924994,747410da3f30847718d4ac3e7d5a2ecc5e690917d920d16e30b45e889ae6d3da,.png,PNG,1주차,tracked,최초 95438ae(2026-07-21) / 최종 b5756e7(2026-07-29) / 커밋 2회,-,편집 정본,-,덱·shard가 참조하는 원본 자산,-,-,-
F-0099,courses/바이브코딩/sessions/1주차/자료/images/s10_design-paper-cut-v1-transparent.png,2219965,3a70e52e985d468a04bb6d4c7aacb06fb072de9b15a74567ec4331413787a826,.png,PNG,1주차,tracked,최초 95438ae(2026-07-21) / 최종 b5756e7(2026-07-29) / 커밋 2회,-,편집 정본,-,덱·shard가 참조하는 원본 자산,-,-,-
F-0100,courses/바이브코딩/sessions/1주차/자료/images/s10_frontend-paper-cut-v1-transparent.png,1995416,662103f09a9e928ec34ca3bb2773af392f3c243a3dae85aa398a4ee9a3d0b40f,.png,PNG,1주차,tracked,최초 95438ae(2026-07-21) / 최종 b5756e7(2026-07-29) / 커밋 2회,-,편집 정본,-,덱·shard가 참조하는 원본 자산,-,-,-
F-0101,courses/바이브코딩/sessions/1주차/자료/images/s10_improve-paper-cut-v1-transparent.png,1389607,aea9642de626425f697ef071fd08da3117804d1f4a410fcfe6743ab93477114b,.png,PNG,1주차,tracked,최초 95438ae(2026-07-21) / 최종 b5756e7(2026-07-29) / 커밋 2회,-,상태 확인 필요,-,자산이나 범위 내 어떤 파일도 참조하지 않음(미참조),버전 후보/폐기본/외부 참조 여부 미확인,-,-
F-0102,courses/바이브코딩/sessions/1주차/자료/images/s10_installed-app-paper-cut-v1-transparent.png,2444872,c11cf6263dd412d29cd4c6f08ccef069a7c6e9edcb0bb77352408288116f3cee,.png,PNG,1주차,tracked,최초 95438ae(2026-07-21) / 최종 b5756e7(2026-07-29) / 커밋 2회,-,상태 확인 필요,-,자산이나 범위 내 어떤 파일도 참조하지 않음(미참조),버전 후보/폐기본/외부 참조 여부 미확인,-,-
F-0103,courses/바이브코딩/sessions/1주차/자료/images/s10_plan-paper-cut-v1-transparent.png,2193739,83f0f6dcdc2d1026aab30c780a60a7d1e1897646fd0fa7adcbe6455a97251d6b,.png,PNG,1주차,tracked,최초 95438ae(2026-07-21) / 최종 b5756e7(2026-07-29) / 커밋 2회,-,편집 정본,-,덱·shard가 참조하는 원본 자산,-,-,-
F-0104,courses/바이브코딩/sessions/1주차/자료/images/s10_publish-paper-cut-v1-transparent.png,2240612,592cab559b70b8e30959c3b05964b823535499ba70bc8eecdb9eccdb81323788,.png,PNG,1주차,tracked,최초 95438ae(2026-07-21) / 최종 b5756e7(2026-07-29) / 커밋 2회,-,상태 확인 필요,-,자산이나 범위 내 어떤 파일도 참조하지 않음(미참조),버전 후보/폐기본/외부 참조 여부 미확인,-,-
F-0105,courses/바이브코딩/sessions/1주차/자료/images/s10_qa-paper-cut-v1-transparent.png,2026291,d4c5d9c473d8503e3c4ca6d3d84149ea84e5525f2261d550a38cef02a4be7643,.png,PNG,1주차,tracked,최초 95438ae(2026-07-21) / 최종 b5756e7(2026-07-29) / 커밋 2회,-,상태 확인 필요,-,자산이나 범위 내 어떤 파일도 참조하지 않음(미참조),버전 후보/폐기본/외부 참조 여부 미확인,-,-
F-0106,courses/바이브코딩/sessions/1주차/자료/images/s10_qa-publish-improve-cycle-paper-cut-v1-transparent.png,912956,d2eb06f6d9abe1c7390471aa0f918aa9da8e6cebb0a9c30f8b76835f32288e8d,.png,PNG,1주차,tracked,최초 dcfdeca(2026-07-23) / 최종 b5756e7(2026-07-29) / 커밋 2회,-,상태 확인 필요,-,자산이나 범위 내 어떤 파일도 참조하지 않음(미참조),버전 후보/폐기본/외부 참조 여부 미확인,-,-
F-0107,courses/바이브코딩/sessions/1주차/자료/images/s10_qa-publish-improve-story-paper-cut-v2-transparent.png,1358856,4db04296f7398faff1aaeb8e9c9e192fd668f64d383dd9dc696d8712fdb0ef21,.png,PNG,1주차,tracked,최초 dcfdeca(2026-07-23) / 최종 b5756e7(2026-07-29) / 커밋 2회,-,편집 정본,-,덱·shard가 참조하는 원본 자산,-,-,-
F-0108,courses/바이브코딩/sessions/1주차/자료/images/s10_webapp-paper-cut-v1-transparent.png,2166551,7a9b08d3ced28c40e161421291b7ab22f29c151d8a11a0ee3491df17ee62bc22,.png,PNG,1주차,tracked,최초 95438ae(2026-07-21) / 최종 b5756e7(2026-07-29) / 커밋 2회,-,상태 확인 필요,-,자산이나 범위 내 어떤 파일도 참조하지 않음(미참조),버전 후보/폐기본/외부 참조 여부 미확인,-,-
F-0109,courses/바이브코딩/sessions/1주차/자료/images/s10_webpage-paper-cut-v1-transparent.png,1811443,3faa987507a98e1f3de8a073f7779e80a688875b53e1366378d9be7909f9e162,.png,PNG,1주차,tracked,최초 95438ae(2026-07-21) / 최종 b5756e7(2026-07-29) / 커밋 2회,-,상태 확인 필요,-,자산이나 범위 내 어떤 파일도 참조하지 않음(미참조),버전 후보/폐기본/외부 참조 여부 미확인,-,-
F-0110,courses/바이브코딩/sessions/1주차/자료/images/s10_webpage-site-local-boundary-paper-cut-v1-chroma.png,1442835,2e3d43f50889c6d94a30b6916ea13cd51f47e8beca0b1450c4e8a07628de1dba,.png,PNG,1주차,tracked,최초 95438ae(2026-07-21) / 최종 b5756e7(2026-07-29) / 커밋 2회,-,상태 확인 필요,-,자산이나 범위 내 어떤 파일도 참조하지 않음(미참조),버전 후보/폐기본/외부 참조 여부 미확인,-,-
F-0111,courses/바이브코딩/sessions/1주차/자료/images/s10_webpage-site-local-boundary-paper-cut-v1-transparent.png,830362,68a81b28dd1ffd0e22917ffd45de6b405cfbb45b9fea1429a4dbe7132c2f5431,.png,PNG,1주차,tracked,최초 95438ae(2026-07-21) / 최종 b5756e7(2026-07-29) / 커밋 2회,-,상태 확인 필요,-,자산이나 범위 내 어떤 파일도 참조하지 않음(미참조),버전 후보/폐기본/외부 참조 여부 미확인,-,-
F-0112,courses/바이브코딩/sessions/1주차/자료/images/s10a_installed-v2.png,946579,b568a475ab020722aa3e798399c058e6d8abb1ceecb26b3cf8be5928c945d167,.png,PNG,1주차,tracked,최초 dcfdeca(2026-07-23) / 최종 b5756e7(2026-07-29) / 커밋 2회,-,편집 정본,-,덱·shard가 참조하는 원본 자산,-,-,-
F-0113,courses/바이브코딩/sessions/1주차/자료/images/s10a_web-based-v2.png,1052569,da73485e0002ba851588bf7a1340fa5a4bdd089157a7fda49ba49600b784bcbd,.png,PNG,1주차,tracked,최초 dcfdeca(2026-07-23) / 최종 b5756e7(2026-07-29) / 커밋 2회,-,편집 정본,-,덱·shard가 참조하는 원본 자산,-,-,-
F-0114,courses/바이브코딩/sessions/1주차/자료/images/s10b_webservice-seven-stage-infographic-paper-cut-v1-chroma.png,1428197,42d09b765143f023a0b312347f678a6c96ef3f20293af6a42b45eb6159f51172,.png,PNG,1주차,tracked,최초 95438ae(2026-07-21) / 최종 b5756e7(2026-07-29) / 커밋 2회,-,상태 확인 필요,-,자산이나 범위 내 어떤 파일도 참조하지 않음(미참조),버전 후보/폐기본/외부 참조 여부 미확인,-,-
F-0115,courses/바이브코딩/sessions/1주차/자료/images/s10b_webservice-seven-stage-infographic-paper-cut-v1-transparent.png,837606,9bbe96a72090850481a91cb24771617acd07e2a378a6cd640e139721b81bc2fb,.png,PNG,1주차,tracked,최초 95438ae(2026-07-21) / 최종 b5756e7(2026-07-29) / 커밋 2회,-,편집 정본,-,덱·shard가 참조하는 원본 자산,-,-,-
F-0116,courses/바이브코딩/sessions/1주차/자료/images/s11_human-ai-prepare-paper-cut-v1-transparent.png,963714,dd73ddcd99795590267d3f111ee21bb22f9e970d5609a44d2a5cbc4f057e3039,.png,PNG,1주차,tracked,최초 95438ae(2026-07-21) / 최종 b5756e7(2026-07-29) / 커밋 2회,-,상태 확인 필요,-,자산이나 범위 내 어떤 파일도 참조하지 않음(미참조),버전 후보/폐기본/외부 참조 여부 미확인,-,-
F-0117,courses/바이브코딩/sessions/1주차/자료/images/s11_human-ai-prepare-paper-cut-v2-transparent.png,857176,09a9ac87e36d00c544b06dff1adf3862568171f6dec3cd94466fc3c892dbf867,.png,PNG,1주차,tracked,최초 95438ae(2026-07-21) / 최종 b5756e7(2026-07-29) / 커밋 2회,-,편집 정본,-,덱·shard가 참조하는 원본 자산,-,-,-
F-0118,courses/바이브코딩/sessions/1주차/자료/images/s17_css-styling-paper-cut-v1-transparent.png,1302690,0ea0be9bc17fef68cc5d7769b4428f72a64b1e6f62b67efd71b3f304aa13674e,.png,PNG,1주차,tracked,최초 95438ae(2026-07-21) / 최종 b5756e7(2026-07-29) / 커밋 2회,-,편집 정본,-,덱·shard가 참조하는 원본 자산,-,-,-
F-0119,courses/바이브코딩/sessions/1주차/자료/images/s17_folder-file-workspace-paper-cut-v1-transparent.png,826306,4d19e811f8cffd50ab84ff6a0701dd53480ca22aab0618c20118d42cde98b8a2,.png,PNG,1주차,tracked,최초 95438ae(2026-07-21) / 최종 b5756e7(2026-07-29) / 커밋 2회,-,편집 정본,-,덱·shard가 참조하는 원본 자산,-,-,-
F-0120,courses/바이브코딩/sessions/1주차/자료/images/s17_html-structure-paper-cut-v1-transparent.png,1793492,d256fac07a61653789f30981aab395c54565d2e51200ff42cbc599e97d4cfa46,.png,PNG,1주차,tracked,최초 95438ae(2026-07-21) / 최종 b5756e7(2026-07-29) / 커밋 2회,-,편집 정본,-,덱·shard가 참조하는 원본 자산,-,-,-
F-0121,courses/바이브코딩/sessions/1주차/자료/images/s17_javascript-interaction-paper-cut-v1-transparent.png,1558414,4e781c27d79d988c2656dac1d6c926ee92de2edcd00327d7819b5bb38f9e3bbb,.png,PNG,1주차,tracked,최초 95438ae(2026-07-21) / 최종 b5756e7(2026-07-29) / 커밋 2회,-,편집 정본,-,덱·shard가 참조하는 원본 자산,-,-,-
F-0122,courses/바이브코딩/sessions/1주차/자료/images/s18_context-memory-workbench-paper-cut-v1-transparent.png,983015,f47b0e4a21d2ab4d17e0b1b63904f07f181670fbadc1273d8b127f0a8fb10592,.png,PNG,1주차,tracked,최초 95438ae(2026-07-21) / 최종 b5756e7(2026-07-29) / 커밋 2회,-,편집 정본,-,덱·shard가 참조하는 원본 자산,-,-,-
F-0123,courses/바이브코딩/sessions/1주차/자료/images/s19_permission-four-checks-paper-cut-v1-transparent.png,837902,f089bc5459f130de32e2a548de2aaae22dc5e919d9a58b4b77b273786bdb78f1,.png,PNG,1주차,tracked,최초 95438ae(2026-07-21) / 최종 b5756e7(2026-07-29) / 커밋 2회,-,편집 정본,-,덱·shard가 참조하는 원본 자산,-,-,-
F-0124,courses/바이브코딩/sessions/1주차/자료/images/s26_request-materials-work-order-paper-cut-v1-transparent.png,1584631,150bf548b21eebbfbba5703ce12a417b7307ab126e961f4d34ead8d0f50bbf5a,.png,PNG,1주차,tracked,최초 95438ae(2026-07-21) / 최종 b5756e7(2026-07-29) / 커밋 2회,-,상태 확인 필요,-,자산이나 범위 내 어떤 파일도 참조하지 않음(미참조),버전 후보/폐기본/외부 참조 여부 미확인,-,-
F-0125,courses/바이브코딩/sessions/1주차/자료/images/s27_human-ai-safe-profile-paper-cut-v1-transparent.png,1230336,59ddd8678bb4049b0d86274063e3278801422304afe8c44c9918f1b7229e25f7,.png,PNG,1주차,tracked,최초 95438ae(2026-07-21) / 최종 b5756e7(2026-07-29) / 커밋 2회,-,상태 확인 필요,-,자산이나 범위 내 어떤 파일도 참조하지 않음(미참조),버전 후보/폐기본/외부 참조 여부 미확인,-,-
F-0126,courses/바이브코딩/sessions/1주차/자료/images/s27_human-ai-safe-profile-paper-cut-v2-transparent.png,556033,8b84f33f1c05f8a555416b9284b7c3a7b6442ebbd13a52d50da0e38549d3a6eb,.png,PNG,1주차,tracked,최초 95438ae(2026-07-21) / 최종 b5756e7(2026-07-29) / 커밋 2회,-,상태 확인 필요,-,자산이나 범위 내 어떤 파일도 참조하지 않음(미참조),버전 후보/폐기본/외부 참조 여부 미확인,-,-
F-0127,courses/바이브코딩/sessions/1주차/자료/images/s29_specific-vague-work-order-paper-cut-v1-transparent.png,1373021,894e42c82d83a43be8da7e862b7cee761d214cbdd9aa206eaf6d47f1f8aaef8e,.png,PNG,1주차,tracked,최초 95438ae(2026-07-21) / 최종 b5756e7(2026-07-29) / 커밋 2회,-,상태 확인 필요,-,자산이나 범위 내 어떤 파일도 참조하지 않음(미참조),버전 후보/폐기본/외부 참조 여부 미확인,-,-
F-0128,courses/바이브코딩/sessions/1주차/자료/images/s30_three-technical-conditions-paper-cut-v1-transparent.png,1164935,bf7e914c99a1c1feb717a957b352d86108270642267872836e37c7150f6483b6,.png,PNG,1주차,tracked,최초 95438ae(2026-07-21) / 최종 b5756e7(2026-07-29) / 커밋 2회,-,상태 확인 필요,-,자산이나 범위 내 어떤 파일도 참조하지 않음(미참조),버전 후보/폐기본/외부 참조 여부 미확인,-,-
F-0129,courses/바이브코딩/sessions/1주차/자료/images/s40_human-ai-result-check-paper-cut-v1-transparent.png,1341216,9fd41fa3bc765f05caf917f8e7b1b0c95b8efc9c9e5ec803ec6d3bd0500ec98e,.png,PNG,1주차,tracked,최초 95438ae(2026-07-21) / 최종 b5756e7(2026-07-29) / 커밋 2회,-,상태 확인 필요,-,자산이나 범위 내 어떤 파일도 참조하지 않음(미참조),버전 후보/폐기본/외부 참조 여부 미확인,-,-
F-0130,courses/바이브코딩/sessions/1주차/자료/images/s40_human-ai-result-check-paper-cut-v2-transparent.png,633162,6ef59fc411370bb3fb749c3f5c7b3e4fe8ef5459827faa39f63bef0e3781e735,.png,PNG,1주차,tracked,최초 95438ae(2026-07-21) / 최종 b5756e7(2026-07-29) / 커밋 2회,-,상태 확인 필요,-,자산이나 범위 내 어떤 파일도 참조하지 않음(미참조),버전 후보/폐기본/외부 참조 여부 미확인,-,-
F-0131,courses/바이브코딩/sessions/1주차/자료/images/s41_html-css-js-roles-paper-cut-v1-transparent.png,1286441,44c5eb286cfdb78a19677e4cb3396bdc85887eaf6f4151a766296a14b0ac8546,.png,PNG,1주차,tracked,최초 95438ae(2026-07-21) / 최종 b5756e7(2026-07-29) / 커밋 2회,-,상태 확인 필요,-,자산이나 범위 내 어떤 파일도 참조하지 않음(미참조),버전 후보/폐기본/외부 참조 여부 미확인,-,-
F-0132,courses/바이브코딩/sessions/1주차/자료/images/s41_html-css-js-roles-paper-cut-v2-transparent.png,1254409,3558d3556f43ab27617f766b4a10a012b56fe1a5971d59bec18b6bccceef39fa,.png,PNG,1주차,tracked,최초 95438ae(2026-07-21) / 최종 b5756e7(2026-07-29) / 커밋 2회,-,상태 확인 필요,-,자산이나 범위 내 어떤 파일도 참조하지 않음(미참조),버전 후보/폐기본/외부 참조 여부 미확인,-,-
F-0133,courses/바이브코딩/sessions/1주차/자료/images/s42_one-file-three-files-paper-cut-v1-transparent.png,755604,ad7379a18d9ceeb0bdedd11bc304b39581c8c0febf9fa27c05563657de596d11,.png,PNG,1주차,tracked,최초 95438ae(2026-07-21) / 최종 b5756e7(2026-07-29) / 커밋 2회,-,편집 정본,-,덱·shard가 참조하는 원본 자산,-,-,-
F-0134,courses/바이브코딩/sessions/1주차/자료/images/s44_keep-change-check-paper-cut-v1-transparent.png,614305,9ece3269c3e5ce4db8420995bc6221f0064895c4a9e04c1a1e92be3b629fd37b,.png,PNG,1주차,tracked,최초 95438ae(2026-07-21) / 최종 b5756e7(2026-07-29) / 커밋 2회,-,편집 정본,-,덱·shard가 참조하는 원본 자산,-,-,-
F-0135,courses/바이브코딩/sessions/1주차/자료/images/s45_human-ai-one-change-paper-cut-v1-transparent.png,935944,d3619cea15332c5841b0ac5a1d7ad00bf0e75eb4529b7e58de6beed654e4c03e,.png,PNG,1주차,tracked,최초 95438ae(2026-07-21) / 최종 b5756e7(2026-07-29) / 커밋 2회,-,상태 확인 필요,-,자산이나 범위 내 어떤 파일도 참조하지 않음(미참조),버전 후보/폐기본/외부 참조 여부 미확인,-,-
F-0136,courses/바이브코딩/sessions/1주차/자료/images/s45_human-ai-one-change-paper-cut-v2-transparent.png,583525,0ac0e586aa6705323d4b0054283d8a25dee944f72401517dc597c1bfe34caacf,.png,PNG,1주차,tracked,최초 95438ae(2026-07-21) / 최종 b5756e7(2026-07-29) / 커밋 2회,-,편집 정본,-,덱·shard가 참조하는 원본 자산,-,-,-
F-0137,courses/바이브코딩/sessions/1주차/자료/images/s46_one-change-protected-paper-cut-v1-transparent.png,1123859,900d94fa713ba56a74d4602f2223ee8c8abcb9587d7a97baa0da7e6b524fdf4d,.png,PNG,1주차,tracked,최초 95438ae(2026-07-21) / 최종 b5756e7(2026-07-29) / 커밋 2회,-,편집 정본,-,덱·shard가 참조하는 원본 자산,-,-,-
F-0138,courses/바이브코딩/sessions/1주차/자료/images/s49_background-before-after-paper-cut-v1-transparent.png,1330623,8e77f34ccf373602ca282ddc184b9758b830482eb33e8b924e49d7e06ac9105f,.png,PNG,1주차,tracked,최초 95438ae(2026-07-21) / 최종 b5756e7(2026-07-29) / 커밋 2회,-,상태 확인 필요,-,자산이나 범위 내 어떤 파일도 참조하지 않음(미참조),버전 후보/폐기본/외부 참조 여부 미확인,-,-
F-0139,courses/바이브코딩/sessions/1주차/자료/images/s50_human-ai-free-change-paper-cut-v1-transparent.png,1135860,6fad3bab8ecc5530dd2a8704ef59784762aab15c21cc650bd2682deb9d8ff009,.png,PNG,1주차,tracked,최초 95438ae(2026-07-21) / 최종 b5756e7(2026-07-29) / 커밋 2회,-,상태 확인 필요,-,자산이나 범위 내 어떤 파일도 참조하지 않음(미참조),버전 후보/폐기본/외부 참조 여부 미확인,-,-
F-0140,courses/바이브코딩/sessions/1주차/자료/images/s50_human-ai-free-change-paper-cut-v2-transparent.png,514360,4c54b94f98bc1df22c0b394474be69f6cfb8f1be9a8afbca0ba5d25467bdc9d7,.png,PNG,1주차,tracked,최초 95438ae(2026-07-21) / 최종 b5756e7(2026-07-29) / 커밋 2회,-,편집 정본,-,덱·shard가 참조하는 원본 자산,-,-,-
F-0141,courses/바이브코딩/sessions/1주차/자료/images/s52_issue-type-check-paper-cut-v1-transparent.png,1241221,4be1b903e18575ac9fff40572b6d3151d6641ecea98a65ebefa0ccf01f8718ec,.png,PNG,1주차,tracked,최초 95438ae(2026-07-21) / 최종 b5756e7(2026-07-29) / 커밋 2회,-,편집 정본,-,덱·shard가 참조하는 원본 자산,-,-,-
F-0142,courses/바이브코딩/sessions/1주차/자료/images/s53_issue-branch-diagnosis-paper-cut-v1-transparent.png,1140905,55fb76611a7d4ef58994dda89f98de4549810c75f13e196f9312b31989030782,.png,PNG,1주차,tracked,최초 95438ae(2026-07-21) / 최종 b5756e7(2026-07-29) / 커밋 2회,-,상태 확인 필요,-,자산이나 범위 내 어떤 파일도 참조하지 않음(미참조),버전 후보/폐기본/외부 참조 여부 미확인,-,-
F-0143,courses/바이브코딩/sessions/1주차/자료/images/s56_human-ai-refresh-check-paper-cut-v1-transparent.png,828218,31280981cf41999fc7a1ca3b37ae9cfface7f9e125a09738bb299c5cef019777,.png,PNG,1주차,tracked,최초 95438ae(2026-07-21) / 최종 b5756e7(2026-07-29) / 커밋 2회,-,상태 확인 필요,-,자산이나 범위 내 어떤 파일도 참조하지 않음(미참조),버전 후보/폐기본/외부 참조 여부 미확인,-,-
F-0144,courses/바이브코딩/sessions/1주차/자료/images/s56_human-ai-refresh-check-paper-cut-v2-transparent.png,373415,acc4795d9b0ce6d607b1849ae35c9b306ca83e5cd0f6c7830a3ca6a0e06a571b,.png,PNG,1주차,tracked,최초 95438ae(2026-07-21) / 최종 b5756e7(2026-07-29) / 커밋 2회,-,편집 정본,-,덱·shard가 참조하는 원본 자산,-,-,-
F-0145,courses/바이브코딩/sessions/1주차/자료/images/s60_final-three-checks-paper-cut-v1-transparent.png,1110440,663cbcc0a49667a4b8603451cf4e85526a7bed663fda0d10a548373c7f7d92b4,.png,PNG,1주차,tracked,최초 95438ae(2026-07-21) / 최종 b5756e7(2026-07-29) / 커밋 2회,-,편집 정본,-,덱·shard가 참조하는 원본 자산,-,-,-
F-0146,courses/바이브코딩/sessions/1주차/자료/screenshot/codex_about-me-folder-created.png,72549,8887ec03cc0edccb491d652d7e2f35aa59d5442a4be99577198b5080f15a8877,.png,PNG,1주차,tracked,최초 fb273c1(2026-07-24) / 최종 b5756e7(2026-07-29) / 커밋 3회,-,편집 정본,-,덱·shard가 참조하는 원본 자산,-,-,-
F-0147,courses/바이브코딩/sessions/1주차/자료/screenshot/codex_select-project-root_about-me.png,54302,b0b4cf520ab92beb2b8dcba428f28f85ac5113e6afd743786d306e539068255b,.png,PNG,1주차,tracked,최초 fb273c1(2026-07-24) / 최종 b5756e7(2026-07-29) / 커밋 3회,-,편집 정본,-,덱·shard가 참조하는 원본 자산,-,-,-
F-0148,courses/바이브코딩/sessions/1주차/자료/screenshot/codex_use-existing-folder-menu.png,73070,707e74a11cfe9d93f08d1fa88172947d7e2b3c2bba78d557cca9f5c3a09f0dba,.png,PNG,1주차,tracked,최초 fb273c1(2026-07-24) / 최종 b5756e7(2026-07-29) / 커밋 3회,-,편집 정본,-,덱·shard가 참조하는 원본 자산,-,-,-
F-0149,courses/바이브코딩/sessions/1주차/자료/screenshot/win02_c-drive-open.png,137868,41c6c0d166709771ff3e71cff37ca636ce07a7680ab8145c9e14a3252b9644c7,.png,PNG,1주차,tracked,최초 95438ae(2026-07-21) / 최종 b5756e7(2026-07-29) / 커밋 3회,-,편집 정본,-,덱·shard가 참조하는 원본 자산,-,-,-
F-0150,courses/바이브코딩/sessions/1주차/자료/screenshot/win_new-folder-context-menu.png,106932,1db26ec77e4215e3ba9c395df662d9f34ae6ff8ecb2c6dfa5f53b30d237a0844,.png,PNG,1주차,tracked,최초 fb273c1(2026-07-24) / 최종 b5756e7(2026-07-29) / 커밋 3회,-,편집 정본,-,덱·shard가 참조하는 원본 자산,-,-,-
F-0151,courses/바이브코딩/sessions/1주차/자료/이미지-에셋.json,55246,31d072adf8b3c7b4b2f7fdb20a2417b18d1ff47b5f9750f2d7b5ad74b1d510a4,.json,JSON,1주차,tracked,최초 95438ae(2026-07-21) / 최종 b5756e7(2026-07-29) / 커밋 8회,(참조 없음),관리 자료,-,이미지 자산 매니페스트,-,-,-
F-0152,courses/바이브코딩/sessions/1주차/자료/이미지-프롬프트.md,26470,4c715374c484af31d20a089842605d19c8357d4042062d61263c47e2a610bfd1,.md,텍스트(Markdown),1주차,tracked,최초 95438ae(2026-07-21) / 최종 b5756e7(2026-07-29) / 커밋 7회,(참조 없음),참고자료,-,리서치·출처·개념·집필 노트 등 제작 참고 문서,-,-,-
F-0153,courses/바이브코딩/sessions/2주차/2주차_초안.md,53411,7818f1a6141124779e83d2d80070326ae16f3da1f046c21526cd28a2dc642ace,.md,텍스트(Markdown),2주차,tracked,최초 f9a39b1(2026-07-24) / 최종 ed8ead5(2026-08-04) / 커밋 8회,(참조 없음),편집 정본,-,주차 콘텐츠 정본(집필 원본),-,-,-
F-0154,courses/바이브코딩/sessions/2주차/deck.contract.json,20253,5e4e955eefbbc5c249862eda5efd180bb87f5261124d742cacd70f2c043cc872,.json,JSON,2주차,tracked,최초 5b402ab(2026-07-29) / 최종 bc20335(2026-08-19) / 커밋 25회,(참조 없음),관리 자료,-,검증 메타데이터·조립 보고,-,-,-
F-0155,courses/바이브코딩/sessions/2주차/강의덱.html,615225,4f403ead0676b73d55f067b66b39eb8b5c74e1af0d270c03797d2676b77848c9,.html,HTML(문서),2주차,tracked,최초 1b7bcb8(2026-07-26) / 최종 ed8ead5(2026-08-04) / 커밋 31회,../../../../kit/styles/deck.css(있음);../../../../kit/styles/legibility.css(있음);../../../../kit/styles/patterns.css(있음);자료/images/s02_ai-writes-human-decides-paper-cut-v1-transparent.png(있음);자료/images/s03_six-sessions-to-mvp-paper-cut-v1-transparent.png(있음);자료/images/s07_last-week-loop-paper-cut-v1-transparent.png(있음);자료/images/s07_this-week-decide-paper-cut-v1-transparent.png(있음);자료/images/s08_who-what-pain-paper-cut-v1-transparent.png(있음);자료/images/s09_persona-vs-hypothesis-paper-cut-v1-transparent.png(있음);자료/images/s10_ai-empathy-boundary-paper-cut-v1-transparent.png(있음);자료/images/s11_one-sentence-practice-paper-cut-v1-transparent.png(있음);자료/images/s23_result-vs-function-paper-cut-v1-transparent.png(있음);자료/images/s24_mvp-skateboard-to-car-paper-cut-v1-transparent.png(있음);자료/images/s27_scope-three-slots-paper-cut-v1-transparent.png(있음);자료/images/s28_remove-one-feature-paper-cut-v1-transparent.png(있음);자료/images/s34-completion-criteria-vs-test-paper-cut-v1-transparent.png(있음);자료/images/s37_prd-concept-vs-prdmd-file-paper-cut-v1-transparent.png(있음);자료/images/s38_prd-missing-items-paper-cut-v1-transparent.png(있음);자료/images/s40_prd-practice-paper-cut-v1-transparent.png(있음);자료/images/s55-ui-ux-iceberg-paper-cut-v1-transparent.png(있음);자료/images/image 34.png(있음);자료/images/image 35.png(있음);자료/images/image 36.png(있음);자료/images/s65_mobile-responsive-app-ui-v1.png(있음);자료/images/s67_reference-observe-paper-cut-v1-transparent.png(있음);자료/images/s104_reference-copied-paper-cut-v1-transparent.png(있음);자료/images/s75_one-step-at-a-time-paper-cut-v1-transparent.png(있음);자료/images/s80_unprepared-workbench-v3-tight-transparent.png(있음);자료/images/s80_prepared-workbench-v3-tight-transparent.png(있음);자료/images/s81_horse-bridle-bit-v1-transparent.png(있음);자료/images/s81_harness-horse-metaphor-v1-transparent.png(있음);자료/images/s83-agent-tools-workflow-v1-transparent.png(있음);자료/images/s46_harness-slot-filled-vs-empty-paper-cut-v1-transparent.png(있음);자료/images/p6-start-project-kit-paper-cut-v1-transparent.png(있음);자료/images/p6-p1-user-pain-paper-cut-v1-transparent.png(있음);자료/images/p6-p2-mvp-flow-paper-cut-v1-transparent.png(있음);자료/images/p6-p3-doc-system-paper-cut-v1-transparent.png(있음);자료/images/p6-p5-observe-design-paper-cut-v1-transparent.png(있음);자료/images/p6-p4-harness-paper-cut-v1-transparent.png(있음);notes/codex.md(없음),조립 결과물,F-0165,shard(shell+part-*)에서 조립된 생성물,-,112,146
F-0156,courses/바이브코딩/sessions/2주차/강의덱.초안/README.md,4845,9d944aa9e674c7b48d6b5f1b22326000e886fa4ca40c74a4fe68eeb02bb1b9d4,.md,텍스트(Markdown),2주차,tracked,최초 1b7bcb8(2026-07-26) / 최종 39659ea(2026-08-04) / 커밋 8회,(참조 없음),관리 자료,-,shard 폴더 설명 문서,-,-,-
F-0157,courses/바이브코딩/sessions/2주차/강의덱.초안/part-01.html,66961,10aa539f74fed566aa9a8c8f99550a2c92c3b5019170f653048c8e317d3d5d55,.html,HTML(조각),2주차,tracked,최초 1b7bcb8(2026-07-26) / 최종 14cc21a(2026-08-03) / 커밋 20회,자료/images/s07_last-week-loop-paper-cut-v1-transparent.png(있음);자료/images/s07_this-week-decide-paper-cut-v1-transparent.png(있음);자료/images/s08_who-what-pain-paper-cut-v1-transparent.png(있음);자료/images/s09_persona-vs-hypothesis-paper-cut-v1-transparent.png(있음);자료/images/s10_ai-empathy-boundary-paper-cut-v1-transparent.png(있음);자료/images/s11_one-sentence-practice-paper-cut-v1-transparent.png(있음),편집 정본,-,조립 입력 shard(편집 대상 원본),-,17,20
F-0158,courses/바이브코딩/sessions/2주차/강의덱.초안/part-02.html,69786,59b61664af2244eee5cb6ada49694dee4f3952e9e6364edb0ed6e2f13ff0a8b1,.html,HTML(조각),2주차,tracked,최초 1b7bcb8(2026-07-26) / 최종 c774fd6(2026-08-03) / 커밋 21회,자료/images/s23_result-vs-function-paper-cut-v1-transparent.png(있음);자료/images/s24_mvp-skateboard-to-car-paper-cut-v1-transparent.png(있음);자료/images/s27_scope-three-slots-paper-cut-v1-transparent.png(있음);자료/images/s28_remove-one-feature-paper-cut-v1-transparent.png(있음);자료/images/s34-completion-criteria-vs-test-paper-cut-v1-transparent.png(있음),편집 정본,-,조립 입력 shard(편집 대상 원본),-,17,28
F-0159,courses/바이브코딩/sessions/2주차/강의덱.초안/part-03.html,72772,a012a0cb6a54dd630e5b37d3617b2c29351aa720edb4df462c62f7628a0ed69a,.html,HTML(조각),2주차,tracked,최초 1b7bcb8(2026-07-26) / 최종 0517cb2(2026-08-03) / 커밋 22회,자료/images/s37_prd-concept-vs-prdmd-file-paper-cut-v1-transparent.png(있음);자료/images/s38_prd-missing-items-paper-cut-v1-transparent.png(있음);자료/images/s40_prd-practice-paper-cut-v1-transparent.png(있음);notes/codex.md(없음),편집 정본,-,조립 입력 shard(편집 대상 원본),-,14,19
F-0160,courses/바이브코딩/sessions/2주차/강의덱.초안/part-04.html,89680,9fac1faed0999fbb59ec68958b5f47ae09686f4157c732e7486491252ff2b76a,.html,HTML(조각),2주차,tracked,최초 1b7bcb8(2026-07-26) / 최종 4572b90(2026-08-03) / 커밋 21회,자료/images/s55-ui-ux-iceberg-paper-cut-v1-transparent.png(있음);자료/images/image 34.png(있음);자료/images/image 35.png(있음);자료/images/image 36.png(있음);자료/images/s65_mobile-responsive-app-ui-v1.png(있음);자료/images/s67_reference-observe-paper-cut-v1-transparent.png(있음);자료/images/s104_reference-copied-paper-cut-v1-transparent.png(있음);자료/images/s75_one-step-at-a-time-paper-cut-v1-transparent.png(있음),편집 정본,-,조립 입력 shard(편집 대상 원본),-,24,29
F-0161,courses/바이브코딩/sessions/2주차/강의덱.초안/part-05.html,114460,84ef978fd9793123dd98e2d0e6207187b7c331b67e97f28a50f5a0c933da8dea,.html,HTML(조각),2주차,tracked,최초 1b7bcb8(2026-07-26) / 최종 dc598f4(2026-08-04) / 커밋 23회,자료/images/s80_unprepared-workbench-v3-tight-transparent.png(있음);자료/images/s80_prepared-workbench-v3-tight-transparent.png(있음);자료/images/s81_horse-bridle-bit-v1-transparent.png(있음);자료/images/s81_harness-horse-metaphor-v1-transparent.png(있음);자료/images/s83-agent-tools-workflow-v1-transparent.png(있음);자료/images/s46_harness-slot-filled-vs-empty-paper-cut-v1-transparent.png(있음),편집 정본,-,조립 입력 shard(편집 대상 원본),-,23,32
F-0162,courses/바이브코딩/sessions/2주차/강의덱.초안/part-06.html,31882,e538266bd9ab8184946b700e423fa7bf2d1fcefb0366720bd7e66aafa65650dc,.html,HTML(조각),2주차,tracked,최초 1b7bcb8(2026-07-26) / 최종 dc5f943(2026-08-02) / 커밋 17회,자료/images/p6-start-project-kit-paper-cut-v1-transparent.png(있음);자료/images/p6-p1-user-pain-paper-cut-v1-transparent.png(있음);자료/images/p6-p2-mvp-flow-paper-cut-v1-transparent.png(있음);자료/images/p6-p3-doc-system-paper-cut-v1-transparent.png(있음);자료/images/p6-p5-observe-design-paper-cut-v1-transparent.png(있음);자료/images/p6-p4-harness-paper-cut-v1-transparent.png(있음),편집 정본,-,조립 입력 shard(편집 대상 원본),-,13,13
F-0163,courses/바이브코딩/sessions/2주차/강의덱.초안/part-07.html,1399,e8748b697fb864e45c98f0b043c631d6d50f70b1977f86356183fb88071811ff,.html,HTML(조각·주석만),2주차,tracked,최초 1b7bcb8(2026-07-26) / 최종 bcc1aae(2026-07-31) / 커밋 5회,(참조 없음),편집 정본,-,조립 입력 shard(편집 대상 원본),-,0(section 태그 자체 없음),0
F-0164,courses/바이브코딩/sessions/2주차/강의덱.초안/part-08.html,2024,2c335d295100f47bd6969130c207de901f1f3c2c18633be140c0ecf3ba1052bf,.html,HTML(조각·주석만),2주차,tracked,최초 1b7bcb8(2026-07-26) / 최종 bcc1aae(2026-07-31) / 커밋 5회,(참조 없음),편집 정본,-,조립 입력 shard(편집 대상 원본),-,0(section 태그 자체 없음),0
F-0165,courses/바이브코딩/sessions/2주차/강의덱.초안/shell.html,163954,09e7fa9f257e06617827095168fee78bfd94261b4f3896a30fa9783e5f768e50,.html,HTML(문서),2주차,tracked,최초 e321979(2026-07-16) / 최종 ed8ead5(2026-08-04) / 커밋 30회,../../../../kit/styles/deck.css(있음);../../../../kit/styles/legibility.css(있음);../../../../kit/styles/patterns.css(있음);자료/images/s02_ai-writes-human-decides-paper-cut-v1-transparent.png(있음);자료/images/s03_six-sessions-to-mvp-paper-cut-v1-transparent.png(있음),편집 정본,-,조립 입력 shard(편집 대상 원본),-,4,5
F-0166,courses/바이브코딩/sessions/2주차/강의덱_발표.html,47720881,eb0ef2c24218f0a576bd9f03f09c7924aecb1de2fb334284044441b5cccef4ac,.html,HTML(문서),2주차,tracked,최초 95438ae(2026-07-21) / 최종 ed8ead5(2026-08-04) / 커밋 9회,자료/images/s02_ai-writes-human-decides-paper-cut-v1-transparent.png(있음);자료/images/s03_six-sessions-to-mvp-paper-cut-v1-transparent.png(있음);자료/images/s07_last-week-loop-paper-cut-v1-transparent.png(있음);자료/images/s07_this-week-decide-paper-cut-v1-transparent.png(있음);자료/images/s08_who-what-pain-paper-cut-v1-transparent.png(있음);자료/images/s09_persona-vs-hypothesis-paper-cut-v1-transparent.png(있음);자료/images/s10_ai-empathy-boundary-paper-cut-v1-transparent.png(있음);자료/images/s11_one-sentence-practice-paper-cut-v1-transparent.png(있음);자료/images/s23_result-vs-function-paper-cut-v1-transparent.png(있음);자료/images/s24_mvp-skateboard-to-car-paper-cut-v1-transparent.png(있음);자료/images/s27_scope-three-slots-paper-cut-v1-transparent.png(있음);자료/images/s28_remove-one-feature-paper-cut-v1-transparent.png(있음);자료/images/s34-completion-criteria-vs-test-paper-cut-v1-transparent.png(있음);자료/images/s37_prd-concept-vs-prdmd-file-paper-cut-v1-transparent.png(있음);자료/images/s38_prd-missing-items-paper-cut-v1-transparent.png(있음);자료/images/s40_prd-practice-paper-cut-v1-transparent.png(있음);자료/images/s65_mobile-responsive-app-ui-v1.png(있음);자료/images/s67_reference-observe-paper-cut-v1-transparent.png(있음);자료/images/s104_reference-copied-paper-cut-v1-transparent.png(있음);자료/images/s75_one-step-at-a-time-paper-cut-v1-transparent.png(있음);자료/images/s46_harness-slot-filled-vs-empty-paper-cut-v1-transparent.png(있음);자료/images/p6-start-project-kit-paper-cut-v1-transparent.png(있음);자료/images/p6-p1-user-pain-paper-cut-v1-transparent.png(있음);자료/images/p6-p2-mvp-flow-paper-cut-v1-transparent.png(있음);자료/images/p6-p3-doc-system-paper-cut-v1-transparent.png(있음);자료/images/p6-p5-observe-design-paper-cut-v1-transparent.png(있음);자료/images/p6-p4-harness-paper-cut-v1-transparent.png(있음);notes/codex.md(없음),내보내기 결과물,F-0155,조립본에서 파생된 자립 배포/발표 런타임(폰트·이미지 인라인),-,112,149
F-0167,courses/바이브코딩/sessions/2주차/강의덱_발표자노트.html,71386,4bab87b2b35f1272dabe42d844f994626476430f65dfc724551863d5fbe4d53c,.html,HTML(문서),2주차,tracked,최초 1b7bcb8(2026-07-26) / 최종 dc598f4(2026-08-04) / 커밋 15회,(참조 없음),조립 결과물,F-0153,초안 강사 멘트에서 생성된 노트 HTML,-,112(pn-slide 섹션·data-slide 미사용),0
F-0168,courses/바이브코딩/sessions/2주차/강의덱_배포.html,47592735,9c127472ce036c4d03aadc7e7aca0e0778be2f69bd02ef3972ead01709b31c94,.html,HTML(문서),2주차,tracked,최초 95438ae(2026-07-21) / 최종 ed8ead5(2026-08-04) / 커밋 8회,자료/images/s02_ai-writes-human-decides-paper-cut-v1-transparent.png(있음);자료/images/s03_six-sessions-to-mvp-paper-cut-v1-transparent.png(있음);자료/images/s07_last-week-loop-paper-cut-v1-transparent.png(있음);자료/images/s07_this-week-decide-paper-cut-v1-transparent.png(있음);자료/images/s08_who-what-pain-paper-cut-v1-transparent.png(있음);자료/images/s09_persona-vs-hypothesis-paper-cut-v1-transparent.png(있음);자료/images/s10_ai-empathy-boundary-paper-cut-v1-transparent.png(있음);자료/images/s11_one-sentence-practice-paper-cut-v1-transparent.png(있음);자료/images/s23_result-vs-function-paper-cut-v1-transparent.png(있음);자료/images/s24_mvp-skateboard-to-car-paper-cut-v1-transparent.png(있음);자료/images/s27_scope-three-slots-paper-cut-v1-transparent.png(있음);자료/images/s28_remove-one-feature-paper-cut-v1-transparent.png(있음);자료/images/s34-completion-criteria-vs-test-paper-cut-v1-transparent.png(있음);자료/images/s37_prd-concept-vs-prdmd-file-paper-cut-v1-transparent.png(있음);자료/images/s38_prd-missing-items-paper-cut-v1-transparent.png(있음);자료/images/s40_prd-practice-paper-cut-v1-transparent.png(있음);자료/images/s65_mobile-responsive-app-ui-v1.png(있음);자료/images/s67_reference-observe-paper-cut-v1-transparent.png(있음);자료/images/s104_reference-copied-paper-cut-v1-transparent.png(있음);자료/images/s75_one-step-at-a-time-paper-cut-v1-transparent.png(있음);자료/images/s46_harness-slot-filled-vs-empty-paper-cut-v1-transparent.png(있음);자료/images/p6-start-project-kit-paper-cut-v1-transparent.png(있음);자료/images/p6-p1-user-pain-paper-cut-v1-transparent.png(있음);자료/images/p6-p2-mvp-flow-paper-cut-v1-transparent.png(있음);자료/images/p6-p3-doc-system-paper-cut-v1-transparent.png(있음);자료/images/p6-p5-observe-design-paper-cut-v1-transparent.png(있음);자료/images/p6-p4-harness-paper-cut-v1-transparent.png(있음);notes/codex.md(없음),내보내기 결과물,F-0155,조립본에서 파생된 자립 배포/발표 런타임(폰트·이미지 인라인),-,112,148
F-0169,courses/바이브코딩/sessions/2주차/개정이력/2주차_PART45_스왑_실행계획.md,35888,33d0f5b8a91dec0c10a9d2d4605534e8b04d4187c6b2fdffa4fc4dc0e529cc6a,.md,텍스트(Markdown),2주차,tracked,최초 31efec1(2026-08-02) / 최종 ed8ead5(2026-08-04) / 커밋 5회,(참조 없음),참고자료,-,주차 개정 이력 문서,-,-,-
F-0170,courses/바이브코딩/sessions/2주차/개정이력/2주차_수정요청.txt,53125,da6ba26b0d1b72076ef0aae0be6a22860ffe26c61a9845c1346ade5e41b89ded,.txt,텍스트,2주차,tracked,최초 8865366(2026-07-31) / 최종 ed8ead5(2026-08-04) / 커밋 3회,(참조 없음),참고자료,-,주차 개정 이력 문서,-,-,-
F-0171,courses/바이브코딩/sessions/2주차/개정이력/2주차_수정요청_v2.txt,3842,404ba6e976209e29c33190d6afe148feb7b72331fa067c6a4c8e79bd6f5b657c,.txt,텍스트,2주차,tracked,최초 14cc21a(2026-08-03) / 최종 ed8ead5(2026-08-04) / 커밋 2회,(참조 없음),참고자료,-,주차 개정 이력 문서,-,-,-
F-0172,courses/바이브코딩/sessions/2주차/개정이력/2주차_수정요청_v2_실행계획.md,19805,0df74e3885aa0a9854856b227960fe9b886d9b2352104a1964d2472e77aa1f40,.md,텍스트(Markdown),2주차,tracked,최초 14cc21a(2026-08-03) / 최종 ed8ead5(2026-08-04) / 커밋 2회,(참조 없음),참고자료,-,주차 개정 이력 문서,-,-,-
F-0173,courses/바이브코딩/sessions/2주차/개정이력/2주차_슬라이드수정요청_1차.md,92916,6698b425dfc8e6ed7ca51b1b2c1b426a19597fd6172f7d5b3afdff788c8f98ed,.md,텍스트(Markdown),2주차,tracked,최초 039d423(2026-07-31) / 최종 ed8ead5(2026-08-04) / 커밋 2회,(참조 없음),참고자료,-,주차 개정 이력 문서,-,-,-
F-0174,courses/바이브코딩/sessions/2주차/개정이력/2주차_슬라이드수정요청_2차.md,79245,90b06658f39fe0ba3bcb1ad871d98e9d63aca6b118d4238b48da5ad987ecc9f1,.md,텍스트(Markdown),2주차,tracked,최초 8865366(2026-07-31) / 최종 ed8ead5(2026-08-04) / 커밋 2회,(참조 없음),참고자료,-,주차 개정 이력 문서,-,-,-
F-0175,courses/바이브코딩/sessions/2주차/개정이력/2주차_재설계안_v1.md,25157,06bb9a661ff96ce6cdadaa0960e09593e5a3508988ba0fa90d489d12b62892b9,.md,텍스트(Markdown),2주차,tracked,최초 5c5552e(2026-07-25) / 최종 ed8ead5(2026-08-04) / 커밋 3회,(참조 없음),참고자료,-,주차 개정 이력 문서,-,-,-
F-0176,courses/바이브코딩/sessions/2주차/개정이력/2주차_최종결정본.html,81646,9c5bb39e68a931f2bdaec3a502a227e2591f26b81fbf7c55c998b2130d89b246,.html,HTML(문서),2주차,tracked,최초 f14a827(2026-07-30) / 최종 ed8ead5(2026-08-04) / 커밋 2회,(참조 없음),참고자료,-,주차 개정 이력 문서,-,0(section 있으나 data-slide 0건),0
F-0177,courses/바이브코딩/sessions/2주차/개정이력/2주차_최종수정계획.md,58875,9baeea09f872f667b68de8cb0f01f97c28acdb9ab3d23e1bdf680570744e76d9,.md,텍스트(Markdown),2주차,tracked,최초 5c5552e(2026-07-25) / 최종 ed8ead5(2026-08-04) / 커밋 4회,(참조 없음),참고자료,-,주차 개정 이력 문서,-,-,-
F-0178,courses/바이브코딩/sessions/2주차/개정이력/README.md,5095,db1f0ee02157a8014b0c14af301dd3e7c2ffb0810ec8d13454f7e6e4179c8b9e,.md,텍스트(Markdown),2주차,tracked,최초 ed8ead5(2026-08-04) / 최종 ed8ead5(2026-08-04) / 커밋 1회,(참조 없음),참고자료,-,주차 개정 이력 문서,-,-,-
F-0179,courses/바이브코딩/sessions/2주차/실습예제/mvp/anchor_활동기록/DESIGN.md,987,d9ff61b6e17e9d7b01750cee3835ce01159ab5e30a75816047e3ed9350e5109b,.md,텍스트(Markdown),2주차,tracked,최초 ca04fcb(2026-07-22) / 최종 b5756e7(2026-07-29) / 커밋 2회,(참조 없음),편집 정본,-,실습 예제 소스(수강생 배포 대상),-,-,-
F-0180,courses/바이브코딩/sessions/2주차/실습예제/mvp/anchor_활동기록/index.html,942,82cd90ac0600de95e74ba6a424f4061a685e6aca58fa486a6cc28b38bc8b93d0,.html,HTML(문서),2주차,tracked,최초 ca04fcb(2026-07-22) / 최종 b5756e7(2026-07-29) / 커밋 2회,./style.css(있음);./script.js(있음),편집 정본,-,실습 예제 소스(수강생 배포 대상),-,0(section 있으나 data-slide 0건),0
F-0181,courses/바이브코딩/sessions/2주차/실습예제/mvp/anchor_활동기록/prd.md,1172,69078c5ea8cc10c0fd0cf066e504701c91d9c7bd6b87688738fa2c58c12f0ccd,.md,텍스트(Markdown),2주차,tracked,최초 ca04fcb(2026-07-22) / 최종 b5756e7(2026-07-29) / 커밋 2회,(참조 없음),편집 정본,-,실습 예제 소스(수강생 배포 대상),-,-,-
F-0182,courses/바이브코딩/sessions/2주차/실습예제/mvp/anchor_활동기록/script.js,1020,29f83acc1cedc38d27b200caefd0b7932fa7434455ddecbd41d3bb093b6af96e,.js,텍스트(JS),2주차,tracked,최초 ca04fcb(2026-07-22) / 최종 b5756e7(2026-07-29) / 커밋 2회,(참조 없음),편집 정본,-,실습 예제 소스(수강생 배포 대상),-,-,-
F-0183,courses/바이브코딩/sessions/2주차/실습예제/mvp/anchor_활동기록/style.css,1465,68fe1ef287eaf85cde751b15468e5472fb23ee295aa2b9e8d0d7ce084ffbaa76,.css,텍스트(CSS),2주차,tracked,최초 ca04fcb(2026-07-22) / 최종 b5756e7(2026-07-29) / 커밋 2회,(참조 없음),편집 정본,-,실습 예제 소스(수강생 배포 대상),-,-,-
F-0184,courses/바이브코딩/sessions/2주차/실습예제/mvp/calc_가상예산/index.html,1353,392dd2c1637da3ff7eb579c792c76c98dcc05247a795f055a751a93d90115d3c,.html,HTML(문서),2주차,tracked,최초 ca04fcb(2026-07-22) / 최종 b5756e7(2026-07-29) / 커밋 2회,./style.css(있음);./script.js(있음),편집 정본,-,실습 예제 소스(수강생 배포 대상),-,0(section 있으나 data-slide 0건),0
F-0185,courses/바이브코딩/sessions/2주차/실습예제/mvp/calc_가상예산/prd.md,1311,082c76b2b66ec018f1bc159e582afa8af05f925713d3a29983fb8558ede524bd,.md,텍스트(Markdown),2주차,tracked,최초 ca04fcb(2026-07-22) / 최종 b5756e7(2026-07-29) / 커밋 2회,(참조 없음),편집 정본,-,실습 예제 소스(수강생 배포 대상),-,-,-
F-0186,courses/바이브코딩/sessions/2주차/실습예제/mvp/calc_가상예산/script.js,2005,c14ed6150445957b2537c11982e017d5aa4e9c14f60999ae96a7e3d8d3cc3e13,.js,텍스트(JS),2주차,tracked,최초 ca04fcb(2026-07-22) / 최종 b5756e7(2026-07-29) / 커밋 2회,(참조 없음),편집 정본,-,실습 예제 소스(수강생 배포 대상),-,-,-
F-0187,courses/바이브코딩/sessions/2주차/실습예제/mvp/calc_가상예산/style.css,1539,3f73d0d4026ed015695aec7edf1f9577441765270610f1c5881c04b565341442,.css,텍스트(CSS),2주차,tracked,최초 ca04fcb(2026-07-22) / 최종 b5756e7(2026-07-29) / 커밋 2회,(참조 없음),편집 정본,-,실습 예제 소스(수강생 배포 대상),-,-,-
F-0188,courses/바이브코딩/sessions/2주차/실습예제/mvp/convert_단위변환/index.html,919,c24c6814727dd2cbe35f74f9cfbab16cf1af82bc37583cc21633d93f5d4d4a17,.html,HTML(문서),2주차,tracked,최초 ca04fcb(2026-07-22) / 최종 b5756e7(2026-07-29) / 커밋 2회,./style.css(있음);./script.js(있음),편집 정본,-,실습 예제 소스(수강생 배포 대상),-,0(section 있으나 data-slide 0건),0
F-0189,courses/바이브코딩/sessions/2주차/실습예제/mvp/convert_단위변환/prd.md,975,9453288a17fdd026c60417ecfe841db1786578a366d7812c2f30e0801dc8650c,.md,텍스트(Markdown),2주차,tracked,최초 ca04fcb(2026-07-22) / 최종 b5756e7(2026-07-29) / 커밋 2회,(참조 없음),편집 정본,-,실습 예제 소스(수강생 배포 대상),-,-,-
F-0190,courses/바이브코딩/sessions/2주차/실습예제/mvp/convert_단위변환/script.js,682,757f061c93dfc67b1c4a20704382c26a24d8797636808e0e0fdcd65d7945ec8f,.js,텍스트(JS),2주차,tracked,최초 ca04fcb(2026-07-22) / 최종 b5756e7(2026-07-29) / 커밋 2회,(참조 없음),편집 정본,-,실습 예제 소스(수강생 배포 대상),-,-,-
F-0191,courses/바이브코딩/sessions/2주차/실습예제/mvp/convert_단위변환/style.css,1208,ff77f8bb06b3a446b7877e5d7d801f79ce92ab4d28b49672595d3840e87978fe,.css,텍스트(CSS),2주차,tracked,최초 ca04fcb(2026-07-22) / 최종 b5756e7(2026-07-29) / 커밋 2회,(참조 없음),편집 정본,-,실습 예제 소스(수강생 배포 대상),-,-,-
F-0192,courses/바이브코딩/sessions/2주차/실습예제/mvp/pick_선택추천/index.html,1127,3ca2cbdf93e3c7c82d1cc40b6e8f8889c5673b40abd3682723a9a8092660c6b6,.html,HTML(문서),2주차,tracked,최초 ca04fcb(2026-07-22) / 최종 b5756e7(2026-07-29) / 커밋 2회,./style.css(있음);./script.js(있음),편집 정본,-,실습 예제 소스(수강생 배포 대상),-,0(section 있으나 data-slide 0건),0
F-0193,courses/바이브코딩/sessions/2주차/실습예제/mvp/pick_선택추천/prd.md,1161,d9154349f937033866aa56ea5ec2678e45f13311371add25a2cde19c1cc0fa52,.md,텍스트(Markdown),2주차,tracked,최초 ca04fcb(2026-07-22) / 최종 b5756e7(2026-07-29) / 커밋 2회,(참조 없음),편집 정본,-,실습 예제 소스(수강생 배포 대상),-,-,-
F-0194,courses/바이브코딩/sessions/2주차/실습예제/mvp/pick_선택추천/script.js,2112,e352c9638d821e2a26acee6fe0414d1e50a78b0fafecd13d37cf55ab78745c99,.js,텍스트(JS),2주차,tracked,최초 ca04fcb(2026-07-22) / 최종 b5756e7(2026-07-29) / 커밋 2회,(참조 없음),편집 정본,-,실습 예제 소스(수강생 배포 대상),-,-,-
F-0195,courses/바이브코딩/sessions/2주차/실습예제/mvp/pick_선택추천/style.css,1418,6020df06855e8991e6c3f70485947ccdcc685fe70ca1f484bfe9a6ec07ccf1d6,.css,텍스트(CSS),2주차,tracked,최초 ca04fcb(2026-07-22) / 최종 b5756e7(2026-07-29) / 커밋 2회,(참조 없음),편집 정본,-,실습 예제 소스(수강생 배포 대상),-,-,-
F-0196,courses/바이브코딩/sessions/2주차/실습예제/mvp/timer_집중타이머/index.html,839,6c231a41f6bdbac9ef832216649a5f53722f2b1b93f7b9d1a1c6b9dde8827bc0,.html,HTML(문서),2주차,tracked,최초 ca04fcb(2026-07-22) / 최종 b5756e7(2026-07-29) / 커밋 2회,./style.css(있음);./script.js(있음),편집 정본,-,실습 예제 소스(수강생 배포 대상),-,0(section 있으나 data-slide 0건),0
F-0197,courses/바이브코딩/sessions/2주차/실습예제/mvp/timer_집중타이머/prd.md,1046,210bb1037a7e504d0186a54bc3b2f563a1d6ac2d83a2930d0efb60faa5a60577,.md,텍스트(Markdown),2주차,tracked,최초 ca04fcb(2026-07-22) / 최종 b5756e7(2026-07-29) / 커밋 2회,(참조 없음),편집 정본,-,실습 예제 소스(수강생 배포 대상),-,-,-
F-0198,courses/바이브코딩/sessions/2주차/실습예제/mvp/timer_집중타이머/script.js,1401,2469cf38f611102a86d839a875254e6d163ebfedfb6714d30bbb974ebc7f3390,.js,텍스트(JS),2주차,tracked,최초 ca04fcb(2026-07-22) / 최종 b5756e7(2026-07-29) / 커밋 2회,(참조 없음),편집 정본,-,실습 예제 소스(수강생 배포 대상),-,-,-
F-0199,courses/바이브코딩/sessions/2주차/실습예제/mvp/timer_집중타이머/style.css,1372,b0cd74a3c071ad3d0bec0488acb1930394e17ee14b78a778cd8921175f17b273,.css,텍스트(CSS),2주차,tracked,최초 ca04fcb(2026-07-22) / 최종 b5756e7(2026-07-29) / 커밋 2회,(참조 없음),편집 정본,-,실습 예제 소스(수강생 배포 대상),-,-,-
F-0200,courses/바이브코딩/sessions/2주차/실습예제/이탈재현/case_abspath/broken/index.html,1409,e2d151bf14b57cdca289287fe368724125ae4b7ec89bfe0769d4362673d1459e,.html,HTML(문서),2주차,tracked,최초 ca04fcb(2026-07-22) / 최종 b5756e7(2026-07-29) / 커밋 2회,file:///C:/Users/lecture/Desktop/앵커공유/style.css(없음);file:///C:/Users/lecture/Pictures/앵커로고.png(없음);./script.js(있음),편집 정본,-,실습 예제 소스(수강생 배포 대상),-,0(section 태그 자체 없음),0
F-0201,courses/바이브코딩/sessions/2주차/실습예제/이탈재현/case_abspath/broken/script.js,805,6a254f11c6d305d356ddd2eec9aa482dde5febca95223ecefab4cb62537c7289,.js,텍스트(JS),2주차,tracked,최초 ca04fcb(2026-07-22) / 최종 b5756e7(2026-07-29) / 커밋 2회,(참조 없음),편집 정본,-,실습 예제 소스(수강생 배포 대상),-,-,-
F-0202,courses/바이브코딩/sessions/2주차/실습예제/이탈재현/case_abspath/broken/설명.md,2166,d5d259202e5f867cd86a3f2570c9b5429794d80603ecc8eebc426cb074a40743,.md,텍스트(Markdown),2주차,tracked,최초 ca04fcb(2026-07-22) / 최종 b5756e7(2026-07-29) / 커밋 2회,assets/logo.svg(없음),편집 정본,-,실습 예제 소스(수강생 배포 대상),-,-,-
F-0203,courses/바이브코딩/sessions/2주차/실습예제/이탈재현/case_abspath/fixed/assets/logo.svg,323,e7f69d2ab79e45f00e67a87094ef5dbd51faf7e0f24429e5d9fda98f6a6e1948,.svg,SVG,2주차,tracked,최초 ca04fcb(2026-07-22) / 최종 b5756e7(2026-07-29) / 커밋 2회,(참조 없음),편집 정본,-,실습 예제 소스(수강생 배포 대상),-,-,-
F-0204,courses/바이브코딩/sessions/2주차/실습예제/이탈재현/case_abspath/fixed/index.html,1018,e7ad6ceadfcf7cb43827a734543bc030d3f9f837cd743884c07e4e997133a79c,.html,HTML(문서),2주차,tracked,최초 ca04fcb(2026-07-22) / 최종 b5756e7(2026-07-29) / 커밋 2회,./style.css(있음);assets/logo.svg(있음);./script.js(있음),편집 정본,-,실습 예제 소스(수강생 배포 대상),-,0(section 태그 자체 없음),0
F-0205,courses/바이브코딩/sessions/2주차/실습예제/이탈재현/case_abspath/fixed/script.js,805,6a254f11c6d305d356ddd2eec9aa482dde5febca95223ecefab4cb62537c7289,.js,텍스트(JS),2주차,tracked,최초 ca04fcb(2026-07-22) / 최종 b5756e7(2026-07-29) / 커밋 2회,(참조 없음),편집 정본,-,실습 예제 소스(수강생 배포 대상),-,-,-
F-0206,courses/바이브코딩/sessions/2주차/실습예제/이탈재현/case_abspath/fixed/style.css,1099,ff98a94ce245c0a8aa2eee2e69bc3be9227bccc8926ea071d97d1c702ce2be56,.css,텍스트(CSS),2주차,tracked,최초 ca04fcb(2026-07-22) / 최종 b5756e7(2026-07-29) / 커밋 2회,(참조 없음),편집 정본,-,실습 예제 소스(수강생 배포 대상),-,-,-
F-0207,courses/바이브코딩/sessions/2주차/실습예제/이탈재현/case_fetch/broken/data.json,64,4e8c841618640afa204f8c4556c8f66be9d9ab0e22905647258ce56dbd92ba7a,.json,JSON,2주차,tracked,최초 ca04fcb(2026-07-22) / 최종 b5756e7(2026-07-29) / 커밋 2회,(참조 없음),편집 정본,-,실습 예제 소스(수강생 배포 대상),-,-,-
F-0208,courses/바이브코딩/sessions/2주차/실습예제/이탈재현/case_fetch/broken/index.html,715,a6551b35196f9c5d42faadc666cc697825acc7294084fa7d45d93e769455bded,.html,HTML(문서),2주차,tracked,최초 ca04fcb(2026-07-22) / 최종 b5756e7(2026-07-29) / 커밋 2회,./style.css(있음);./script.js(있음),편집 정본,-,실습 예제 소스(수강생 배포 대상),-,0(section 태그 자체 없음),0
F-0209,courses/바이브코딩/sessions/2주차/실습예제/이탈재현/case_fetch/broken/script.js,1309,f9f4c2336503c9f52de686ca85c4c342061390359c1b17bfa555c1a82de3a36d,.js,텍스트(JS),2주차,tracked,최초 ca04fcb(2026-07-22) / 최종 b5756e7(2026-07-29) / 커밋 2회,(참조 없음),편집 정본,-,실습 예제 소스(수강생 배포 대상),-,-,-
F-0210,courses/바이브코딩/sessions/2주차/실습예제/이탈재현/case_fetch/broken/style.css,973,0acfe174999e240525f3af267917f28613c9cee07bb0787fe3254b3cb903f92e,.css,텍스트(CSS),2주차,tracked,최초 ca04fcb(2026-07-22) / 최종 b5756e7(2026-07-29) / 커밋 2회,(참조 없음),편집 정본,-,실습 예제 소스(수강생 배포 대상),-,-,-
F-0211,courses/바이브코딩/sessions/2주차/실습예제/이탈재현/case_fetch/broken/설명.md,1811,d8ced306b71a26ece58ffdbe371f1bb03877f0fe3184765e2b40b4d333f0b286,.md,텍스트(Markdown),2주차,tracked,최초 ca04fcb(2026-07-22) / 최종 b5756e7(2026-07-29) / 커밋 2회,(참조 없음),편집 정본,-,실습 예제 소스(수강생 배포 대상),-,-,-
F-0212,courses/바이브코딩/sessions/2주차/실습예제/이탈재현/case_fetch/fixed/index.html,715,a6551b35196f9c5d42faadc666cc697825acc7294084fa7d45d93e769455bded,.html,HTML(문서),2주차,tracked,최초 ca04fcb(2026-07-22) / 최종 b5756e7(2026-07-29) / 커밋 2회,./style.css(있음);./script.js(있음),편집 정본,-,실습 예제 소스(수강생 배포 대상),-,0(section 태그 자체 없음),0
F-0213,courses/바이브코딩/sessions/2주차/실습예제/이탈재현/case_fetch/fixed/script.js,906,8ec83ecac6aa1e8c8a41ece68c0c8aec28fa1d1b6d55de17f99014f50936570c,.js,텍스트(JS),2주차,tracked,최초 ca04fcb(2026-07-22) / 최종 b5756e7(2026-07-29) / 커밋 2회,(참조 없음),편집 정본,-,실습 예제 소스(수강생 배포 대상),-,-,-
F-0214,courses/바이브코딩/sessions/2주차/실습예제/이탈재현/case_fetch/fixed/style.css,973,0acfe174999e240525f3af267917f28613c9cee07bb0787fe3254b3cb903f92e,.css,텍스트(CSS),2주차,tracked,최초 ca04fcb(2026-07-22) / 최종 b5756e7(2026-07-29) / 커밋 2회,(참조 없음),편집 정본,-,실습 예제 소스(수강생 배포 대상),-,-,-
F-0215,courses/바이브코딩/sessions/2주차/실습예제/이탈재현/case_filename/broken/index.html,828,0b21851813e53eea40905ad1a4ece172e803f03a6c84b7f24256b424931a4ae4,.html,HTML(문서),2주차,tracked,최초 ca04fcb(2026-07-22) / 최종 b5756e7(2026-07-29) / 커밋 2회,./style.css(없음);./script.js(있음),편집 정본,-,실습 예제 소스(수강생 배포 대상),-,0(section 태그 자체 없음),0
F-0216,courses/바이브코딩/sessions/2주차/실습예제/이탈재현/case_filename/broken/script.js,805,6a254f11c6d305d356ddd2eec9aa482dde5febca95223ecefab4cb62537c7289,.js,텍스트(JS),2주차,tracked,최초 ca04fcb(2026-07-22) / 최종 b5756e7(2026-07-29) / 커밋 2회,(참조 없음),편집 정본,-,실습 예제 소스(수강생 배포 대상),-,-,-
F-0217,courses/바이브코딩/sessions/2주차/실습예제/이탈재현/case_filename/broken/styles.css,1095,7d72f8da6e5fbff4c22430950a9b786b86886e7eeda0fc2c2d593c1534bf8505,.css,텍스트(CSS),2주차,tracked,최초 ca04fcb(2026-07-22) / 최종 b5756e7(2026-07-29) / 커밋 2회,(참조 없음),편집 정본,-,실습 예제 소스(수강생 배포 대상),-,-,-
F-0218,courses/바이브코딩/sessions/2주차/실습예제/이탈재현/case_filename/broken/설명.md,1697,3c7b972e06b08fe534a6625a89581f1d3fcf5e2eeef82e3a1ebcf93a0a0b2504,.md,텍스트(Markdown),2주차,tracked,최초 ca04fcb(2026-07-22) / 최종 b5756e7(2026-07-29) / 커밋 2회,(참조 없음),편집 정본,-,실습 예제 소스(수강생 배포 대상),-,-,-
F-0219,courses/바이브코딩/sessions/2주차/실습예제/이탈재현/case_filename/fixed/index.html,802,24b9b582baa3385d1165671379239cc8e3dea12abfcf85df13e4a15199d74e30,.html,HTML(문서),2주차,tracked,최초 ca04fcb(2026-07-22) / 최종 b5756e7(2026-07-29) / 커밋 2회,./style.css(있음);./script.js(있음),편집 정본,-,실습 예제 소스(수강생 배포 대상),-,0(section 태그 자체 없음),0
F-0220,courses/바이브코딩/sessions/2주차/실습예제/이탈재현/case_filename/fixed/script.js,805,6a254f11c6d305d356ddd2eec9aa482dde5febca95223ecefab4cb62537c7289,.js,텍스트(JS),2주차,tracked,최초 ca04fcb(2026-07-22) / 최종 b5756e7(2026-07-29) / 커밋 2회,(참조 없음),편집 정본,-,실습 예제 소스(수강생 배포 대상),-,-,-
F-0221,courses/바이브코딩/sessions/2주차/실습예제/이탈재현/case_filename/fixed/style.css,973,0acfe174999e240525f3af267917f28613c9cee07bb0787fe3254b3cb903f92e,.css,텍스트(CSS),2주차,tracked,최초 ca04fcb(2026-07-22) / 최종 b5756e7(2026-07-29) / 커밋 2회,(참조 없음),편집 정본,-,실습 예제 소스(수강생 배포 대상),-,-,-
F-0222,courses/바이브코딩/sessions/2주차/실습예제/이탈재현/case_module/broken/data.js,252,d3d76621e34436a815794c5af2271003e89fd8d5aa1c1f426d3d00e37d987c88,.js,텍스트(JS),2주차,tracked,최초 ca04fcb(2026-07-22) / 최종 b5756e7(2026-07-29) / 커밋 2회,(참조 없음),편집 정본,-,실습 예제 소스(수강생 배포 대상),-,-,-
F-0223,courses/바이브코딩/sessions/2주차/실습예제/이탈재현/case_module/broken/index.html,838,8cc17c95c3c4cdda40117e1fcbb8dfe9236695e918c597ca8912d048522f279f,.html,HTML(문서),2주차,tracked,최초 ca04fcb(2026-07-22) / 최종 b5756e7(2026-07-29) / 커밋 2회,./style.css(있음);./script.js(있음),편집 정본,-,실습 예제 소스(수강생 배포 대상),-,0(section 태그 자체 없음),0
F-0224,courses/바이브코딩/sessions/2주차/실습예제/이탈재현/case_module/broken/script.js,1030,22f2d14b4607ad9d345cf6ad7193f3fbdc116c5e571bbf3cc666d0afa5caf154,.js,텍스트(JS),2주차,tracked,최초 ca04fcb(2026-07-22) / 최종 b5756e7(2026-07-29) / 커밋 2회,(참조 없음),편집 정본,-,실습 예제 소스(수강생 배포 대상),-,-,-
F-0225,courses/바이브코딩/sessions/2주차/실습예제/이탈재현/case_module/broken/style.css,973,0acfe174999e240525f3af267917f28613c9cee07bb0787fe3254b3cb903f92e,.css,텍스트(CSS),2주차,tracked,최초 ca04fcb(2026-07-22) / 최종 b5756e7(2026-07-29) / 커밋 2회,(참조 없음),편집 정본,-,실습 예제 소스(수강생 배포 대상),-,-,-
F-0226,courses/바이브코딩/sessions/2주차/실습예제/이탈재현/case_module/broken/설명.md,1843,6dc5971f05261b66c66b00683cb54bbe2afade970bfa6c6d7e8741cd6114f482,.md,텍스트(Markdown),2주차,tracked,최초 ca04fcb(2026-07-22) / 최종 b5756e7(2026-07-29) / 커밋 2회,./script.js(있음),편집 정본,-,실습 예제 소스(수강생 배포 대상),-,-,-
F-0227,courses/바이브코딩/sessions/2주차/실습예제/이탈재현/case_module/fixed/index.html,791,33e75c4f8d72b703629b1b46fd2788fad51e57c54357ab5399b9027da808ca15,.html,HTML(문서),2주차,tracked,최초 ca04fcb(2026-07-22) / 최종 b5756e7(2026-07-29) / 커밋 2회,./style.css(있음);./script.js(있음),편집 정본,-,실습 예제 소스(수강생 배포 대상),-,0(section 태그 자체 없음),0
F-0228,courses/바이브코딩/sessions/2주차/실습예제/이탈재현/case_module/fixed/script.js,896,dfcc0ebe8f67aa99bb8277d48386480226e7af5deba1cbd59f440df3b45a0bf9,.js,텍스트(JS),2주차,tracked,최초 ca04fcb(2026-07-22) / 최종 b5756e7(2026-07-29) / 커밋 2회,(참조 없음),편집 정본,-,실습 예제 소스(수강생 배포 대상),-,-,-
F-0229,courses/바이브코딩/sessions/2주차/실습예제/이탈재현/case_module/fixed/style.css,973,0acfe174999e240525f3af267917f28613c9cee07bb0787fe3254b3cb903f92e,.css,텍스트(CSS),2주차,tracked,최초 ca04fcb(2026-07-22) / 최종 b5756e7(2026-07-29) / 커밋 2회,(참조 없음),편집 정본,-,실습 예제 소스(수강생 배포 대상),-,-,-
F-0230,courses/바이브코딩/sessions/2주차/실습예제/이탈재현/case_subfolder/broken/pages/index.html,944,d0d0d8468ed90b060d8a0a55f3fed0b20e9f7ed7b5c999bd3eee774529c67793,.html,HTML(문서),2주차,tracked,최초 ca04fcb(2026-07-22) / 최종 b5756e7(2026-07-29) / 커밋 2회,../style.css(없음);../script.js(없음),편집 정본,-,실습 예제 소스(수강생 배포 대상),-,0(section 태그 자체 없음),0
F-0231,courses/바이브코딩/sessions/2주차/실습예제/이탈재현/case_subfolder/broken/pages/script.js,918,f68d2e8a2ed77f73bd0a412737c3a58d27fac9fc7775e9b83a091ac3eefe1ffb,.js,텍스트(JS),2주차,tracked,최초 ca04fcb(2026-07-22) / 최종 b5756e7(2026-07-29) / 커밋 2회,(참조 없음),편집 정본,-,실습 예제 소스(수강생 배포 대상),-,-,-
F-0232,courses/바이브코딩/sessions/2주차/실습예제/이탈재현/case_subfolder/broken/pages/style.css,973,0acfe174999e240525f3af267917f28613c9cee07bb0787fe3254b3cb903f92e,.css,텍스트(CSS),2주차,tracked,최초 ca04fcb(2026-07-22) / 최종 b5756e7(2026-07-29) / 커밋 2회,(참조 없음),편집 정본,-,실습 예제 소스(수강생 배포 대상),-,-,-
F-0233,courses/바이브코딩/sessions/2주차/실습예제/이탈재현/case_subfolder/broken/설명.md,1952,bc34d2649d6e8e9483cc8d1cf304766f7cdf9a18bb598b6fcc14d7a88def022f,.md,텍스트(Markdown),2주차,tracked,최초 ca04fcb(2026-07-22) / 최종 b5756e7(2026-07-29) / 커밋 2회,(참조 없음),편집 정본,-,실습 예제 소스(수강생 배포 대상),-,-,-
F-0234,courses/바이브코딩/sessions/2주차/실습예제/이탈재현/case_subfolder/fixed/index.html,830,ccc96a74445da889cd83f133f51c58e8185e063d1daff46204ac0033c6c57661,.html,HTML(문서),2주차,tracked,최초 ca04fcb(2026-07-22) / 최종 b5756e7(2026-07-29) / 커밋 2회,./style.css(있음);./script.js(있음),편집 정본,-,실습 예제 소스(수강생 배포 대상),-,0(section 태그 자체 없음),0
F-0235,courses/바이브코딩/sessions/2주차/실습예제/이탈재현/case_subfolder/fixed/script.js,805,6a254f11c6d305d356ddd2eec9aa482dde5febca95223ecefab4cb62537c7289,.js,텍스트(JS),2주차,tracked,최초 ca04fcb(2026-07-22) / 최종 b5756e7(2026-07-29) / 커밋 2회,(참조 없음),편집 정본,-,실습 예제 소스(수강생 배포 대상),-,-,-
F-0236,courses/바이브코딩/sessions/2주차/실습예제/이탈재현/case_subfolder/fixed/style.css,973,0acfe174999e240525f3af267917f28613c9cee07bb0787fe3254b3cb903f92e,.css,텍스트(CSS),2주차,tracked,최초 ca04fcb(2026-07-22) / 최종 b5756e7(2026-07-29) / 커밋 2회,(참조 없음),편집 정본,-,실습 예제 소스(수강생 배포 대상),-,-,-
F-0237,courses/바이브코딩/sessions/2주차/자료/2주차_PHASE3_인수.md,4882,4c80a0855eaede3f34f3d76dab0fa020b0abc05dc49dc5c8351fe2fb4c010834,.md,텍스트(Markdown),2주차,tracked,최초 5c5552e(2026-07-25) / 최종 ed8ead5(2026-08-04) / 커밋 3회,2주차_최종수정계획.md(없음),참고자료,-,리서치·출처·개념·집필 노트 등 제작 참고 문서,-,-,-
F-0238,courses/바이브코딩/sessions/2주차/자료/2주차_개념KB.md,309774,42471acbc69f125397958fd13356a7743253acbb4c3ceeb129d4ff699c04d8ec,.md,텍스트(Markdown),2주차,tracked,최초 ca04fcb(2026-07-22) / 최종 ed8ead5(2026-08-04) / 커밋 6회,./style.css(없음);./script.js(없음),참고자료,-,리서치·출처·개념·집필 노트 등 제작 참고 문서,-,-,-
F-0239,courses/바이브코딩/sessions/2주차/자료/2주차_결정요청사항.md,24554,ad11f7cfc112323de2994e59b595bba24b01f791c3deaa8e39c3beca6578f600,.md,텍스트(Markdown),2주차,tracked,최초 ca04fcb(2026-07-22) / 최종 ed8ead5(2026-08-04) / 커밋 3회,(참조 없음),참고자료,-,리서치·출처·개념·집필 노트 등 제작 참고 문서,-,-,-
F-0240,courses/바이브코딩/sessions/2주차/자료/2주차_상세강의설계.md,98657,0f1a4aa83e7abb2659905d214a85855c0288ed6976789b84f5d3a0ca149d33ed,.md,텍스트(Markdown),2주차,tracked,최초 ca04fcb(2026-07-22) / 최종 ed8ead5(2026-08-04) / 커밋 3회,(참조 없음),참고자료,-,리서치·출처·개념·집필 노트 등 제작 참고 문서,-,-,-
F-0241,courses/바이브코딩/sessions/2주차/자료/2주차_실습안_검증결과.md,86592,e1c73dd1b79bd07a80873261f058ed1be5b22c01a84e4e7b91f9e5637a871916,.md,텍스트(Markdown),2주차,tracked,최초 ca04fcb(2026-07-22) / 최종 ed8ead5(2026-08-04) / 커밋 3회,(참조 없음),참고자료,-,리서치·출처·개념·집필 노트 등 제작 참고 문서,-,-,-
F-0242,courses/바이브코딩/sessions/2주차/자료/2주차_이미지-명세.md,98943,0f2392ad4bb9b4a436e439ca3bada2fb35f1dd2b4a46e10aecb14d66a2efba01,.md,텍스트(Markdown),2주차,tracked,최초 782eaa9(2026-07-30) / 최종 052c222(2026-07-30) / 커밋 2회,(참조 없음),참고자료,-,리서치·출처·개념·집필 노트 등 제작 참고 문서,-,-,-
F-0243,courses/바이브코딩/sessions/2주차/자료/2주차_이미지-제작지시.md,84578,b0962d43f1b6dd91580c0146372eb0b2f0d2dbe48ce8a32e8f5d4828a51b7bf3,.md,텍스트(Markdown),2주차,tracked,최초 35692c9(2026-07-31) / 최종 35692c9(2026-07-31) / 커밋 1회,(참조 없음),참고자료,-,리서치·출처·개념·집필 노트 등 제작 참고 문서,-,-,-
F-0244,courses/바이브코딩/sessions/2주차/자료/2주차_이미지-프롬프트.md,5614,d4c5f8b36c1a5ab5f24a0ef6de17aaa313fc9745fb1e9c19c34d5aa6a00388c2,.md,텍스트(Markdown),2주차,tracked,최초 f14a827(2026-07-30) / 최종 e03a47e(2026-08-03) / 커밋 3회,(참조 없음),참고자료,-,리서치·출처·개념·집필 노트 등 제작 참고 문서,-,-,-
F-0245,courses/바이브코딩/sessions/2주차/자료/2주차_출처레지스트리.md,128223,a555f8f7f78ee4167abd7296918d818ae36176e90f332a3442f381f7a9008024,.md,텍스트(Markdown),2주차,tracked,최초 ca04fcb(2026-07-22) / 최종 ed8ead5(2026-08-04) / 커밋 4회,main.css(없음),참고자료,-,리서치·출처·개념·집필 노트 등 제작 참고 문서,-,-,-
F-0246,courses/바이브코딩/sessions/2주차/자료/2주차_콘텐츠_집필노트.md,14762,1f850d3ee2b4099a13ca740b256ee60e170cd004de5f2140ac11b0d276966c5e,.md,텍스트(Markdown),2주차,tracked,최초 d2d1eb6(2026-07-29) / 최종 0bcdb5b(2026-08-03) / 커밋 4회,(참조 없음),참고자료,-,리서치·출처·개념·집필 노트 등 제작 참고 문서,-,-,-
F-0247,courses/바이브코딩/sessions/2주차/자료/2주차_콘텐츠리서치_결과.md,28185,f340061dcacddae837a32eea79bd3c3e7822245203d6169376143acf4292879f,.md,텍스트(Markdown),2주차,tracked,최초 ca04fcb(2026-07-22) / 최종 ed8ead5(2026-08-04) / 커밋 3회,(참조 없음),참고자료,-,리서치·출처·개념·집필 노트 등 제작 참고 문서,-,-,-
F-0248,courses/바이브코딩/sessions/2주차/자료/images/image 34.png,417158,ab381a7fe96e4e03c90685a5922f2c6bd8157bfb6f5ef7c3c135a6aa0a4db6af,.png,PNG,2주차,tracked,최초 27576c5(2026-08-03) / 최종 27576c5(2026-08-03) / 커밋 1회,-,편집 정본,-,덱·shard가 참조하는 원본 자산,-,-,-
F-0249,courses/바이브코딩/sessions/2주차/자료/images/image 35.png,573948,bfe581ecb003ff39b7d797d51d00051d69eeb938871be58e8399ad38dc0e86bc,.png,PNG,2주차,tracked,최초 27576c5(2026-08-03) / 최종 27576c5(2026-08-03) / 커밋 1회,-,편집 정본,-,덱·shard가 참조하는 원본 자산,-,-,-
F-0250,courses/바이브코딩/sessions/2주차/자료/images/image 36.png,402523,592a1c6b1ad848d1fbe674a2cdce0b4a00b0c9ff1d91b27cf792cbc054066674,.png,PNG,2주차,tracked,최초 27576c5(2026-08-03) / 최종 27576c5(2026-08-03) / 커밋 1회,-,편집 정본,-,덱·shard가 참조하는 원본 자산,-,-,-
F-0251,courses/바이브코딩/sessions/2주차/자료/images/p6-p1-user-pain-paper-cut-v1-transparent.png,1260452,50892bf1612303a447c73a241f4902f81f233906d4c6c299766181c812e788a9,.png,PNG,2주차,tracked,최초 fca9a40(2026-08-01) / 최종 fca9a40(2026-08-01) / 커밋 1회,-,편집 정본,-,덱·shard가 참조하는 원본 자산,-,-,-
F-0252,courses/바이브코딩/sessions/2주차/자료/images/p6-p2-mvp-flow-paper-cut-v1-transparent.png,410761,64311ab549498d48342b7888cf14740e6b46c0cd00d0d3b78a7610daade2bc1e,.png,PNG,2주차,tracked,최초 fca9a40(2026-08-01) / 최종 fca9a40(2026-08-01) / 커밋 1회,-,편집 정본,-,덱·shard가 참조하는 원본 자산,-,-,-
F-0253,courses/바이브코딩/sessions/2주차/자료/images/p6-p3-doc-system-paper-cut-v1-transparent.png,680311,cf081e5cd55330a8e43854c68340f5e0d7049bdef4bbbf2d038e642f78a78149,.png,PNG,2주차,tracked,최초 fca9a40(2026-08-01) / 최종 fca9a40(2026-08-01) / 커밋 1회,-,편집 정본,-,덱·shard가 참조하는 원본 자산,-,-,-
F-0254,courses/바이브코딩/sessions/2주차/자료/images/p6-p4-harness-paper-cut-v1-transparent.png,1176761,59ee7fbd01fb59783a69bcd58eca33327528306c9702928b8cdc032ba0f51713,.png,PNG,2주차,tracked,최초 fca9a40(2026-08-01) / 최종 fca9a40(2026-08-01) / 커밋 1회,-,편집 정본,-,덱·shard가 참조하는 원본 자산,-,-,-
F-0255,courses/바이브코딩/sessions/2주차/자료/images/p6-p5-observe-design-paper-cut-v1-transparent.png,856749,025fabee032c1c95ccfd966ebcfb53b14093dfe081791e72fa6a5c825e5c50c0,.png,PNG,2주차,tracked,최초 fca9a40(2026-08-01) / 최종 fca9a40(2026-08-01) / 커밋 1회,-,편집 정본,-,덱·shard가 참조하는 원본 자산,-,-,-
F-0256,courses/바이브코딩/sessions/2주차/자료/images/p6-start-project-kit-paper-cut-v1-transparent.png,777363,fac2eb316432b3760db871fdcbada864f6fb3ef57c37d639169037396e572438,.png,PNG,2주차,tracked,최초 fca9a40(2026-08-01) / 최종 fca9a40(2026-08-01) / 커밋 1회,-,편집 정본,-,덱·shard가 참조하는 원본 자산,-,-,-
F-0257,courses/바이브코딩/sessions/2주차/자료/images/s02_ai-writes-human-decides-paper-cut-v1-transparent.png,1013312,01dcce679ed07b78b1465f99167ef0ad38e7599f1ef3a72620ef1a15a89733f9,.png,PNG,2주차,tracked,최초 8865366(2026-07-31) / 최종 8865366(2026-07-31) / 커밋 1회,-,편집 정본,-,덱·shard가 참조하는 원본 자산,-,-,-
F-0258,courses/바이브코딩/sessions/2주차/자료/images/s03_six-sessions-to-mvp-paper-cut-v1-transparent.png,598186,38d1ca33fb58aa6d14095bd38d39dcc9f0807556e40ede981ccb2a23e5ece029,.png,PNG,2주차,tracked,최초 8865366(2026-07-31) / 최종 8865366(2026-07-31) / 커밋 1회,-,편집 정본,-,덱·shard가 참조하는 원본 자산,-,-,-
F-0259,courses/바이브코딩/sessions/2주차/자료/images/s07_last-week-loop-paper-cut-v1-transparent.png,523463,9366f5d9f68b1c69c7f14527b610d7345b5d449c87dcb43841577991dcfab331,.png,PNG,2주차,tracked,최초 8865366(2026-07-31) / 최종 fca9a40(2026-08-01) / 커밋 2회,-,편집 정본,-,덱·shard가 참조하는 원본 자산,-,-,-
F-0260,courses/바이브코딩/sessions/2주차/자료/images/s07_this-week-decide-paper-cut-v1-transparent.png,365145,bb6eceb1139185667d4b46bb5e2f7b814ec6bad5517a35aab99ae8c817835548,.png,PNG,2주차,tracked,최초 8865366(2026-07-31) / 최종 fca9a40(2026-08-01) / 커밋 2회,-,편집 정본,-,덱·shard가 참조하는 원본 자산,-,-,-
F-0261,courses/바이브코딩/sessions/2주차/자료/images/s08_who-what-pain-paper-cut-v1-transparent.png,713071,a62245781cf6e7bf5df2c1becbd253285c750bd9e4c5c3aca26b97258f2d0a55,.png,PNG,2주차,tracked,최초 8865366(2026-07-31) / 최종 fca9a40(2026-08-01) / 커밋 2회,-,편집 정본,-,덱·shard가 참조하는 원본 자산,-,-,-
F-0262,courses/바이브코딩/sessions/2주차/자료/images/s09_persona-vs-hypothesis-paper-cut-v1-transparent.png,663376,4290da2edbb1c43eeabed52cdff9456d0d588d73f637ce1d9b819360de1f0014,.png,PNG,2주차,tracked,최초 8865366(2026-07-31) / 최종 8865366(2026-07-31) / 커밋 1회,-,편집 정본,-,덱·shard가 참조하는 원본 자산,-,-,-
F-0263,courses/바이브코딩/sessions/2주차/자료/images/s100-mvp-usable-flow-paper-cut-v1-transparent.png,826606,af4a59cdc5debfbe6ddaebdf4e474d06c225b038c03b1ec77683210236657593,.png,PNG,2주차,tracked,최초 fca9a40(2026-08-01) / 최종 fca9a40(2026-08-01) / 커밋 1회,-,상태 확인 필요,-,자산이나 범위 내 어떤 파일도 참조하지 않음(미참조),버전 후보/폐기본/외부 참조 여부 미확인,-,-
F-0264,courses/바이브코딩/sessions/2주차/자료/images/s102-docs-to-first-screen-paper-cut-v1-transparent.png,789672,5c132e46204600c9e50ae2c42270fc2decc4206c7ce2e1ee4b98f456b631bbff,.png,PNG,2주차,tracked,최초 fca9a40(2026-08-01) / 최종 fca9a40(2026-08-01) / 커밋 1회,-,상태 확인 필요,-,자산이나 범위 내 어떤 파일도 참조하지 않음(미참조),버전 후보/폐기본/외부 참조 여부 미확인,-,-
F-0265,courses/바이브코딩/sessions/2주차/자료/images/s104_reference-copied-paper-cut-v1-transparent.png,810873,2d8eb17488ed717297dc5ac21400d234cb20186e08c0c0903289a991ef6bf41f,.png,PNG,2주차,tracked,최초 8865366(2026-07-31) / 최종 8865366(2026-07-31) / 커밋 1회,-,편집 정본,-,덱·shard가 참조하는 원본 자산,-,-,-
F-0266,courses/바이브코딩/sessions/2주차/자료/images/s105-ai-work-system-paper-cut-v1-transparent.png,1310948,207475c3721e2faf32b645ef46e42a3308451b6ea397450233fb5acd9bf62e14,.png,PNG,2주차,tracked,최초 fca9a40(2026-08-01) / 최종 fca9a40(2026-08-01) / 커밋 1회,-,상태 확인 필요,-,자산이나 범위 내 어떤 파일도 참조하지 않음(미참조),버전 후보/폐기본/외부 참조 여부 미확인,-,-
F-0267,courses/바이브코딩/sessions/2주차/자료/images/s106-evidence-to-storage-paper-cut-v1-transparent.png,965755,de2e0baec059e2f000af6f2cbb0aeab9e53d10ff2d79a0ca18ad8e8a89bc2571,.png,PNG,2주차,tracked,최초 fca9a40(2026-08-01) / 최종 fca9a40(2026-08-01) / 커밋 1회,-,상태 확인 필요,-,자산이나 범위 내 어떤 파일도 참조하지 않음(미참조),버전 후보/폐기본/외부 참조 여부 미확인,-,-
F-0268,courses/바이브코딩/sessions/2주차/자료/images/s10_ai-empathy-boundary-paper-cut-v1-transparent.png,584915,ac1c32b5106761c9c17f27bd3f8b5d47314dfd770d85e227ab48566a194f4d92,.png,PNG,2주차,tracked,최초 8865366(2026-07-31) / 최종 8865366(2026-07-31) / 커밋 1회,-,편집 정본,-,덱·shard가 참조하는 원본 자산,-,-,-
F-0269,courses/바이브코딩/sessions/2주차/자료/images/s11_one-sentence-practice-paper-cut-v1-transparent.png,871991,90ab7c62da3d01998a1a2c20829a05a2a31844801ccc053118c786322db23261,.png,PNG,2주차,tracked,최초 8865366(2026-07-31) / 최종 8865366(2026-07-31) / 커밋 1회,-,편집 정본,-,덱·shard가 참조하는 원본 자산,-,-,-
F-0270,courses/바이브코딩/sessions/2주차/자료/images/s23_result-vs-function-paper-cut-v1-transparent.png,1184276,1da2f1a5e9247a11abf5a6ed85055dbbcdb40336fc4ee7b987c473d74cb91348,.png,PNG,2주차,tracked,최초 8865366(2026-07-31) / 최종 8865366(2026-07-31) / 커밋 1회,-,편집 정본,-,덱·shard가 참조하는 원본 자산,-,-,-
F-0271,courses/바이브코딩/sessions/2주차/자료/images/s24_mvp-skateboard-to-car-paper-cut-v1-transparent.png,1243475,e91d3d95822e83539e5fd773bb3f38f5b4e83de7c06fcea1f41625c33a3ccbb6,.png,PNG,2주차,tracked,최초 8865366(2026-07-31) / 최종 8865366(2026-07-31) / 커밋 1회,-,편집 정본,-,덱·shard가 참조하는 원본 자산,-,-,-
F-0272,courses/바이브코딩/sessions/2주차/자료/images/s27_scope-three-slots-paper-cut-v1-transparent.png,657271,aaa08173a9db277b0006614165ed90602eb63f91113a177db21427b8cc8951d8,.png,PNG,2주차,tracked,최초 8865366(2026-07-31) / 최종 8865366(2026-07-31) / 커밋 1회,-,편집 정본,-,덱·shard가 참조하는 원본 자산,-,-,-
F-0273,courses/바이브코딩/sessions/2주차/자료/images/s28_remove-one-feature-paper-cut-v1-transparent.png,523855,1f3ff563bd471201ab527ce4243126e1cc500e6725e275fff2043730a528655f,.png,PNG,2주차,tracked,최초 8865366(2026-07-31) / 최종 8865366(2026-07-31) / 커밋 1회,-,편집 정본,-,덱·shard가 참조하는 원본 자산,-,-,-
F-0274,courses/바이브코딩/sessions/2주차/자료/images/s34-completion-criteria-vs-test-paper-cut-v1-transparent.png,1164564,a3fbe647c2672e43028c761052c45bcd1c3027859b32b05fe2e8107c2f764ec5,.png,PNG,2주차,tracked,최초 fca9a40(2026-08-01) / 최종 fca9a40(2026-08-01) / 커밋 1회,-,편집 정본,-,덱·shard가 참조하는 원본 자산,-,-,-
F-0275,courses/바이브코딩/sessions/2주차/자료/images/s37_prd-concept-vs-prdmd-file-paper-cut-v1-transparent.png,1164261,c3659878b57a1d33d5ca0676162484bb87bca2e23c4a191d85a1783cd535f77d,.png,PNG,2주차,tracked,최초 fca9a40(2026-08-01) / 최종 fca9a40(2026-08-01) / 커밋 1회,-,편집 정본,-,덱·shard가 참조하는 원본 자산,-,-,-
F-0276,courses/바이브코딩/sessions/2주차/자료/images/s38_prd-missing-items-paper-cut-v1-transparent.png,949732,96d11f61e1a88d55831429f9528c5444f833bce8991906d90f287372fcd8ea27,.png,PNG,2주차,tracked,최초 8865366(2026-07-31) / 최종 8865366(2026-07-31) / 커밋 1회,-,편집 정본,-,덱·shard가 참조하는 원본 자산,-,-,-
F-0277,courses/바이브코딩/sessions/2주차/자료/images/s40_prd-practice-paper-cut-v1-transparent.png,1071304,396afdec4086f65721b87ad004b524713b46170aef37ef23258823f463ccc308,.png,PNG,2주차,tracked,최초 8865366(2026-07-31) / 최종 8865366(2026-07-31) / 커밋 1회,-,편집 정본,-,덱·shard가 참조하는 원본 자산,-,-,-
F-0278,courses/바이브코딩/sessions/2주차/자료/images/s46_harness-slot-filled-vs-empty-paper-cut-v1-transparent.png,1400227,4eafb5ddc8e3fbc50bb62cc43dfa5342150d7bd5c39bffdf8f74bed2bc4f2cf7,.png,PNG,2주차,tracked,최초 fca9a40(2026-08-01) / 최종 fca9a40(2026-08-01) / 커밋 1회,-,편집 정본,-,덱·shard가 참조하는 원본 자산,-,-,-
F-0279,courses/바이브코딩/sessions/2주차/자료/images/s55-ui-ux-iceberg-paper-cut-v1-transparent.png,932269,04a47549d135a3aeb00af530f16abcd308b6786108581d5a2fe1afab4795781c,.png,PNG,2주차,tracked,최초 27576c5(2026-08-03) / 최종 27576c5(2026-08-03) / 커밋 1회,-,편집 정본,-,덱·shard가 참조하는 원본 자산,-,-,-
F-0280,courses/바이브코딩/sessions/2주차/자료/images/s65_mobile-responsive-app-ui-v1.png,1268478,d04b53a03939ed74d049e5a65104879a31c395d9244eebd53a58b15b444a5497,.png,PNG,2주차,tracked,최초 fca9a40(2026-08-01) / 최종 fca9a40(2026-08-01) / 커밋 1회,-,편집 정본,-,덱·shard가 참조하는 원본 자산,-,-,-
F-0281,courses/바이브코딩/sessions/2주차/자료/images/s67_reference-observe-paper-cut-v1-transparent.png,932616,b95388ae7dd6d5d1e9e03af52765b155b3df2b092f9d2e07379588b6c490e202,.png,PNG,2주차,tracked,최초 8865366(2026-07-31) / 최종 8865366(2026-07-31) / 커밋 1회,-,편집 정본,-,덱·shard가 참조하는 원본 자산,-,-,-
F-0282,courses/바이브코딩/sessions/2주차/자료/images/s75_one-step-at-a-time-paper-cut-v1-transparent.png,1113998,44ca74b333cf52d0620e4eb3af137a8d83433fdc02393e9eafc60c72aabc7459,.png,PNG,2주차,tracked,최초 8865366(2026-07-31) / 최종 fca9a40(2026-08-01) / 커밋 2회,-,편집 정본,-,덱·shard가 참조하는 원본 자산,-,-,-
F-0283,courses/바이브코딩/sessions/2주차/자료/images/s80_harness-same-model-workbench-v1-transparent.png,1044800,1a7b89d130620ab996a207a7274ba7ff47be7e2385b0b7c5fdd1592214814dbe,.png,PNG,2주차,tracked,최초 ed8ead5(2026-08-04) / 최종 ed8ead5(2026-08-04) / 커밋 1회,-,상태 확인 필요,-,자산이나 범위 내 어떤 파일도 참조하지 않음(미참조),버전 후보/폐기본/외부 참조 여부 미확인,-,-
F-0284,courses/바이브코딩/sessions/2주차/자료/images/s80_harness-workbench-left-v1-transparent.png,462898,ceea4c52dcfff5f160e304c9c199bc9a4cf3712a6b084316874a0d65f78d7be7,.png,PNG,2주차,tracked,최초 ed8ead5(2026-08-04) / 최종 ed8ead5(2026-08-04) / 커밋 1회,-,상태 확인 필요,-,자산이나 범위 내 어떤 파일도 참조하지 않음(미참조),버전 후보/폐기본/외부 참조 여부 미확인,-,-
F-0285,courses/바이브코딩/sessions/2주차/자료/images/s80_harness-workbench-right-v1-transparent.png,570913,8ae60cd31da3d4af5435a805d1bd36c3845392b9cda7bb974ecff249bb41c5b9,.png,PNG,2주차,tracked,최초 ed8ead5(2026-08-04) / 최종 ed8ead5(2026-08-04) / 커밋 1회,-,상태 확인 필요,-,자산이나 범위 내 어떤 파일도 참조하지 않음(미참조),버전 후보/폐기본/외부 참조 여부 미확인,-,-
F-0286,courses/바이브코딩/sessions/2주차/자료/images/s80_prepared-workbench-v2-transparent.png,1639938,8ea7449519cb7c2f1e5b9779ade82c138cb6e53c7375a73b8b49404633787cba,.png,PNG,2주차,tracked,최초 ed8ead5(2026-08-04) / 최종 ed8ead5(2026-08-04) / 커밋 1회,-,상태 확인 필요,-,자산이나 범위 내 어떤 파일도 참조하지 않음(미참조),버전 후보/폐기본/외부 참조 여부 미확인,-,-
F-0287,courses/바이브코딩/sessions/2주차/자료/images/s80_prepared-workbench-v3-tight-transparent.png,1626990,54ad7ba42a32aae32d2a5d5f47166828df1d6bc5ef5da2b22f7f85c97f8f97e7,.png,PNG,2주차,tracked,최초 dc598f4(2026-08-04) / 최종 dc598f4(2026-08-04) / 커밋 1회,-,편집 정본,-,덱·shard가 참조하는 원본 자산,-,-,-
F-0288,courses/바이브코딩/sessions/2주차/자료/images/s80_unprepared-workbench-v2-transparent.png,1374798,e2646aef9e252cf35980c1aacc44ff923fbe9855a45672cc734f45f22b9b029c,.png,PNG,2주차,tracked,최초 ed8ead5(2026-08-04) / 최종 ed8ead5(2026-08-04) / 커밋 1회,-,상태 확인 필요,-,자산이나 범위 내 어떤 파일도 참조하지 않음(미참조),버전 후보/폐기본/외부 참조 여부 미확인,-,-
F-0289,courses/바이브코딩/sessions/2주차/자료/images/s80_unprepared-workbench-v3-tight-transparent.png,1351601,1b0c93c0555be619f8352d3ca486f3d2fc742224983f289592d1a145e4b47ce2,.png,PNG,2주차,tracked,최초 dc598f4(2026-08-04) / 최종 dc598f4(2026-08-04) / 커밋 1회,-,편집 정본,-,덱·shard가 참조하는 원본 자산,-,-,-
F-0290,courses/바이브코딩/sessions/2주차/자료/images/s81_harness-horse-metaphor-v1-transparent.png,1329408,04e37831c0317741f38b4a60fcd20b27426d3a28f72ebad9cc2fc6868e19f294,.png,PNG,2주차,tracked,최초 dc598f4(2026-08-04) / 최종 dc598f4(2026-08-04) / 커밋 1회,-,편집 정본,-,덱·shard가 참조하는 원본 자산,-,-,-
F-0291,courses/바이브코딩/sessions/2주차/자료/images/s81_harness-mechanics-v1-transparent.png,1848226,00a511d2e7ae20135cfc5b99ad715bc8237c298facb18394d0bfde335c641397,.png,PNG,2주차,tracked,최초 ed8ead5(2026-08-04) / 최종 ed8ead5(2026-08-04) / 커밋 1회,-,상태 확인 필요,-,자산이나 범위 내 어떤 파일도 참조하지 않음(미참조),버전 후보/폐기본/외부 참조 여부 미확인,-,-
F-0292,courses/바이브코딩/sessions/2주차/자료/images/s81_horse-bridle-bit-v1-transparent.png,1478014,069f3eb8345b7cb40135f021fb15ac12bb9f1246340c8848d49f238c72e26721,.png,PNG,2주차,tracked,최초 dc598f4(2026-08-04) / 최종 dc598f4(2026-08-04) / 커밋 1회,-,편집 정본,-,덱·shard가 참조하는 원본 자산,-,-,-
F-0293,courses/바이브코딩/sessions/2주차/자료/images/s83-agent-tools-workflow-v1-transparent.png,1116129,72129fa6c4bfa496b429c71bc653bc28c0cad288763498d22d1f3ab7bb770059,.png,PNG,2주차,tracked,최초 dc598f4(2026-08-04) / 최종 dc598f4(2026-08-04) / 커밋 1회,-,편집 정본,-,덱·shard가 참조하는 원본 자산,-,-,-
F-0294,courses/바이브코딩/sessions/2주차/자료/images/s98-user-pain-to-problem-paper-cut-v1-transparent.png,996063,d1c6cd5c7c2c0b18f6202dc835dd0847e12dee547588edae48b5449f8e11b64a,.png,PNG,2주차,tracked,최초 fca9a40(2026-08-01) / 최종 fca9a40(2026-08-01) / 커밋 1회,-,상태 확인 필요,-,자산이나 범위 내 어떤 파일도 참조하지 않음(미참조),버전 후보/폐기본/외부 참조 여부 미확인,-,-
F-0295,courses/바이브코딩/sessions/2주차/자료/실측/2주차_앱조작_사람입력.md,6954,77907cbe9fcb65540f0a4131358a232272bef77f27254cc1cf02e0a2ef214090,.md,텍스트(Markdown),2주차,tracked,최초 ca04fcb(2026-07-22) / 최종 ed8ead5(2026-08-04) / 커밋 3회,(참조 없음),참고자료,-,리서치·출처·개념·집필 노트 등 제작 참고 문서,-,-,-
F-0296,courses/바이브코딩/sessions/2주차/자료/이미지-에셋.json,57321,769a2f5204e588b1f91391d06d806ab53923a5cea7d7f027bb1b770f6d3fa5d9,.json,JSON,2주차,tracked,최초 f14a827(2026-07-30) / 최종 dc598f4(2026-08-04) / 커밋 8회,(참조 없음),관리 자료,-,이미지 자산 매니페스트,-,-,-
F-0297,courses/바이브코딩/sessions/2주차/자료/하네스_엔지니어링_교육자료.md,63277,054ac92094b4a2ac6e471cfd2f0c9eea56e863a0b56e701e5b9904346f2a819f,.md,텍스트(Markdown),2주차,tracked,최초 f14a827(2026-07-30) / 최종 f14a827(2026-07-30) / 커밋 1회,(참조 없음),참고자료,-,리서치·출처·개념·집필 노트 등 제작 참고 문서,-,-,-
F-0298,courses/바이브코딩/sessions/2주차/조립_보고.md,23010,e14a493d937a72acdc9a7fbf44f1a06e9b5741aaf1dafc2c53f1855988a92efa,.md,텍스트(Markdown),2주차,tracked,최초 4ca448a(2026-08-01) / 최종 dc598f4(2026-08-04) / 커밋 2회,(참조 없음),관리 자료,-,검증 메타데이터·조립 보고,-,-,-
F-0299,courses/바이브코딩/sessions/3주차/3주차_강사대본.md,95012,4ba0194608a30be34d0ac44004ba796e71c718de38b5c18613f406801d90cdf3,.md,텍스트(Markdown),3주차,tracked,최초 c7bca5a(2026-08-09) / 최종 c7bca5a(2026-08-09) / 커밋 1회,(참조 없음),편집 정본,-,주차 콘텐츠 정본(집필 원본),-,-,-
F-0300,courses/바이브코딩/sessions/3주차/3주차_초안.md,56943,590fddc633502e548e15706a349b6b74dd16cae46809e96827df03847b6e3d63,.md,텍스트(Markdown),3주차,tracked,최초 f087c1c(2026-08-08) / 최종 f087c1c(2026-08-08) / 커밋 1회,(참조 없음),편집 정본,-,주차 콘텐츠 정본(집필 원본),-,-,-
F-0301,courses/바이브코딩/sessions/3주차/deck.contract.json,16614,ed86e0db86c5914c3428cdeec125af60788e2b5daaec2613f2886e82b5d0c744,.json,JSON,3주차,tracked,최초 f087c1c(2026-08-08) / 최종 bc20335(2026-08-19) / 커밋 9회,(참조 없음),관리 자료,-,검증 메타데이터·조립 보고,-,-,-
F-0302,courses/바이브코딩/sessions/3주차/favicon.ico,390,2eedd9fc80665e6ca25af046c1ba38b22acf4efde13e4848984e1c3ab84ba6ad,.ico,SVG(확장자 .ico·ICO 헤더 아님),3주차,tracked,최초 e321979(2026-07-16) / 최종 f087c1c(2026-08-08) / 커밋 3회,-,상태 확인 필요,-,favicon 자산이나 범위 내 참조 없음 · 실제형식 SVG 판정 근거: ICO 매직바이트(00 00 01 00) 아님 + 같은 폴더 favicon.svg(F-0303)와 SHA-256 동일,참조처 미확인,-,-
F-0303,courses/바이브코딩/sessions/3주차/favicon.svg,390,2eedd9fc80665e6ca25af046c1ba38b22acf4efde13e4848984e1c3ab84ba6ad,.svg,SVG,3주차,tracked,최초 e321979(2026-07-16) / 최종 f087c1c(2026-08-08) / 커밋 3회,(참조 없음),상태 확인 필요,-,favicon 자산이나 범위 내 참조 없음,참조처 미확인,-,-
F-0304,courses/바이브코딩/sessions/3주차/강의덱.html,315215,c189c94b351d7c9d6ae662f147a5275d336afad8f1447ce8aa449cd6da19e7eb,.html,HTML(문서),3주차,tracked,최초 f087c1c(2026-08-08) / 최종 71bb1b8(2026-08-10) / 커밋 6회,../../../../kit/styles/deck.css(있음);../../../../kit/styles/legibility.css(있음);../../../../kit/styles/patterns.css(있음);자료/images/s81_harness-horse-metaphor-v1-transparent.png(있음),조립 결과물,F-0312,shard(shell+part-*)에서 조립된 생성물,-,81,115
F-0305,courses/바이브코딩/sessions/3주차/강의덱.초안/README.md,2721,c7897d117dbc7435bd653630487a019359770222b105e27b9eaa0dba631db3d9,.md,텍스트(Markdown),3주차,tracked,최초 b33d307(2026-07-17) / 최종 f087c1c(2026-08-08) / 커밋 4회,(참조 없음),관리 자료,-,shard 폴더 설명 문서,-,-,-
F-0306,courses/바이브코딩/sessions/3주차/강의덱.초안/part-01.html,29889,e3a0d6a5066445739d324a1f204650eb3de7ef603a2dde2f7eec7fc70d749771,.html,HTML(조각),3주차,tracked,최초 f087c1c(2026-08-08) / 최종 a2de193(2026-08-10) / 커밋 5회,자료/images/s81_harness-horse-metaphor-v1-transparent.png(있음),편집 정본,-,조립 입력 shard(편집 대상 원본),-,13,18
F-0307,courses/바이브코딩/sessions/3주차/강의덱.초안/part-02.html,28377,0c20a94c0dd4e3c40b7c1366badd28e7967eaccf6cb573300c0e7d80ba5cd5b8,.html,HTML(조각),3주차,tracked,최초 f087c1c(2026-08-08) / 최종 33046cb(2026-08-09) / 커밋 4회,(참조 없음),편집 정본,-,조립 입력 shard(편집 대상 원본),-,9,15
F-0308,courses/바이브코딩/sessions/3주차/강의덱.초안/part-03.html,32563,097e6ffc2daf42ffdf617191c9025b816cb2367112991659063ef4372c9168d1,.html,HTML(조각),3주차,tracked,최초 f087c1c(2026-08-08) / 최종 33046cb(2026-08-09) / 커밋 3회,(참조 없음),편집 정본,-,조립 입력 shard(편집 대상 원본),-,12,17
F-0309,courses/바이브코딩/sessions/3주차/강의덱.초안/part-04.html,26676,974c05964e6ccb57380d11931cc18c6b59d77ee60fa59d1519090022b362b4cc,.html,HTML(조각),3주차,tracked,최초 f087c1c(2026-08-08) / 최종 a2de193(2026-08-10) / 커밋 4회,(참조 없음),편집 정본,-,조립 입력 shard(편집 대상 원본),-,11,12
F-0310,courses/바이브코딩/sessions/3주차/강의덱.초안/part-05.html,53464,f437d0e4f01db29286051283c9b3f223c9b14c777584b7157320e807a376ed2a,.html,HTML(조각),3주차,tracked,최초 f087c1c(2026-08-08) / 최종 71bb1b8(2026-08-10) / 커밋 5회,(참조 없음),편집 정본,-,조립 입력 shard(편집 대상 원본),-,17,26
F-0311,courses/바이브코딩/sessions/3주차/강의덱.초안/part-06.html,28408,696ce9795aafc706b56f08ceef3c93dddd677fc604b2e2fe03761f734a269d88,.html,HTML(조각),3주차,tracked,최초 f087c1c(2026-08-08) / 최종 a2de193(2026-08-10) / 커밋 4회,(참조 없음),편집 정본,-,조립 입력 shard(편집 대상 원본),-,12,16
F-0312,courses/바이브코딩/sessions/3주차/강의덱.초안/shell.html,115846,f2a551753c95530dab791f6f497c64b0b053d00c0a26d6ce4e7d094e7b95b1a0,.html,HTML(문서),3주차,tracked,최초 f087c1c(2026-08-08) / 최종 71bb1b8(2026-08-10) / 커밋 6회,../../../../kit/styles/deck.css(있음);../../../../kit/styles/legibility.css(있음);../../../../kit/styles/patterns.css(있음),편집 정본,-,조립 입력 shard(편집 대상 원본),-,7,11
F-0313,courses/바이브코딩/sessions/3주차/강의덱_발표.html,5236130,96e6bfed48ab13e50f47c74333ba341f7d2f15b15906e18e34d4195cfd0c5486,.html,HTML(문서),3주차,tracked,최초 c7bca5a(2026-08-09) / 최종 71bb1b8(2026-08-10) / 커밋 4회,(참조 없음),내보내기 결과물,F-0304,조립본에서 파생된 자립 배포/발표 런타임(폰트·이미지 인라인),-,81,118
F-0314,courses/바이브코딩/sessions/3주차/강의덱_발표.meta.json,8282,bbcb7b7e6f33f9da4fbb62586b9257544ea75cde97bc7fe32c97713bf362db20,.json,JSON,3주차,tracked,최초 c7bca5a(2026-08-09) / 최종 71bb1b8(2026-08-10) / 커밋 4회,(참조 없음),관리 자료,-,검증 메타데이터·조립 보고,-,-,-
F-0315,courses/바이브코딩/sessions/3주차/강의덱_발표자노트.html,42681,11386348dd23e56903b3d13a9f3c5cc891b41b9ec1f7178d6d501317913a6e54,.html,HTML(문서),3주차,tracked,최초 c7bca5a(2026-08-09) / 최종 a2de193(2026-08-10) / 커밋 3회,(참조 없음),조립 결과물,F-0300,초안 강사 멘트에서 생성된 노트 HTML,-,78(pn-slide 섹션·data-slide 미사용),0
F-0316,courses/바이브코딩/sessions/3주차/강의덱_배포.html,5128052,b081ba58cddb1ff8a9e821938b860b109f8a787e2542035ec14cd8d6a85d5ca7,.html,HTML(문서),3주차,tracked,최초 c7bca5a(2026-08-09) / 최종 71bb1b8(2026-08-10) / 커밋 4회,(참조 없음),내보내기 결과물,F-0304,조립본에서 파생된 자립 배포/발표 런타임(폰트·이미지 인라인),-,81,117
F-0317,courses/바이브코딩/sessions/3주차/자료/3주차_개념KB.md,171503,d68df3459b836b1de989fdb92c8167c4c6b6b3dedabe0072032962004df08e92,.md,텍스트(Markdown),3주차,tracked,최초 f087c1c(2026-08-08) / 최종 f087c1c(2026-08-08) / 커밋 1회,(참조 없음),참고자료,-,리서치·출처·개념·집필 노트 등 제작 참고 문서,-,-,-
F-0318,courses/바이브코딩/sessions/3주차/자료/3주차_결정요청사항.md,12388,62ced1ab1c31179c0519566694ef26c6dd505a389914a5ba7016dc1ba41270b0,.md,텍스트(Markdown),3주차,tracked,최초 f087c1c(2026-08-08) / 최종 c7bca5a(2026-08-09) / 커밋 2회,(참조 없음),참고자료,-,리서치·출처·개념·집필 노트 등 제작 참고 문서,-,-,-
F-0319,courses/바이브코딩/sessions/3주차/자료/3주차_슬라이드_결정표.md,19249,024d260b9ed741ac9dc758c904fa5d59e6bc656423d3092e0926bf8b9bb9b596,.md,텍스트(Markdown),3주차,tracked,최초 f087c1c(2026-08-08) / 최종 c7bca5a(2026-08-09) / 커밋 2회,(참조 없음),참고자료,-,리서치·출처·개념·집필 노트 등 제작 참고 문서,-,-,-
F-0320,courses/바이브코딩/sessions/3주차/자료/3주차_실습안_검증결과.md,20390,3ee85fa09afaf493ce23c45535b1766fb5054c5b11a4c7d2b8f83c3ed85803bf,.md,텍스트(Markdown),3주차,tracked,최초 f087c1c(2026-08-08) / 최종 f087c1c(2026-08-08) / 커밋 1회,(참조 없음),참고자료,-,리서치·출처·개념·집필 노트 등 제작 참고 문서,-,-,-
F-0321,courses/바이브코딩/sessions/3주차/자료/3주차_출처레지스트리.md,47315,6f6aa3dffb70ec9925cb9ffde2827b4137809a7b4de10db6d183d3f4004ec9b9,.md,텍스트(Markdown),3주차,tracked,최초 f087c1c(2026-08-08) / 최종 f087c1c(2026-08-08) / 커밋 1회,(참조 없음),참고자료,-,리서치·출처·개념·집필 노트 등 제작 참고 문서,-,-,-
F-0322,courses/바이브코딩/sessions/3주차/자료/3주차_콘텐츠리서치_결과.md,20822,a6de133e062cddaef93b869e7961bd66571392a297013add5f6895f23311b19b,.md,텍스트(Markdown),3주차,tracked,최초 f087c1c(2026-08-08) / 최종 f087c1c(2026-08-08) / 커밋 1회,(참조 없음),참고자료,-,리서치·출처·개념·집필 노트 등 제작 참고 문서,-,-,-
F-0323,courses/바이브코딩/sessions/3주차/자료/images/git-setup-p02-account-ready-annotated.png,40109,017adac887014f189609f99a276c3283e0c24c009e36198f4b8cac34ce4d9f27,.png,PNG,3주차,tracked,최초 f087c1c(2026-08-08) / 최종 f087c1c(2026-08-08) / 커밋 1회,-,상태 확인 필요,-,자산이나 범위 내 어떤 파일도 참조하지 않음(미참조),버전 후보/폐기본/외부 참조 여부 미확인,-,-
F-0324,courses/바이브코딩/sessions/3주차/자료/images/github-practice-p10-upload-result-crop.png,48819,79189d3cdcfac696441e1e3c0f0922754cf0b2884102a101f12930ce615c8be6,.png,PNG,3주차,tracked,최초 f087c1c(2026-08-08) / 최종 f087c1c(2026-08-08) / 커밋 1회,-,상태 확인 필요,-,자산이나 범위 내 어떤 파일도 참조하지 않음(미참조),버전 후보/폐기본/외부 참조 여부 미확인,-,-
F-0325,courses/바이브코딩/sessions/3주차/자료/images/s81_harness-horse-metaphor-v1-transparent.png,1329408,04e37831c0317741f38b4a60fcd20b27426d3a28f72ebad9cc2fc6868e19f294,.png,PNG,3주차,tracked,최초 dc598f4(2026-08-04) / 최종 33046cb(2026-08-09) / 커밋 2회,-,편집 정본,-,덱·shard가 참조하는 원본 자산,-,-,-
F-0326,courses/바이브코딩/sessions/3주차/자료/images/w3-git-acp.png,220035,7c1a4741a18e6816e5126d181c80fcc7453036807bd7971427942e30b59f2c63,.png,PNG,3주차,tracked,최초 f087c1c(2026-08-08) / 최종 f087c1c(2026-08-08) / 커밋 1회,-,상태 확인 필요,-,자산이나 범위 내 어떤 파일도 참조하지 않음(미참조),버전 후보/폐기본/외부 참조 여부 미확인,-,-
F-0327,courses/바이브코딩/sessions/3주차/자료/images/w3-git-config.png,297863,cd992a906c003ffed090b829b035c8b0d415eee7752fda826ccc9fe087312796,.png,PNG,3주차,tracked,최초 f087c1c(2026-08-08) / 최종 f087c1c(2026-08-08) / 커밋 1회,-,상태 확인 필요,-,자산이나 범위 내 어떤 파일도 참조하지 않음(미참조),버전 후보/폐기본/외부 참조 여부 미확인,-,-
F-0328,courses/바이브코딩/sessions/3주차/자료/images/w3-git-flow4.png,203160,f414d7642dd89ad3e7d30d71adaf7c075c7b1ff76c0bf6b71fcad0d58e63dbd1,.png,PNG,3주차,tracked,최초 f087c1c(2026-08-08) / 최종 f087c1c(2026-08-08) / 커밋 1회,-,상태 확인 필요,-,자산이나 범위 내 어떤 파일도 참조하지 않음(미참조),버전 후보/폐기본/외부 참조 여부 미확인,-,-
F-0329,courses/바이브코딩/sessions/3주차/자료/images/w3-git-remote.png,172187,8b897fef3248922b240f3cd02033f83e4a9759ff389517fadf1ca758fa11e6cf,.png,PNG,3주차,tracked,최초 f087c1c(2026-08-08) / 최종 f087c1c(2026-08-08) / 커밋 1회,-,상태 확인 필요,-,자산이나 범위 내 어떤 파일도 참조하지 않음(미참조),버전 후보/폐기본/외부 참조 여부 미확인,-,-
F-0330,courses/바이브코딩/sessions/3주차/자료/실습예제/ai-team/.codex/agents/doyun.toml,875,659196a01a3b7207ee5f8a170965dc6f52e77fb9926fe1e5b9986f492d533242,.toml,텍스트(TOML),3주차,tracked,최초 f087c1c(2026-08-08) / 최종 f087c1c(2026-08-08) / 커밋 1회,(참조 없음),편집 정본,-,실습 예제 소스(수강생 배포 대상),-,-,-
F-0331,courses/바이브코딩/sessions/3주차/자료/실습예제/ai-team/.codex/agents/jihun.toml,937,5d7a95766129cfd5bc3f88e0f34c6134d6a22b559eaab84452e44444c40c660b,.toml,텍스트(TOML),3주차,tracked,최초 f087c1c(2026-08-08) / 최종 f087c1c(2026-08-08) / 커밋 1회,(참조 없음),편집 정본,-,실습 예제 소스(수강생 배포 대상),-,-,-
F-0332,courses/바이브코딩/sessions/3주차/자료/실습예제/ai-team/.codex/agents/minho.toml,1082,1d33d8ca97fa06079822c45ca7badbde75827dfff03253cdf5b7fe2bd6ff7857,.toml,텍스트(TOML),3주차,tracked,최초 f087c1c(2026-08-08) / 최종 f087c1c(2026-08-08) / 커밋 1회,(참조 없음),편집 정본,-,실습 예제 소스(수강생 배포 대상),-,-,-
F-0333,courses/바이브코딩/sessions/3주차/자료/실습예제/ai-team/.codex/agents/sujin.toml,1032,7a400b332ffcc26ce26f8180b5dbf4d50d0ec1857aba2aae8ed373ffb87df1a1,.toml,텍스트(TOML),3주차,tracked,최초 f087c1c(2026-08-08) / 최종 f087c1c(2026-08-08) / 커밋 1회,(참조 없음),편집 정본,-,실습 예제 소스(수강생 배포 대상),-,-,-
F-0334,courses/바이브코딩/sessions/3주차/자료/실습예제/ai-team/.codex/config.toml,66,892f1fe8b8ad0fa9efbc9671da7e8daf624b761168a86527eeb83bbb0f19d9a0,.toml,텍스트(TOML),3주차,tracked,최초 f087c1c(2026-08-08) / 최종 f087c1c(2026-08-08) / 커밋 1회,(참조 없음),편집 정본,-,실습 예제 소스(수강생 배포 대상),-,-,-
F-0335,courses/바이브코딩/sessions/3주차/자료/실습예제/ai-team/AGENTS.md,2319,a529ac23861c95ccaa8da5d59b4dfa854d7b803de0e257b2fe5446f9b9663c1f,.md,텍스트(Markdown),3주차,tracked,최초 f087c1c(2026-08-08) / 최종 f087c1c(2026-08-08) / 커밋 1회,(참조 없음),편집 정본,-,실습 예제 소스(수강생 배포 대상),-,-,-
F-0336,courses/바이브코딩/sessions/3주차/자료/실습예제/ai-team/README.md,3406,942b7758068139e28796cb446085ed0fc2584360c55cf7a85b8ac5e305d60b28,.md,텍스트(Markdown),3주차,tracked,최초 f087c1c(2026-08-08) / 최종 f087c1c(2026-08-08) / 커밋 1회,(참조 없음),편집 정본,-,실습 예제 소스(수강생 배포 대상),-,-,-
F-0337,courses/바이브코딩/sessions/3주차/자료/실습예제/ai-team/학생용_통합프롬프트.md,3203,4cdcf278b868ab818f5cd5b9d1cffea71feea3ba78d881e0daa57fa075e91423,.md,텍스트(Markdown),3주차,tracked,최초 f087c1c(2026-08-08) / 최종 f087c1c(2026-08-08) / 커밋 1회,(참조 없음),편집 정본,-,실습 예제 소스(수강생 배포 대상),-,-,-
F-0338,courses/바이브코딩/sessions/3주차/자료/이미지-에셋.json,184,c6f3f0f4fb2189a980b67f4d451d59181f55c13306e53c6f1b197e48e59f4717,.json,JSON,3주차,tracked,최초 f087c1c(2026-08-08) / 최종 f087c1c(2026-08-08) / 커밋 1회,(참조 없음),관리 자료,-,이미지 자산 매니페스트,-,-,-
F-0339,courses/바이브코딩/sessions/3주차/자료/이미지-프롬프트.md,4416,7d28123c56d5ab9817472902c30f3cef4cf6ea8ec99341c2f2e440bb2d1cca12,.md,텍스트(Markdown),3주차,tracked,최초 f087c1c(2026-08-08) / 최종 f087c1c(2026-08-08) / 커밋 1회,(참조 없음),참고자료,-,리서치·출처·개념·집필 노트 등 제작 참고 문서,-,-,-
F-0340,courses/바이브코딩/sessions/3주차/조립_보고.md,83726,f33cf0b65a9bcdbef038731eb73d96784edb6123f6592654d644d86e5780c314,.md,텍스트(Markdown),3주차,tracked,최초 f087c1c(2026-08-08) / 최종 04cdc49(2026-08-16) / 커밋 6회,(참조 없음),관리 자료,-,검증 메타데이터·조립 보고,-,-,-
F-0341,courses/바이브코딩/슬라이드지침.md,7033,241d66f05ff08397c09000bb329c93d68f077b738b44713bbe78c716447ac0a3,.md,텍스트(Markdown),과목공통(바이브코딩),tracked,최초 0ab10c0(2026-07-29) / 최종 da8c9f3(2026-08-23) / 커밋 4회,profile.md(있음);../../kit/guide/교육원칙-요약.md(있음);커리큘럼_기준안.md(있음),편집 정본,-,과목 기준 정본 문서,-,-,-
F-0342,courses/바이브코딩/커리큘럼_기준안.md,34637,834c2b87bf5cfe4469dddc959f83d926b1b899e3875b20c94b76c7b77d579c1b,.md,텍스트(Markdown),과목공통(바이브코딩),tracked,최초 147abfa(2026-07-18) / 최종 da8c9f3(2026-08-23) / 커밋 7회,(참조 없음),편집 정본,-,과목 기준 정본 문서,-,-,-
F-0343,likelionSKU/세션/BM_수익모델/슬라이드/BM_16주차_강의덱.pptx,97123,c839b85d3c85939ee5b2b0847029254a8659794f5c6c3412363fdf9b0dff631b,.pptx,ZIP(pptx),범위밖(현물탐색),ignored,커밋 없음,-,참고자료,-,다른 과목(likelionSKU)의 PPTX · 본 과정 범위 밖 현물,요청한 참고 PPTX와 동일물인지 미확인,-,-
F-0344,sessions/README.md,18175,da22795a2ade909d213ec8b45db035dc5993e6f32ebe1c6ba3f5dfda9d56cb12,.md,텍스트(Markdown),구경로공통,tracked,최초 e321979(2026-07-16) / 최종 4dedb59(2026-08-17) / 커밋 18회,../references/이미지-에셋-manifest.schema.json(있음);../skills/README.md(있음),관리 자료,-,과정 운영·계획·안내 문서,-,-,-
F-0345,sessions/_template/README.md,3042,d4773b55a50695a98c9c9efd0d4326ac70f888a448ecb4d0f20dcf543f671452,.md,텍스트(Markdown),템플릿(주차없음),tracked,최초 e321979(2026-07-16) / 최종 4dedb59(2026-08-17) / 커밋 7회,../README.md(있음),템플릿,-,새 주차 복사용 골격,-,-,-
F-0346,sessions/_template/deck.contract.json,1471,ded854e50e1c4a27497883f3145da737f6547dcf62e38e15ebabe5d3d2edc585,.json,JSON,템플릿(주차없음),tracked,최초 4ae2a79(2026-08-17) / 최종 4ae2a79(2026-08-17) / 커밋 1회,(참조 없음),템플릿,-,새 주차 복사용 골격,-,-,-
F-0347,sessions/_template/강의덱.초안/README.md,2708,a81c9fc402c7d29773a5cea88bc3b76fae4ed20f92a50e8de8fdf466474305f9,.md,텍스트(Markdown),템플릿(주차없음),tracked,최초 b33d307(2026-07-17) / 최종 0c7a938(2026-08-03) / 커밋 3회,(참조 없음),템플릿,-,새 주차 복사용 골격,-,-,-
F-0348,sessions/_template/강의덱.초안/part-01.html,6197,99afcbdc08d3b979f99bad334993c753d8724feef8550616d099afc280aa87fe,.html,HTML(조각),템플릿(주차없음),tracked,최초 b33d307(2026-07-17) / 최종 ae508c8(2026-08-03) / 커밋 4회,자료/images/roadmap-01.png(없음),템플릿,-,새 주차 복사용 골격,-,2,2
F-0349,sessions/_template/강의덱.초안/shell.html,38378,08c532e1c7513403a8cea1c80e83632346453f2360355d54322e47e0e1b318ea,.html,HTML(문서),템플릿(주차없음),tracked,최초 e321979(2026-07-16) / 최종 ff27c25(2026-08-03) / 커밋 13회,../../../../kit/styles/deck.css(없음);../../../../kit/styles/legibility.css(없음);../../../../kit/styles/patterns.css(없음);자료/images/asset-001.png(없음);자료/images/asset-002.png(없음),템플릿,-,새 주차 복사용 골격,-,4,6
F-0350,sessions/_template/자료/개념KB.md,8438,b7a18a8dd38f11d80c3b3f2854c72a712b3db17c26079194513786fbbd20cb80,.md,텍스트(Markdown),템플릿(주차없음),tracked,최초 31fa931(2026-07-18) / 최종 2ce9424(2026-07-21) / 커밋 4회,(참조 없음),템플릿,-,새 주차 복사용 골격,-,-,-
F-0351,sessions/_template/자료/리서치_리뷰.html,29212,d7171f17d1afa46816afdd0fa4a33ce5103c9885a08f425c0272f2aed4b55b22,.html,HTML(조각),템플릿(주차없음),tracked,최초 31fa931(2026-07-18) / 최종 2ce9424(2026-07-21) / 커밋 4회,(참조 없음),템플릿,-,새 주차 복사용 골격,-,0(section 있으나 data-slide 0건),0
F-0352,sessions/_template/자료/이미지-에셋.json,171,15bd7595b34b564f6e5cb1c6ddb46991ad9d3d09b8871694aeeada18b841e2f7,.json,JSON,템플릿(주차없음),tracked,최초 f819bf6(2026-07-17) / 최종 f819bf6(2026-07-17) / 커밋 1회,(참조 없음),템플릿,-,새 주차 복사용 골격,-,-,-
F-0353,sessions/_template/자료/이미지-프롬프트.md,961,8f198035aa4b4bcf66bf465fc7f3e9ce1d7eba9e3b96993eaa376889bef7b0e9,.md,텍스트(Markdown),템플릿(주차없음),tracked,최초 f819bf6(2026-07-17) / 최종 f819bf6(2026-07-17) / 커밋 1회,(참조 없음),템플릿,-,새 주차 복사용 골격,-,-,-
F-0354,sessions/_template/콘텐츠_리뷰.html,22119,e07d036ffad3b37abb97223118eaf8435632988e533691f2edb783b91f61399f,.html,HTML(조각),템플릿(주차없음),tracked,최초 31fa931(2026-07-18) / 최종 82ac406(2026-07-26) / 커밋 4회,(참조 없음),템플릿,-,새 주차 복사용 골격,-,0(section 있으나 data-slide 0건),0
F-0355,sessions/_verify/1주차/deck-audit.json,12204,3b8636bbe76344eef11f24a1de4f2d9c0f955441f2b87441ad0ad963f69de8de,.json,JSON,1주차 검증증거,tracked,최초 4dedb59(2026-08-17) / 최종 bc20335(2026-08-19) / 커밋 4회,(참조 없음),검증 증거,-,_verify 렌더·감사 증거(동결),-,-,-
F-0356,sessions/_verify/1주차/강의덱_발표.meta.json,7814,09fbdba699557a978836e8c1af8e293a7e1d4e87200573b404f1197b4cce61bc,.json,JSON,1주차 검증증거,tracked,최초 bd41359(2026-07-26) / 최종 dc7b2ad(2026-07-26) / 커밋 2회,(참조 없음),검증 증거,-,_verify 렌더·감사 증거(동결),-,-,-
F-0357,sessions/_verify/2주차/deck-audit.json,12103,1c4ffbe3ee5d3fe04bf73e468b84dfd50d756c58f4a2edb7db0df09de1bece8a,.json,JSON,2주차 검증증거,tracked,최초 eddf56f(2026-08-03) / 최종 bc20335(2026-08-19) / 커밋 9회,(참조 없음),검증 증거,-,_verify 렌더·감사 증거(동결),-,-,-
F-0358,sessions/_verify/2주차/강의덱_발표.meta.json,11173,4d59bed312fe405e4cdd3fbf06c5c728dac84a46c75113233a8118b13a91a4df,.json,JSON,2주차 검증증거,tracked,최초 ff6d0af(2026-08-03) / 최종 dc598f4(2026-08-04) / 커밋 3회,(참조 없음),검증 증거,-,_verify 렌더·감사 증거(동결),-,-,-
F-0359,sessions/_verify/3주차/deck-audit.json,8980,968e9d3fdf7add6657eea22537939329b95f57e10232d1036ebe07e40857861e,.json,JSON,3주차 검증증거,tracked,최초 f087c1c(2026-08-08) / 최종 bc20335(2026-08-19) / 커밋 9회,(참조 없음),검증 증거,-,_verify 렌더·감사 증거(동결),-,-,-
F-0360,sessions/references/PM_1.pdf,19761712,a63474f5ae3cf6de30ff99edb81a74b8c35b57af7bf27751facef0dc9898d90e,.pdf,PDF,주차미상(참고후보),tracked,최초 3e5b08e(2026-07-31) / 최종 3e5b08e(2026-07-31) / 커밋 1회,-,참고자료,-,참고 후보 현물(PM PDF·캡처 png),요청한 참고 자료와 동일물인지 미확인 — G11,-,-
F-0361,sessions/references/PM_2.pdf,22883259,2f930aceacb82b15688a23ce70d8d550a5c18e06daad09b052e690173d7e9c53,.pdf,PDF,주차미상(참고후보),tracked,최초 3e5b08e(2026-07-31) / 최종 3e5b08e(2026-07-31) / 커밋 1회,-,참고자료,-,참고 후보 현물(PM PDF·캡처 png),요청한 참고 자료와 동일물인지 미확인 — G11,-,-
F-0362,sessions/references/PM_3.pdf,25173197,52b28258467780d5401a7f2069623e45b629c820cc85436437fa36e9e671714e,.pdf,PDF,주차미상(참고후보),tracked,최초 3e5b08e(2026-07-31) / 최종 3e5b08e(2026-07-31) / 커밋 1회,-,참고자료,-,참고 후보 현물(PM PDF·캡처 png),요청한 참고 자료와 동일물인지 미확인 — G11,-,-
F-0363,sessions/references/PM_4.pdf,11482165,e924182086b701a13a7f86ec6f96b443d8b17305b0c8c4842667afa89f36e3ad,.pdf,PDF,주차미상(참고후보),tracked,최초 3e5b08e(2026-07-31) / 최종 3e5b08e(2026-07-31) / 커밋 1회,-,참고자료,-,참고 후보 현물(PM PDF·캡처 png),요청한 참고 자료와 동일물인지 미확인 — G11,-,-
F-0364,sessions/references/iPhone 16 - 1.png,142103,9ab81da96257ddb3b4d150f0306e18e85ce8739eb9f32c92af97b2715c5fc3a6,.png,PNG,주차미상(참고후보),untracked,커밋 없음,-,참고자료,-,참고 후보 현물(PM PDF·캡처 png),요청한 참고 자료와 동일물인지 미확인 — G11,-,-
F-0365,sessions/references/호퍼스.png,142103,9ab81da96257ddb3b4d150f0306e18e85ce8739eb9f32c92af97b2715c5fc3a6,.png,PNG,주차미상(참고후보),untracked,커밋 없음,-,참고자료,-,참고 후보 현물(PM PDF·캡처 png),요청한 참고 자료와 동일물인지 미확인 — G11,-,-
F-0366,tmp/deck.pdf,2320434,a8b9efd3b8be9bb47d8ff7426f0799cf510c349be37e065dd3de97c6bb186159,.pdf,PDF,범위밖(현물탐색),ignored,커밋 없음,-,상태 확인 필요,-,gitignored tmp PDF · 어느 덱의 내보내기인지 미확인,생성 주체·대상 덱·생성 시각 근거 없음(커밋 없음). G11 확인 대상,-,-
F-0367,.claude/worktrees/research-skill-refactor-phase-2-8d3584/courses/바이브코딩/1주차_내용정리.md,82308,dee7b1b2c6f16f6ebebbf795f6428da089456338d98836d73e822d4aa57d1112,.md,텍스트(Markdown),과목공통(바이브코딩),외부사본,커밋 없음(외부 worktree 사본·main 인덱스 밖),(참조 없음),중복본,F-0056,worktree 사본 · 본체 대응 경로(courses/바이브코딩/1주차_내용정리.md)와 SHA-256 일치 · 신경로 동일 경로 대응,-,-,-
F-0368,.claude/worktrees/research-skill-refactor-phase-2-8d3584/courses/바이브코딩/2주차_내용정리.md,128289,6b9b89582791c103be55db8de829562d41fddf61c53c29cd71425c40f06f630d,.md,텍스트(Markdown),과목공통(바이브코딩),외부사본,커밋 없음(외부 worktree 사본·main 인덱스 밖),(참조 없음),중복본,F-0057,worktree 사본 · 본체 대응 경로(courses/바이브코딩/2주차_내용정리.md)와 SHA-256 일치 · 신경로 동일 경로 대응,-,-,-
F-0369,.claude/worktrees/research-skill-refactor-phase-2-8d3584/courses/바이브코딩/3주차_내용정리.md,95713,bec4b1d2c8c3b8eef0be5aa4a1eb67595b0701e1b2c691c035c51dd313801191,.md,텍스트(Markdown),과목공통(바이브코딩),외부사본,커밋 없음(외부 worktree 사본·main 인덱스 밖),(참조 없음),중복본,F-0058,worktree 사본 · 본체 대응 경로(courses/바이브코딩/3주차_내용정리.md)와 SHA-256 일치 · 신경로 동일 경로 대응,-,-,-
F-0370,.claude/worktrees/research-skill-refactor-phase-2-8d3584/courses/바이브코딩/profile.md,12340,3adc99ff09e1a0706a15fd213af04d1e6ee6e1abe08e0dc7bf8d412600d868c6,.md,텍스트(Markdown),과목공통(바이브코딩),외부사본,커밋 없음(외부 worktree 사본·main 인덱스 밖),../../입력양식/과목프로필템플릿.md(있음);슬라이드지침.md(있음),상태 확인 필요,F-0060,worktree 사본이나 본체 대응 경로(courses/바이브코딩/profile.md)와 SHA-256 불일치 · 신경로 동일 경로 대응,worktree판과 본체판의 내용 차이 미확인 — T11 계보 확인 필요,-,-
F-0371,.claude/worktrees/research-skill-refactor-phase-2-8d3584/courses/바이브코딩/sessions/1주차/1주차_강의안설계.md,64026,d678938a3de717ba50506307b7de3ea5ebdc91b0c5566fad6667c9a85945cb23,.md,텍스트(Markdown),1주차,외부사본,커밋 없음(외부 worktree 사본·main 인덱스 밖),(참조 없음),중복본,F-0061,worktree 사본 · 본체 대응 경로(courses/바이브코딩/sessions/1주차/1주차_강의안설계.md)와 SHA-256 일치 · 신경로 동일 경로 대응,-,-,-
F-0372,.claude/worktrees/research-skill-refactor-phase-2-8d3584/courses/바이브코딩/sessions/1주차/1주차_초안.md,36206,197c5daa4d3e3323a03e00cc3e80ef9c346f6a189edaa092f61e1f96c9abf0a3,.md,텍스트(Markdown),1주차,외부사본,커밋 없음(외부 worktree 사본·main 인덱스 밖),(참조 없음),중복본,F-0062,worktree 사본 · 본체 대응 경로(courses/바이브코딩/sessions/1주차/1주차_초안.md)와 SHA-256 일치 · 신경로 동일 경로 대응,-,-,-
F-0373,.claude/worktrees/research-skill-refactor-phase-2-8d3584/courses/바이브코딩/sessions/1주차/deck.contract.json,8672,006092a2dea028d3290786a0bd1f6cf903f144a961d811d8f01d049b9c020dd6,.json,JSON,1주차,외부사본,커밋 없음(외부 worktree 사본·main 인덱스 밖),(참조 없음),상태 확인 필요,F-0063,worktree 사본이나 본체 대응 경로(courses/바이브코딩/sessions/1주차/deck.contract.json)와 SHA-256 불일치 · 신경로 동일 경로 대응,worktree판과 본체판의 내용 차이 미확인 — T11 계보 확인 필요,-,-
F-0374,.claude/worktrees/research-skill-refactor-phase-2-8d3584/courses/바이브코딩/sessions/1주차/강의덱.html,182146,3b509205dec1f2200903760e6cf7c726f01a176cf4a607250a1e6fe092e00b39,.html,HTML(문서),1주차,외부사본,커밋 없음(외부 worktree 사본·main 인덱스 밖),../../../../kit/styles/deck.css(있음);../../../../kit/styles/legibility.css(있음);../../../../kit/styles/patterns.css(있음);강의덱.초안/revision.css(있음);자료/images/s00_light-paper-background.png(있음);자료/images/s00_workbench-hero-paper-cut-v1-transparent.png(있음);자료/images/s00_check-paper-cut-v1-transparent.png(있음);자료/images/s01a_ai-one-sentence-era-paper-cut-v1-transparent.png(있음);자료/images/s05_week1_journey-paper-cut-v1-transparent.png(있음);자료/images/s05_week2_journey-paper-cut-v1-transparent.png(있음);자료/images/s05_week3_journey-paper-cut-v1-transparent.png(있음);자료/images/s02_arrival-three-actions-paper-cut-v1-transparent.png(있음);자료/images/s05a-data-design-background-v1.png(있음);자료/images/s07_llm-agent-workshop-paper-cut-v1-transparent.png(있음);자료/images/s09_three-work-roles-paper-cut-v1-transparent.png(있음);자료/images/s10a_web-based-v2.png(있음);자료/images/s10a_installed-v2.png(있음);자료/images/s10b_webservice-seven-stage-infographic-paper-cut-v1-transparent.png(있음);자료/images/s10_plan-paper-cut-v1-transparent.png(있음);자료/images/s10_design-paper-cut-v1-transparent.png(있음);자료/images/s10_frontend-paper-cut-v1-transparent.png(있음);자료/images/s10_backend-paper-cut-v1-transparent.png(있음);자료/images/s10_qa-publish-improve-story-paper-cut-v2-transparent.png(있음);자료/images/s17_html-structure-paper-cut-v1-transparent.png(있음);자료/images/s17_css-styling-paper-cut-v1-transparent.png(있음);자료/images/s17_javascript-interaction-paper-cut-v1-transparent.png(있음);자료/images/s11_human-ai-prepare-paper-cut-v2-transparent.png(있음);자료/images/s17_folder-file-workspace-paper-cut-v1-transparent.png(있음);자료/screenshot/win02_c-drive-open.png(있음);자료/screenshot/win_new-folder-context-menu.png(있음);자료/screenshot/codex_about-me-folder-created.png(있음);자료/screenshot/codex_use-existing-folder-menu.png(있음);자료/screenshot/codex_select-project-root_about-me.png(있음);자료/images/s19_permission-four-checks-paper-cut-v1-transparent.png(있음);자료/images/s18_context-memory-workbench-paper-cut-v1-transparent.png(있음);자료/images/s44_keep-change-check-paper-cut-v1-transparent.png(있음);자료/images/s45_human-ai-one-change-paper-cut-v2-transparent.png(있음);자료/images/s46_one-change-protected-paper-cut-v1-transparent.png(있음);자료/images/s50_human-ai-free-change-paper-cut-v2-transparent.png(있음);자료/images/s52_issue-type-check-paper-cut-v1-transparent.png(있음);자료/images/s56_human-ai-refresh-check-paper-cut-v2-transparent.png(있음);자료/images/s60_final-three-checks-paper-cut-v1-transparent.png(있음);자료/images/s42_one-file-three-files-paper-cut-v1-transparent.png(있음),중복본,F-0064,worktree 사본 · 본체 대응 경로(courses/바이브코딩/sessions/1주차/강의덱.html)와 SHA-256 일치 · 신경로 동일 경로 대응,-,75,74
F-0375,.claude/worktrees/research-skill-refactor-phase-2-8d3584/courses/바이브코딩/sessions/1주차/강의덱.초안/_보관/README_복구안내.md,691,3b28caaae3bb7e56cedce15995548b20a24204709044e2cec8a3cfa52fc3f742,.md,텍스트(Markdown),1주차,외부사본,커밋 없음(외부 worktree 사본·main 인덱스 밖),(참조 없음),상태 확인 필요,F-0065,worktree 사본이나 본체 대응 경로(courses/바이브코딩/sessions/1주차/강의덱.초안/_보관/README_복구안내.md)와 SHA-256 불일치 · 신경로 동일 경로 대응,worktree판과 본체판의 내용 차이 미확인 — T11 계보 확인 필요,-,-
F-0376,.claude/worktrees/research-skill-refactor-phase-2-8d3584/courses/바이브코딩/sessions/1주차/강의덱.초안/_보관/shell_실습6주제_원본_2026-07-24.html,51975,668ee501674625a05d7db32f3ce8753b9ff493428a1d1ed3ad3a91068f6f175b,.html,HTML(문서),1주차,외부사본,커밋 없음(외부 worktree 사본·main 인덱스 밖),../../kit/styles/deck.css(없음);../../kit/styles/legibility.css(없음);../../kit/styles/patterns.css(없음);강의덱.초안/revision.css(있음);자료/images/s00_light-paper-background.png(있음);자료/images/s00_workbench-hero-paper-cut-v1-transparent.png(있음);자료/images/s00_check-paper-cut-v1-transparent.png(있음);자료/images/s01a_ai-one-sentence-era-paper-cut-v1-transparent.png(있음);자료/images/s05_week1_journey-paper-cut-v1-transparent.png(있음);자료/images/s05_week2_journey-paper-cut-v1-transparent.png(있음);자료/images/s05_week3_journey-paper-cut-v1-transparent.png(있음);자료/images/s02_arrival-three-actions-paper-cut-v1-transparent.png(있음);자료/images/s05a-data-design-background-v1.png(있음);자료/images/s42_one-file-three-files-paper-cut-v1-transparent.png(있음),상태 확인 필요,F-0066,worktree 사본이나 본체 대응 경로(courses/바이브코딩/sessions/1주차/강의덱.초안/_보관/shell_실습6주제_원본_2026-07-24.html)와 SHA-256 불일치 · 신경로 동일 경로 대응,worktree판과 본체판의 내용 차이 미확인 — T11 계보 확인 필요,19,16
F-0377,.claude/worktrees/research-skill-refactor-phase-2-8d3584/courses/바이브코딩/sessions/1주차/강의덱.초안/part-01.html,45773,ca30fdeba7d3a35ea23a49e3788375ac38cde716a75c7c9c334a869e16835bab,.html,HTML(조각),1주차,외부사본,커밋 없음(외부 worktree 사본·main 인덱스 밖),자료/images/s07_llm-agent-workshop-paper-cut-v1-transparent.png(있음);자료/images/s09_three-work-roles-paper-cut-v1-transparent.png(있음);자료/images/s10a_web-based-v2.png(있음);자료/images/s10a_installed-v2.png(있음);자료/images/s10b_webservice-seven-stage-infographic-paper-cut-v1-transparent.png(있음);자료/images/s10_plan-paper-cut-v1-transparent.png(있음);자료/images/s10_design-paper-cut-v1-transparent.png(있음);자료/images/s10_frontend-paper-cut-v1-transparent.png(있음);자료/images/s10_backend-paper-cut-v1-transparent.png(있음);자료/images/s10_qa-publish-improve-story-paper-cut-v2-transparent.png(있음);자료/images/s17_html-structure-paper-cut-v1-transparent.png(있음);자료/images/s17_css-styling-paper-cut-v1-transparent.png(있음);자료/images/s17_javascript-interaction-paper-cut-v1-transparent.png(있음);자료/images/s11_human-ai-prepare-paper-cut-v2-transparent.png(있음),중복본,F-0067,worktree 사본 · 본체 대응 경로(courses/바이브코딩/sessions/1주차/강의덱.초안/part-01.html)와 SHA-256 일치 · 신경로 동일 경로 대응,-,17,18
F-0378,.claude/worktrees/research-skill-refactor-phase-2-8d3584/courses/바이브코딩/sessions/1주차/강의덱.초안/part-02.html,12919,36ae5eabfd6e90ad62bdf7cc460f7504c65fc099c6cf48dc81a57456f22e3bad,.html,HTML(조각),1주차,외부사본,커밋 없음(외부 worktree 사본·main 인덱스 밖),자료/images/s17_folder-file-workspace-paper-cut-v1-transparent.png(있음);자료/screenshot/win02_c-drive-open.png(있음);자료/screenshot/win_new-folder-context-menu.png(있음);자료/screenshot/codex_about-me-folder-created.png(있음);자료/screenshot/codex_use-existing-folder-menu.png(있음);자료/screenshot/codex_select-project-root_about-me.png(있음);자료/images/s19_permission-four-checks-paper-cut-v1-transparent.png(있음),중복본,F-0068,worktree 사본 · 본체 대응 경로(courses/바이브코딩/sessions/1주차/강의덱.초안/part-02.html)와 SHA-256 일치 · 신경로 동일 경로 대응,-,7,7
F-0379,.claude/worktrees/research-skill-refactor-phase-2-8d3584/courses/바이브코딩/sessions/1주차/강의덱.초안/part-03.html,38881,3ceb7b9daa5b6fb23bc27fe76252105f011067820a83d9da5a1139d8bf946cd5,.html,HTML(조각),1주차,외부사본,커밋 없음(외부 worktree 사본·main 인덱스 밖),자료/images/s18_context-memory-workbench-paper-cut-v1-transparent.png(있음),중복본,F-0069,worktree 사본 · 본체 대응 경로(courses/바이브코딩/sessions/1주차/강의덱.초안/part-03.html)와 SHA-256 일치 · 신경로 동일 경로 대응,-,19,18
F-0380,.claude/worktrees/research-skill-refactor-phase-2-8d3584/courses/바이브코딩/sessions/1주차/강의덱.초안/part-04.html,24199,f8528cf7ca50f962f811de101b23bc8a8cb3330b3163605aab13bf99df028fe9,.html,HTML(조각),1주차,외부사본,커밋 없음(외부 worktree 사본·main 인덱스 밖),자료/images/s44_keep-change-check-paper-cut-v1-transparent.png(있음);자료/images/s45_human-ai-one-change-paper-cut-v2-transparent.png(있음);자료/images/s46_one-change-protected-paper-cut-v1-transparent.png(있음);자료/images/s50_human-ai-free-change-paper-cut-v2-transparent.png(있음),중복본,F-0070,worktree 사본 · 본체 대응 경로(courses/바이브코딩/sessions/1주차/강의덱.초안/part-04.html)와 SHA-256 일치 · 신경로 동일 경로 대응,-,9,11
F-0381,.claude/worktrees/research-skill-refactor-phase-2-8d3584/courses/바이브코딩/sessions/1주차/강의덱.초안/part-05.html,15746,86a32dfe43645ae888e6f1d9e71bb1f9dbe28b0fa663cb56764827c728c3af43,.html,HTML(조각),1주차,외부사본,커밋 없음(외부 worktree 사본·main 인덱스 밖),자료/images/s52_issue-type-check-paper-cut-v1-transparent.png(있음);자료/images/s56_human-ai-refresh-check-paper-cut-v2-transparent.png(있음);자료/images/s60_final-three-checks-paper-cut-v1-transparent.png(있음),중복본,F-0071,worktree 사본 · 본체 대응 경로(courses/바이브코딩/sessions/1주차/강의덱.초안/part-05.html)와 SHA-256 일치 · 신경로 동일 경로 대응,-,8,8
F-0382,.claude/worktrees/research-skill-refactor-phase-2-8d3584/courses/바이브코딩/sessions/1주차/강의덱.초안/revision.css,119572,8a9c00ece9e21bf656b4228012be011b20740c6fb8ce89652781af5638cee72b,.css,텍스트(CSS),1주차,외부사본,커밋 없음(외부 worktree 사본·main 인덱스 밖),(참조 없음),중복본,F-0072,worktree 사본 · 본체 대응 경로(courses/바이브코딩/sessions/1주차/강의덱.초안/revision.css)와 SHA-256 일치 · 신경로 동일 경로 대응,-,-,-
F-0383,.claude/worktrees/research-skill-refactor-phase-2-8d3584/courses/바이브코딩/sessions/1주차/강의덱.초안/shell.html,44638,4fbe490deedcbd867eff0799a69e1f36ff5ae812b8c035371b904c43ac74e043,.html,HTML(문서),1주차,외부사본,커밋 없음(외부 worktree 사본·main 인덱스 밖),../../../../kit/styles/deck.css(있음);../../../../kit/styles/legibility.css(있음);../../../../kit/styles/patterns.css(있음);강의덱.초안/revision.css(있음);자료/images/s00_light-paper-background.png(있음);자료/images/s00_workbench-hero-paper-cut-v1-transparent.png(있음);자료/images/s00_check-paper-cut-v1-transparent.png(있음);자료/images/s01a_ai-one-sentence-era-paper-cut-v1-transparent.png(있음);자료/images/s05_week1_journey-paper-cut-v1-transparent.png(있음);자료/images/s05_week2_journey-paper-cut-v1-transparent.png(있음);자료/images/s05_week3_journey-paper-cut-v1-transparent.png(있음);자료/images/s02_arrival-three-actions-paper-cut-v1-transparent.png(있음);자료/images/s05a-data-design-background-v1.png(있음);자료/images/s42_one-file-three-files-paper-cut-v1-transparent.png(있음),중복본,F-0073,worktree 사본 · 본체 대응 경로(courses/바이브코딩/sessions/1주차/강의덱.초안/shell.html)와 SHA-256 일치 · 신경로 동일 경로 대응,-,15,12
F-0384,.claude/worktrees/research-skill-refactor-phase-2-8d3584/courses/바이브코딩/sessions/1주차/강의덱_발표.html,59008238,5a4aa2b58643b040fe55f48442400afdbce9fcb066dca53dd95a2b4a569ecf2e,.html,HTML(문서),1주차,외부사본,커밋 없음(외부 worktree 사본·main 인덱스 밖),(참조 없음),중복본,F-0074,worktree 사본 · 본체 대응 경로(courses/바이브코딩/sessions/1주차/강의덱_발표.html)와 SHA-256 일치 · 신경로 동일 경로 대응,-,75,77
F-0385,.claude/worktrees/research-skill-refactor-phase-2-8d3584/courses/바이브코딩/sessions/1주차/강의덱_발표자노트.html,30691,5bd0443cf048651033a92d88b8aadb65ae5c9675ee8a236d7d4025d700be90b1,.html,HTML(문서),1주차,외부사본,커밋 없음(외부 worktree 사본·main 인덱스 밖),(참조 없음),중복본,F-0075,worktree 사본 · 본체 대응 경로(courses/바이브코딩/sessions/1주차/강의덱_발표자노트.html)와 SHA-256 일치 · 신경로 동일 경로 대응,-,51(pn-slide 섹션·data-slide 미사용),0
F-0386,.claude/worktrees/research-skill-refactor-phase-2-8d3584/courses/바이브코딩/sessions/1주차/강의덱_배포.html,58899544,53a88c5a9ac6331edb88af1d6afad9e225683db5d0d4023ce0037a942b383f15,.html,HTML(문서),1주차,외부사본,커밋 없음(외부 worktree 사본·main 인덱스 밖),(참조 없음),중복본,F-0076,worktree 사본 · 본체 대응 경로(courses/바이브코딩/sessions/1주차/강의덱_배포.html)와 SHA-256 일치 · 신경로 동일 경로 대응,-,75,76
F-0387,.claude/worktrees/research-skill-refactor-phase-2-8d3584/courses/바이브코딩/sessions/1주차/자료/1주차_개념KB.md,189444,37fd2fdfd6378d279d706ea1522d7fa781503d37f80bff175047f8f1259c735e,.md,텍스트(Markdown),1주차,외부사본,커밋 없음(외부 worktree 사본·main 인덱스 밖),(참조 없음),중복본,F-0077,worktree 사본 · 본체 대응 경로(courses/바이브코딩/sessions/1주차/자료/1주차_개념KB.md)와 SHA-256 일치 · 신경로 동일 경로 대응,-,-,-
F-0388,.claude/worktrees/research-skill-refactor-phase-2-8d3584/courses/바이브코딩/sessions/1주차/자료/1주차_결정요청사항.md,3578,695187611fc29c83c3806c84345a3a1651fe7ede54466e2ac96b445fe0d41e2e,.md,텍스트(Markdown),1주차,외부사본,커밋 없음(외부 worktree 사본·main 인덱스 밖),(참조 없음),중복본,F-0078,worktree 사본 · 본체 대응 경로(courses/바이브코딩/sessions/1주차/자료/1주차_결정요청사항.md)와 SHA-256 일치 · 신경로 동일 경로 대응,-,-,-
F-0389,.claude/worktrees/research-skill-refactor-phase-2-8d3584/courses/바이브코딩/sessions/1주차/자료/1주차_상세강의설계_및_콘텐츠실습검증_인수인계.md,63122,953bd7364d8efd5ad1bccc3ac60f10f53e0eb2418fe1d99c04f9af7c9094a4f1,.md,텍스트(Markdown),1주차,외부사본,커밋 없음(외부 worktree 사본·main 인덱스 밖),(참조 없음),중복본,F-0079,worktree 사본 · 본체 대응 경로(courses/바이브코딩/sessions/1주차/자료/1주차_상세강의설계_및_콘텐츠실습검증_인수인계.md)와 SHA-256 일치 · 신경로 동일 경로 대응,-,-,-
F-0390,.claude/worktrees/research-skill-refactor-phase-2-8d3584/courses/바이브코딩/sessions/1주차/자료/1주차_실습안_검증결과.md,15067,8d92f204d171ec770185e60c34fdbbf8d51b9a11029ce96e8740e9f41ccc5f58,.md,텍스트(Markdown),1주차,외부사본,커밋 없음(외부 worktree 사본·main 인덱스 밖),(참조 없음),중복본,F-0080,worktree 사본 · 본체 대응 경로(courses/바이브코딩/sessions/1주차/자료/1주차_실습안_검증결과.md)와 SHA-256 일치 · 신경로 동일 경로 대응,-,-,-
F-0391,.claude/worktrees/research-skill-refactor-phase-2-8d3584/courses/바이브코딩/sessions/1주차/자료/1주차_출처레지스트리.md,67207,65e63dda3c88620d625dae32b3e2430d4e31b9a1157be66ad7caaf7ca4735231,.md,텍스트(Markdown),1주차,외부사본,커밋 없음(외부 worktree 사본·main 인덱스 밖),(참조 없음),중복본,F-0081,worktree 사본 · 본체 대응 경로(courses/바이브코딩/sessions/1주차/자료/1주차_출처레지스트리.md)와 SHA-256 일치 · 신경로 동일 경로 대응,-,-,-
F-0392,.claude/worktrees/research-skill-refactor-phase-2-8d3584/courses/바이브코딩/sessions/1주차/자료/1주차_콘텐츠_리뷰.html,25622,ec4c4dca7cccbd4afa0edb65c434b81622d9dc5e1a60b688b0953a00a31aebdf,.html,HTML(문서),1주차,외부사본,커밋 없음(외부 worktree 사본·main 인덱스 밖),(참조 없음),중복본,F-0082,worktree 사본 · 본체 대응 경로(courses/바이브코딩/sessions/1주차/자료/1주차_콘텐츠_리뷰.html)와 SHA-256 일치 · 신경로 동일 경로 대응,-,0(section 있으나 data-slide 0건),0
F-0393,.claude/worktrees/research-skill-refactor-phase-2-8d3584/courses/바이브코딩/sessions/1주차/자료/1주차_콘텐츠_집필노트.md,8455,6cf9f48c47b4228c47255377663608f9de5b10fd2d9a83d972857f0f915e62d4,.md,텍스트(Markdown),1주차,외부사본,커밋 없음(외부 worktree 사본·main 인덱스 밖),(참조 없음),중복본,F-0083,worktree 사본 · 본체 대응 경로(courses/바이브코딩/sessions/1주차/자료/1주차_콘텐츠_집필노트.md)와 SHA-256 일치 · 신경로 동일 경로 대응,-,-,-
F-0394,.claude/worktrees/research-skill-refactor-phase-2-8d3584/courses/바이브코딩/sessions/1주차/자료/1주차_콘텐츠리서치_결과.md,37456,de2557fce482706977c5ca8c0df0fb0063b21b26eaed97c0cae0ece146817ba0,.md,텍스트(Markdown),1주차,외부사본,커밋 없음(외부 worktree 사본·main 인덱스 밖),(참조 없음),상태 확인 필요,F-0084,worktree 사본이나 본체 대응 경로(courses/바이브코딩/sessions/1주차/자료/1주차_콘텐츠리서치_결과.md)와 SHA-256 불일치 · 신경로 동일 경로 대응,worktree판과 본체판의 내용 차이 미확인 — T11 계보 확인 필요,-,-
F-0395,.claude/worktrees/research-skill-refactor-phase-2-8d3584/courses/바이브코딩/sessions/1주차/자료/images/s00_check-paper-cut-v1-transparent.png,1321942,e8998e71f806be785120d764290543eb772a65a0d8a828255e5ad10771191350,.png,PNG,1주차,외부사본,커밋 없음(외부 worktree 사본·main 인덱스 밖),-,중복본,F-0085,worktree 사본 · 본체 대응 경로(courses/바이브코딩/sessions/1주차/자료/images/s00_check-paper-cut-v1-transparent.png)와 SHA-256 일치 · 신경로 동일 경로 대응,-,-,-
F-0396,.claude/worktrees/research-skill-refactor-phase-2-8d3584/courses/바이브코딩/sessions/1주차/자료/images/s00_light-paper-background.png,2108605,ec9d66e0e81488c8332dc41a733f7c667059f6b22b73690305d998f2c490a8aa,.png,PNG,1주차,외부사본,커밋 없음(외부 worktree 사본·main 인덱스 밖),-,중복본,F-0086,worktree 사본 · 본체 대응 경로(courses/바이브코딩/sessions/1주차/자료/images/s00_light-paper-background.png)와 SHA-256 일치 · 신경로 동일 경로 대응,-,-,-
F-0397,.claude/worktrees/research-skill-refactor-phase-2-8d3584/courses/바이브코딩/sessions/1주차/자료/images/s00_pencil-paper-cut-v1-transparent.png,451507,ed635a3700617f65a6c21e9db00a87e0dce26d6457f39eeedec55d25dae18c2e,.png,PNG,1주차,외부사본,커밋 없음(외부 worktree 사본·main 인덱스 밖),-,중복본,F-0087,worktree 사본 · 본체 대응 경로(courses/바이브코딩/sessions/1주차/자료/images/s00_pencil-paper-cut-v1-transparent.png)와 SHA-256 일치 · 신경로 동일 경로 대응,-,-,-
F-0398,.claude/worktrees/research-skill-refactor-phase-2-8d3584/courses/바이브코딩/sessions/1주차/자료/images/s00_project-folder-paper-cut-v1-transparent.png,1028129,d7bc9e6d546f05155aa14c77a55b7d4d1b1a249a5b09f2f5e6f178091480d8fa,.png,PNG,1주차,외부사본,커밋 없음(외부 worktree 사본·main 인덱스 밖),-,중복본,F-0088,worktree 사본 · 본체 대응 경로(courses/바이브코딩/sessions/1주차/자료/images/s00_project-folder-paper-cut-v1-transparent.png)와 SHA-256 일치 · 신경로 동일 경로 대응,-,-,-
F-0399,.claude/worktrees/research-skill-refactor-phase-2-8d3584/courses/바이브코딩/sessions/1주차/자료/images/s00_workbench-hero-paper-cut-v1-transparent.png,784093,6e948dd8472b3cbe50df60bdf4d7f34051de42cdc62e101ec8edab25f1931d8f,.png,PNG,1주차,외부사본,커밋 없음(외부 worktree 사본·main 인덱스 밖),-,중복본,F-0089,worktree 사본 · 본체 대응 경로(courses/바이브코딩/sessions/1주차/자료/images/s00_workbench-hero-paper-cut-v1-transparent.png)와 SHA-256 일치 · 신경로 동일 경로 대응,-,-,-
F-0400,.claude/worktrees/research-skill-refactor-phase-2-8d3584/courses/바이브코딩/sessions/1주차/자료/images/s01a_ai-one-sentence-era-paper-cut-v1-transparent.png,794627,7faece707a48b046b9f69af73c82205bf8bfef4b9ad70e3c1a2f69bfebfba01d,.png,PNG,1주차,외부사본,커밋 없음(외부 worktree 사본·main 인덱스 밖),-,중복본,F-0090,worktree 사본 · 본체 대응 경로(courses/바이브코딩/sessions/1주차/자료/images/s01a_ai-one-sentence-era-paper-cut-v1-transparent.png)와 SHA-256 일치 · 신경로 동일 경로 대응,-,-,-
F-0401,.claude/worktrees/research-skill-refactor-phase-2-8d3584/courses/바이브코딩/sessions/1주차/자료/images/s02_arrival-three-actions-paper-cut-v1-transparent.png,944536,f851b0fb09260aea0be0310928ad0c5f746259b1f3eb3c3a9a6d3881176ab4cd,.png,PNG,1주차,외부사본,커밋 없음(외부 worktree 사본·main 인덱스 밖),-,중복본,F-0091,worktree 사본 · 본체 대응 경로(courses/바이브코딩/sessions/1주차/자료/images/s02_arrival-three-actions-paper-cut-v1-transparent.png)와 SHA-256 일치 · 신경로 동일 경로 대응,-,-,-
F-0402,.claude/worktrees/research-skill-refactor-phase-2-8d3584/courses/바이브코딩/sessions/1주차/자료/images/s05_week1_journey-paper-cut-v1-transparent.png,1729318,b4e768e6184b26889e7318862bb1c13fefd0cbe79309959ab2552f01fa47833e,.png,PNG,1주차,외부사본,커밋 없음(외부 worktree 사본·main 인덱스 밖),-,중복본,F-0092,worktree 사본 · 본체 대응 경로(courses/바이브코딩/sessions/1주차/자료/images/s05_week1_journey-paper-cut-v1-transparent.png)와 SHA-256 일치 · 신경로 동일 경로 대응,-,-,-
F-0403,.claude/worktrees/research-skill-refactor-phase-2-8d3584/courses/바이브코딩/sessions/1주차/자료/images/s05_week2_journey-paper-cut-v1-transparent.png,1860251,680aff29caa3ffa2036b846d75582f795a7805b09e305761ca7138ba625864b8,.png,PNG,1주차,외부사본,커밋 없음(외부 worktree 사본·main 인덱스 밖),-,중복본,F-0093,worktree 사본 · 본체 대응 경로(courses/바이브코딩/sessions/1주차/자료/images/s05_week2_journey-paper-cut-v1-transparent.png)와 SHA-256 일치 · 신경로 동일 경로 대응,-,-,-
F-0404,.claude/worktrees/research-skill-refactor-phase-2-8d3584/courses/바이브코딩/sessions/1주차/자료/images/s05_week3_journey-paper-cut-v1-transparent.png,1408800,642594c605859230b924198cd350a427e5830f51a0fec5c5c7eb9725f6944ed2,.png,PNG,1주차,외부사본,커밋 없음(외부 worktree 사본·main 인덱스 밖),-,중복본,F-0094,worktree 사본 · 본체 대응 경로(courses/바이브코딩/sessions/1주차/자료/images/s05_week3_journey-paper-cut-v1-transparent.png)와 SHA-256 일치 · 신경로 동일 경로 대응,-,-,-
F-0405,.claude/worktrees/research-skill-refactor-phase-2-8d3584/courses/바이브코딩/sessions/1주차/자료/images/s05a-data-design-background-v1.png,3466307,7a720ba17a7e4dd5ca95fdf6e9d8b85d7a5be700dbfdfa74fc4c661ca7a51a04,.png,PNG,1주차,외부사본,커밋 없음(외부 worktree 사본·main 인덱스 밖),-,중복본,F-0095,worktree 사본 · 본체 대응 경로(courses/바이브코딩/sessions/1주차/자료/images/s05a-data-design-background-v1.png)와 SHA-256 일치 · 신경로 동일 경로 대응,-,-,-
F-0406,.claude/worktrees/research-skill-refactor-phase-2-8d3584/courses/바이브코딩/sessions/1주차/자료/images/s07_llm-agent-workshop-paper-cut-v1-transparent.png,974190,b22029f075de5ac34026f0bbad090d00d12c80f63f78e1b754bbac1956c6d682,.png,PNG,1주차,외부사본,커밋 없음(외부 worktree 사본·main 인덱스 밖),-,중복본,F-0096,worktree 사본 · 본체 대응 경로(courses/바이브코딩/sessions/1주차/자료/images/s07_llm-agent-workshop-paper-cut-v1-transparent.png)와 SHA-256 일치 · 신경로 동일 경로 대응,-,-,-
F-0407,.claude/worktrees/research-skill-refactor-phase-2-8d3584/courses/바이브코딩/sessions/1주차/자료/images/s09_three-work-roles-paper-cut-v1-transparent.png,884153,271a1f3b068ef0e26c813a8c538b9a97f81502f1313287810e3e4ce88709460e,.png,PNG,1주차,외부사본,커밋 없음(외부 worktree 사본·main 인덱스 밖),-,중복본,F-0097,worktree 사본 · 본체 대응 경로(courses/바이브코딩/sessions/1주차/자료/images/s09_three-work-roles-paper-cut-v1-transparent.png)와 SHA-256 일치 · 신경로 동일 경로 대응,-,-,-
F-0408,.claude/worktrees/research-skill-refactor-phase-2-8d3584/courses/바이브코딩/sessions/1주차/자료/images/s10_backend-paper-cut-v1-transparent.png,1924994,747410da3f30847718d4ac3e7d5a2ecc5e690917d920d16e30b45e889ae6d3da,.png,PNG,1주차,외부사본,커밋 없음(외부 worktree 사본·main 인덱스 밖),-,중복본,F-0098,worktree 사본 · 본체 대응 경로(courses/바이브코딩/sessions/1주차/자료/images/s10_backend-paper-cut-v1-transparent.png)와 SHA-256 일치 · 신경로 동일 경로 대응,-,-,-
F-0409,.claude/worktrees/research-skill-refactor-phase-2-8d3584/courses/바이브코딩/sessions/1주차/자료/images/s10_design-paper-cut-v1-transparent.png,2219965,3a70e52e985d468a04bb6d4c7aacb06fb072de9b15a74567ec4331413787a826,.png,PNG,1주차,외부사본,커밋 없음(외부 worktree 사본·main 인덱스 밖),-,중복본,F-0099,worktree 사본 · 본체 대응 경로(courses/바이브코딩/sessions/1주차/자료/images/s10_design-paper-cut-v1-transparent.png)와 SHA-256 일치 · 신경로 동일 경로 대응,-,-,-
F-0410,.claude/worktrees/research-skill-refactor-phase-2-8d3584/courses/바이브코딩/sessions/1주차/자료/images/s10_frontend-paper-cut-v1-transparent.png,1995416,662103f09a9e928ec34ca3bb2773af392f3c243a3dae85aa398a4ee9a3d0b40f,.png,PNG,1주차,외부사본,커밋 없음(외부 worktree 사본·main 인덱스 밖),-,중복본,F-0100,worktree 사본 · 본체 대응 경로(courses/바이브코딩/sessions/1주차/자료/images/s10_frontend-paper-cut-v1-transparent.png)와 SHA-256 일치 · 신경로 동일 경로 대응,-,-,-
F-0411,.claude/worktrees/research-skill-refactor-phase-2-8d3584/courses/바이브코딩/sessions/1주차/자료/images/s10_improve-paper-cut-v1-transparent.png,1389607,aea9642de626425f697ef071fd08da3117804d1f4a410fcfe6743ab93477114b,.png,PNG,1주차,외부사본,커밋 없음(외부 worktree 사본·main 인덱스 밖),-,중복본,F-0101,worktree 사본 · 본체 대응 경로(courses/바이브코딩/sessions/1주차/자료/images/s10_improve-paper-cut-v1-transparent.png)와 SHA-256 일치 · 신경로 동일 경로 대응,-,-,-
F-0412,.claude/worktrees/research-skill-refactor-phase-2-8d3584/courses/바이브코딩/sessions/1주차/자료/images/s10_installed-app-paper-cut-v1-transparent.png,2444872,c11cf6263dd412d29cd4c6f08ccef069a7c6e9edcb0bb77352408288116f3cee,.png,PNG,1주차,외부사본,커밋 없음(외부 worktree 사본·main 인덱스 밖),-,중복본,F-0102,worktree 사본 · 본체 대응 경로(courses/바이브코딩/sessions/1주차/자료/images/s10_installed-app-paper-cut-v1-transparent.png)와 SHA-256 일치 · 신경로 동일 경로 대응,-,-,-
F-0413,.claude/worktrees/research-skill-refactor-phase-2-8d3584/courses/바이브코딩/sessions/1주차/자료/images/s10_plan-paper-cut-v1-transparent.png,2193739,83f0f6dcdc2d1026aab30c780a60a7d1e1897646fd0fa7adcbe6455a97251d6b,.png,PNG,1주차,외부사본,커밋 없음(외부 worktree 사본·main 인덱스 밖),-,중복본,F-0103,worktree 사본 · 본체 대응 경로(courses/바이브코딩/sessions/1주차/자료/images/s10_plan-paper-cut-v1-transparent.png)와 SHA-256 일치 · 신경로 동일 경로 대응,-,-,-
F-0414,.claude/worktrees/research-skill-refactor-phase-2-8d3584/courses/바이브코딩/sessions/1주차/자료/images/s10_publish-paper-cut-v1-transparent.png,2240612,592cab559b70b8e30959c3b05964b823535499ba70bc8eecdb9eccdb81323788,.png,PNG,1주차,외부사본,커밋 없음(외부 worktree 사본·main 인덱스 밖),-,중복본,F-0104,worktree 사본 · 본체 대응 경로(courses/바이브코딩/sessions/1주차/자료/images/s10_publish-paper-cut-v1-transparent.png)와 SHA-256 일치 · 신경로 동일 경로 대응,-,-,-
F-0415,.claude/worktrees/research-skill-refactor-phase-2-8d3584/courses/바이브코딩/sessions/1주차/자료/images/s10_qa-paper-cut-v1-transparent.png,2026291,d4c5d9c473d8503e3c4ca6d3d84149ea84e5525f2261d550a38cef02a4be7643,.png,PNG,1주차,외부사본,커밋 없음(외부 worktree 사본·main 인덱스 밖),-,중복본,F-0105,worktree 사본 · 본체 대응 경로(courses/바이브코딩/sessions/1주차/자료/images/s10_qa-paper-cut-v1-transparent.png)와 SHA-256 일치 · 신경로 동일 경로 대응,-,-,-
F-0416,.claude/worktrees/research-skill-refactor-phase-2-8d3584/courses/바이브코딩/sessions/1주차/자료/images/s10_qa-publish-improve-cycle-paper-cut-v1-transparent.png,912956,d2eb06f6d9abe1c7390471aa0f918aa9da8e6cebb0a9c30f8b76835f32288e8d,.png,PNG,1주차,외부사본,커밋 없음(외부 worktree 사본·main 인덱스 밖),-,중복본,F-0106,worktree 사본 · 본체 대응 경로(courses/바이브코딩/sessions/1주차/자료/images/s10_qa-publish-improve-cycle-paper-cut-v1-transparent.png)와 SHA-256 일치 · 신경로 동일 경로 대응,-,-,-
F-0417,.claude/worktrees/research-skill-refactor-phase-2-8d3584/courses/바이브코딩/sessions/1주차/자료/images/s10_qa-publish-improve-story-paper-cut-v2-transparent.png,1358856,4db04296f7398faff1aaeb8e9c9e192fd668f64d383dd9dc696d8712fdb0ef21,.png,PNG,1주차,외부사본,커밋 없음(외부 worktree 사본·main 인덱스 밖),-,중복본,F-0107,worktree 사본 · 본체 대응 경로(courses/바이브코딩/sessions/1주차/자료/images/s10_qa-publish-improve-story-paper-cut-v2-transparent.png)와 SHA-256 일치 · 신경로 동일 경로 대응,-,-,-
F-0418,.claude/worktrees/research-skill-refactor-phase-2-8d3584/courses/바이브코딩/sessions/1주차/자료/images/s10_webapp-paper-cut-v1-transparent.png,2166551,7a9b08d3ced28c40e161421291b7ab22f29c151d8a11a0ee3491df17ee62bc22,.png,PNG,1주차,외부사본,커밋 없음(외부 worktree 사본·main 인덱스 밖),-,중복본,F-0108,worktree 사본 · 본체 대응 경로(courses/바이브코딩/sessions/1주차/자료/images/s10_webapp-paper-cut-v1-transparent.png)와 SHA-256 일치 · 신경로 동일 경로 대응,-,-,-
F-0419,.claude/worktrees/research-skill-refactor-phase-2-8d3584/courses/바이브코딩/sessions/1주차/자료/images/s10_webpage-paper-cut-v1-transparent.png,1811443,3faa987507a98e1f3de8a073f7779e80a688875b53e1366378d9be7909f9e162,.png,PNG,1주차,외부사본,커밋 없음(외부 worktree 사본·main 인덱스 밖),-,중복본,F-0109,worktree 사본 · 본체 대응 경로(courses/바이브코딩/sessions/1주차/자료/images/s10_webpage-paper-cut-v1-transparent.png)와 SHA-256 일치 · 신경로 동일 경로 대응,-,-,-
F-0420,.claude/worktrees/research-skill-refactor-phase-2-8d3584/courses/바이브코딩/sessions/1주차/자료/images/s10_webpage-site-local-boundary-paper-cut-v1-chroma.png,1442835,2e3d43f50889c6d94a30b6916ea13cd51f47e8beca0b1450c4e8a07628de1dba,.png,PNG,1주차,외부사본,커밋 없음(외부 worktree 사본·main 인덱스 밖),-,중복본,F-0110,worktree 사본 · 본체 대응 경로(courses/바이브코딩/sessions/1주차/자료/images/s10_webpage-site-local-boundary-paper-cut-v1-chroma.png)와 SHA-256 일치 · 신경로 동일 경로 대응,-,-,-
F-0421,.claude/worktrees/research-skill-refactor-phase-2-8d3584/courses/바이브코딩/sessions/1주차/자료/images/s10_webpage-site-local-boundary-paper-cut-v1-transparent.png,830362,68a81b28dd1ffd0e22917ffd45de6b405cfbb45b9fea1429a4dbe7132c2f5431,.png,PNG,1주차,외부사본,커밋 없음(외부 worktree 사본·main 인덱스 밖),-,중복본,F-0111,worktree 사본 · 본체 대응 경로(courses/바이브코딩/sessions/1주차/자료/images/s10_webpage-site-local-boundary-paper-cut-v1-transparent.png)와 SHA-256 일치 · 신경로 동일 경로 대응,-,-,-
F-0422,.claude/worktrees/research-skill-refactor-phase-2-8d3584/courses/바이브코딩/sessions/1주차/자료/images/s10a_installed-v2.png,946579,b568a475ab020722aa3e798399c058e6d8abb1ceecb26b3cf8be5928c945d167,.png,PNG,1주차,외부사본,커밋 없음(외부 worktree 사본·main 인덱스 밖),-,중복본,F-0112,worktree 사본 · 본체 대응 경로(courses/바이브코딩/sessions/1주차/자료/images/s10a_installed-v2.png)와 SHA-256 일치 · 신경로 동일 경로 대응,-,-,-
F-0423,.claude/worktrees/research-skill-refactor-phase-2-8d3584/courses/바이브코딩/sessions/1주차/자료/images/s10a_web-based-v2.png,1052569,da73485e0002ba851588bf7a1340fa5a4bdd089157a7fda49ba49600b784bcbd,.png,PNG,1주차,외부사본,커밋 없음(외부 worktree 사본·main 인덱스 밖),-,중복본,F-0113,worktree 사본 · 본체 대응 경로(courses/바이브코딩/sessions/1주차/자료/images/s10a_web-based-v2.png)와 SHA-256 일치 · 신경로 동일 경로 대응,-,-,-
F-0424,.claude/worktrees/research-skill-refactor-phase-2-8d3584/courses/바이브코딩/sessions/1주차/자료/images/s10b_webservice-seven-stage-infographic-paper-cut-v1-chroma.png,1428197,42d09b765143f023a0b312347f678a6c96ef3f20293af6a42b45eb6159f51172,.png,PNG,1주차,외부사본,커밋 없음(외부 worktree 사본·main 인덱스 밖),-,중복본,F-0114,worktree 사본 · 본체 대응 경로(courses/바이브코딩/sessions/1주차/자료/images/s10b_webservice-seven-stage-infographic-paper-cut-v1-chroma.png)와 SHA-256 일치 · 신경로 동일 경로 대응,-,-,-
F-0425,.claude/worktrees/research-skill-refactor-phase-2-8d3584/courses/바이브코딩/sessions/1주차/자료/images/s10b_webservice-seven-stage-infographic-paper-cut-v1-transparent.png,837606,9bbe96a72090850481a91cb24771617acd07e2a378a6cd640e139721b81bc2fb,.png,PNG,1주차,외부사본,커밋 없음(외부 worktree 사본·main 인덱스 밖),-,중복본,F-0115,worktree 사본 · 본체 대응 경로(courses/바이브코딩/sessions/1주차/자료/images/s10b_webservice-seven-stage-infographic-paper-cut-v1-transparent.png)와 SHA-256 일치 · 신경로 동일 경로 대응,-,-,-
F-0426,.claude/worktrees/research-skill-refactor-phase-2-8d3584/courses/바이브코딩/sessions/1주차/자료/images/s11_human-ai-prepare-paper-cut-v1-transparent.png,963714,dd73ddcd99795590267d3f111ee21bb22f9e970d5609a44d2a5cbc4f057e3039,.png,PNG,1주차,외부사본,커밋 없음(외부 worktree 사본·main 인덱스 밖),-,중복본,F-0116,worktree 사본 · 본체 대응 경로(courses/바이브코딩/sessions/1주차/자료/images/s11_human-ai-prepare-paper-cut-v1-transparent.png)와 SHA-256 일치 · 신경로 동일 경로 대응,-,-,-
F-0427,.claude/worktrees/research-skill-refactor-phase-2-8d3584/courses/바이브코딩/sessions/1주차/자료/images/s11_human-ai-prepare-paper-cut-v2-transparent.png,857176,09a9ac87e36d00c544b06dff1adf3862568171f6dec3cd94466fc3c892dbf867,.png,PNG,1주차,외부사본,커밋 없음(외부 worktree 사본·main 인덱스 밖),-,중복본,F-0117,worktree 사본 · 본체 대응 경로(courses/바이브코딩/sessions/1주차/자료/images/s11_human-ai-prepare-paper-cut-v2-transparent.png)와 SHA-256 일치 · 신경로 동일 경로 대응,-,-,-
F-0428,.claude/worktrees/research-skill-refactor-phase-2-8d3584/courses/바이브코딩/sessions/1주차/자료/images/s17_css-styling-paper-cut-v1-transparent.png,1302690,0ea0be9bc17fef68cc5d7769b4428f72a64b1e6f62b67efd71b3f304aa13674e,.png,PNG,1주차,외부사본,커밋 없음(외부 worktree 사본·main 인덱스 밖),-,중복본,F-0118,worktree 사본 · 본체 대응 경로(courses/바이브코딩/sessions/1주차/자료/images/s17_css-styling-paper-cut-v1-transparent.png)와 SHA-256 일치 · 신경로 동일 경로 대응,-,-,-
F-0429,.claude/worktrees/research-skill-refactor-phase-2-8d3584/courses/바이브코딩/sessions/1주차/자료/images/s17_folder-file-workspace-paper-cut-v1-transparent.png,826306,4d19e811f8cffd50ab84ff6a0701dd53480ca22aab0618c20118d42cde98b8a2,.png,PNG,1주차,외부사본,커밋 없음(외부 worktree 사본·main 인덱스 밖),-,중복본,F-0119,worktree 사본 · 본체 대응 경로(courses/바이브코딩/sessions/1주차/자료/images/s17_folder-file-workspace-paper-cut-v1-transparent.png)와 SHA-256 일치 · 신경로 동일 경로 대응,-,-,-
F-0430,.claude/worktrees/research-skill-refactor-phase-2-8d3584/courses/바이브코딩/sessions/1주차/자료/images/s17_html-structure-paper-cut-v1-transparent.png,1793492,d256fac07a61653789f30981aab395c54565d2e51200ff42cbc599e97d4cfa46,.png,PNG,1주차,외부사본,커밋 없음(외부 worktree 사본·main 인덱스 밖),-,중복본,F-0120,worktree 사본 · 본체 대응 경로(courses/바이브코딩/sessions/1주차/자료/images/s17_html-structure-paper-cut-v1-transparent.png)와 SHA-256 일치 · 신경로 동일 경로 대응,-,-,-
F-0431,.claude/worktrees/research-skill-refactor-phase-2-8d3584/courses/바이브코딩/sessions/1주차/자료/images/s17_javascript-interaction-paper-cut-v1-transparent.png,1558414,4e781c27d79d988c2656dac1d6c926ee92de2edcd00327d7819b5bb38f9e3bbb,.png,PNG,1주차,외부사본,커밋 없음(외부 worktree 사본·main 인덱스 밖),-,중복본,F-0121,worktree 사본 · 본체 대응 경로(courses/바이브코딩/sessions/1주차/자료/images/s17_javascript-interaction-paper-cut-v1-transparent.png)와 SHA-256 일치 · 신경로 동일 경로 대응,-,-,-
F-0432,.claude/worktrees/research-skill-refactor-phase-2-8d3584/courses/바이브코딩/sessions/1주차/자료/images/s18_context-memory-workbench-paper-cut-v1-transparent.png,983015,f47b0e4a21d2ab4d17e0b1b63904f07f181670fbadc1273d8b127f0a8fb10592,.png,PNG,1주차,외부사본,커밋 없음(외부 worktree 사본·main 인덱스 밖),-,중복본,F-0122,worktree 사본 · 본체 대응 경로(courses/바이브코딩/sessions/1주차/자료/images/s18_context-memory-workbench-paper-cut-v1-transparent.png)와 SHA-256 일치 · 신경로 동일 경로 대응,-,-,-
F-0433,.claude/worktrees/research-skill-refactor-phase-2-8d3584/courses/바이브코딩/sessions/1주차/자료/images/s19_permission-four-checks-paper-cut-v1-transparent.png,837902,f089bc5459f130de32e2a548de2aaae22dc5e919d9a58b4b77b273786bdb78f1,.png,PNG,1주차,외부사본,커밋 없음(외부 worktree 사본·main 인덱스 밖),-,중복본,F-0123,worktree 사본 · 본체 대응 경로(courses/바이브코딩/sessions/1주차/자료/images/s19_permission-four-checks-paper-cut-v1-transparent.png)와 SHA-256 일치 · 신경로 동일 경로 대응,-,-,-
F-0434,.claude/worktrees/research-skill-refactor-phase-2-8d3584/courses/바이브코딩/sessions/1주차/자료/images/s26_request-materials-work-order-paper-cut-v1-transparent.png,1584631,150bf548b21eebbfbba5703ce12a417b7307ab126e961f4d34ead8d0f50bbf5a,.png,PNG,1주차,외부사본,커밋 없음(외부 worktree 사본·main 인덱스 밖),-,중복본,F-0124,worktree 사본 · 본체 대응 경로(courses/바이브코딩/sessions/1주차/자료/images/s26_request-materials-work-order-paper-cut-v1-transparent.png)와 SHA-256 일치 · 신경로 동일 경로 대응,-,-,-
F-0435,.claude/worktrees/research-skill-refactor-phase-2-8d3584/courses/바이브코딩/sessions/1주차/자료/images/s27_human-ai-safe-profile-paper-cut-v1-transparent.png,1230336,59ddd8678bb4049b0d86274063e3278801422304afe8c44c9918f1b7229e25f7,.png,PNG,1주차,외부사본,커밋 없음(외부 worktree 사본·main 인덱스 밖),-,중복본,F-0125,worktree 사본 · 본체 대응 경로(courses/바이브코딩/sessions/1주차/자료/images/s27_human-ai-safe-profile-paper-cut-v1-transparent.png)와 SHA-256 일치 · 신경로 동일 경로 대응,-,-,-
F-0436,.claude/worktrees/research-skill-refactor-phase-2-8d3584/courses/바이브코딩/sessions/1주차/자료/images/s27_human-ai-safe-profile-paper-cut-v2-transparent.png,556033,8b84f33f1c05f8a555416b9284b7c3a7b6442ebbd13a52d50da0e38549d3a6eb,.png,PNG,1주차,외부사본,커밋 없음(외부 worktree 사본·main 인덱스 밖),-,중복본,F-0126,worktree 사본 · 본체 대응 경로(courses/바이브코딩/sessions/1주차/자료/images/s27_human-ai-safe-profile-paper-cut-v2-transparent.png)와 SHA-256 일치 · 신경로 동일 경로 대응,-,-,-
F-0437,.claude/worktrees/research-skill-refactor-phase-2-8d3584/courses/바이브코딩/sessions/1주차/자료/images/s29_specific-vague-work-order-paper-cut-v1-transparent.png,1373021,894e42c82d83a43be8da7e862b7cee761d214cbdd9aa206eaf6d47f1f8aaef8e,.png,PNG,1주차,외부사본,커밋 없음(외부 worktree 사본·main 인덱스 밖),-,중복본,F-0127,worktree 사본 · 본체 대응 경로(courses/바이브코딩/sessions/1주차/자료/images/s29_specific-vague-work-order-paper-cut-v1-transparent.png)와 SHA-256 일치 · 신경로 동일 경로 대응,-,-,-
F-0438,.claude/worktrees/research-skill-refactor-phase-2-8d3584/courses/바이브코딩/sessions/1주차/자료/images/s30_three-technical-conditions-paper-cut-v1-transparent.png,1164935,bf7e914c99a1c1feb717a957b352d86108270642267872836e37c7150f6483b6,.png,PNG,1주차,외부사본,커밋 없음(외부 worktree 사본·main 인덱스 밖),-,중복본,F-0128,worktree 사본 · 본체 대응 경로(courses/바이브코딩/sessions/1주차/자료/images/s30_three-technical-conditions-paper-cut-v1-transparent.png)와 SHA-256 일치 · 신경로 동일 경로 대응,-,-,-
F-0439,.claude/worktrees/research-skill-refactor-phase-2-8d3584/courses/바이브코딩/sessions/1주차/자료/images/s40_human-ai-result-check-paper-cut-v1-transparent.png,1341216,9fd41fa3bc765f05caf917f8e7b1b0c95b8efc9c9e5ec803ec6d3bd0500ec98e,.png,PNG,1주차,외부사본,커밋 없음(외부 worktree 사본·main 인덱스 밖),-,중복본,F-0129,worktree 사본 · 본체 대응 경로(courses/바이브코딩/sessions/1주차/자료/images/s40_human-ai-result-check-paper-cut-v1-transparent.png)와 SHA-256 일치 · 신경로 동일 경로 대응,-,-,-
F-0440,.claude/worktrees/research-skill-refactor-phase-2-8d3584/courses/바이브코딩/sessions/1주차/자료/images/s40_human-ai-result-check-paper-cut-v2-transparent.png,633162,6ef59fc411370bb3fb749c3f5c7b3e4fe8ef5459827faa39f63bef0e3781e735,.png,PNG,1주차,외부사본,커밋 없음(외부 worktree 사본·main 인덱스 밖),-,중복본,F-0130,worktree 사본 · 본체 대응 경로(courses/바이브코딩/sessions/1주차/자료/images/s40_human-ai-result-check-paper-cut-v2-transparent.png)와 SHA-256 일치 · 신경로 동일 경로 대응,-,-,-
F-0441,.claude/worktrees/research-skill-refactor-phase-2-8d3584/courses/바이브코딩/sessions/1주차/자료/images/s41_html-css-js-roles-paper-cut-v1-transparent.png,1286441,44c5eb286cfdb78a19677e4cb3396bdc85887eaf6f4151a766296a14b0ac8546,.png,PNG,1주차,외부사본,커밋 없음(외부 worktree 사본·main 인덱스 밖),-,중복본,F-0131,worktree 사본 · 본체 대응 경로(courses/바이브코딩/sessions/1주차/자료/images/s41_html-css-js-roles-paper-cut-v1-transparent.png)와 SHA-256 일치 · 신경로 동일 경로 대응,-,-,-
F-0442,.claude/worktrees/research-skill-refactor-phase-2-8d3584/courses/바이브코딩/sessions/1주차/자료/images/s41_html-css-js-roles-paper-cut-v2-transparent.png,1254409,3558d3556f43ab27617f766b4a10a012b56fe1a5971d59bec18b6bccceef39fa,.png,PNG,1주차,외부사본,커밋 없음(외부 worktree 사본·main 인덱스 밖),-,중복본,F-0132,worktree 사본 · 본체 대응 경로(courses/바이브코딩/sessions/1주차/자료/images/s41_html-css-js-roles-paper-cut-v2-transparent.png)와 SHA-256 일치 · 신경로 동일 경로 대응,-,-,-
F-0443,.claude/worktrees/research-skill-refactor-phase-2-8d3584/courses/바이브코딩/sessions/1주차/자료/images/s42_one-file-three-files-paper-cut-v1-transparent.png,755604,ad7379a18d9ceeb0bdedd11bc304b39581c8c0febf9fa27c05563657de596d11,.png,PNG,1주차,외부사본,커밋 없음(외부 worktree 사본·main 인덱스 밖),-,중복본,F-0133,worktree 사본 · 본체 대응 경로(courses/바이브코딩/sessions/1주차/자료/images/s42_one-file-three-files-paper-cut-v1-transparent.png)와 SHA-256 일치 · 신경로 동일 경로 대응,-,-,-
F-0444,.claude/worktrees/research-skill-refactor-phase-2-8d3584/courses/바이브코딩/sessions/1주차/자료/images/s44_keep-change-check-paper-cut-v1-transparent.png,614305,9ece3269c3e5ce4db8420995bc6221f0064895c4a9e04c1a1e92be3b629fd37b,.png,PNG,1주차,외부사본,커밋 없음(외부 worktree 사본·main 인덱스 밖),-,중복본,F-0134,worktree 사본 · 본체 대응 경로(courses/바이브코딩/sessions/1주차/자료/images/s44_keep-change-check-paper-cut-v1-transparent.png)와 SHA-256 일치 · 신경로 동일 경로 대응,-,-,-
F-0445,.claude/worktrees/research-skill-refactor-phase-2-8d3584/courses/바이브코딩/sessions/1주차/자료/images/s45_human-ai-one-change-paper-cut-v1-transparent.png,935944,d3619cea15332c5841b0ac5a1d7ad00bf0e75eb4529b7e58de6beed654e4c03e,.png,PNG,1주차,외부사본,커밋 없음(외부 worktree 사본·main 인덱스 밖),-,중복본,F-0135,worktree 사본 · 본체 대응 경로(courses/바이브코딩/sessions/1주차/자료/images/s45_human-ai-one-change-paper-cut-v1-transparent.png)와 SHA-256 일치 · 신경로 동일 경로 대응,-,-,-
F-0446,.claude/worktrees/research-skill-refactor-phase-2-8d3584/courses/바이브코딩/sessions/1주차/자료/images/s45_human-ai-one-change-paper-cut-v2-transparent.png,583525,0ac0e586aa6705323d4b0054283d8a25dee944f72401517dc597c1bfe34caacf,.png,PNG,1주차,외부사본,커밋 없음(외부 worktree 사본·main 인덱스 밖),-,중복본,F-0136,worktree 사본 · 본체 대응 경로(courses/바이브코딩/sessions/1주차/자료/images/s45_human-ai-one-change-paper-cut-v2-transparent.png)와 SHA-256 일치 · 신경로 동일 경로 대응,-,-,-
F-0447,.claude/worktrees/research-skill-refactor-phase-2-8d3584/courses/바이브코딩/sessions/1주차/자료/images/s46_one-change-protected-paper-cut-v1-transparent.png,1123859,900d94fa713ba56a74d4602f2223ee8c8abcb9587d7a97baa0da7e6b524fdf4d,.png,PNG,1주차,외부사본,커밋 없음(외부 worktree 사본·main 인덱스 밖),-,중복본,F-0137,worktree 사본 · 본체 대응 경로(courses/바이브코딩/sessions/1주차/자료/images/s46_one-change-protected-paper-cut-v1-transparent.png)와 SHA-256 일치 · 신경로 동일 경로 대응,-,-,-
F-0448,.claude/worktrees/research-skill-refactor-phase-2-8d3584/courses/바이브코딩/sessions/1주차/자료/images/s49_background-before-after-paper-cut-v1-transparent.png,1330623,8e77f34ccf373602ca282ddc184b9758b830482eb33e8b924e49d7e06ac9105f,.png,PNG,1주차,외부사본,커밋 없음(외부 worktree 사본·main 인덱스 밖),-,중복본,F-0138,worktree 사본 · 본체 대응 경로(courses/바이브코딩/sessions/1주차/자료/images/s49_background-before-after-paper-cut-v1-transparent.png)와 SHA-256 일치 · 신경로 동일 경로 대응,-,-,-
F-0449,.claude/worktrees/research-skill-refactor-phase-2-8d3584/courses/바이브코딩/sessions/1주차/자료/images/s50_human-ai-free-change-paper-cut-v1-transparent.png,1135860,6fad3bab8ecc5530dd2a8704ef59784762aab15c21cc650bd2682deb9d8ff009,.png,PNG,1주차,외부사본,커밋 없음(외부 worktree 사본·main 인덱스 밖),-,중복본,F-0139,worktree 사본 · 본체 대응 경로(courses/바이브코딩/sessions/1주차/자료/images/s50_human-ai-free-change-paper-cut-v1-transparent.png)와 SHA-256 일치 · 신경로 동일 경로 대응,-,-,-
F-0450,.claude/worktrees/research-skill-refactor-phase-2-8d3584/courses/바이브코딩/sessions/1주차/자료/images/s50_human-ai-free-change-paper-cut-v2-transparent.png,514360,4c54b94f98bc1df22c0b394474be69f6cfb8f1be9a8afbca0ba5d25467bdc9d7,.png,PNG,1주차,외부사본,커밋 없음(외부 worktree 사본·main 인덱스 밖),-,중복본,F-0140,worktree 사본 · 본체 대응 경로(courses/바이브코딩/sessions/1주차/자료/images/s50_human-ai-free-change-paper-cut-v2-transparent.png)와 SHA-256 일치 · 신경로 동일 경로 대응,-,-,-
F-0451,.claude/worktrees/research-skill-refactor-phase-2-8d3584/courses/바이브코딩/sessions/1주차/자료/images/s52_issue-type-check-paper-cut-v1-transparent.png,1241221,4be1b903e18575ac9fff40572b6d3151d6641ecea98a65ebefa0ccf01f8718ec,.png,PNG,1주차,외부사본,커밋 없음(외부 worktree 사본·main 인덱스 밖),-,중복본,F-0141,worktree 사본 · 본체 대응 경로(courses/바이브코딩/sessions/1주차/자료/images/s52_issue-type-check-paper-cut-v1-transparent.png)와 SHA-256 일치 · 신경로 동일 경로 대응,-,-,-
F-0452,.claude/worktrees/research-skill-refactor-phase-2-8d3584/courses/바이브코딩/sessions/1주차/자료/images/s53_issue-branch-diagnosis-paper-cut-v1-transparent.png,1140905,55fb76611a7d4ef58994dda89f98de4549810c75f13e196f9312b31989030782,.png,PNG,1주차,외부사본,커밋 없음(외부 worktree 사본·main 인덱스 밖),-,중복본,F-0142,worktree 사본 · 본체 대응 경로(courses/바이브코딩/sessions/1주차/자료/images/s53_issue-branch-diagnosis-paper-cut-v1-transparent.png)와 SHA-256 일치 · 신경로 동일 경로 대응,-,-,-
F-0453,.claude/worktrees/research-skill-refactor-phase-2-8d3584/courses/바이브코딩/sessions/1주차/자료/images/s56_human-ai-refresh-check-paper-cut-v1-transparent.png,828218,31280981cf41999fc7a1ca3b37ae9cfface7f9e125a09738bb299c5cef019777,.png,PNG,1주차,외부사본,커밋 없음(외부 worktree 사본·main 인덱스 밖),-,중복본,F-0143,worktree 사본 · 본체 대응 경로(courses/바이브코딩/sessions/1주차/자료/images/s56_human-ai-refresh-check-paper-cut-v1-transparent.png)와 SHA-256 일치 · 신경로 동일 경로 대응,-,-,-
F-0454,.claude/worktrees/research-skill-refactor-phase-2-8d3584/courses/바이브코딩/sessions/1주차/자료/images/s56_human-ai-refresh-check-paper-cut-v2-transparent.png,373415,acc4795d9b0ce6d607b1849ae35c9b306ca83e5cd0f6c7830a3ca6a0e06a571b,.png,PNG,1주차,외부사본,커밋 없음(외부 worktree 사본·main 인덱스 밖),-,중복본,F-0144,worktree 사본 · 본체 대응 경로(courses/바이브코딩/sessions/1주차/자료/images/s56_human-ai-refresh-check-paper-cut-v2-transparent.png)와 SHA-256 일치 · 신경로 동일 경로 대응,-,-,-
F-0455,.claude/worktrees/research-skill-refactor-phase-2-8d3584/courses/바이브코딩/sessions/1주차/자료/images/s60_final-three-checks-paper-cut-v1-transparent.png,1110440,663cbcc0a49667a4b8603451cf4e85526a7bed663fda0d10a548373c7f7d92b4,.png,PNG,1주차,외부사본,커밋 없음(외부 worktree 사본·main 인덱스 밖),-,중복본,F-0145,worktree 사본 · 본체 대응 경로(courses/바이브코딩/sessions/1주차/자료/images/s60_final-three-checks-paper-cut-v1-transparent.png)와 SHA-256 일치 · 신경로 동일 경로 대응,-,-,-
F-0456,.claude/worktrees/research-skill-refactor-phase-2-8d3584/courses/바이브코딩/sessions/1주차/자료/screenshot/codex_about-me-folder-created.png,72549,8887ec03cc0edccb491d652d7e2f35aa59d5442a4be99577198b5080f15a8877,.png,PNG,1주차,외부사본,커밋 없음(외부 worktree 사본·main 인덱스 밖),-,중복본,F-0146,worktree 사본 · 본체 대응 경로(courses/바이브코딩/sessions/1주차/자료/screenshot/codex_about-me-folder-created.png)와 SHA-256 일치 · 신경로 동일 경로 대응,-,-,-
F-0457,.claude/worktrees/research-skill-refactor-phase-2-8d3584/courses/바이브코딩/sessions/1주차/자료/screenshot/codex_select-project-root_about-me.png,54302,b0b4cf520ab92beb2b8dcba428f28f85ac5113e6afd743786d306e539068255b,.png,PNG,1주차,외부사본,커밋 없음(외부 worktree 사본·main 인덱스 밖),-,중복본,F-0147,worktree 사본 · 본체 대응 경로(courses/바이브코딩/sessions/1주차/자료/screenshot/codex_select-project-root_about-me.png)와 SHA-256 일치 · 신경로 동일 경로 대응,-,-,-
F-0458,.claude/worktrees/research-skill-refactor-phase-2-8d3584/courses/바이브코딩/sessions/1주차/자료/screenshot/codex_use-existing-folder-menu.png,73070,707e74a11cfe9d93f08d1fa88172947d7e2b3c2bba78d557cca9f5c3a09f0dba,.png,PNG,1주차,외부사본,커밋 없음(외부 worktree 사본·main 인덱스 밖),-,중복본,F-0148,worktree 사본 · 본체 대응 경로(courses/바이브코딩/sessions/1주차/자료/screenshot/codex_use-existing-folder-menu.png)와 SHA-256 일치 · 신경로 동일 경로 대응,-,-,-
F-0459,.claude/worktrees/research-skill-refactor-phase-2-8d3584/courses/바이브코딩/sessions/1주차/자료/screenshot/win02_c-drive-open.png,137868,41c6c0d166709771ff3e71cff37ca636ce07a7680ab8145c9e14a3252b9644c7,.png,PNG,1주차,외부사본,커밋 없음(외부 worktree 사본·main 인덱스 밖),-,중복본,F-0149,worktree 사본 · 본체 대응 경로(courses/바이브코딩/sessions/1주차/자료/screenshot/win02_c-drive-open.png)와 SHA-256 일치 · 신경로 동일 경로 대응,-,-,-
F-0460,.claude/worktrees/research-skill-refactor-phase-2-8d3584/courses/바이브코딩/sessions/1주차/자료/screenshot/win_new-folder-context-menu.png,106932,1db26ec77e4215e3ba9c395df662d9f34ae6ff8ecb2c6dfa5f53b30d237a0844,.png,PNG,1주차,외부사본,커밋 없음(외부 worktree 사본·main 인덱스 밖),-,중복본,F-0150,worktree 사본 · 본체 대응 경로(courses/바이브코딩/sessions/1주차/자료/screenshot/win_new-folder-context-menu.png)와 SHA-256 일치 · 신경로 동일 경로 대응,-,-,-
F-0461,.claude/worktrees/research-skill-refactor-phase-2-8d3584/courses/바이브코딩/sessions/1주차/자료/이미지-에셋.json,55248,a1fdf75d9817af741ee972e1230aec22e981c5b4a54c9791d024910846b1fdc6,.json,JSON,1주차,외부사본,커밋 없음(외부 worktree 사본·main 인덱스 밖),(참조 없음),상태 확인 필요,F-0151,worktree 사본이나 본체 대응 경로(courses/바이브코딩/sessions/1주차/자료/이미지-에셋.json)와 SHA-256 불일치 · 신경로 동일 경로 대응,worktree판과 본체판의 내용 차이 미확인 — T11 계보 확인 필요,-,-
F-0462,.claude/worktrees/research-skill-refactor-phase-2-8d3584/courses/바이브코딩/sessions/1주차/자료/이미지-프롬프트.md,26480,7d6a9ba2482b500089ae3609b5d0f6cd3274d69db65fc9dc0964052f676ca1df,.md,텍스트(Markdown),1주차,외부사본,커밋 없음(외부 worktree 사본·main 인덱스 밖),(참조 없음),상태 확인 필요,F-0152,worktree 사본이나 본체 대응 경로(courses/바이브코딩/sessions/1주차/자료/이미지-프롬프트.md)와 SHA-256 불일치 · 신경로 동일 경로 대응,worktree판과 본체판의 내용 차이 미확인 — T11 계보 확인 필요,-,-
F-0463,.claude/worktrees/research-skill-refactor-phase-2-8d3584/courses/바이브코딩/sessions/2주차/2주차_초안.md,53600,3b4d88c49f38208d84e40a5ea0cbe0d89d47a3ea1cf103395ca866f40cf2965b,.md,텍스트(Markdown),2주차,외부사본,커밋 없음(외부 worktree 사본·main 인덱스 밖),(참조 없음),상태 확인 필요,F-0153,worktree 사본이나 본체 대응 경로(courses/바이브코딩/sessions/2주차/2주차_초안.md)와 SHA-256 불일치 · 신경로 동일 경로 대응,worktree판과 본체판의 내용 차이 미확인 — T11 계보 확인 필요,-,-
F-0464,.claude/worktrees/research-skill-refactor-phase-2-8d3584/courses/바이브코딩/sessions/2주차/deck.contract.json,18775,a54690886712be774846a5f8a1574ea5dce32b8e014cb74ed00de2a5248cb2ff,.json,JSON,2주차,외부사본,커밋 없음(외부 worktree 사본·main 인덱스 밖),(참조 없음),상태 확인 필요,F-0154,worktree 사본이나 본체 대응 경로(courses/바이브코딩/sessions/2주차/deck.contract.json)와 SHA-256 불일치 · 신경로 동일 경로 대응,worktree판과 본체판의 내용 차이 미확인 — T11 계보 확인 필요,-,-
F-0465,.claude/worktrees/research-skill-refactor-phase-2-8d3584/courses/바이브코딩/sessions/2주차/강의덱.html,615225,4f403ead0676b73d55f067b66b39eb8b5c74e1af0d270c03797d2676b77848c9,.html,HTML(문서),2주차,외부사본,커밋 없음(외부 worktree 사본·main 인덱스 밖),../../../../kit/styles/deck.css(있음);../../../../kit/styles/legibility.css(있음);../../../../kit/styles/patterns.css(있음);자료/images/s02_ai-writes-human-decides-paper-cut-v1-transparent.png(있음);자료/images/s03_six-sessions-to-mvp-paper-cut-v1-transparent.png(있음);자료/images/s07_last-week-loop-paper-cut-v1-transparent.png(있음);자료/images/s07_this-week-decide-paper-cut-v1-transparent.png(있음);자료/images/s08_who-what-pain-paper-cut-v1-transparent.png(있음);자료/images/s09_persona-vs-hypothesis-paper-cut-v1-transparent.png(있음);자료/images/s10_ai-empathy-boundary-paper-cut-v1-transparent.png(있음);자료/images/s11_one-sentence-practice-paper-cut-v1-transparent.png(있음);자료/images/s23_result-vs-function-paper-cut-v1-transparent.png(있음);자료/images/s24_mvp-skateboard-to-car-paper-cut-v1-transparent.png(있음);자료/images/s27_scope-three-slots-paper-cut-v1-transparent.png(있음);자료/images/s28_remove-one-feature-paper-cut-v1-transparent.png(있음);자료/images/s34-completion-criteria-vs-test-paper-cut-v1-transparent.png(있음);자료/images/s37_prd-concept-vs-prdmd-file-paper-cut-v1-transparent.png(있음);자료/images/s38_prd-missing-items-paper-cut-v1-transparent.png(있음);자료/images/s40_prd-practice-paper-cut-v1-transparent.png(있음);자료/images/s55-ui-ux-iceberg-paper-cut-v1-transparent.png(있음);자료/images/image 34.png(있음);자료/images/image 35.png(있음);자료/images/image 36.png(있음);자료/images/s65_mobile-responsive-app-ui-v1.png(있음);자료/images/s67_reference-observe-paper-cut-v1-transparent.png(있음);자료/images/s104_reference-copied-paper-cut-v1-transparent.png(있음);자료/images/s75_one-step-at-a-time-paper-cut-v1-transparent.png(있음);자료/images/s80_unprepared-workbench-v3-tight-transparent.png(있음);자료/images/s80_prepared-workbench-v3-tight-transparent.png(있음);자료/images/s81_horse-bridle-bit-v1-transparent.png(있음);자료/images/s81_harness-horse-metaphor-v1-transparent.png(있음);자료/images/s83-agent-tools-workflow-v1-transparent.png(있음);자료/images/s46_harness-slot-filled-vs-empty-paper-cut-v1-transparent.png(있음);자료/images/p6-start-project-kit-paper-cut-v1-transparent.png(있음);자료/images/p6-p1-user-pain-paper-cut-v1-transparent.png(있음);자료/images/p6-p2-mvp-flow-paper-cut-v1-transparent.png(있음);자료/images/p6-p3-doc-system-paper-cut-v1-transparent.png(있음);자료/images/p6-p5-observe-design-paper-cut-v1-transparent.png(있음);자료/images/p6-p4-harness-paper-cut-v1-transparent.png(있음);notes/codex.md(없음),중복본,F-0155,worktree 사본 · 본체 대응 경로(courses/바이브코딩/sessions/2주차/강의덱.html)와 SHA-256 일치 · 신경로 동일 경로 대응,-,112,146
F-0466,.claude/worktrees/research-skill-refactor-phase-2-8d3584/courses/바이브코딩/sessions/2주차/강의덱.초안/README.md,4845,9d944aa9e674c7b48d6b5f1b22326000e886fa4ca40c74a4fe68eeb02bb1b9d4,.md,텍스트(Markdown),2주차,외부사본,커밋 없음(외부 worktree 사본·main 인덱스 밖),(참조 없음),중복본,F-0156,worktree 사본 · 본체 대응 경로(courses/바이브코딩/sessions/2주차/강의덱.초안/README.md)와 SHA-256 일치 · 신경로 동일 경로 대응,-,-,-
F-0467,.claude/worktrees/research-skill-refactor-phase-2-8d3584/courses/바이브코딩/sessions/2주차/강의덱.초안/part-01.html,66961,10aa539f74fed566aa9a8c8f99550a2c92c3b5019170f653048c8e317d3d5d55,.html,HTML(조각),2주차,외부사본,커밋 없음(외부 worktree 사본·main 인덱스 밖),자료/images/s07_last-week-loop-paper-cut-v1-transparent.png(있음);자료/images/s07_this-week-decide-paper-cut-v1-transparent.png(있음);자료/images/s08_who-what-pain-paper-cut-v1-transparent.png(있음);자료/images/s09_persona-vs-hypothesis-paper-cut-v1-transparent.png(있음);자료/images/s10_ai-empathy-boundary-paper-cut-v1-transparent.png(있음);자료/images/s11_one-sentence-practice-paper-cut-v1-transparent.png(있음),중복본,F-0157,worktree 사본 · 본체 대응 경로(courses/바이브코딩/sessions/2주차/강의덱.초안/part-01.html)와 SHA-256 일치 · 신경로 동일 경로 대응,-,17,20
F-0468,.claude/worktrees/research-skill-refactor-phase-2-8d3584/courses/바이브코딩/sessions/2주차/강의덱.초안/part-02.html,69786,59b61664af2244eee5cb6ada49694dee4f3952e9e6364edb0ed6e2f13ff0a8b1,.html,HTML(조각),2주차,외부사본,커밋 없음(외부 worktree 사본·main 인덱스 밖),자료/images/s23_result-vs-function-paper-cut-v1-transparent.png(있음);자료/images/s24_mvp-skateboard-to-car-paper-cut-v1-transparent.png(있음);자료/images/s27_scope-three-slots-paper-cut-v1-transparent.png(있음);자료/images/s28_remove-one-feature-paper-cut-v1-transparent.png(있음);자료/images/s34-completion-criteria-vs-test-paper-cut-v1-transparent.png(있음),중복본,F-0158,worktree 사본 · 본체 대응 경로(courses/바이브코딩/sessions/2주차/강의덱.초안/part-02.html)와 SHA-256 일치 · 신경로 동일 경로 대응,-,17,28
F-0469,.claude/worktrees/research-skill-refactor-phase-2-8d3584/courses/바이브코딩/sessions/2주차/강의덱.초안/part-03.html,72772,a012a0cb6a54dd630e5b37d3617b2c29351aa720edb4df462c62f7628a0ed69a,.html,HTML(조각),2주차,외부사본,커밋 없음(외부 worktree 사본·main 인덱스 밖),자료/images/s37_prd-concept-vs-prdmd-file-paper-cut-v1-transparent.png(있음);자료/images/s38_prd-missing-items-paper-cut-v1-transparent.png(있음);자료/images/s40_prd-practice-paper-cut-v1-transparent.png(있음);notes/codex.md(없음),중복본,F-0159,worktree 사본 · 본체 대응 경로(courses/바이브코딩/sessions/2주차/강의덱.초안/part-03.html)와 SHA-256 일치 · 신경로 동일 경로 대응,-,14,19
F-0470,.claude/worktrees/research-skill-refactor-phase-2-8d3584/courses/바이브코딩/sessions/2주차/강의덱.초안/part-04.html,89680,9fac1faed0999fbb59ec68958b5f47ae09686f4157c732e7486491252ff2b76a,.html,HTML(조각),2주차,외부사본,커밋 없음(외부 worktree 사본·main 인덱스 밖),자료/images/s55-ui-ux-iceberg-paper-cut-v1-transparent.png(있음);자료/images/image 34.png(있음);자료/images/image 35.png(있음);자료/images/image 36.png(있음);자료/images/s65_mobile-responsive-app-ui-v1.png(있음);자료/images/s67_reference-observe-paper-cut-v1-transparent.png(있음);자료/images/s104_reference-copied-paper-cut-v1-transparent.png(있음);자료/images/s75_one-step-at-a-time-paper-cut-v1-transparent.png(있음),중복본,F-0160,worktree 사본 · 본체 대응 경로(courses/바이브코딩/sessions/2주차/강의덱.초안/part-04.html)와 SHA-256 일치 · 신경로 동일 경로 대응,-,24,29
F-0471,.claude/worktrees/research-skill-refactor-phase-2-8d3584/courses/바이브코딩/sessions/2주차/강의덱.초안/part-05.html,114460,84ef978fd9793123dd98e2d0e6207187b7c331b67e97f28a50f5a0c933da8dea,.html,HTML(조각),2주차,외부사본,커밋 없음(외부 worktree 사본·main 인덱스 밖),자료/images/s80_unprepared-workbench-v3-tight-transparent.png(있음);자료/images/s80_prepared-workbench-v3-tight-transparent.png(있음);자료/images/s81_horse-bridle-bit-v1-transparent.png(있음);자료/images/s81_harness-horse-metaphor-v1-transparent.png(있음);자료/images/s83-agent-tools-workflow-v1-transparent.png(있음);자료/images/s46_harness-slot-filled-vs-empty-paper-cut-v1-transparent.png(있음),중복본,F-0161,worktree 사본 · 본체 대응 경로(courses/바이브코딩/sessions/2주차/강의덱.초안/part-05.html)와 SHA-256 일치 · 신경로 동일 경로 대응,-,23,32
F-0472,.claude/worktrees/research-skill-refactor-phase-2-8d3584/courses/바이브코딩/sessions/2주차/강의덱.초안/part-06.html,31882,e538266bd9ab8184946b700e423fa7bf2d1fcefb0366720bd7e66aafa65650dc,.html,HTML(조각),2주차,외부사본,커밋 없음(외부 worktree 사본·main 인덱스 밖),자료/images/p6-start-project-kit-paper-cut-v1-transparent.png(있음);자료/images/p6-p1-user-pain-paper-cut-v1-transparent.png(있음);자료/images/p6-p2-mvp-flow-paper-cut-v1-transparent.png(있음);자료/images/p6-p3-doc-system-paper-cut-v1-transparent.png(있음);자료/images/p6-p5-observe-design-paper-cut-v1-transparent.png(있음);자료/images/p6-p4-harness-paper-cut-v1-transparent.png(있음),중복본,F-0162,worktree 사본 · 본체 대응 경로(courses/바이브코딩/sessions/2주차/강의덱.초안/part-06.html)와 SHA-256 일치 · 신경로 동일 경로 대응,-,13,13
F-0473,.claude/worktrees/research-skill-refactor-phase-2-8d3584/courses/바이브코딩/sessions/2주차/강의덱.초안/part-07.html,1399,e8748b697fb864e45c98f0b043c631d6d50f70b1977f86356183fb88071811ff,.html,HTML(조각·주석만),2주차,외부사본,커밋 없음(외부 worktree 사본·main 인덱스 밖),(참조 없음),중복본,F-0163,worktree 사본 · 본체 대응 경로(courses/바이브코딩/sessions/2주차/강의덱.초안/part-07.html)와 SHA-256 일치 · 신경로 동일 경로 대응,-,0(section 태그 자체 없음),0
F-0474,.claude/worktrees/research-skill-refactor-phase-2-8d3584/courses/바이브코딩/sessions/2주차/강의덱.초안/part-08.html,2024,2c335d295100f47bd6969130c207de901f1f3c2c18633be140c0ecf3ba1052bf,.html,HTML(조각·주석만),2주차,외부사본,커밋 없음(외부 worktree 사본·main 인덱스 밖),(참조 없음),중복본,F-0164,worktree 사본 · 본체 대응 경로(courses/바이브코딩/sessions/2주차/강의덱.초안/part-08.html)와 SHA-256 일치 · 신경로 동일 경로 대응,-,0(section 태그 자체 없음),0
F-0475,.claude/worktrees/research-skill-refactor-phase-2-8d3584/courses/바이브코딩/sessions/2주차/강의덱.초안/shell.html,166265,5f5d068bf1d8f831958f0556041c4e3dc1a3dd9a41538cd859688258c5707483,.html,HTML(문서),2주차,외부사본,커밋 없음(외부 worktree 사본·main 인덱스 밖),../../../../kit/styles/deck.css(있음);../../../../kit/styles/legibility.css(있음);../../../../kit/styles/patterns.css(있음);자료/images/s02_ai-writes-human-decides-paper-cut-v1-transparent.png(있음);자료/images/s03_six-sessions-to-mvp-paper-cut-v1-transparent.png(있음),상태 확인 필요,F-0165,worktree 사본이나 본체 대응 경로(courses/바이브코딩/sessions/2주차/강의덱.초안/shell.html)와 SHA-256 불일치 · 신경로 동일 경로 대응,worktree판과 본체판의 내용 차이 미확인 — T11 계보 확인 필요,4,5
F-0476,.claude/worktrees/research-skill-refactor-phase-2-8d3584/courses/바이브코딩/sessions/2주차/강의덱_발표.html,47720881,eb0ef2c24218f0a576bd9f03f09c7924aecb1de2fb334284044441b5cccef4ac,.html,HTML(문서),2주차,외부사본,커밋 없음(외부 worktree 사본·main 인덱스 밖),자료/images/s02_ai-writes-human-decides-paper-cut-v1-transparent.png(있음);자료/images/s03_six-sessions-to-mvp-paper-cut-v1-transparent.png(있음);자료/images/s07_last-week-loop-paper-cut-v1-transparent.png(있음);자료/images/s07_this-week-decide-paper-cut-v1-transparent.png(있음);자료/images/s08_who-what-pain-paper-cut-v1-transparent.png(있음);자료/images/s09_persona-vs-hypothesis-paper-cut-v1-transparent.png(있음);자료/images/s10_ai-empathy-boundary-paper-cut-v1-transparent.png(있음);자료/images/s11_one-sentence-practice-paper-cut-v1-transparent.png(있음);자료/images/s23_result-vs-function-paper-cut-v1-transparent.png(있음);자료/images/s24_mvp-skateboard-to-car-paper-cut-v1-transparent.png(있음);자료/images/s27_scope-three-slots-paper-cut-v1-transparent.png(있음);자료/images/s28_remove-one-feature-paper-cut-v1-transparent.png(있음);자료/images/s34-completion-criteria-vs-test-paper-cut-v1-transparent.png(있음);자료/images/s37_prd-concept-vs-prdmd-file-paper-cut-v1-transparent.png(있음);자료/images/s38_prd-missing-items-paper-cut-v1-transparent.png(있음);자료/images/s40_prd-practice-paper-cut-v1-transparent.png(있음);자료/images/s65_mobile-responsive-app-ui-v1.png(있음);자료/images/s67_reference-observe-paper-cut-v1-transparent.png(있음);자료/images/s104_reference-copied-paper-cut-v1-transparent.png(있음);자료/images/s75_one-step-at-a-time-paper-cut-v1-transparent.png(있음);자료/images/s46_harness-slot-filled-vs-empty-paper-cut-v1-transparent.png(있음);자료/images/p6-start-project-kit-paper-cut-v1-transparent.png(있음);자료/images/p6-p1-user-pain-paper-cut-v1-transparent.png(있음);자료/images/p6-p2-mvp-flow-paper-cut-v1-transparent.png(있음);자료/images/p6-p3-doc-system-paper-cut-v1-transparent.png(있음);자료/images/p6-p5-observe-design-paper-cut-v1-transparent.png(있음);자료/images/p6-p4-harness-paper-cut-v1-transparent.png(있음);notes/codex.md(없음),중복본,F-0166,worktree 사본 · 본체 대응 경로(courses/바이브코딩/sessions/2주차/강의덱_발표.html)와 SHA-256 일치 · 신경로 동일 경로 대응,-,112,149
F-0477,.claude/worktrees/research-skill-refactor-phase-2-8d3584/courses/바이브코딩/sessions/2주차/강의덱_발표자노트.html,71433,25e7384603ef6a94338a9e884821216b0bba115480b37d3a8e25b0cf0fe01fa8,.html,HTML(문서),2주차,외부사본,커밋 없음(외부 worktree 사본·main 인덱스 밖),(참조 없음),상태 확인 필요,F-0167,worktree 사본이나 본체 대응 경로(courses/바이브코딩/sessions/2주차/강의덱_발표자노트.html)와 SHA-256 불일치 · 신경로 동일 경로 대응,worktree판과 본체판의 내용 차이 미확인 — T11 계보 확인 필요,112(pn-slide 섹션·data-slide 미사용),0
F-0478,.claude/worktrees/research-skill-refactor-phase-2-8d3584/courses/바이브코딩/sessions/2주차/강의덱_배포.html,47592789,a82c056c1f8ebb28d3ca78e7561f57754b3a9c9b95004ea5ec75b7d1d35067dc,.html,HTML(문서),2주차,외부사본,커밋 없음(외부 worktree 사본·main 인덱스 밖),자료/images/s02_ai-writes-human-decides-paper-cut-v1-transparent.png(있음);자료/images/s03_six-sessions-to-mvp-paper-cut-v1-transparent.png(있음);자료/images/s07_last-week-loop-paper-cut-v1-transparent.png(있음);자료/images/s07_this-week-decide-paper-cut-v1-transparent.png(있음);자료/images/s08_who-what-pain-paper-cut-v1-transparent.png(있음);자료/images/s09_persona-vs-hypothesis-paper-cut-v1-transparent.png(있음);자료/images/s10_ai-empathy-boundary-paper-cut-v1-transparent.png(있음);자료/images/s11_one-sentence-practice-paper-cut-v1-transparent.png(있음);자료/images/s23_result-vs-function-paper-cut-v1-transparent.png(있음);자료/images/s24_mvp-skateboard-to-car-paper-cut-v1-transparent.png(있음);자료/images/s27_scope-three-slots-paper-cut-v1-transparent.png(있음);자료/images/s28_remove-one-feature-paper-cut-v1-transparent.png(있음);자료/images/s34-completion-criteria-vs-test-paper-cut-v1-transparent.png(있음);자료/images/s37_prd-concept-vs-prdmd-file-paper-cut-v1-transparent.png(있음);자료/images/s38_prd-missing-items-paper-cut-v1-transparent.png(있음);자료/images/s40_prd-practice-paper-cut-v1-transparent.png(있음);자료/images/s65_mobile-responsive-app-ui-v1.png(있음);자료/images/s67_reference-observe-paper-cut-v1-transparent.png(있음);자료/images/s104_reference-copied-paper-cut-v1-transparent.png(있음);자료/images/s75_one-step-at-a-time-paper-cut-v1-transparent.png(있음);자료/images/s46_harness-slot-filled-vs-empty-paper-cut-v1-transparent.png(있음);자료/images/p6-start-project-kit-paper-cut-v1-transparent.png(있음);자료/images/p6-p1-user-pain-paper-cut-v1-transparent.png(있음);자료/images/p6-p2-mvp-flow-paper-cut-v1-transparent.png(있음);자료/images/p6-p3-doc-system-paper-cut-v1-transparent.png(있음);자료/images/p6-p5-observe-design-paper-cut-v1-transparent.png(있음);자료/images/p6-p4-harness-paper-cut-v1-transparent.png(있음);notes/codex.md(없음),상태 확인 필요,F-0168,worktree 사본이나 본체 대응 경로(courses/바이브코딩/sessions/2주차/강의덱_배포.html)와 SHA-256 불일치 · 신경로 동일 경로 대응,worktree판과 본체판의 내용 차이 미확인 — T11 계보 확인 필요,112,148
F-0479,.claude/worktrees/research-skill-refactor-phase-2-8d3584/courses/바이브코딩/sessions/2주차/개정이력/2주차_PART45_스왑_실행계획.md,35888,33d0f5b8a91dec0c10a9d2d4605534e8b04d4187c6b2fdffa4fc4dc0e529cc6a,.md,텍스트(Markdown),2주차,외부사본,커밋 없음(외부 worktree 사본·main 인덱스 밖),(참조 없음),중복본,F-0169,worktree 사본 · 본체 대응 경로(courses/바이브코딩/sessions/2주차/개정이력/2주차_PART45_스왑_실행계획.md)와 SHA-256 일치 · 신경로 동일 경로 대응,-,-,-
F-0480,.claude/worktrees/research-skill-refactor-phase-2-8d3584/courses/바이브코딩/sessions/2주차/개정이력/2주차_수정요청.txt,53125,da6ba26b0d1b72076ef0aae0be6a22860ffe26c61a9845c1346ade5e41b89ded,.txt,텍스트,2주차,외부사본,커밋 없음(외부 worktree 사본·main 인덱스 밖),(참조 없음),중복본,F-0170,worktree 사본 · 본체 대응 경로(courses/바이브코딩/sessions/2주차/개정이력/2주차_수정요청.txt)와 SHA-256 일치 · 신경로 동일 경로 대응,-,-,-
F-0481,.claude/worktrees/research-skill-refactor-phase-2-8d3584/courses/바이브코딩/sessions/2주차/개정이력/2주차_수정요청_v2.txt,3842,404ba6e976209e29c33190d6afe148feb7b72331fa067c6a4c8e79bd6f5b657c,.txt,텍스트,2주차,외부사본,커밋 없음(외부 worktree 사본·main 인덱스 밖),(참조 없음),중복본,F-0171,worktree 사본 · 본체 대응 경로(courses/바이브코딩/sessions/2주차/개정이력/2주차_수정요청_v2.txt)와 SHA-256 일치 · 신경로 동일 경로 대응,-,-,-
F-0482,.claude/worktrees/research-skill-refactor-phase-2-8d3584/courses/바이브코딩/sessions/2주차/개정이력/2주차_수정요청_v2_실행계획.md,20015,42c5795918291e87bf16755dbfc5871713ef382e4c24fe852038d172612880a1,.md,텍스트(Markdown),2주차,외부사본,커밋 없음(외부 worktree 사본·main 인덱스 밖),(참조 없음),상태 확인 필요,F-0172,worktree 사본이나 본체 대응 경로(courses/바이브코딩/sessions/2주차/개정이력/2주차_수정요청_v2_실행계획.md)와 SHA-256 불일치 · 신경로 동일 경로 대응,worktree판과 본체판의 내용 차이 미확인 — T11 계보 확인 필요,-,-
F-0483,.claude/worktrees/research-skill-refactor-phase-2-8d3584/courses/바이브코딩/sessions/2주차/개정이력/2주차_슬라이드수정요청_1차.md,92916,6698b425dfc8e6ed7ca51b1b2c1b426a19597fd6172f7d5b3afdff788c8f98ed,.md,텍스트(Markdown),2주차,외부사본,커밋 없음(외부 worktree 사본·main 인덱스 밖),(참조 없음),중복본,F-0173,worktree 사본 · 본체 대응 경로(courses/바이브코딩/sessions/2주차/개정이력/2주차_슬라이드수정요청_1차.md)와 SHA-256 일치 · 신경로 동일 경로 대응,-,-,-
F-0484,.claude/worktrees/research-skill-refactor-phase-2-8d3584/courses/바이브코딩/sessions/2주차/개정이력/2주차_슬라이드수정요청_2차.md,79245,90b06658f39fe0ba3bcb1ad871d98e9d63aca6b118d4238b48da5ad987ecc9f1,.md,텍스트(Markdown),2주차,외부사본,커밋 없음(외부 worktree 사본·main 인덱스 밖),(참조 없음),중복본,F-0174,worktree 사본 · 본체 대응 경로(courses/바이브코딩/sessions/2주차/개정이력/2주차_슬라이드수정요청_2차.md)와 SHA-256 일치 · 신경로 동일 경로 대응,-,-,-
F-0485,.claude/worktrees/research-skill-refactor-phase-2-8d3584/courses/바이브코딩/sessions/2주차/개정이력/2주차_재설계안_v1.md,25391,8d16496bfea4dd2cf76c3ac58f646988cb5057df05723ca22210d2ff08f676e8,.md,텍스트(Markdown),2주차,외부사본,커밋 없음(외부 worktree 사본·main 인덱스 밖),(참조 없음),상태 확인 필요,F-0175,worktree 사본이나 본체 대응 경로(courses/바이브코딩/sessions/2주차/개정이력/2주차_재설계안_v1.md)와 SHA-256 불일치 · 신경로 동일 경로 대응,worktree판과 본체판의 내용 차이 미확인 — T11 계보 확인 필요,-,-
F-0486,.claude/worktrees/research-skill-refactor-phase-2-8d3584/courses/바이브코딩/sessions/2주차/개정이력/2주차_최종결정본.html,82766,56fb467e847c855857d66bd390bb4311ea8686e448acc1d3de4895a0f5a0c2ae,.html,HTML(문서),2주차,외부사본,커밋 없음(외부 worktree 사본·main 인덱스 밖),(참조 없음),상태 확인 필요,F-0176,worktree 사본이나 본체 대응 경로(courses/바이브코딩/sessions/2주차/개정이력/2주차_최종결정본.html)와 SHA-256 불일치 · 신경로 동일 경로 대응,worktree판과 본체판의 내용 차이 미확인 — T11 계보 확인 필요,0(section 있으나 data-slide 0건),0
F-0487,.claude/worktrees/research-skill-refactor-phase-2-8d3584/courses/바이브코딩/sessions/2주차/개정이력/2주차_최종수정계획.md,59304,b8535f2e8808af6bccce72d0dda621ca51dba0a23946172a8ec5cfa7cfc9e3f0,.md,텍스트(Markdown),2주차,외부사본,커밋 없음(외부 worktree 사본·main 인덱스 밖),(참조 없음),상태 확인 필요,F-0177,worktree 사본이나 본체 대응 경로(courses/바이브코딩/sessions/2주차/개정이력/2주차_최종수정계획.md)와 SHA-256 불일치 · 신경로 동일 경로 대응,worktree판과 본체판의 내용 차이 미확인 — T11 계보 확인 필요,-,-
F-0488,.claude/worktrees/research-skill-refactor-phase-2-8d3584/courses/바이브코딩/sessions/2주차/개정이력/README.md,5155,9f01a2487137a93deba1d8db964f3cdb18e285b6dea084b6b5d5c20904c7d72d,.md,텍스트(Markdown),2주차,외부사본,커밋 없음(외부 worktree 사본·main 인덱스 밖),(참조 없음),상태 확인 필요,F-0178,worktree 사본이나 본체 대응 경로(courses/바이브코딩/sessions/2주차/개정이력/README.md)와 SHA-256 불일치 · 신경로 동일 경로 대응,worktree판과 본체판의 내용 차이 미확인 — T11 계보 확인 필요,-,-
F-0489,.claude/worktrees/research-skill-refactor-phase-2-8d3584/courses/바이브코딩/sessions/2주차/실습예제/mvp/anchor_활동기록/DESIGN.md,1001,937087026b28324e76cc24a7a50f851def1ddfcc430762b5ffb9d6eb12b06557,.md,텍스트(Markdown),2주차,외부사본,커밋 없음(외부 worktree 사본·main 인덱스 밖),(참조 없음),상태 확인 필요,F-0179,worktree 사본이나 본체 대응 경로(courses/바이브코딩/sessions/2주차/실습예제/mvp/anchor_활동기록/DESIGN.md)와 SHA-256 불일치 · 신경로 동일 경로 대응,worktree판과 본체판의 내용 차이 미확인 — T11 계보 확인 필요,-,-
F-0490,.claude/worktrees/research-skill-refactor-phase-2-8d3584/courses/바이브코딩/sessions/2주차/실습예제/mvp/anchor_활동기록/index.html,972,045568282f17991442ce43ba440189b1362045c795614e3278895ab2cbb597bc,.html,HTML(문서),2주차,외부사본,커밋 없음(외부 worktree 사본·main 인덱스 밖),./style.css(있음);./script.js(있음),상태 확인 필요,F-0180,worktree 사본이나 본체 대응 경로(courses/바이브코딩/sessions/2주차/실습예제/mvp/anchor_활동기록/index.html)와 SHA-256 불일치 · 신경로 동일 경로 대응,worktree판과 본체판의 내용 차이 미확인 — T11 계보 확인 필요,0(section 있으나 data-slide 0건),0
F-0491,.claude/worktrees/research-skill-refactor-phase-2-8d3584/courses/바이브코딩/sessions/2주차/실습예제/mvp/anchor_활동기록/prd.md,1192,c75f1e29db1d53dfa55679927eab9081bb10446af09ab97eed720605dc97ff0c,.md,텍스트(Markdown),2주차,외부사본,커밋 없음(외부 worktree 사본·main 인덱스 밖),(참조 없음),상태 확인 필요,F-0181,worktree 사본이나 본체 대응 경로(courses/바이브코딩/sessions/2주차/실습예제/mvp/anchor_활동기록/prd.md)와 SHA-256 불일치 · 신경로 동일 경로 대응,worktree판과 본체판의 내용 차이 미확인 — T11 계보 확인 필요,-,-
F-0492,.claude/worktrees/research-skill-refactor-phase-2-8d3584/courses/바이브코딩/sessions/2주차/실습예제/mvp/anchor_활동기록/script.js,1055,142a54aae324e506f917a25e014ba5547f791bc97f828cf143fca9bad58fa1ea,.js,텍스트(JS),2주차,외부사본,커밋 없음(외부 worktree 사본·main 인덱스 밖),(참조 없음),상태 확인 필요,F-0182,worktree 사본이나 본체 대응 경로(courses/바이브코딩/sessions/2주차/실습예제/mvp/anchor_활동기록/script.js)와 SHA-256 불일치 · 신경로 동일 경로 대응,worktree판과 본체판의 내용 차이 미확인 — T11 계보 확인 필요,-,-
F-0493,.claude/worktrees/research-skill-refactor-phase-2-8d3584/courses/바이브코딩/sessions/2주차/실습예제/mvp/anchor_활동기록/style.css,1570,45fee488230a1557c7337b95251e4b58c1045e4588419373ed3eb4b848dcb326,.css,텍스트(CSS),2주차,외부사본,커밋 없음(외부 worktree 사본·main 인덱스 밖),(참조 없음),상태 확인 필요,F-0183,worktree 사본이나 본체 대응 경로(courses/바이브코딩/sessions/2주차/실습예제/mvp/anchor_활동기록/style.css)와 SHA-256 불일치 · 신경로 동일 경로 대응,worktree판과 본체판의 내용 차이 미확인 — T11 계보 확인 필요,-,-
F-0494,.claude/worktrees/research-skill-refactor-phase-2-8d3584/courses/바이브코딩/sessions/2주차/실습예제/mvp/calc_가상예산/index.html,1394,1b1cc7c894741fa4f65084dd562ea08c1f261002820997641f1857b94e246e7d,.html,HTML(문서),2주차,외부사본,커밋 없음(외부 worktree 사본·main 인덱스 밖),./style.css(있음);./script.js(있음),상태 확인 필요,F-0184,worktree 사본이나 본체 대응 경로(courses/바이브코딩/sessions/2주차/실습예제/mvp/calc_가상예산/index.html)와 SHA-256 불일치 · 신경로 동일 경로 대응,worktree판과 본체판의 내용 차이 미확인 — T11 계보 확인 필요,0(section 있으나 data-slide 0건),0
F-0495,.claude/worktrees/research-skill-refactor-phase-2-8d3584/courses/바이브코딩/sessions/2주차/실습예제/mvp/calc_가상예산/prd.md,1331,6859b3b60433fee4a29e4b25a594b6f942740f6b0a9e36347354e4f9beac3a92,.md,텍스트(Markdown),2주차,외부사본,커밋 없음(외부 worktree 사본·main 인덱스 밖),(참조 없음),상태 확인 필요,F-0185,worktree 사본이나 본체 대응 경로(courses/바이브코딩/sessions/2주차/실습예제/mvp/calc_가상예산/prd.md)와 SHA-256 불일치 · 신경로 동일 경로 대응,worktree판과 본체판의 내용 차이 미확인 — T11 계보 확인 필요,-,-
F-0496,.claude/worktrees/research-skill-refactor-phase-2-8d3584/courses/바이브코딩/sessions/2주차/실습예제/mvp/calc_가상예산/script.js,2067,3a0ad13e72b8711b78c81c7362407d243672168ea7ad32d0dc91ff486157a183,.js,텍스트(JS),2주차,외부사본,커밋 없음(외부 worktree 사본·main 인덱스 밖),(참조 없음),상태 확인 필요,F-0186,worktree 사본이나 본체 대응 경로(courses/바이브코딩/sessions/2주차/실습예제/mvp/calc_가상예산/script.js)와 SHA-256 불일치 · 신경로 동일 경로 대응,worktree판과 본체판의 내용 차이 미확인 — T11 계보 확인 필요,-,-
F-0497,.claude/worktrees/research-skill-refactor-phase-2-8d3584/courses/바이브코딩/sessions/2주차/실습예제/mvp/calc_가상예산/style.css,1655,1cc8da88bb43e0d91cee8b5f8c4547019bd5dc3b338ff1b979edfc9f3af22957,.css,텍스트(CSS),2주차,외부사본,커밋 없음(외부 worktree 사본·main 인덱스 밖),(참조 없음),상태 확인 필요,F-0187,worktree 사본이나 본체 대응 경로(courses/바이브코딩/sessions/2주차/실습예제/mvp/calc_가상예산/style.css)와 SHA-256 불일치 · 신경로 동일 경로 대응,worktree판과 본체판의 내용 차이 미확인 — T11 계보 확인 필요,-,-
F-0498,.claude/worktrees/research-skill-refactor-phase-2-8d3584/courses/바이브코딩/sessions/2주차/실습예제/mvp/convert_단위변환/index.html,947,555e2167f7a57d37b6a8ee4363329bb9a5fa383dcb91e5ab92580dc2f696405c,.html,HTML(문서),2주차,외부사본,커밋 없음(외부 worktree 사본·main 인덱스 밖),./style.css(있음);./script.js(있음),상태 확인 필요,F-0188,worktree 사본이나 본체 대응 경로(courses/바이브코딩/sessions/2주차/실습예제/mvp/convert_단위변환/index.html)와 SHA-256 불일치 · 신경로 동일 경로 대응,worktree판과 본체판의 내용 차이 미확인 — T11 계보 확인 필요,0(section 있으나 data-slide 0건),0
F-0499,.claude/worktrees/research-skill-refactor-phase-2-8d3584/courses/바이브코딩/sessions/2주차/실습예제/mvp/convert_단위변환/prd.md,993,01e27baec3def6b971b72da43813a162865cfa6421326640f1f710c4817655c2,.md,텍스트(Markdown),2주차,외부사본,커밋 없음(외부 worktree 사본·main 인덱스 밖),(참조 없음),상태 확인 필요,F-0189,worktree 사본이나 본체 대응 경로(courses/바이브코딩/sessions/2주차/실습예제/mvp/convert_단위변환/prd.md)와 SHA-256 불일치 · 신경로 동일 경로 대응,worktree판과 본체판의 내용 차이 미확인 — T11 계보 확인 필요,-,-
F-0500,.claude/worktrees/research-skill-refactor-phase-2-8d3584/courses/바이브코딩/sessions/2주차/실습예제/mvp/convert_단위변환/script.js,703,240c5d1586e6ded775bc6efa75668577772fe56ed6e25bc5f3aba34efaccfea5,.js,텍스트(JS),2주차,외부사본,커밋 없음(외부 worktree 사본·main 인덱스 밖),(참조 없음),상태 확인 필요,F-0190,worktree 사본이나 본체 대응 경로(courses/바이브코딩/sessions/2주차/실습예제/mvp/convert_단위변환/script.js)와 SHA-256 불일치 · 신경로 동일 경로 대응,worktree판과 본체판의 내용 차이 미확인 — T11 계보 확인 필요,-,-
F-0501,.claude/worktrees/research-skill-refactor-phase-2-8d3584/courses/바이브코딩/sessions/2주차/실습예제/mvp/convert_단위변환/style.css,1295,743fa071743d934255562c1d86838054582f83d6bc257991bac2807e868e394d,.css,텍스트(CSS),2주차,외부사본,커밋 없음(외부 worktree 사본·main 인덱스 밖),(참조 없음),상태 확인 필요,F-0191,worktree 사본이나 본체 대응 경로(courses/바이브코딩/sessions/2주차/실습예제/mvp/convert_단위변환/style.css)와 SHA-256 불일치 · 신경로 동일 경로 대응,worktree판과 본체판의 내용 차이 미확인 — T11 계보 확인 필요,-,-
F-0502,.claude/worktrees/research-skill-refactor-phase-2-8d3584/courses/바이브코딩/sessions/2주차/실습예제/mvp/pick_선택추천/index.html,1163,9a839ea251a3cfaebf172d5ae5935d7dc717a3c1cc5ceca645483205c2dea312,.html,HTML(문서),2주차,외부사본,커밋 없음(외부 worktree 사본·main 인덱스 밖),./style.css(있음);./script.js(있음),상태 확인 필요,F-0192,worktree 사본이나 본체 대응 경로(courses/바이브코딩/sessions/2주차/실습예제/mvp/pick_선택추천/index.html)와 SHA-256 불일치 · 신경로 동일 경로 대응,worktree판과 본체판의 내용 차이 미확인 — T11 계보 확인 필요,0(section 있으나 data-slide 0건),0
F-0503,.claude/worktrees/research-skill-refactor-phase-2-8d3584/courses/바이브코딩/sessions/2주차/실습예제/mvp/pick_선택추천/prd.md,1180,5ffb2448636849fc138b970b8fe996c50cb689125d69fbb3e9e48b09998d704e,.md,텍스트(Markdown),2주차,외부사본,커밋 없음(외부 worktree 사본·main 인덱스 밖),(참조 없음),상태 확인 필요,F-0193,worktree 사본이나 본체 대응 경로(courses/바이브코딩/sessions/2주차/실습예제/mvp/pick_선택추천/prd.md)와 SHA-256 불일치 · 신경로 동일 경로 대응,worktree판과 본체판의 내용 차이 미확인 — T11 계보 확인 필요,-,-
F-0504,.claude/worktrees/research-skill-refactor-phase-2-8d3584/courses/바이브코딩/sessions/2주차/실습예제/mvp/pick_선택추천/script.js,2171,7aac4f8d916518dc61fac85c8440fd0d4bc5ae232f181033da6728f0947eacbf,.js,텍스트(JS),2주차,외부사본,커밋 없음(외부 worktree 사본·main 인덱스 밖),(참조 없음),상태 확인 필요,F-0194,worktree 사본이나 본체 대응 경로(courses/바이브코딩/sessions/2주차/실습예제/mvp/pick_선택추천/script.js)와 SHA-256 불일치 · 신경로 동일 경로 대응,worktree판과 본체판의 내용 차이 미확인 — T11 계보 확인 필요,-,-
F-0505,.claude/worktrees/research-skill-refactor-phase-2-8d3584/courses/바이브코딩/sessions/2주차/실습예제/mvp/pick_선택추천/style.css,1520,db0444df5a9b015ac7821a56820563933725dc03cda492672e6c728d2ac43ccf,.css,텍스트(CSS),2주차,외부사본,커밋 없음(외부 worktree 사본·main 인덱스 밖),(참조 없음),상태 확인 필요,F-0195,worktree 사본이나 본체 대응 경로(courses/바이브코딩/sessions/2주차/실습예제/mvp/pick_선택추천/style.css)와 SHA-256 불일치 · 신경로 동일 경로 대응,worktree판과 본체판의 내용 차이 미확인 — T11 계보 확인 필요,-,-
F-0506,.claude/worktrees/research-skill-refactor-phase-2-8d3584/courses/바이브코딩/sessions/2주차/실습예제/mvp/timer_집중타이머/index.html,868,aae1848f4fe5204bc0eadcf2f4319d8534797111b89b2c17a69be4d60e2f1385,.html,HTML(문서),2주차,외부사본,커밋 없음(외부 worktree 사본·main 인덱스 밖),./style.css(있음);./script.js(있음),상태 확인 필요,F-0196,worktree 사본이나 본체 대응 경로(courses/바이브코딩/sessions/2주차/실습예제/mvp/timer_집중타이머/index.html)와 SHA-256 불일치 · 신경로 동일 경로 대응,worktree판과 본체판의 내용 차이 미확인 — T11 계보 확인 필요,0(section 있으나 data-slide 0건),0
F-0507,.claude/worktrees/research-skill-refactor-phase-2-8d3584/courses/바이브코딩/sessions/2주차/실습예제/mvp/timer_집중타이머/prd.md,1065,01dc20f094eea3135ea9bdfd7aa8fbf4974ea0bb45ed8505ad5b29b52a77d344,.md,텍스트(Markdown),2주차,외부사본,커밋 없음(외부 worktree 사본·main 인덱스 밖),(참조 없음),상태 확인 필요,F-0197,worktree 사본이나 본체 대응 경로(courses/바이브코딩/sessions/2주차/실습예제/mvp/timer_집중타이머/prd.md)와 SHA-256 불일치 · 신경로 동일 경로 대응,worktree판과 본체판의 내용 차이 미확인 — T11 계보 확인 필요,-,-
F-0508,.claude/worktrees/research-skill-refactor-phase-2-8d3584/courses/바이브코딩/sessions/2주차/실습예제/mvp/timer_집중타이머/script.js,1446,b28766f3b394fe5c0d3b6d995a9173be3c187e36d889be3c4b122ae1385918a4,.js,텍스트(JS),2주차,외부사본,커밋 없음(외부 worktree 사본·main 인덱스 밖),(참조 없음),상태 확인 필요,F-0198,worktree 사본이나 본체 대응 경로(courses/바이브코딩/sessions/2주차/실습예제/mvp/timer_집중타이머/script.js)와 SHA-256 불일치 · 신경로 동일 경로 대응,worktree판과 본체판의 내용 차이 미확인 — T11 계보 확인 필요,-,-
F-0509,.claude/worktrees/research-skill-refactor-phase-2-8d3584/courses/바이브코딩/sessions/2주차/실습예제/mvp/timer_집중타이머/style.css,1468,887694a792db88c02636f10d7d02483b1e458bfedea8f9b11078300ca64020c5,.css,텍스트(CSS),2주차,외부사본,커밋 없음(외부 worktree 사본·main 인덱스 밖),(참조 없음),상태 확인 필요,F-0199,worktree 사본이나 본체 대응 경로(courses/바이브코딩/sessions/2주차/실습예제/mvp/timer_집중타이머/style.css)와 SHA-256 불일치 · 신경로 동일 경로 대응,worktree판과 본체판의 내용 차이 미확인 — T11 계보 확인 필요,-,-
F-0510,.claude/worktrees/research-skill-refactor-phase-2-8d3584/courses/바이브코딩/sessions/2주차/실습예제/이탈재현/case_abspath/broken/index.html,1438,eea3d76202252b92f00c3731dcb064448e2129ff1ee721f84e7691d5944927aa,.html,HTML(문서),2주차,외부사본,커밋 없음(외부 worktree 사본·main 인덱스 밖),file:///C:/Users/lecture/Desktop/앵커공유/style.css(없음);file:///C:/Users/lecture/Pictures/앵커로고.png(없음);./script.js(있음),상태 확인 필요,F-0200,worktree 사본이나 본체 대응 경로(courses/바이브코딩/sessions/2주차/실습예제/이탈재현/case_abspath/broken/index.html)와 SHA-256 불일치 · 신경로 동일 경로 대응,worktree판과 본체판의 내용 차이 미확인 — T11 계보 확인 필요,0(section 태그 자체 없음),0
F-0511,.claude/worktrees/research-skill-refactor-phase-2-8d3584/courses/바이브코딩/sessions/2주차/실습예제/이탈재현/case_abspath/broken/script.js,838,1b8b1843ff47d2d43f037f9e3232a32f53c24e61d43db362a59332a23f062f7c,.js,텍스트(JS),2주차,외부사본,커밋 없음(외부 worktree 사본·main 인덱스 밖),(참조 없음),상태 확인 필요,F-0201,worktree 사본이나 본체 대응 경로(courses/바이브코딩/sessions/2주차/실습예제/이탈재현/case_abspath/broken/script.js)와 SHA-256 불일치 · 신경로 동일 경로 대응,worktree판과 본체판의 내용 차이 미확인 — T11 계보 확인 필요,-,-
F-0512,.claude/worktrees/research-skill-refactor-phase-2-8d3584/courses/바이브코딩/sessions/2주차/실습예제/이탈재현/case_abspath/broken/설명.md,2194,86dfda568685769273fa6b16a445e89f612b5186be2966c769552534bb5cd422,.md,텍스트(Markdown),2주차,외부사본,커밋 없음(외부 worktree 사본·main 인덱스 밖),assets/logo.svg(없음),상태 확인 필요,F-0202,worktree 사본이나 본체 대응 경로(courses/바이브코딩/sessions/2주차/실습예제/이탈재현/case_abspath/broken/설명.md)와 SHA-256 불일치 · 신경로 동일 경로 대응,worktree판과 본체판의 내용 차이 미확인 — T11 계보 확인 필요,-,-
F-0513,.claude/worktrees/research-skill-refactor-phase-2-8d3584/courses/바이브코딩/sessions/2주차/실습예제/이탈재현/case_abspath/fixed/assets/logo.svg,327,21b194cf558b1557f2d8767f0f1773821c7a18bc82ea4a958790c149e54697b1,.svg,SVG,2주차,외부사본,커밋 없음(외부 worktree 사본·main 인덱스 밖),(참조 없음),상태 확인 필요,F-0203,worktree 사본이나 본체 대응 경로(courses/바이브코딩/sessions/2주차/실습예제/이탈재현/case_abspath/fixed/assets/logo.svg)와 SHA-256 불일치 · 신경로 동일 경로 대응,worktree판과 본체판의 내용 차이 미확인 — T11 계보 확인 필요,-,-
F-0514,.claude/worktrees/research-skill-refactor-phase-2-8d3584/courses/바이브코딩/sessions/2주차/실습예제/이탈재현/case_abspath/fixed/index.html,1045,8f061b56cf4da2e8b42fec447ef9912c1a696846b3d04a6e542d57bccd06d3f6,.html,HTML(문서),2주차,외부사본,커밋 없음(외부 worktree 사본·main 인덱스 밖),./style.css(있음);assets/logo.svg(있음);./script.js(있음),상태 확인 필요,F-0204,worktree 사본이나 본체 대응 경로(courses/바이브코딩/sessions/2주차/실습예제/이탈재현/case_abspath/fixed/index.html)와 SHA-256 불일치 · 신경로 동일 경로 대응,worktree판과 본체판의 내용 차이 미확인 — T11 계보 확인 필요,0(section 태그 자체 없음),0
F-0515,.claude/worktrees/research-skill-refactor-phase-2-8d3584/courses/바이브코딩/sessions/2주차/실습예제/이탈재현/case_abspath/fixed/script.js,838,1b8b1843ff47d2d43f037f9e3232a32f53c24e61d43db362a59332a23f062f7c,.js,텍스트(JS),2주차,외부사본,커밋 없음(외부 worktree 사본·main 인덱스 밖),(참조 없음),상태 확인 필요,F-0205,worktree 사본이나 본체 대응 경로(courses/바이브코딩/sessions/2주차/실습예제/이탈재현/case_abspath/fixed/script.js)와 SHA-256 불일치 · 신경로 동일 경로 대응,worktree판과 본체판의 내용 차이 미확인 — T11 계보 확인 필요,-,-
F-0516,.claude/worktrees/research-skill-refactor-phase-2-8d3584/courses/바이브코딩/sessions/2주차/실습예제/이탈재현/case_abspath/fixed/style.css,1169,ffcf9f9c0f8d717485ca304632a3949299fa85c2ba0b45538b11745f625918e2,.css,텍스트(CSS),2주차,외부사본,커밋 없음(외부 worktree 사본·main 인덱스 밖),(참조 없음),상태 확인 필요,F-0206,worktree 사본이나 본체 대응 경로(courses/바이브코딩/sessions/2주차/실습예제/이탈재현/case_abspath/fixed/style.css)와 SHA-256 불일치 · 신경로 동일 경로 대응,worktree판과 본체판의 내용 차이 미확인 — T11 계보 확인 필요,-,-
F-0517,.claude/worktrees/research-skill-refactor-phase-2-8d3584/courses/바이브코딩/sessions/2주차/실습예제/이탈재현/case_fetch/broken/data.json,67,b1a2c63a4842b221b293e00a7c19876d24d755bc0bf731bedcdbe56e1e9034e9,.json,JSON,2주차,외부사본,커밋 없음(외부 worktree 사본·main 인덱스 밖),(참조 없음),상태 확인 필요,F-0207,worktree 사본이나 본체 대응 경로(courses/바이브코딩/sessions/2주차/실습예제/이탈재현/case_fetch/broken/data.json)와 SHA-256 불일치 · 신경로 동일 경로 대응,worktree판과 본체판의 내용 차이 미확인 — T11 계보 확인 필요,-,-
F-0518,.claude/worktrees/research-skill-refactor-phase-2-8d3584/courses/바이브코딩/sessions/2주차/실습예제/이탈재현/case_fetch/broken/index.html,737,5e981d72fd35b20cb4ebeab45f39fa5b20833e45fa178edcec0188e42d772810,.html,HTML(문서),2주차,외부사본,커밋 없음(외부 worktree 사본·main 인덱스 밖),./style.css(있음);./script.js(있음),상태 확인 필요,F-0208,worktree 사본이나 본체 대응 경로(courses/바이브코딩/sessions/2주차/실습예제/이탈재현/case_fetch/broken/index.html)와 SHA-256 불일치 · 신경로 동일 경로 대응,worktree판과 본체판의 내용 차이 미확인 — T11 계보 확인 필요,0(section 태그 자체 없음),0
F-0519,.claude/worktrees/research-skill-refactor-phase-2-8d3584/courses/바이브코딩/sessions/2주차/실습예제/이탈재현/case_fetch/broken/script.js,1358,b2352d5897fbed33e55228b179aea5c55331805fcbeb00b2231f810d1fc608d8,.js,텍스트(JS),2주차,외부사본,커밋 없음(외부 worktree 사본·main 인덱스 밖),(참조 없음),상태 확인 필요,F-0209,worktree 사본이나 본체 대응 경로(courses/바이브코딩/sessions/2주차/실습예제/이탈재현/case_fetch/broken/script.js)와 SHA-256 불일치 · 신경로 동일 경로 대응,worktree판과 본체판의 내용 차이 미확인 — T11 계보 확인 필요,-,-
F-0520,.claude/worktrees/research-skill-refactor-phase-2-8d3584/courses/바이브코딩/sessions/2주차/실습예제/이탈재현/case_fetch/broken/style.css,1033,2f0c7f84b9b0c86f75a091959ccbc35c84df66fb28fff9b145098dfa2cff3265,.css,텍스트(CSS),2주차,외부사본,커밋 없음(외부 worktree 사본·main 인덱스 밖),(참조 없음),상태 확인 필요,F-0210,worktree 사본이나 본체 대응 경로(courses/바이브코딩/sessions/2주차/실습예제/이탈재현/case_fetch/broken/style.css)와 SHA-256 불일치 · 신경로 동일 경로 대응,worktree판과 본체판의 내용 차이 미확인 — T11 계보 확인 필요,-,-
F-0521,.claude/worktrees/research-skill-refactor-phase-2-8d3584/courses/바이브코딩/sessions/2주차/실습예제/이탈재현/case_fetch/broken/설명.md,1831,00fa59ae3466304236aadb82ee0e92fb0fd331ff582993fae2250b7c48242cb1,.md,텍스트(Markdown),2주차,외부사본,커밋 없음(외부 worktree 사본·main 인덱스 밖),(참조 없음),상태 확인 필요,F-0211,worktree 사본이나 본체 대응 경로(courses/바이브코딩/sessions/2주차/실습예제/이탈재현/case_fetch/broken/설명.md)와 SHA-256 불일치 · 신경로 동일 경로 대응,worktree판과 본체판의 내용 차이 미확인 — T11 계보 확인 필요,-,-
F-0522,.claude/worktrees/research-skill-refactor-phase-2-8d3584/courses/바이브코딩/sessions/2주차/실습예제/이탈재현/case_fetch/fixed/index.html,737,5e981d72fd35b20cb4ebeab45f39fa5b20833e45fa178edcec0188e42d772810,.html,HTML(문서),2주차,외부사본,커밋 없음(외부 worktree 사본·main 인덱스 밖),./style.css(있음);./script.js(있음),상태 확인 필요,F-0212,worktree 사본이나 본체 대응 경로(courses/바이브코딩/sessions/2주차/실습예제/이탈재현/case_fetch/fixed/index.html)와 SHA-256 불일치 · 신경로 동일 경로 대응,worktree판과 본체판의 내용 차이 미확인 — T11 계보 확인 필요,0(section 태그 자체 없음),0
F-0523,.claude/worktrees/research-skill-refactor-phase-2-8d3584/courses/바이브코딩/sessions/2주차/실습예제/이탈재현/case_fetch/fixed/script.js,940,3423f14fa2f5e37fc8c7b08dbf90acb620bd0761d64162c31f50dc6dad819353,.js,텍스트(JS),2주차,외부사본,커밋 없음(외부 worktree 사본·main 인덱스 밖),(참조 없음),상태 확인 필요,F-0213,worktree 사본이나 본체 대응 경로(courses/바이브코딩/sessions/2주차/실습예제/이탈재현/case_fetch/fixed/script.js)와 SHA-256 불일치 · 신경로 동일 경로 대응,worktree판과 본체판의 내용 차이 미확인 — T11 계보 확인 필요,-,-
F-0524,.claude/worktrees/research-skill-refactor-phase-2-8d3584/courses/바이브코딩/sessions/2주차/실습예제/이탈재현/case_fetch/fixed/style.css,1033,2f0c7f84b9b0c86f75a091959ccbc35c84df66fb28fff9b145098dfa2cff3265,.css,텍스트(CSS),2주차,외부사본,커밋 없음(외부 worktree 사본·main 인덱스 밖),(참조 없음),상태 확인 필요,F-0214,worktree 사본이나 본체 대응 경로(courses/바이브코딩/sessions/2주차/실습예제/이탈재현/case_fetch/fixed/style.css)와 SHA-256 불일치 · 신경로 동일 경로 대응,worktree판과 본체판의 내용 차이 미확인 — T11 계보 확인 필요,-,-
F-0525,.claude/worktrees/research-skill-refactor-phase-2-8d3584/courses/바이브코딩/sessions/2주차/실습예제/이탈재현/case_filename/broken/index.html,851,314eceff4608b8d8777033a4d534b91084b65e037c4b1171d49f218a0a64d643,.html,HTML(문서),2주차,외부사본,커밋 없음(외부 worktree 사본·main 인덱스 밖),./style.css(없음);./script.js(있음),상태 확인 필요,F-0215,worktree 사본이나 본체 대응 경로(courses/바이브코딩/sessions/2주차/실습예제/이탈재현/case_filename/broken/index.html)와 SHA-256 불일치 · 신경로 동일 경로 대응,worktree판과 본체판의 내용 차이 미확인 — T11 계보 확인 필요,0(section 태그 자체 없음),0
F-0526,.claude/worktrees/research-skill-refactor-phase-2-8d3584/courses/바이브코딩/sessions/2주차/실습예제/이탈재현/case_filename/broken/script.js,838,1b8b1843ff47d2d43f037f9e3232a32f53c24e61d43db362a59332a23f062f7c,.js,텍스트(JS),2주차,외부사본,커밋 없음(외부 worktree 사본·main 인덱스 밖),(참조 없음),상태 확인 필요,F-0216,worktree 사본이나 본체 대응 경로(courses/바이브코딩/sessions/2주차/실습예제/이탈재현/case_filename/broken/script.js)와 SHA-256 불일치 · 신경로 동일 경로 대응,worktree판과 본체판의 내용 차이 미확인 — T11 계보 확인 필요,-,-
F-0527,.claude/worktrees/research-skill-refactor-phase-2-8d3584/courses/바이브코딩/sessions/2주차/실습예제/이탈재현/case_filename/broken/styles.css,1156,bc901d7af999c72bf4a94da87fb4308404a9b2a5c6d8ea577c6e1d5b26ffb730,.css,텍스트(CSS),2주차,외부사본,커밋 없음(외부 worktree 사본·main 인덱스 밖),(참조 없음),상태 확인 필요,F-0217,worktree 사본이나 본체 대응 경로(courses/바이브코딩/sessions/2주차/실습예제/이탈재현/case_filename/broken/styles.css)와 SHA-256 불일치 · 신경로 동일 경로 대응,worktree판과 본체판의 내용 차이 미확인 — T11 계보 확인 필요,-,-
F-0528,.claude/worktrees/research-skill-refactor-phase-2-8d3584/courses/바이브코딩/sessions/2주차/실습예제/이탈재현/case_filename/broken/설명.md,1724,087a0ca30c56dea5e7ec17f0eaac3a67f6e0c42b187393899d7ea52c582779e7,.md,텍스트(Markdown),2주차,외부사본,커밋 없음(외부 worktree 사본·main 인덱스 밖),(참조 없음),상태 확인 필요,F-0218,worktree 사본이나 본체 대응 경로(courses/바이브코딩/sessions/2주차/실습예제/이탈재현/case_filename/broken/설명.md)와 SHA-256 불일치 · 신경로 동일 경로 대응,worktree판과 본체판의 내용 차이 미확인 — T11 계보 확인 필요,-,-
F-0529,.claude/worktrees/research-skill-refactor-phase-2-8d3584/courses/바이브코딩/sessions/2주차/실습예제/이탈재현/case_filename/fixed/index.html,825,3d0240d68a205cd341d4d18cb46b35dc1593c05350cff7fb36ca8b28f4b7d945,.html,HTML(문서),2주차,외부사본,커밋 없음(외부 worktree 사본·main 인덱스 밖),./style.css(있음);./script.js(있음),상태 확인 필요,F-0219,worktree 사본이나 본체 대응 경로(courses/바이브코딩/sessions/2주차/실습예제/이탈재현/case_filename/fixed/index.html)와 SHA-256 불일치 · 신경로 동일 경로 대응,worktree판과 본체판의 내용 차이 미확인 — T11 계보 확인 필요,0(section 태그 자체 없음),0
F-0530,.claude/worktrees/research-skill-refactor-phase-2-8d3584/courses/바이브코딩/sessions/2주차/실습예제/이탈재현/case_filename/fixed/script.js,838,1b8b1843ff47d2d43f037f9e3232a32f53c24e61d43db362a59332a23f062f7c,.js,텍스트(JS),2주차,외부사본,커밋 없음(외부 worktree 사본·main 인덱스 밖),(참조 없음),상태 확인 필요,F-0220,worktree 사본이나 본체 대응 경로(courses/바이브코딩/sessions/2주차/실습예제/이탈재현/case_filename/fixed/script.js)와 SHA-256 불일치 · 신경로 동일 경로 대응,worktree판과 본체판의 내용 차이 미확인 — T11 계보 확인 필요,-,-
F-0531,.claude/worktrees/research-skill-refactor-phase-2-8d3584/courses/바이브코딩/sessions/2주차/실습예제/이탈재현/case_filename/fixed/style.css,1033,2f0c7f84b9b0c86f75a091959ccbc35c84df66fb28fff9b145098dfa2cff3265,.css,텍스트(CSS),2주차,외부사본,커밋 없음(외부 worktree 사본·main 인덱스 밖),(참조 없음),상태 확인 필요,F-0221,worktree 사본이나 본체 대응 경로(courses/바이브코딩/sessions/2주차/실습예제/이탈재현/case_filename/fixed/style.css)와 SHA-256 불일치 · 신경로 동일 경로 대응,worktree판과 본체판의 내용 차이 미확인 — T11 계보 확인 필요,-,-
F-0532,.claude/worktrees/research-skill-refactor-phase-2-8d3584/courses/바이브코딩/sessions/2주차/실습예제/이탈재현/case_module/broken/data.js,255,cf21ea605a432bec9e113fe94e2f26917e5c4e0f718c8fb1140458ddf09ff907,.js,텍스트(JS),2주차,외부사본,커밋 없음(외부 worktree 사본·main 인덱스 밖),(참조 없음),상태 확인 필요,F-0222,worktree 사본이나 본체 대응 경로(courses/바이브코딩/sessions/2주차/실습예제/이탈재현/case_module/broken/data.js)와 SHA-256 불일치 · 신경로 동일 경로 대응,worktree판과 본체판의 내용 차이 미확인 — T11 계보 확인 필요,-,-
F-0533,.claude/worktrees/research-skill-refactor-phase-2-8d3584/courses/바이브코딩/sessions/2주차/실습예제/이탈재현/case_module/broken/index.html,861,512da397b1696d6c67af4ae2ee2f7048bbf4783e52fa60a593111c8f942d15f7,.html,HTML(문서),2주차,외부사본,커밋 없음(외부 worktree 사본·main 인덱스 밖),./style.css(있음);./script.js(있음),상태 확인 필요,F-0223,worktree 사본이나 본체 대응 경로(courses/바이브코딩/sessions/2주차/실습예제/이탈재현/case_module/broken/index.html)와 SHA-256 불일치 · 신경로 동일 경로 대응,worktree판과 본체판의 내용 차이 미확인 — T11 계보 확인 필요,0(section 태그 자체 없음),0
F-0534,.claude/worktrees/research-skill-refactor-phase-2-8d3584/courses/바이브코딩/sessions/2주차/실습예제/이탈재현/case_module/broken/script.js,1067,bf1c30d4bae8799f6d02b9da68dc8c69c9ea1bd6205eacc4f4bcca1ff5b25671,.js,텍스트(JS),2주차,외부사본,커밋 없음(외부 worktree 사본·main 인덱스 밖),(참조 없음),상태 확인 필요,F-0224,worktree 사본이나 본체 대응 경로(courses/바이브코딩/sessions/2주차/실습예제/이탈재현/case_module/broken/script.js)와 SHA-256 불일치 · 신경로 동일 경로 대응,worktree판과 본체판의 내용 차이 미확인 — T11 계보 확인 필요,-,-
F-0535,.claude/worktrees/research-skill-refactor-phase-2-8d3584/courses/바이브코딩/sessions/2주차/실습예제/이탈재현/case_module/broken/style.css,1033,2f0c7f84b9b0c86f75a091959ccbc35c84df66fb28fff9b145098dfa2cff3265,.css,텍스트(CSS),2주차,외부사본,커밋 없음(외부 worktree 사본·main 인덱스 밖),(참조 없음),상태 확인 필요,F-0225,worktree 사본이나 본체 대응 경로(courses/바이브코딩/sessions/2주차/실습예제/이탈재현/case_module/broken/style.css)와 SHA-256 불일치 · 신경로 동일 경로 대응,worktree판과 본체판의 내용 차이 미확인 — T11 계보 확인 필요,-,-
F-0536,.claude/worktrees/research-skill-refactor-phase-2-8d3584/courses/바이브코딩/sessions/2주차/실습예제/이탈재현/case_module/broken/설명.md,1862,c450ec3da45552171c666b08a1f4ae01c8eddc7753114dbb9800ce50a095321d,.md,텍스트(Markdown),2주차,외부사본,커밋 없음(외부 worktree 사본·main 인덱스 밖),./script.js(있음),상태 확인 필요,F-0226,worktree 사본이나 본체 대응 경로(courses/바이브코딩/sessions/2주차/실습예제/이탈재현/case_module/broken/설명.md)와 SHA-256 불일치 · 신경로 동일 경로 대응,worktree판과 본체판의 내용 차이 미확인 — T11 계보 확인 필요,-,-
F-0537,.claude/worktrees/research-skill-refactor-phase-2-8d3584/courses/바이브코딩/sessions/2주차/실습예제/이탈재현/case_module/fixed/index.html,814,e7f96bd8f23bdc891ffeee007085516e10cf72c96a1f2574f3f40138afa73899,.html,HTML(문서),2주차,외부사본,커밋 없음(외부 worktree 사본·main 인덱스 밖),./style.css(있음);./script.js(있음),상태 확인 필요,F-0227,worktree 사본이나 본체 대응 경로(courses/바이브코딩/sessions/2주차/실습예제/이탈재현/case_module/fixed/index.html)와 SHA-256 불일치 · 신경로 동일 경로 대응,worktree판과 본체판의 내용 차이 미확인 — T11 계보 확인 필요,0(section 태그 자체 없음),0
F-0538,.claude/worktrees/research-skill-refactor-phase-2-8d3584/courses/바이브코딩/sessions/2주차/실습예제/이탈재현/case_module/fixed/script.js,930,0f63520ab5e29a7e43e19edf169705831c0722be12f28baa1bcaeae0727bf2d3,.js,텍스트(JS),2주차,외부사본,커밋 없음(외부 worktree 사본·main 인덱스 밖),(참조 없음),상태 확인 필요,F-0228,worktree 사본이나 본체 대응 경로(courses/바이브코딩/sessions/2주차/실습예제/이탈재현/case_module/fixed/script.js)와 SHA-256 불일치 · 신경로 동일 경로 대응,worktree판과 본체판의 내용 차이 미확인 — T11 계보 확인 필요,-,-
F-0539,.claude/worktrees/research-skill-refactor-phase-2-8d3584/courses/바이브코딩/sessions/2주차/실습예제/이탈재현/case_module/fixed/style.css,1033,2f0c7f84b9b0c86f75a091959ccbc35c84df66fb28fff9b145098dfa2cff3265,.css,텍스트(CSS),2주차,외부사본,커밋 없음(외부 worktree 사본·main 인덱스 밖),(참조 없음),상태 확인 필요,F-0229,worktree 사본이나 본체 대응 경로(courses/바이브코딩/sessions/2주차/실습예제/이탈재현/case_module/fixed/style.css)와 SHA-256 불일치 · 신경로 동일 경로 대응,worktree판과 본체판의 내용 차이 미확인 — T11 계보 확인 필요,-,-
F-0540,.claude/worktrees/research-skill-refactor-phase-2-8d3584/courses/바이브코딩/sessions/2주차/실습예제/이탈재현/case_subfolder/broken/pages/index.html,968,92cedfa6203608af50bcd3eeaa60c425e87cc9b0b2fd8aa43837812806d88adb,.html,HTML(문서),2주차,외부사본,커밋 없음(외부 worktree 사본·main 인덱스 밖),../style.css(없음);../script.js(없음),상태 확인 필요,F-0230,worktree 사본이나 본체 대응 경로(courses/바이브코딩/sessions/2주차/실습예제/이탈재현/case_subfolder/broken/pages/index.html)와 SHA-256 불일치 · 신경로 동일 경로 대응,worktree판과 본체판의 내용 차이 미확인 — T11 계보 확인 필요,0(section 태그 자체 없음),0
F-0541,.claude/worktrees/research-skill-refactor-phase-2-8d3584/courses/바이브코딩/sessions/2주차/실습예제/이탈재현/case_subfolder/broken/pages/script.js,952,d7f8dc655fbe1d3d3a0507fb0f5e6fbcde9a52fd0207cf2af9d589a39223b4ec,.js,텍스트(JS),2주차,외부사본,커밋 없음(외부 worktree 사본·main 인덱스 밖),(참조 없음),상태 확인 필요,F-0231,worktree 사본이나 본체 대응 경로(courses/바이브코딩/sessions/2주차/실습예제/이탈재현/case_subfolder/broken/pages/script.js)와 SHA-256 불일치 · 신경로 동일 경로 대응,worktree판과 본체판의 내용 차이 미확인 — T11 계보 확인 필요,-,-
F-0542,.claude/worktrees/research-skill-refactor-phase-2-8d3584/courses/바이브코딩/sessions/2주차/실습예제/이탈재현/case_subfolder/broken/pages/style.css,1033,2f0c7f84b9b0c86f75a091959ccbc35c84df66fb28fff9b145098dfa2cff3265,.css,텍스트(CSS),2주차,외부사본,커밋 없음(외부 worktree 사본·main 인덱스 밖),(참조 없음),상태 확인 필요,F-0232,worktree 사본이나 본체 대응 경로(courses/바이브코딩/sessions/2주차/실습예제/이탈재현/case_subfolder/broken/pages/style.css)와 SHA-256 불일치 · 신경로 동일 경로 대응,worktree판과 본체판의 내용 차이 미확인 — T11 계보 확인 필요,-,-
F-0543,.claude/worktrees/research-skill-refactor-phase-2-8d3584/courses/바이브코딩/sessions/2주차/실습예제/이탈재현/case_subfolder/broken/설명.md,1981,35c74c126054d87b43676a95066c54a30eb4c6a06be5c7ec156bbb4bc4cfabd2,.md,텍스트(Markdown),2주차,외부사본,커밋 없음(외부 worktree 사본·main 인덱스 밖),(참조 없음),상태 확인 필요,F-0233,worktree 사본이나 본체 대응 경로(courses/바이브코딩/sessions/2주차/실습예제/이탈재현/case_subfolder/broken/설명.md)와 SHA-256 불일치 · 신경로 동일 경로 대응,worktree판과 본체판의 내용 차이 미확인 — T11 계보 확인 필요,-,-
F-0544,.claude/worktrees/research-skill-refactor-phase-2-8d3584/courses/바이브코딩/sessions/2주차/실습예제/이탈재현/case_subfolder/fixed/index.html,853,7c317870fd0a93a6ff9fc286729fc1aa835919dbd30856f9b1a17f2f72025a20,.html,HTML(문서),2주차,외부사본,커밋 없음(외부 worktree 사본·main 인덱스 밖),./style.css(있음);./script.js(있음),상태 확인 필요,F-0234,worktree 사본이나 본체 대응 경로(courses/바이브코딩/sessions/2주차/실습예제/이탈재현/case_subfolder/fixed/index.html)와 SHA-256 불일치 · 신경로 동일 경로 대응,worktree판과 본체판의 내용 차이 미확인 — T11 계보 확인 필요,0(section 태그 자체 없음),0
F-0545,.claude/worktrees/research-skill-refactor-phase-2-8d3584/courses/바이브코딩/sessions/2주차/실습예제/이탈재현/case_subfolder/fixed/script.js,838,1b8b1843ff47d2d43f037f9e3232a32f53c24e61d43db362a59332a23f062f7c,.js,텍스트(JS),2주차,외부사본,커밋 없음(외부 worktree 사본·main 인덱스 밖),(참조 없음),상태 확인 필요,F-0235,worktree 사본이나 본체 대응 경로(courses/바이브코딩/sessions/2주차/실습예제/이탈재현/case_subfolder/fixed/script.js)와 SHA-256 불일치 · 신경로 동일 경로 대응,worktree판과 본체판의 내용 차이 미확인 — T11 계보 확인 필요,-,-
F-0546,.claude/worktrees/research-skill-refactor-phase-2-8d3584/courses/바이브코딩/sessions/2주차/실습예제/이탈재현/case_subfolder/fixed/style.css,1033,2f0c7f84b9b0c86f75a091959ccbc35c84df66fb28fff9b145098dfa2cff3265,.css,텍스트(CSS),2주차,외부사본,커밋 없음(외부 worktree 사본·main 인덱스 밖),(참조 없음),상태 확인 필요,F-0236,worktree 사본이나 본체 대응 경로(courses/바이브코딩/sessions/2주차/실습예제/이탈재현/case_subfolder/fixed/style.css)와 SHA-256 불일치 · 신경로 동일 경로 대응,worktree판과 본체판의 내용 차이 미확인 — T11 계보 확인 필요,-,-
F-0547,.claude/worktrees/research-skill-refactor-phase-2-8d3584/courses/바이브코딩/sessions/2주차/자료/2주차_PHASE3_인수.md,4922,a3c3f832a0e3d374a7e899f10a3e666c57d8e05172dbc91cf02866d4c21a31f3,.md,텍스트(Markdown),2주차,외부사본,커밋 없음(외부 worktree 사본·main 인덱스 밖),2주차_최종수정계획.md(없음),상태 확인 필요,F-0237,worktree 사본이나 본체 대응 경로(courses/바이브코딩/sessions/2주차/자료/2주차_PHASE3_인수.md)와 SHA-256 불일치 · 신경로 동일 경로 대응,worktree판과 본체판의 내용 차이 미확인 — T11 계보 확인 필요,-,-
F-0548,.claude/worktrees/research-skill-refactor-phase-2-8d3584/courses/바이브코딩/sessions/2주차/자료/2주차_개념KB.md,311315,2d0a87cf2593c6b2c855d4dcb50c9225b31011fcdb6467ed2f38072b77c08c9a,.md,텍스트(Markdown),2주차,외부사본,커밋 없음(외부 worktree 사본·main 인덱스 밖),./style.css(없음);./script.js(없음),상태 확인 필요,F-0238,worktree 사본이나 본체 대응 경로(courses/바이브코딩/sessions/2주차/자료/2주차_개념KB.md)와 SHA-256 불일치 · 신경로 동일 경로 대응,worktree판과 본체판의 내용 차이 미확인 — T11 계보 확인 필요,-,-
F-0549,.claude/worktrees/research-skill-refactor-phase-2-8d3584/courses/바이브코딩/sessions/2주차/자료/2주차_결정요청사항.md,24701,b87817d88e1b9e19c333d9b5eeff2922095566e0a5682e2e20f2aa776d0c714f,.md,텍스트(Markdown),2주차,외부사본,커밋 없음(외부 worktree 사본·main 인덱스 밖),(참조 없음),상태 확인 필요,F-0239,worktree 사본이나 본체 대응 경로(courses/바이브코딩/sessions/2주차/자료/2주차_결정요청사항.md)와 SHA-256 불일치 · 신경로 동일 경로 대응,worktree판과 본체판의 내용 차이 미확인 — T11 계보 확인 필요,-,-
F-0550,.claude/worktrees/research-skill-refactor-phase-2-8d3584/courses/바이브코딩/sessions/2주차/자료/2주차_상세강의설계.md,100065,517fd3ad17b4c0460463228514f9a7fd233ef1adce34ed6aa6999012971f4fc4,.md,텍스트(Markdown),2주차,외부사본,커밋 없음(외부 worktree 사본·main 인덱스 밖),(참조 없음),상태 확인 필요,F-0240,worktree 사본이나 본체 대응 경로(courses/바이브코딩/sessions/2주차/자료/2주차_상세강의설계.md)와 SHA-256 불일치 · 신경로 동일 경로 대응,worktree판과 본체판의 내용 차이 미확인 — T11 계보 확인 필요,-,-
F-0551,.claude/worktrees/research-skill-refactor-phase-2-8d3584/courses/바이브코딩/sessions/2주차/자료/2주차_실습안_검증결과.md,87130,948c784db9b224c4948617f9a94e5a9d3ba114a2c4bfc8b4ca8dcde8f3ab6d1d,.md,텍스트(Markdown),2주차,외부사본,커밋 없음(외부 worktree 사본·main 인덱스 밖),(참조 없음),상태 확인 필요,F-0241,worktree 사본이나 본체 대응 경로(courses/바이브코딩/sessions/2주차/자료/2주차_실습안_검증결과.md)와 SHA-256 불일치 · 신경로 동일 경로 대응,worktree판과 본체판의 내용 차이 미확인 — T11 계보 확인 필요,-,-
F-0552,.claude/worktrees/research-skill-refactor-phase-2-8d3584/courses/바이브코딩/sessions/2주차/자료/2주차_이미지-명세.md,100235,3c36a2bedfac926a77ce000b021f5324a7484ec151c32d0832a0dc3c5d681c9e,.md,텍스트(Markdown),2주차,외부사본,커밋 없음(외부 worktree 사본·main 인덱스 밖),(참조 없음),상태 확인 필요,F-0242,worktree 사본이나 본체 대응 경로(courses/바이브코딩/sessions/2주차/자료/2주차_이미지-명세.md)와 SHA-256 불일치 · 신경로 동일 경로 대응,worktree판과 본체판의 내용 차이 미확인 — T11 계보 확인 필요,-,-
F-0553,.claude/worktrees/research-skill-refactor-phase-2-8d3584/courses/바이브코딩/sessions/2주차/자료/2주차_이미지-제작지시.md,84578,b0962d43f1b6dd91580c0146372eb0b2f0d2dbe48ce8a32e8f5d4828a51b7bf3,.md,텍스트(Markdown),2주차,외부사본,커밋 없음(외부 worktree 사본·main 인덱스 밖),(참조 없음),중복본,F-0243,worktree 사본 · 본체 대응 경로(courses/바이브코딩/sessions/2주차/자료/2주차_이미지-제작지시.md)와 SHA-256 일치 · 신경로 동일 경로 대응,-,-,-
F-0554,.claude/worktrees/research-skill-refactor-phase-2-8d3584/courses/바이브코딩/sessions/2주차/자료/2주차_이미지-프롬프트.md,5614,d4c5f8b36c1a5ab5f24a0ef6de17aaa313fc9745fb1e9c19c34d5aa6a00388c2,.md,텍스트(Markdown),2주차,외부사본,커밋 없음(외부 worktree 사본·main 인덱스 밖),(참조 없음),중복본,F-0244,worktree 사본 · 본체 대응 경로(courses/바이브코딩/sessions/2주차/자료/2주차_이미지-프롬프트.md)와 SHA-256 일치 · 신경로 동일 경로 대응,-,-,-
F-0555,.claude/worktrees/research-skill-refactor-phase-2-8d3584/courses/바이브코딩/sessions/2주차/자료/2주차_출처레지스트리.md,129191,cf02510e580abe2896835b5f1fcae799a2c77ef955959704db2f4afc06c0a50b,.md,텍스트(Markdown),2주차,외부사본,커밋 없음(외부 worktree 사본·main 인덱스 밖),main.css(없음),상태 확인 필요,F-0245,worktree 사본이나 본체 대응 경로(courses/바이브코딩/sessions/2주차/자료/2주차_출처레지스트리.md)와 SHA-256 불일치 · 신경로 동일 경로 대응,worktree판과 본체판의 내용 차이 미확인 — T11 계보 확인 필요,-,-
F-0556,.claude/worktrees/research-skill-refactor-phase-2-8d3584/courses/바이브코딩/sessions/2주차/자료/2주차_콘텐츠_집필노트.md,14897,9fb355d5667f4af310272fe70cc08b619c1fd14e57eaa1ec7472374da45806f4,.md,텍스트(Markdown),2주차,외부사본,커밋 없음(외부 worktree 사본·main 인덱스 밖),(참조 없음),상태 확인 필요,F-0246,worktree 사본이나 본체 대응 경로(courses/바이브코딩/sessions/2주차/자료/2주차_콘텐츠_집필노트.md)와 SHA-256 불일치 · 신경로 동일 경로 대응,worktree판과 본체판의 내용 차이 미확인 — T11 계보 확인 필요,-,-
F-0557,.claude/worktrees/research-skill-refactor-phase-2-8d3584/courses/바이브코딩/sessions/2주차/자료/2주차_콘텐츠리서치_결과.md,28383,ac766d5a94dd461ccb69b13d3c54bb2d198b838945b7160feaa0810dc496c24a,.md,텍스트(Markdown),2주차,외부사본,커밋 없음(외부 worktree 사본·main 인덱스 밖),(참조 없음),상태 확인 필요,F-0247,worktree 사본이나 본체 대응 경로(courses/바이브코딩/sessions/2주차/자료/2주차_콘텐츠리서치_결과.md)와 SHA-256 불일치 · 신경로 동일 경로 대응,worktree판과 본체판의 내용 차이 미확인 — T11 계보 확인 필요,-,-
F-0558,.claude/worktrees/research-skill-refactor-phase-2-8d3584/courses/바이브코딩/sessions/2주차/자료/images/image 34.png,417158,ab381a7fe96e4e03c90685a5922f2c6bd8157bfb6f5ef7c3c135a6aa0a4db6af,.png,PNG,2주차,외부사본,커밋 없음(외부 worktree 사본·main 인덱스 밖),-,중복본,F-0248,worktree 사본 · 본체 대응 경로(courses/바이브코딩/sessions/2주차/자료/images/image 34.png)와 SHA-256 일치 · 신경로 동일 경로 대응,-,-,-
F-0559,.claude/worktrees/research-skill-refactor-phase-2-8d3584/courses/바이브코딩/sessions/2주차/자료/images/image 35.png,573948,bfe581ecb003ff39b7d797d51d00051d69eeb938871be58e8399ad38dc0e86bc,.png,PNG,2주차,외부사본,커밋 없음(외부 worktree 사본·main 인덱스 밖),-,중복본,F-0249,worktree 사본 · 본체 대응 경로(courses/바이브코딩/sessions/2주차/자료/images/image 35.png)와 SHA-256 일치 · 신경로 동일 경로 대응,-,-,-
F-0560,.claude/worktrees/research-skill-refactor-phase-2-8d3584/courses/바이브코딩/sessions/2주차/자료/images/image 36.png,402523,592a1c6b1ad848d1fbe674a2cdce0b4a00b0c9ff1d91b27cf792cbc054066674,.png,PNG,2주차,외부사본,커밋 없음(외부 worktree 사본·main 인덱스 밖),-,중복본,F-0250,worktree 사본 · 본체 대응 경로(courses/바이브코딩/sessions/2주차/자료/images/image 36.png)와 SHA-256 일치 · 신경로 동일 경로 대응,-,-,-
F-0561,.claude/worktrees/research-skill-refactor-phase-2-8d3584/courses/바이브코딩/sessions/2주차/자료/images/p6-p1-user-pain-paper-cut-v1-transparent.png,1260452,50892bf1612303a447c73a241f4902f81f233906d4c6c299766181c812e788a9,.png,PNG,2주차,외부사본,커밋 없음(외부 worktree 사본·main 인덱스 밖),-,중복본,F-0251,worktree 사본 · 본체 대응 경로(courses/바이브코딩/sessions/2주차/자료/images/p6-p1-user-pain-paper-cut-v1-transparent.png)와 SHA-256 일치 · 신경로 동일 경로 대응,-,-,-
F-0562,.claude/worktrees/research-skill-refactor-phase-2-8d3584/courses/바이브코딩/sessions/2주차/자료/images/p6-p2-mvp-flow-paper-cut-v1-transparent.png,410761,64311ab549498d48342b7888cf14740e6b46c0cd00d0d3b78a7610daade2bc1e,.png,PNG,2주차,외부사본,커밋 없음(외부 worktree 사본·main 인덱스 밖),-,중복본,F-0252,worktree 사본 · 본체 대응 경로(courses/바이브코딩/sessions/2주차/자료/images/p6-p2-mvp-flow-paper-cut-v1-transparent.png)와 SHA-256 일치 · 신경로 동일 경로 대응,-,-,-
F-0563,.claude/worktrees/research-skill-refactor-phase-2-8d3584/courses/바이브코딩/sessions/2주차/자료/images/p6-p3-doc-system-paper-cut-v1-transparent.png,680311,cf081e5cd55330a8e43854c68340f5e0d7049bdef4bbbf2d038e642f78a78149,.png,PNG,2주차,외부사본,커밋 없음(외부 worktree 사본·main 인덱스 밖),-,중복본,F-0253,worktree 사본 · 본체 대응 경로(courses/바이브코딩/sessions/2주차/자료/images/p6-p3-doc-system-paper-cut-v1-transparent.png)와 SHA-256 일치 · 신경로 동일 경로 대응,-,-,-
F-0564,.claude/worktrees/research-skill-refactor-phase-2-8d3584/courses/바이브코딩/sessions/2주차/자료/images/p6-p4-harness-paper-cut-v1-transparent.png,1176761,59ee7fbd01fb59783a69bcd58eca33327528306c9702928b8cdc032ba0f51713,.png,PNG,2주차,외부사본,커밋 없음(외부 worktree 사본·main 인덱스 밖),-,중복본,F-0254,worktree 사본 · 본체 대응 경로(courses/바이브코딩/sessions/2주차/자료/images/p6-p4-harness-paper-cut-v1-transparent.png)와 SHA-256 일치 · 신경로 동일 경로 대응,-,-,-
F-0565,.claude/worktrees/research-skill-refactor-phase-2-8d3584/courses/바이브코딩/sessions/2주차/자료/images/p6-p5-observe-design-paper-cut-v1-transparent.png,856749,025fabee032c1c95ccfd966ebcfb53b14093dfe081791e72fa6a5c825e5c50c0,.png,PNG,2주차,외부사본,커밋 없음(외부 worktree 사본·main 인덱스 밖),-,중복본,F-0255,worktree 사본 · 본체 대응 경로(courses/바이브코딩/sessions/2주차/자료/images/p6-p5-observe-design-paper-cut-v1-transparent.png)와 SHA-256 일치 · 신경로 동일 경로 대응,-,-,-
F-0566,.claude/worktrees/research-skill-refactor-phase-2-8d3584/courses/바이브코딩/sessions/2주차/자료/images/p6-start-project-kit-paper-cut-v1-transparent.png,777363,fac2eb316432b3760db871fdcbada864f6fb3ef57c37d639169037396e572438,.png,PNG,2주차,외부사본,커밋 없음(외부 worktree 사본·main 인덱스 밖),-,중복본,F-0256,worktree 사본 · 본체 대응 경로(courses/바이브코딩/sessions/2주차/자료/images/p6-start-project-kit-paper-cut-v1-transparent.png)와 SHA-256 일치 · 신경로 동일 경로 대응,-,-,-
F-0567,.claude/worktrees/research-skill-refactor-phase-2-8d3584/courses/바이브코딩/sessions/2주차/자료/images/s02_ai-writes-human-decides-paper-cut-v1-transparent.png,1013312,01dcce679ed07b78b1465f99167ef0ad38e7599f1ef3a72620ef1a15a89733f9,.png,PNG,2주차,외부사본,커밋 없음(외부 worktree 사본·main 인덱스 밖),-,중복본,F-0257,worktree 사본 · 본체 대응 경로(courses/바이브코딩/sessions/2주차/자료/images/s02_ai-writes-human-decides-paper-cut-v1-transparent.png)와 SHA-256 일치 · 신경로 동일 경로 대응,-,-,-
F-0568,.claude/worktrees/research-skill-refactor-phase-2-8d3584/courses/바이브코딩/sessions/2주차/자료/images/s03_six-sessions-to-mvp-paper-cut-v1-transparent.png,598186,38d1ca33fb58aa6d14095bd38d39dcc9f0807556e40ede981ccb2a23e5ece029,.png,PNG,2주차,외부사본,커밋 없음(외부 worktree 사본·main 인덱스 밖),-,중복본,F-0258,worktree 사본 · 본체 대응 경로(courses/바이브코딩/sessions/2주차/자료/images/s03_six-sessions-to-mvp-paper-cut-v1-transparent.png)와 SHA-256 일치 · 신경로 동일 경로 대응,-,-,-
F-0569,.claude/worktrees/research-skill-refactor-phase-2-8d3584/courses/바이브코딩/sessions/2주차/자료/images/s07_last-week-loop-paper-cut-v1-transparent.png,523463,9366f5d9f68b1c69c7f14527b610d7345b5d449c87dcb43841577991dcfab331,.png,PNG,2주차,외부사본,커밋 없음(외부 worktree 사본·main 인덱스 밖),-,중복본,F-0259,worktree 사본 · 본체 대응 경로(courses/바이브코딩/sessions/2주차/자료/images/s07_last-week-loop-paper-cut-v1-transparent.png)와 SHA-256 일치 · 신경로 동일 경로 대응,-,-,-
F-0570,.claude/worktrees/research-skill-refactor-phase-2-8d3584/courses/바이브코딩/sessions/2주차/자료/images/s07_this-week-decide-paper-cut-v1-transparent.png,365145,bb6eceb1139185667d4b46bb5e2f7b814ec6bad5517a35aab99ae8c817835548,.png,PNG,2주차,외부사본,커밋 없음(외부 worktree 사본·main 인덱스 밖),-,중복본,F-0260,worktree 사본 · 본체 대응 경로(courses/바이브코딩/sessions/2주차/자료/images/s07_this-week-decide-paper-cut-v1-transparent.png)와 SHA-256 일치 · 신경로 동일 경로 대응,-,-,-
F-0571,.claude/worktrees/research-skill-refactor-phase-2-8d3584/courses/바이브코딩/sessions/2주차/자료/images/s08_who-what-pain-paper-cut-v1-transparent.png,713071,a62245781cf6e7bf5df2c1becbd253285c750bd9e4c5c3aca26b97258f2d0a55,.png,PNG,2주차,외부사본,커밋 없음(외부 worktree 사본·main 인덱스 밖),-,중복본,F-0261,worktree 사본 · 본체 대응 경로(courses/바이브코딩/sessions/2주차/자료/images/s08_who-what-pain-paper-cut-v1-transparent.png)와 SHA-256 일치 · 신경로 동일 경로 대응,-,-,-
F-0572,.claude/worktrees/research-skill-refactor-phase-2-8d3584/courses/바이브코딩/sessions/2주차/자료/images/s09_persona-vs-hypothesis-paper-cut-v1-transparent.png,663376,4290da2edbb1c43eeabed52cdff9456d0d588d73f637ce1d9b819360de1f0014,.png,PNG,2주차,외부사본,커밋 없음(외부 worktree 사본·main 인덱스 밖),-,중복본,F-0262,worktree 사본 · 본체 대응 경로(courses/바이브코딩/sessions/2주차/자료/images/s09_persona-vs-hypothesis-paper-cut-v1-transparent.png)와 SHA-256 일치 · 신경로 동일 경로 대응,-,-,-
F-0573,.claude/worktrees/research-skill-refactor-phase-2-8d3584/courses/바이브코딩/sessions/2주차/자료/images/s100-mvp-usable-flow-paper-cut-v1-transparent.png,826606,af4a59cdc5debfbe6ddaebdf4e474d06c225b038c03b1ec77683210236657593,.png,PNG,2주차,외부사본,커밋 없음(외부 worktree 사본·main 인덱스 밖),-,중복본,F-0263,worktree 사본 · 본체 대응 경로(courses/바이브코딩/sessions/2주차/자료/images/s100-mvp-usable-flow-paper-cut-v1-transparent.png)와 SHA-256 일치 · 신경로 동일 경로 대응,-,-,-
F-0574,.claude/worktrees/research-skill-refactor-phase-2-8d3584/courses/바이브코딩/sessions/2주차/자료/images/s102-docs-to-first-screen-paper-cut-v1-transparent.png,789672,5c132e46204600c9e50ae2c42270fc2decc4206c7ce2e1ee4b98f456b631bbff,.png,PNG,2주차,외부사본,커밋 없음(외부 worktree 사본·main 인덱스 밖),-,중복본,F-0264,worktree 사본 · 본체 대응 경로(courses/바이브코딩/sessions/2주차/자료/images/s102-docs-to-first-screen-paper-cut-v1-transparent.png)와 SHA-256 일치 · 신경로 동일 경로 대응,-,-,-
F-0575,.claude/worktrees/research-skill-refactor-phase-2-8d3584/courses/바이브코딩/sessions/2주차/자료/images/s104_reference-copied-paper-cut-v1-transparent.png,810873,2d8eb17488ed717297dc5ac21400d234cb20186e08c0c0903289a991ef6bf41f,.png,PNG,2주차,외부사본,커밋 없음(외부 worktree 사본·main 인덱스 밖),-,중복본,F-0265,worktree 사본 · 본체 대응 경로(courses/바이브코딩/sessions/2주차/자료/images/s104_reference-copied-paper-cut-v1-transparent.png)와 SHA-256 일치 · 신경로 동일 경로 대응,-,-,-
F-0576,.claude/worktrees/research-skill-refactor-phase-2-8d3584/courses/바이브코딩/sessions/2주차/자료/images/s105-ai-work-system-paper-cut-v1-transparent.png,1310948,207475c3721e2faf32b645ef46e42a3308451b6ea397450233fb5acd9bf62e14,.png,PNG,2주차,외부사본,커밋 없음(외부 worktree 사본·main 인덱스 밖),-,중복본,F-0266,worktree 사본 · 본체 대응 경로(courses/바이브코딩/sessions/2주차/자료/images/s105-ai-work-system-paper-cut-v1-transparent.png)와 SHA-256 일치 · 신경로 동일 경로 대응,-,-,-
F-0577,.claude/worktrees/research-skill-refactor-phase-2-8d3584/courses/바이브코딩/sessions/2주차/자료/images/s106-evidence-to-storage-paper-cut-v1-transparent.png,965755,de2e0baec059e2f000af6f2cbb0aeab9e53d10ff2d79a0ca18ad8e8a89bc2571,.png,PNG,2주차,외부사본,커밋 없음(외부 worktree 사본·main 인덱스 밖),-,중복본,F-0267,worktree 사본 · 본체 대응 경로(courses/바이브코딩/sessions/2주차/자료/images/s106-evidence-to-storage-paper-cut-v1-transparent.png)와 SHA-256 일치 · 신경로 동일 경로 대응,-,-,-
F-0578,.claude/worktrees/research-skill-refactor-phase-2-8d3584/courses/바이브코딩/sessions/2주차/자료/images/s10_ai-empathy-boundary-paper-cut-v1-transparent.png,584915,ac1c32b5106761c9c17f27bd3f8b5d47314dfd770d85e227ab48566a194f4d92,.png,PNG,2주차,외부사본,커밋 없음(외부 worktree 사본·main 인덱스 밖),-,중복본,F-0268,worktree 사본 · 본체 대응 경로(courses/바이브코딩/sessions/2주차/자료/images/s10_ai-empathy-boundary-paper-cut-v1-transparent.png)와 SHA-256 일치 · 신경로 동일 경로 대응,-,-,-
F-0579,.claude/worktrees/research-skill-refactor-phase-2-8d3584/courses/바이브코딩/sessions/2주차/자료/images/s11_one-sentence-practice-paper-cut-v1-transparent.png,871991,90ab7c62da3d01998a1a2c20829a05a2a31844801ccc053118c786322db23261,.png,PNG,2주차,외부사본,커밋 없음(외부 worktree 사본·main 인덱스 밖),-,중복본,F-0269,worktree 사본 · 본체 대응 경로(courses/바이브코딩/sessions/2주차/자료/images/s11_one-sentence-practice-paper-cut-v1-transparent.png)와 SHA-256 일치 · 신경로 동일 경로 대응,-,-,-
F-0580,.claude/worktrees/research-skill-refactor-phase-2-8d3584/courses/바이브코딩/sessions/2주차/자료/images/s23_result-vs-function-paper-cut-v1-transparent.png,1184276,1da2f1a5e9247a11abf5a6ed85055dbbcdb40336fc4ee7b987c473d74cb91348,.png,PNG,2주차,외부사본,커밋 없음(외부 worktree 사본·main 인덱스 밖),-,중복본,F-0270,worktree 사본 · 본체 대응 경로(courses/바이브코딩/sessions/2주차/자료/images/s23_result-vs-function-paper-cut-v1-transparent.png)와 SHA-256 일치 · 신경로 동일 경로 대응,-,-,-
F-0581,.claude/worktrees/research-skill-refactor-phase-2-8d3584/courses/바이브코딩/sessions/2주차/자료/images/s24_mvp-skateboard-to-car-paper-cut-v1-transparent.png,1243475,e91d3d95822e83539e5fd773bb3f38f5b4e83de7c06fcea1f41625c33a3ccbb6,.png,PNG,2주차,외부사본,커밋 없음(외부 worktree 사본·main 인덱스 밖),-,중복본,F-0271,worktree 사본 · 본체 대응 경로(courses/바이브코딩/sessions/2주차/자료/images/s24_mvp-skateboard-to-car-paper-cut-v1-transparent.png)와 SHA-256 일치 · 신경로 동일 경로 대응,-,-,-
F-0582,.claude/worktrees/research-skill-refactor-phase-2-8d3584/courses/바이브코딩/sessions/2주차/자료/images/s27_scope-three-slots-paper-cut-v1-transparent.png,657271,aaa08173a9db277b0006614165ed90602eb63f91113a177db21427b8cc8951d8,.png,PNG,2주차,외부사본,커밋 없음(외부 worktree 사본·main 인덱스 밖),-,중복본,F-0272,worktree 사본 · 본체 대응 경로(courses/바이브코딩/sessions/2주차/자료/images/s27_scope-three-slots-paper-cut-v1-transparent.png)와 SHA-256 일치 · 신경로 동일 경로 대응,-,-,-
F-0583,.claude/worktrees/research-skill-refactor-phase-2-8d3584/courses/바이브코딩/sessions/2주차/자료/images/s28_remove-one-feature-paper-cut-v1-transparent.png,523855,1f3ff563bd471201ab527ce4243126e1cc500e6725e275fff2043730a528655f,.png,PNG,2주차,외부사본,커밋 없음(외부 worktree 사본·main 인덱스 밖),-,중복본,F-0273,worktree 사본 · 본체 대응 경로(courses/바이브코딩/sessions/2주차/자료/images/s28_remove-one-feature-paper-cut-v1-transparent.png)와 SHA-256 일치 · 신경로 동일 경로 대응,-,-,-
F-0584,.claude/worktrees/research-skill-refactor-phase-2-8d3584/courses/바이브코딩/sessions/2주차/자료/images/s34-completion-criteria-vs-test-paper-cut-v1-transparent.png,1164564,a3fbe647c2672e43028c761052c45bcd1c3027859b32b05fe2e8107c2f764ec5,.png,PNG,2주차,외부사본,커밋 없음(외부 worktree 사본·main 인덱스 밖),-,중복본,F-0274,worktree 사본 · 본체 대응 경로(courses/바이브코딩/sessions/2주차/자료/images/s34-completion-criteria-vs-test-paper-cut-v1-transparent.png)와 SHA-256 일치 · 신경로 동일 경로 대응,-,-,-
F-0585,.claude/worktrees/research-skill-refactor-phase-2-8d3584/courses/바이브코딩/sessions/2주차/자료/images/s37_prd-concept-vs-prdmd-file-paper-cut-v1-transparent.png,1164261,c3659878b57a1d33d5ca0676162484bb87bca2e23c4a191d85a1783cd535f77d,.png,PNG,2주차,외부사본,커밋 없음(외부 worktree 사본·main 인덱스 밖),-,중복본,F-0275,worktree 사본 · 본체 대응 경로(courses/바이브코딩/sessions/2주차/자료/images/s37_prd-concept-vs-prdmd-file-paper-cut-v1-transparent.png)와 SHA-256 일치 · 신경로 동일 경로 대응,-,-,-
F-0586,.claude/worktrees/research-skill-refactor-phase-2-8d3584/courses/바이브코딩/sessions/2주차/자료/images/s38_prd-missing-items-paper-cut-v1-transparent.png,949732,96d11f61e1a88d55831429f9528c5444f833bce8991906d90f287372fcd8ea27,.png,PNG,2주차,외부사본,커밋 없음(외부 worktree 사본·main 인덱스 밖),-,중복본,F-0276,worktree 사본 · 본체 대응 경로(courses/바이브코딩/sessions/2주차/자료/images/s38_prd-missing-items-paper-cut-v1-transparent.png)와 SHA-256 일치 · 신경로 동일 경로 대응,-,-,-
F-0587,.claude/worktrees/research-skill-refactor-phase-2-8d3584/courses/바이브코딩/sessions/2주차/자료/images/s40_prd-practice-paper-cut-v1-transparent.png,1071304,396afdec4086f65721b87ad004b524713b46170aef37ef23258823f463ccc308,.png,PNG,2주차,외부사본,커밋 없음(외부 worktree 사본·main 인덱스 밖),-,중복본,F-0277,worktree 사본 · 본체 대응 경로(courses/바이브코딩/sessions/2주차/자료/images/s40_prd-practice-paper-cut-v1-transparent.png)와 SHA-256 일치 · 신경로 동일 경로 대응,-,-,-
F-0588,.claude/worktrees/research-skill-refactor-phase-2-8d3584/courses/바이브코딩/sessions/2주차/자료/images/s46_harness-slot-filled-vs-empty-paper-cut-v1-transparent.png,1400227,4eafb5ddc8e3fbc50bb62cc43dfa5342150d7bd5c39bffdf8f74bed2bc4f2cf7,.png,PNG,2주차,외부사본,커밋 없음(외부 worktree 사본·main 인덱스 밖),-,중복본,F-0278,worktree 사본 · 본체 대응 경로(courses/바이브코딩/sessions/2주차/자료/images/s46_harness-slot-filled-vs-empty-paper-cut-v1-transparent.png)와 SHA-256 일치 · 신경로 동일 경로 대응,-,-,-
F-0589,.claude/worktrees/research-skill-refactor-phase-2-8d3584/courses/바이브코딩/sessions/2주차/자료/images/s55-ui-ux-iceberg-paper-cut-v1-transparent.png,932269,04a47549d135a3aeb00af530f16abcd308b6786108581d5a2fe1afab4795781c,.png,PNG,2주차,외부사본,커밋 없음(외부 worktree 사본·main 인덱스 밖),-,중복본,F-0279,worktree 사본 · 본체 대응 경로(courses/바이브코딩/sessions/2주차/자료/images/s55-ui-ux-iceberg-paper-cut-v1-transparent.png)와 SHA-256 일치 · 신경로 동일 경로 대응,-,-,-
F-0590,.claude/worktrees/research-skill-refactor-phase-2-8d3584/courses/바이브코딩/sessions/2주차/자료/images/s65_mobile-responsive-app-ui-v1.png,1268478,d04b53a03939ed74d049e5a65104879a31c395d9244eebd53a58b15b444a5497,.png,PNG,2주차,외부사본,커밋 없음(외부 worktree 사본·main 인덱스 밖),-,중복본,F-0280,worktree 사본 · 본체 대응 경로(courses/바이브코딩/sessions/2주차/자료/images/s65_mobile-responsive-app-ui-v1.png)와 SHA-256 일치 · 신경로 동일 경로 대응,-,-,-
F-0591,.claude/worktrees/research-skill-refactor-phase-2-8d3584/courses/바이브코딩/sessions/2주차/자료/images/s67_reference-observe-paper-cut-v1-transparent.png,932616,b95388ae7dd6d5d1e9e03af52765b155b3df2b092f9d2e07379588b6c490e202,.png,PNG,2주차,외부사본,커밋 없음(외부 worktree 사본·main 인덱스 밖),-,중복본,F-0281,worktree 사본 · 본체 대응 경로(courses/바이브코딩/sessions/2주차/자료/images/s67_reference-observe-paper-cut-v1-transparent.png)와 SHA-256 일치 · 신경로 동일 경로 대응,-,-,-
F-0592,.claude/worktrees/research-skill-refactor-phase-2-8d3584/courses/바이브코딩/sessions/2주차/자료/images/s75_one-step-at-a-time-paper-cut-v1-transparent.png,1113998,44ca74b333cf52d0620e4eb3af137a8d83433fdc02393e9eafc60c72aabc7459,.png,PNG,2주차,외부사본,커밋 없음(외부 worktree 사본·main 인덱스 밖),-,중복본,F-0282,worktree 사본 · 본체 대응 경로(courses/바이브코딩/sessions/2주차/자료/images/s75_one-step-at-a-time-paper-cut-v1-transparent.png)와 SHA-256 일치 · 신경로 동일 경로 대응,-,-,-
F-0593,.claude/worktrees/research-skill-refactor-phase-2-8d3584/courses/바이브코딩/sessions/2주차/자료/images/s80_harness-same-model-workbench-v1-transparent.png,1044800,1a7b89d130620ab996a207a7274ba7ff47be7e2385b0b7c5fdd1592214814dbe,.png,PNG,2주차,외부사본,커밋 없음(외부 worktree 사본·main 인덱스 밖),-,중복본,F-0283,worktree 사본 · 본체 대응 경로(courses/바이브코딩/sessions/2주차/자료/images/s80_harness-same-model-workbench-v1-transparent.png)와 SHA-256 일치 · 신경로 동일 경로 대응,-,-,-
F-0594,.claude/worktrees/research-skill-refactor-phase-2-8d3584/courses/바이브코딩/sessions/2주차/자료/images/s80_harness-workbench-left-v1-transparent.png,462898,ceea4c52dcfff5f160e304c9c199bc9a4cf3712a6b084316874a0d65f78d7be7,.png,PNG,2주차,외부사본,커밋 없음(외부 worktree 사본·main 인덱스 밖),-,중복본,F-0284,worktree 사본 · 본체 대응 경로(courses/바이브코딩/sessions/2주차/자료/images/s80_harness-workbench-left-v1-transparent.png)와 SHA-256 일치 · 신경로 동일 경로 대응,-,-,-
F-0595,.claude/worktrees/research-skill-refactor-phase-2-8d3584/courses/바이브코딩/sessions/2주차/자료/images/s80_harness-workbench-right-v1-transparent.png,570913,8ae60cd31da3d4af5435a805d1bd36c3845392b9cda7bb974ecff249bb41c5b9,.png,PNG,2주차,외부사본,커밋 없음(외부 worktree 사본·main 인덱스 밖),-,중복본,F-0285,worktree 사본 · 본체 대응 경로(courses/바이브코딩/sessions/2주차/자료/images/s80_harness-workbench-right-v1-transparent.png)와 SHA-256 일치 · 신경로 동일 경로 대응,-,-,-
F-0596,.claude/worktrees/research-skill-refactor-phase-2-8d3584/courses/바이브코딩/sessions/2주차/자료/images/s80_prepared-workbench-v2-transparent.png,1639938,8ea7449519cb7c2f1e5b9779ade82c138cb6e53c7375a73b8b49404633787cba,.png,PNG,2주차,외부사본,커밋 없음(외부 worktree 사본·main 인덱스 밖),-,중복본,F-0286,worktree 사본 · 본체 대응 경로(courses/바이브코딩/sessions/2주차/자료/images/s80_prepared-workbench-v2-transparent.png)와 SHA-256 일치 · 신경로 동일 경로 대응,-,-,-
F-0597,.claude/worktrees/research-skill-refactor-phase-2-8d3584/courses/바이브코딩/sessions/2주차/자료/images/s80_prepared-workbench-v3-tight-transparent.png,1626990,54ad7ba42a32aae32d2a5d5f47166828df1d6bc5ef5da2b22f7f85c97f8f97e7,.png,PNG,2주차,외부사본,커밋 없음(외부 worktree 사본·main 인덱스 밖),-,중복본,F-0287,worktree 사본 · 본체 대응 경로(courses/바이브코딩/sessions/2주차/자료/images/s80_prepared-workbench-v3-tight-transparent.png)와 SHA-256 일치 · 신경로 동일 경로 대응,-,-,-
F-0598,.claude/worktrees/research-skill-refactor-phase-2-8d3584/courses/바이브코딩/sessions/2주차/자료/images/s80_unprepared-workbench-v2-transparent.png,1374798,e2646aef9e252cf35980c1aacc44ff923fbe9855a45672cc734f45f22b9b029c,.png,PNG,2주차,외부사본,커밋 없음(외부 worktree 사본·main 인덱스 밖),-,중복본,F-0288,worktree 사본 · 본체 대응 경로(courses/바이브코딩/sessions/2주차/자료/images/s80_unprepared-workbench-v2-transparent.png)와 SHA-256 일치 · 신경로 동일 경로 대응,-,-,-
F-0599,.claude/worktrees/research-skill-refactor-phase-2-8d3584/courses/바이브코딩/sessions/2주차/자료/images/s80_unprepared-workbench-v3-tight-transparent.png,1351601,1b0c93c0555be619f8352d3ca486f3d2fc742224983f289592d1a145e4b47ce2,.png,PNG,2주차,외부사본,커밋 없음(외부 worktree 사본·main 인덱스 밖),-,중복본,F-0289,worktree 사본 · 본체 대응 경로(courses/바이브코딩/sessions/2주차/자료/images/s80_unprepared-workbench-v3-tight-transparent.png)와 SHA-256 일치 · 신경로 동일 경로 대응,-,-,-
F-0600,.claude/worktrees/research-skill-refactor-phase-2-8d3584/courses/바이브코딩/sessions/2주차/자료/images/s81_harness-horse-metaphor-v1-transparent.png,1329408,04e37831c0317741f38b4a60fcd20b27426d3a28f72ebad9cc2fc6868e19f294,.png,PNG,2주차,외부사본,커밋 없음(외부 worktree 사본·main 인덱스 밖),-,중복본,F-0290,worktree 사본 · 본체 대응 경로(courses/바이브코딩/sessions/2주차/자료/images/s81_harness-horse-metaphor-v1-transparent.png)와 SHA-256 일치 · 신경로 동일 경로 대응,-,-,-
F-0601,.claude/worktrees/research-skill-refactor-phase-2-8d3584/courses/바이브코딩/sessions/2주차/자료/images/s81_harness-mechanics-v1-transparent.png,1848226,00a511d2e7ae20135cfc5b99ad715bc8237c298facb18394d0bfde335c641397,.png,PNG,2주차,외부사본,커밋 없음(외부 worktree 사본·main 인덱스 밖),-,중복본,F-0291,worktree 사본 · 본체 대응 경로(courses/바이브코딩/sessions/2주차/자료/images/s81_harness-mechanics-v1-transparent.png)와 SHA-256 일치 · 신경로 동일 경로 대응,-,-,-
F-0602,.claude/worktrees/research-skill-refactor-phase-2-8d3584/courses/바이브코딩/sessions/2주차/자료/images/s81_horse-bridle-bit-v1-transparent.png,1478014,069f3eb8345b7cb40135f021fb15ac12bb9f1246340c8848d49f238c72e26721,.png,PNG,2주차,외부사본,커밋 없음(외부 worktree 사본·main 인덱스 밖),-,중복본,F-0292,worktree 사본 · 본체 대응 경로(courses/바이브코딩/sessions/2주차/자료/images/s81_horse-bridle-bit-v1-transparent.png)와 SHA-256 일치 · 신경로 동일 경로 대응,-,-,-
F-0603,.claude/worktrees/research-skill-refactor-phase-2-8d3584/courses/바이브코딩/sessions/2주차/자료/images/s83-agent-tools-workflow-v1-transparent.png,1116129,72129fa6c4bfa496b429c71bc653bc28c0cad288763498d22d1f3ab7bb770059,.png,PNG,2주차,외부사본,커밋 없음(외부 worktree 사본·main 인덱스 밖),-,중복본,F-0293,worktree 사본 · 본체 대응 경로(courses/바이브코딩/sessions/2주차/자료/images/s83-agent-tools-workflow-v1-transparent.png)와 SHA-256 일치 · 신경로 동일 경로 대응,-,-,-
F-0604,.claude/worktrees/research-skill-refactor-phase-2-8d3584/courses/바이브코딩/sessions/2주차/자료/images/s98-user-pain-to-problem-paper-cut-v1-transparent.png,996063,d1c6cd5c7c2c0b18f6202dc835dd0847e12dee547588edae48b5449f8e11b64a,.png,PNG,2주차,외부사본,커밋 없음(외부 worktree 사본·main 인덱스 밖),-,중복본,F-0294,worktree 사본 · 본체 대응 경로(courses/바이브코딩/sessions/2주차/자료/images/s98-user-pain-to-problem-paper-cut-v1-transparent.png)와 SHA-256 일치 · 신경로 동일 경로 대응,-,-,-
F-0605,.claude/worktrees/research-skill-refactor-phase-2-8d3584/courses/바이브코딩/sessions/2주차/자료/실측/2주차_앱조작_사람입력.md,7095,ef1cfd1e5469b77cf67d3dc70a4eaa904fac6a3071aadb848c6497572303e888,.md,텍스트(Markdown),2주차,외부사본,커밋 없음(외부 worktree 사본·main 인덱스 밖),(참조 없음),상태 확인 필요,F-0295,worktree 사본이나 본체 대응 경로(courses/바이브코딩/sessions/2주차/자료/실측/2주차_앱조작_사람입력.md)와 SHA-256 불일치 · 신경로 동일 경로 대응,worktree판과 본체판의 내용 차이 미확인 — T11 계보 확인 필요,-,-
F-0606,.claude/worktrees/research-skill-refactor-phase-2-8d3584/courses/바이브코딩/sessions/2주차/자료/이미지-에셋.json,57321,769a2f5204e588b1f91391d06d806ab53923a5cea7d7f027bb1b770f6d3fa5d9,.json,JSON,2주차,외부사본,커밋 없음(외부 worktree 사본·main 인덱스 밖),(참조 없음),중복본,F-0296,worktree 사본 · 본체 대응 경로(courses/바이브코딩/sessions/2주차/자료/이미지-에셋.json)와 SHA-256 일치 · 신경로 동일 경로 대응,-,-,-
F-0607,.claude/worktrees/research-skill-refactor-phase-2-8d3584/courses/바이브코딩/sessions/2주차/자료/하네스_엔지니어링_교육자료.md,65743,c2ecfc9cebd5c985a243893a2d8f487ee9db5a80f7547c14430ab54cd8e40c21,.md,텍스트(Markdown),2주차,외부사본,커밋 없음(외부 worktree 사본·main 인덱스 밖),(참조 없음),상태 확인 필요,F-0297,worktree 사본이나 본체 대응 경로(courses/바이브코딩/sessions/2주차/자료/하네스_엔지니어링_교육자료.md)와 SHA-256 불일치 · 신경로 동일 경로 대응,worktree판과 본체판의 내용 차이 미확인 — T11 계보 확인 필요,-,-
F-0608,.claude/worktrees/research-skill-refactor-phase-2-8d3584/courses/바이브코딩/sessions/2주차/조립_보고.md,23010,e14a493d937a72acdc9a7fbf44f1a06e9b5741aaf1dafc2c53f1855988a92efa,.md,텍스트(Markdown),2주차,외부사본,커밋 없음(외부 worktree 사본·main 인덱스 밖),(참조 없음),중복본,F-0298,worktree 사본 · 본체 대응 경로(courses/바이브코딩/sessions/2주차/조립_보고.md)와 SHA-256 일치 · 신경로 동일 경로 대응,-,-,-
F-0609,.claude/worktrees/research-skill-refactor-phase-2-8d3584/courses/바이브코딩/sessions/3주차/3주차_강사대본.md,95012,4ba0194608a30be34d0ac44004ba796e71c718de38b5c18613f406801d90cdf3,.md,텍스트(Markdown),3주차,외부사본,커밋 없음(외부 worktree 사본·main 인덱스 밖),(참조 없음),중복본,F-0299,worktree 사본 · 본체 대응 경로(courses/바이브코딩/sessions/3주차/3주차_강사대본.md)와 SHA-256 일치 · 신경로 동일 경로 대응,-,-,-
F-0610,.claude/worktrees/research-skill-refactor-phase-2-8d3584/courses/바이브코딩/sessions/3주차/3주차_초안.md,56943,590fddc633502e548e15706a349b6b74dd16cae46809e96827df03847b6e3d63,.md,텍스트(Markdown),3주차,외부사본,커밋 없음(외부 worktree 사본·main 인덱스 밖),(참조 없음),중복본,F-0300,worktree 사본 · 본체 대응 경로(courses/바이브코딩/sessions/3주차/3주차_초안.md)와 SHA-256 일치 · 신경로 동일 경로 대응,-,-,-
F-0611,.claude/worktrees/research-skill-refactor-phase-2-8d3584/courses/바이브코딩/sessions/3주차/deck.contract.json,15062,223793399ae526ac987cf9391f485e1f564d6ec5367175a9226b56cae33156a9,.json,JSON,3주차,외부사본,커밋 없음(외부 worktree 사본·main 인덱스 밖),(참조 없음),상태 확인 필요,F-0301,worktree 사본이나 본체 대응 경로(courses/바이브코딩/sessions/3주차/deck.contract.json)와 SHA-256 불일치 · 신경로 동일 경로 대응,worktree판과 본체판의 내용 차이 미확인 — T11 계보 확인 필요,-,-
F-0612,.claude/worktrees/research-skill-refactor-phase-2-8d3584/courses/바이브코딩/sessions/3주차/favicon.ico,390,2eedd9fc80665e6ca25af046c1ba38b22acf4efde13e4848984e1c3ab84ba6ad,.ico,SVG(확장자 .ico·ICO 헤더 아님),3주차,외부사본,커밋 없음(외부 worktree 사본·main 인덱스 밖),-,중복본,F-0302,worktree 사본 · 본체 대응 경로(courses/바이브코딩/sessions/3주차/favicon.ico)와 SHA-256 일치 · 신경로 동일 경로 대응,-,-,-
F-0613,.claude/worktrees/research-skill-refactor-phase-2-8d3584/courses/바이브코딩/sessions/3주차/favicon.svg,390,2eedd9fc80665e6ca25af046c1ba38b22acf4efde13e4848984e1c3ab84ba6ad,.svg,SVG,3주차,외부사본,커밋 없음(외부 worktree 사본·main 인덱스 밖),(참조 없음),중복본,F-0303,worktree 사본 · 본체 대응 경로(courses/바이브코딩/sessions/3주차/favicon.svg)와 SHA-256 일치 · 신경로 동일 경로 대응,-,-,-
F-0614,.claude/worktrees/research-skill-refactor-phase-2-8d3584/courses/바이브코딩/sessions/3주차/강의덱.html,315215,c189c94b351d7c9d6ae662f147a5275d336afad8f1447ce8aa449cd6da19e7eb,.html,HTML(문서),3주차,외부사본,커밋 없음(외부 worktree 사본·main 인덱스 밖),../../../../kit/styles/deck.css(있음);../../../../kit/styles/legibility.css(있음);../../../../kit/styles/patterns.css(있음);자료/images/s81_harness-horse-metaphor-v1-transparent.png(있음),중복본,F-0304,worktree 사본 · 본체 대응 경로(courses/바이브코딩/sessions/3주차/강의덱.html)와 SHA-256 일치 · 신경로 동일 경로 대응,-,81,115
F-0615,.claude/worktrees/research-skill-refactor-phase-2-8d3584/courses/바이브코딩/sessions/3주차/강의덱.초안/README.md,2721,c7897d117dbc7435bd653630487a019359770222b105e27b9eaa0dba631db3d9,.md,텍스트(Markdown),3주차,외부사본,커밋 없음(외부 worktree 사본·main 인덱스 밖),(참조 없음),중복본,F-0305,worktree 사본 · 본체 대응 경로(courses/바이브코딩/sessions/3주차/강의덱.초안/README.md)와 SHA-256 일치 · 신경로 동일 경로 대응,-,-,-
F-0616,.claude/worktrees/research-skill-refactor-phase-2-8d3584/courses/바이브코딩/sessions/3주차/강의덱.초안/part-01.html,29889,e3a0d6a5066445739d324a1f204650eb3de7ef603a2dde2f7eec7fc70d749771,.html,HTML(조각),3주차,외부사본,커밋 없음(외부 worktree 사본·main 인덱스 밖),자료/images/s81_harness-horse-metaphor-v1-transparent.png(있음),중복본,F-0306,worktree 사본 · 본체 대응 경로(courses/바이브코딩/sessions/3주차/강의덱.초안/part-01.html)와 SHA-256 일치 · 신경로 동일 경로 대응,-,13,18
F-0617,.claude/worktrees/research-skill-refactor-phase-2-8d3584/courses/바이브코딩/sessions/3주차/강의덱.초안/part-02.html,28377,0c20a94c0dd4e3c40b7c1366badd28e7967eaccf6cb573300c0e7d80ba5cd5b8,.html,HTML(조각),3주차,외부사본,커밋 없음(외부 worktree 사본·main 인덱스 밖),(참조 없음),중복본,F-0307,worktree 사본 · 본체 대응 경로(courses/바이브코딩/sessions/3주차/강의덱.초안/part-02.html)와 SHA-256 일치 · 신경로 동일 경로 대응,-,9,15
F-0618,.claude/worktrees/research-skill-refactor-phase-2-8d3584/courses/바이브코딩/sessions/3주차/강의덱.초안/part-03.html,32563,097e6ffc2daf42ffdf617191c9025b816cb2367112991659063ef4372c9168d1,.html,HTML(조각),3주차,외부사본,커밋 없음(외부 worktree 사본·main 인덱스 밖),(참조 없음),중복본,F-0308,worktree 사본 · 본체 대응 경로(courses/바이브코딩/sessions/3주차/강의덱.초안/part-03.html)와 SHA-256 일치 · 신경로 동일 경로 대응,-,12,17
F-0619,.claude/worktrees/research-skill-refactor-phase-2-8d3584/courses/바이브코딩/sessions/3주차/강의덱.초안/part-04.html,26676,974c05964e6ccb57380d11931cc18c6b59d77ee60fa59d1519090022b362b4cc,.html,HTML(조각),3주차,외부사본,커밋 없음(외부 worktree 사본·main 인덱스 밖),(참조 없음),중복본,F-0309,worktree 사본 · 본체 대응 경로(courses/바이브코딩/sessions/3주차/강의덱.초안/part-04.html)와 SHA-256 일치 · 신경로 동일 경로 대응,-,11,12
F-0620,.claude/worktrees/research-skill-refactor-phase-2-8d3584/courses/바이브코딩/sessions/3주차/강의덱.초안/part-05.html,53464,f437d0e4f01db29286051283c9b3f223c9b14c777584b7157320e807a376ed2a,.html,HTML(조각),3주차,외부사본,커밋 없음(외부 worktree 사본·main 인덱스 밖),(참조 없음),중복본,F-0310,worktree 사본 · 본체 대응 경로(courses/바이브코딩/sessions/3주차/강의덱.초안/part-05.html)와 SHA-256 일치 · 신경로 동일 경로 대응,-,17,26
F-0621,.claude/worktrees/research-skill-refactor-phase-2-8d3584/courses/바이브코딩/sessions/3주차/강의덱.초안/part-06.html,28408,696ce9795aafc706b56f08ceef3c93dddd677fc604b2e2fe03761f734a269d88,.html,HTML(조각),3주차,외부사본,커밋 없음(외부 worktree 사본·main 인덱스 밖),(참조 없음),중복본,F-0311,worktree 사본 · 본체 대응 경로(courses/바이브코딩/sessions/3주차/강의덱.초안/part-06.html)와 SHA-256 일치 · 신경로 동일 경로 대응,-,12,16
F-0622,.claude/worktrees/research-skill-refactor-phase-2-8d3584/courses/바이브코딩/sessions/3주차/강의덱.초안/shell.html,115846,f2a551753c95530dab791f6f497c64b0b053d00c0a26d6ce4e7d094e7b95b1a0,.html,HTML(문서),3주차,외부사본,커밋 없음(외부 worktree 사본·main 인덱스 밖),../../../../kit/styles/deck.css(있음);../../../../kit/styles/legibility.css(있음);../../../../kit/styles/patterns.css(있음),중복본,F-0312,worktree 사본 · 본체 대응 경로(courses/바이브코딩/sessions/3주차/강의덱.초안/shell.html)와 SHA-256 일치 · 신경로 동일 경로 대응,-,7,11
F-0623,.claude/worktrees/research-skill-refactor-phase-2-8d3584/courses/바이브코딩/sessions/3주차/강의덱_발표.html,5236130,96e6bfed48ab13e50f47c74333ba341f7d2f15b15906e18e34d4195cfd0c5486,.html,HTML(문서),3주차,외부사본,커밋 없음(외부 worktree 사본·main 인덱스 밖),(참조 없음),중복본,F-0313,worktree 사본 · 본체 대응 경로(courses/바이브코딩/sessions/3주차/강의덱_발표.html)와 SHA-256 일치 · 신경로 동일 경로 대응,-,81,118
F-0624,.claude/worktrees/research-skill-refactor-phase-2-8d3584/courses/바이브코딩/sessions/3주차/강의덱_발표.meta.json,8282,bbcb7b7e6f33f9da4fbb62586b9257544ea75cde97bc7fe32c97713bf362db20,.json,JSON,3주차,외부사본,커밋 없음(외부 worktree 사본·main 인덱스 밖),(참조 없음),중복본,F-0314,worktree 사본 · 본체 대응 경로(courses/바이브코딩/sessions/3주차/강의덱_발표.meta.json)와 SHA-256 일치 · 신경로 동일 경로 대응,-,-,-
F-0625,.claude/worktrees/research-skill-refactor-phase-2-8d3584/courses/바이브코딩/sessions/3주차/강의덱_발표자노트.html,42681,11386348dd23e56903b3d13a9f3c5cc891b41b9ec1f7178d6d501317913a6e54,.html,HTML(문서),3주차,외부사본,커밋 없음(외부 worktree 사본·main 인덱스 밖),(참조 없음),중복본,F-0315,worktree 사본 · 본체 대응 경로(courses/바이브코딩/sessions/3주차/강의덱_발표자노트.html)와 SHA-256 일치 · 신경로 동일 경로 대응,-,78(pn-slide 섹션·data-slide 미사용),0
F-0626,.claude/worktrees/research-skill-refactor-phase-2-8d3584/courses/바이브코딩/sessions/3주차/강의덱_배포.html,5128052,b081ba58cddb1ff8a9e821938b860b109f8a787e2542035ec14cd8d6a85d5ca7,.html,HTML(문서),3주차,외부사본,커밋 없음(외부 worktree 사본·main 인덱스 밖),(참조 없음),중복본,F-0316,worktree 사본 · 본체 대응 경로(courses/바이브코딩/sessions/3주차/강의덱_배포.html)와 SHA-256 일치 · 신경로 동일 경로 대응,-,81,117
F-0627,.claude/worktrees/research-skill-refactor-phase-2-8d3584/courses/바이브코딩/sessions/3주차/자료/3주차_개념KB.md,171503,d68df3459b836b1de989fdb92c8167c4c6b6b3dedabe0072032962004df08e92,.md,텍스트(Markdown),3주차,외부사본,커밋 없음(외부 worktree 사본·main 인덱스 밖),(참조 없음),중복본,F-0317,worktree 사본 · 본체 대응 경로(courses/바이브코딩/sessions/3주차/자료/3주차_개념KB.md)와 SHA-256 일치 · 신경로 동일 경로 대응,-,-,-
F-0628,.claude/worktrees/research-skill-refactor-phase-2-8d3584/courses/바이브코딩/sessions/3주차/자료/3주차_결정요청사항.md,12388,62ced1ab1c31179c0519566694ef26c6dd505a389914a5ba7016dc1ba41270b0,.md,텍스트(Markdown),3주차,외부사본,커밋 없음(외부 worktree 사본·main 인덱스 밖),(참조 없음),중복본,F-0318,worktree 사본 · 본체 대응 경로(courses/바이브코딩/sessions/3주차/자료/3주차_결정요청사항.md)와 SHA-256 일치 · 신경로 동일 경로 대응,-,-,-
F-0629,.claude/worktrees/research-skill-refactor-phase-2-8d3584/courses/바이브코딩/sessions/3주차/자료/3주차_슬라이드_결정표.md,19249,024d260b9ed741ac9dc758c904fa5d59e6bc656423d3092e0926bf8b9bb9b596,.md,텍스트(Markdown),3주차,외부사본,커밋 없음(외부 worktree 사본·main 인덱스 밖),(참조 없음),중복본,F-0319,worktree 사본 · 본체 대응 경로(courses/바이브코딩/sessions/3주차/자료/3주차_슬라이드_결정표.md)와 SHA-256 일치 · 신경로 동일 경로 대응,-,-,-
F-0630,.claude/worktrees/research-skill-refactor-phase-2-8d3584/courses/바이브코딩/sessions/3주차/자료/3주차_실습안_검증결과.md,20390,3ee85fa09afaf493ce23c45535b1766fb5054c5b11a4c7d2b8f83c3ed85803bf,.md,텍스트(Markdown),3주차,외부사본,커밋 없음(외부 worktree 사본·main 인덱스 밖),(참조 없음),중복본,F-0320,worktree 사본 · 본체 대응 경로(courses/바이브코딩/sessions/3주차/자료/3주차_실습안_검증결과.md)와 SHA-256 일치 · 신경로 동일 경로 대응,-,-,-
F-0631,.claude/worktrees/research-skill-refactor-phase-2-8d3584/courses/바이브코딩/sessions/3주차/자료/3주차_출처레지스트리.md,47315,6f6aa3dffb70ec9925cb9ffde2827b4137809a7b4de10db6d183d3f4004ec9b9,.md,텍스트(Markdown),3주차,외부사본,커밋 없음(외부 worktree 사본·main 인덱스 밖),(참조 없음),중복본,F-0321,worktree 사본 · 본체 대응 경로(courses/바이브코딩/sessions/3주차/자료/3주차_출처레지스트리.md)와 SHA-256 일치 · 신경로 동일 경로 대응,-,-,-
F-0632,.claude/worktrees/research-skill-refactor-phase-2-8d3584/courses/바이브코딩/sessions/3주차/자료/3주차_콘텐츠리서치_결과.md,20822,a6de133e062cddaef93b869e7961bd66571392a297013add5f6895f23311b19b,.md,텍스트(Markdown),3주차,외부사본,커밋 없음(외부 worktree 사본·main 인덱스 밖),(참조 없음),중복본,F-0322,worktree 사본 · 본체 대응 경로(courses/바이브코딩/sessions/3주차/자료/3주차_콘텐츠리서치_결과.md)와 SHA-256 일치 · 신경로 동일 경로 대응,-,-,-
F-0633,.claude/worktrees/research-skill-refactor-phase-2-8d3584/courses/바이브코딩/sessions/3주차/자료/images/git-setup-p02-account-ready-annotated.png,40109,017adac887014f189609f99a276c3283e0c24c009e36198f4b8cac34ce4d9f27,.png,PNG,3주차,외부사본,커밋 없음(외부 worktree 사본·main 인덱스 밖),-,중복본,F-0323,worktree 사본 · 본체 대응 경로(courses/바이브코딩/sessions/3주차/자료/images/git-setup-p02-account-ready-annotated.png)와 SHA-256 일치 · 신경로 동일 경로 대응,-,-,-
F-0634,.claude/worktrees/research-skill-refactor-phase-2-8d3584/courses/바이브코딩/sessions/3주차/자료/images/github-practice-p10-upload-result-crop.png,48819,79189d3cdcfac696441e1e3c0f0922754cf0b2884102a101f12930ce615c8be6,.png,PNG,3주차,외부사본,커밋 없음(외부 worktree 사본·main 인덱스 밖),-,중복본,F-0324,worktree 사본 · 본체 대응 경로(courses/바이브코딩/sessions/3주차/자료/images/github-practice-p10-upload-result-crop.png)와 SHA-256 일치 · 신경로 동일 경로 대응,-,-,-
F-0635,.claude/worktrees/research-skill-refactor-phase-2-8d3584/courses/바이브코딩/sessions/3주차/자료/images/s81_harness-horse-metaphor-v1-transparent.png,1329408,04e37831c0317741f38b4a60fcd20b27426d3a28f72ebad9cc2fc6868e19f294,.png,PNG,3주차,외부사본,커밋 없음(외부 worktree 사본·main 인덱스 밖),-,중복본,F-0325,worktree 사본 · 본체 대응 경로(courses/바이브코딩/sessions/3주차/자료/images/s81_harness-horse-metaphor-v1-transparent.png)와 SHA-256 일치 · 신경로 동일 경로 대응,-,-,-
F-0636,.claude/worktrees/research-skill-refactor-phase-2-8d3584/courses/바이브코딩/sessions/3주차/자료/images/w3-git-acp.png,220035,7c1a4741a18e6816e5126d181c80fcc7453036807bd7971427942e30b59f2c63,.png,PNG,3주차,외부사본,커밋 없음(외부 worktree 사본·main 인덱스 밖),-,중복본,F-0326,worktree 사본 · 본체 대응 경로(courses/바이브코딩/sessions/3주차/자료/images/w3-git-acp.png)와 SHA-256 일치 · 신경로 동일 경로 대응,-,-,-
F-0637,.claude/worktrees/research-skill-refactor-phase-2-8d3584/courses/바이브코딩/sessions/3주차/자료/images/w3-git-config.png,297863,cd992a906c003ffed090b829b035c8b0d415eee7752fda826ccc9fe087312796,.png,PNG,3주차,외부사본,커밋 없음(외부 worktree 사본·main 인덱스 밖),-,중복본,F-0327,worktree 사본 · 본체 대응 경로(courses/바이브코딩/sessions/3주차/자료/images/w3-git-config.png)와 SHA-256 일치 · 신경로 동일 경로 대응,-,-,-
F-0638,.claude/worktrees/research-skill-refactor-phase-2-8d3584/courses/바이브코딩/sessions/3주차/자료/images/w3-git-flow4.png,203160,f414d7642dd89ad3e7d30d71adaf7c075c7b1ff76c0bf6b71fcad0d58e63dbd1,.png,PNG,3주차,외부사본,커밋 없음(외부 worktree 사본·main 인덱스 밖),-,중복본,F-0328,worktree 사본 · 본체 대응 경로(courses/바이브코딩/sessions/3주차/자료/images/w3-git-flow4.png)와 SHA-256 일치 · 신경로 동일 경로 대응,-,-,-
F-0639,.claude/worktrees/research-skill-refactor-phase-2-8d3584/courses/바이브코딩/sessions/3주차/자료/images/w3-git-remote.png,172187,8b897fef3248922b240f3cd02033f83e4a9759ff389517fadf1ca758fa11e6cf,.png,PNG,3주차,외부사본,커밋 없음(외부 worktree 사본·main 인덱스 밖),-,중복본,F-0329,worktree 사본 · 본체 대응 경로(courses/바이브코딩/sessions/3주차/자료/images/w3-git-remote.png)와 SHA-256 일치 · 신경로 동일 경로 대응,-,-,-
F-0640,.claude/worktrees/research-skill-refactor-phase-2-8d3584/courses/바이브코딩/sessions/3주차/자료/실습예제/ai-team/.codex/agents/doyun.toml,875,659196a01a3b7207ee5f8a170965dc6f52e77fb9926fe1e5b9986f492d533242,.toml,텍스트(TOML),3주차,외부사본,커밋 없음(외부 worktree 사본·main 인덱스 밖),(참조 없음),중복본,F-0330,worktree 사본 · 본체 대응 경로(courses/바이브코딩/sessions/3주차/자료/실습예제/ai-team/.codex/agents/doyun.toml)와 SHA-256 일치 · 신경로 동일 경로 대응,-,-,-
F-0641,.claude/worktrees/research-skill-refactor-phase-2-8d3584/courses/바이브코딩/sessions/3주차/자료/실습예제/ai-team/.codex/agents/jihun.toml,937,5d7a95766129cfd5bc3f88e0f34c6134d6a22b559eaab84452e44444c40c660b,.toml,텍스트(TOML),3주차,외부사본,커밋 없음(외부 worktree 사본·main 인덱스 밖),(참조 없음),중복본,F-0331,worktree 사본 · 본체 대응 경로(courses/바이브코딩/sessions/3주차/자료/실습예제/ai-team/.codex/agents/jihun.toml)와 SHA-256 일치 · 신경로 동일 경로 대응,-,-,-
F-0642,.claude/worktrees/research-skill-refactor-phase-2-8d3584/courses/바이브코딩/sessions/3주차/자료/실습예제/ai-team/.codex/agents/minho.toml,1082,1d33d8ca97fa06079822c45ca7badbde75827dfff03253cdf5b7fe2bd6ff7857,.toml,텍스트(TOML),3주차,외부사본,커밋 없음(외부 worktree 사본·main 인덱스 밖),(참조 없음),중복본,F-0332,worktree 사본 · 본체 대응 경로(courses/바이브코딩/sessions/3주차/자료/실습예제/ai-team/.codex/agents/minho.toml)와 SHA-256 일치 · 신경로 동일 경로 대응,-,-,-
F-0643,.claude/worktrees/research-skill-refactor-phase-2-8d3584/courses/바이브코딩/sessions/3주차/자료/실습예제/ai-team/.codex/agents/sujin.toml,1032,7a400b332ffcc26ce26f8180b5dbf4d50d0ec1857aba2aae8ed373ffb87df1a1,.toml,텍스트(TOML),3주차,외부사본,커밋 없음(외부 worktree 사본·main 인덱스 밖),(참조 없음),중복본,F-0333,worktree 사본 · 본체 대응 경로(courses/바이브코딩/sessions/3주차/자료/실습예제/ai-team/.codex/agents/sujin.toml)와 SHA-256 일치 · 신경로 동일 경로 대응,-,-,-
F-0644,.claude/worktrees/research-skill-refactor-phase-2-8d3584/courses/바이브코딩/sessions/3주차/자료/실습예제/ai-team/.codex/config.toml,66,892f1fe8b8ad0fa9efbc9671da7e8daf624b761168a86527eeb83bbb0f19d9a0,.toml,텍스트(TOML),3주차,외부사본,커밋 없음(외부 worktree 사본·main 인덱스 밖),(참조 없음),중복본,F-0334,worktree 사본 · 본체 대응 경로(courses/바이브코딩/sessions/3주차/자료/실습예제/ai-team/.codex/config.toml)와 SHA-256 일치 · 신경로 동일 경로 대응,-,-,-
F-0645,.claude/worktrees/research-skill-refactor-phase-2-8d3584/courses/바이브코딩/sessions/3주차/자료/실습예제/ai-team/AGENTS.md,2319,a529ac23861c95ccaa8da5d59b4dfa854d7b803de0e257b2fe5446f9b9663c1f,.md,텍스트(Markdown),3주차,외부사본,커밋 없음(외부 worktree 사본·main 인덱스 밖),(참조 없음),중복본,F-0335,worktree 사본 · 본체 대응 경로(courses/바이브코딩/sessions/3주차/자료/실습예제/ai-team/AGENTS.md)와 SHA-256 일치 · 신경로 동일 경로 대응,-,-,-
F-0646,.claude/worktrees/research-skill-refactor-phase-2-8d3584/courses/바이브코딩/sessions/3주차/자료/실습예제/ai-team/README.md,3406,942b7758068139e28796cb446085ed0fc2584360c55cf7a85b8ac5e305d60b28,.md,텍스트(Markdown),3주차,외부사본,커밋 없음(외부 worktree 사본·main 인덱스 밖),(참조 없음),중복본,F-0336,worktree 사본 · 본체 대응 경로(courses/바이브코딩/sessions/3주차/자료/실습예제/ai-team/README.md)와 SHA-256 일치 · 신경로 동일 경로 대응,-,-,-
F-0647,.claude/worktrees/research-skill-refactor-phase-2-8d3584/courses/바이브코딩/sessions/3주차/자료/실습예제/ai-team/학생용_통합프롬프트.md,3203,4cdcf278b868ab818f5cd5b9d1cffea71feea3ba78d881e0daa57fa075e91423,.md,텍스트(Markdown),3주차,외부사본,커밋 없음(외부 worktree 사본·main 인덱스 밖),(참조 없음),중복본,F-0337,worktree 사본 · 본체 대응 경로(courses/바이브코딩/sessions/3주차/자료/실습예제/ai-team/학생용_통합프롬프트.md)와 SHA-256 일치 · 신경로 동일 경로 대응,-,-,-
F-0648,.claude/worktrees/research-skill-refactor-phase-2-8d3584/courses/바이브코딩/sessions/3주차/자료/이미지-에셋.json,184,c6f3f0f4fb2189a980b67f4d451d59181f55c13306e53c6f1b197e48e59f4717,.json,JSON,3주차,외부사본,커밋 없음(외부 worktree 사본·main 인덱스 밖),(참조 없음),중복본,F-0338,worktree 사본 · 본체 대응 경로(courses/바이브코딩/sessions/3주차/자료/이미지-에셋.json)와 SHA-256 일치 · 신경로 동일 경로 대응,-,-,-
F-0649,.claude/worktrees/research-skill-refactor-phase-2-8d3584/courses/바이브코딩/sessions/3주차/자료/이미지-프롬프트.md,4416,7d28123c56d5ab9817472902c30f3cef4cf6ea8ec99341c2f2e440bb2d1cca12,.md,텍스트(Markdown),3주차,외부사본,커밋 없음(외부 worktree 사본·main 인덱스 밖),(참조 없음),중복본,F-0339,worktree 사본 · 본체 대응 경로(courses/바이브코딩/sessions/3주차/자료/이미지-프롬프트.md)와 SHA-256 일치 · 신경로 동일 경로 대응,-,-,-
F-0650,.claude/worktrees/research-skill-refactor-phase-2-8d3584/courses/바이브코딩/sessions/3주차/조립_보고.md,83726,f33cf0b65a9bcdbef038731eb73d96784edb6123f6592654d644d86e5780c314,.md,텍스트(Markdown),3주차,외부사본,커밋 없음(외부 worktree 사본·main 인덱스 밖),(참조 없음),중복본,F-0340,worktree 사본 · 본체 대응 경로(courses/바이브코딩/sessions/3주차/조립_보고.md)와 SHA-256 일치 · 신경로 동일 경로 대응,-,-,-
F-0651,.claude/worktrees/research-skill-refactor-phase-2-8d3584/courses/바이브코딩/슬라이드지침.md,6349,ec42809cb2390ea4e56248af6a1e18b9013c2f0d0c96d194b1934630b8e2b5ad,.md,텍스트(Markdown),과목공통(바이브코딩),외부사본,커밋 없음(외부 worktree 사본·main 인덱스 밖),profile.md(있음);../../kit/guide/교육원칙-요약.md(있음);커리큘럼_기준안.md(있음),상태 확인 필요,F-0341,worktree 사본이나 본체 대응 경로(courses/바이브코딩/슬라이드지침.md)와 SHA-256 불일치 · 신경로 동일 경로 대응,worktree판과 본체판의 내용 차이 미확인 — T11 계보 확인 필요,-,-
F-0652,.claude/worktrees/research-skill-refactor-phase-2-8d3584/courses/바이브코딩/커리큘럼_기준안.md,34470,2b8d8e2516ed90e42c679282456ed2e1fb195852196b68ccde168003a60d825c,.md,텍스트(Markdown),과목공통(바이브코딩),외부사본,커밋 없음(외부 worktree 사본·main 인덱스 밖),(참조 없음),상태 확인 필요,F-0342,worktree 사본이나 본체 대응 경로(courses/바이브코딩/커리큘럼_기준안.md)와 SHA-256 불일치 · 신경로 동일 경로 대응,worktree판과 본체판의 내용 차이 미확인 — T11 계보 확인 필요,-,-
F-0653,.claude/worktrees/research-skill-refactor-phase-2-8d3584/sessions/README.md,17393,4158934699df24632f1b50ace1aa5d79417226b44f9518bd237c7733c8a0f842,.md,텍스트(Markdown),구경로공통,외부사본,커밋 없음(외부 worktree 사본·main 인덱스 밖),../references/이미지-에셋-manifest.schema.json(있음);../skills/README.md(있음),상태 확인 필요,F-0344,worktree 사본이나 본체 대응 경로(sessions/README.md)와 SHA-256 불일치 · 신경로 동일 경로 대응,worktree판과 본체판의 내용 차이 미확인 — T11 계보 확인 필요,-,-
F-0654,.claude/worktrees/research-skill-refactor-phase-2-8d3584/sessions/_template/README.md,3042,d4773b55a50695a98c9c9efd0d4326ac70f888a448ecb4d0f20dcf543f671452,.md,텍스트(Markdown),템플릿(주차없음),외부사본,커밋 없음(외부 worktree 사본·main 인덱스 밖),../README.md(있음),중복본,F-0345,worktree 사본 · 본체 대응 경로(sessions/_template/README.md)와 SHA-256 일치 · 신경로 동일 경로 대응,-,-,-
F-0655,.claude/worktrees/research-skill-refactor-phase-2-8d3584/sessions/_template/deck.contract.json,1471,ded854e50e1c4a27497883f3145da737f6547dcf62e38e15ebabe5d3d2edc585,.json,JSON,템플릿(주차없음),외부사본,커밋 없음(외부 worktree 사본·main 인덱스 밖),(참조 없음),중복본,F-0346,worktree 사본 · 본체 대응 경로(sessions/_template/deck.contract.json)와 SHA-256 일치 · 신경로 동일 경로 대응,-,-,-
F-0656,.claude/worktrees/research-skill-refactor-phase-2-8d3584/sessions/_template/강의덱.초안/README.md,2721,c7897d117dbc7435bd653630487a019359770222b105e27b9eaa0dba631db3d9,.md,텍스트(Markdown),템플릿(주차없음),외부사본,커밋 없음(외부 worktree 사본·main 인덱스 밖),(참조 없음),상태 확인 필요,F-0347,worktree 사본이나 본체 대응 경로(sessions/_template/강의덱.초안/README.md)와 SHA-256 불일치 · 신경로 동일 경로 대응,worktree판과 본체판의 내용 차이 미확인 — T11 계보 확인 필요,-,-
F-0657,.claude/worktrees/research-skill-refactor-phase-2-8d3584/sessions/_template/강의덱.초안/part-01.html,6197,99afcbdc08d3b979f99bad334993c753d8724feef8550616d099afc280aa87fe,.html,HTML(조각),템플릿(주차없음),외부사본,커밋 없음(외부 worktree 사본·main 인덱스 밖),자료/images/roadmap-01.png(없음),중복본,F-0348,worktree 사본 · 본체 대응 경로(sessions/_template/강의덱.초안/part-01.html)와 SHA-256 일치 · 신경로 동일 경로 대응,-,2,2
F-0658,.claude/worktrees/research-skill-refactor-phase-2-8d3584/sessions/_template/강의덱.초안/shell.html,38378,08c532e1c7513403a8cea1c80e83632346453f2360355d54322e47e0e1b318ea,.html,HTML(문서),템플릿(주차없음),외부사본,커밋 없음(외부 worktree 사본·main 인덱스 밖),../../../../kit/styles/deck.css(없음);../../../../kit/styles/legibility.css(없음);../../../../kit/styles/patterns.css(없음);자료/images/asset-001.png(없음);자료/images/asset-002.png(없음),중복본,F-0349,worktree 사본 · 본체 대응 경로(sessions/_template/강의덱.초안/shell.html)와 SHA-256 일치 · 신경로 동일 경로 대응,-,4,6
F-0659,.claude/worktrees/research-skill-refactor-phase-2-8d3584/sessions/_template/자료/개념KB.md,8516,04c2b5c53d01835761cace8deed6ec9d79528967a13b9d8f382bf7efdcf89748,.md,텍스트(Markdown),템플릿(주차없음),외부사본,커밋 없음(외부 worktree 사본·main 인덱스 밖),(참조 없음),상태 확인 필요,F-0350,worktree 사본이나 본체 대응 경로(sessions/_template/자료/개념KB.md)와 SHA-256 불일치 · 신경로 동일 경로 대응,worktree판과 본체판의 내용 차이 미확인 — T11 계보 확인 필요,-,-
F-0660,.claude/worktrees/research-skill-refactor-phase-2-8d3584/sessions/_template/자료/리서치_리뷰.html,29212,d7171f17d1afa46816afdd0fa4a33ce5103c9885a08f425c0272f2aed4b55b22,.html,HTML(조각),템플릿(주차없음),외부사본,커밋 없음(외부 worktree 사본·main 인덱스 밖),(참조 없음),중복본,F-0351,worktree 사본 · 본체 대응 경로(sessions/_template/자료/리서치_리뷰.html)와 SHA-256 일치 · 신경로 동일 경로 대응,-,0(section 있으나 data-slide 0건),0
F-0661,.claude/worktrees/research-skill-refactor-phase-2-8d3584/sessions/_template/자료/이미지-에셋.json,178,7ed674876e348f6577944b0caf515641a0e088fc55dd5cbb2f8b53c4282b2c81,.json,JSON,템플릿(주차없음),외부사본,커밋 없음(외부 worktree 사본·main 인덱스 밖),(참조 없음),상태 확인 필요,F-0352,worktree 사본이나 본체 대응 경로(sessions/_template/자료/이미지-에셋.json)와 SHA-256 불일치 · 신경로 동일 경로 대응,worktree판과 본체판의 내용 차이 미확인 — T11 계보 확인 필요,-,-
F-0662,.claude/worktrees/research-skill-refactor-phase-2-8d3584/sessions/_template/자료/이미지-프롬프트.md,994,573b50205bac4ff9f685a7ab7a5436e5138cbc889a02306f1a78df68ff57242e,.md,텍스트(Markdown),템플릿(주차없음),외부사본,커밋 없음(외부 worktree 사본·main 인덱스 밖),(참조 없음),상태 확인 필요,F-0353,worktree 사본이나 본체 대응 경로(sessions/_template/자료/이미지-프롬프트.md)와 SHA-256 불일치 · 신경로 동일 경로 대응,worktree판과 본체판의 내용 차이 미확인 — T11 계보 확인 필요,-,-
F-0663,.claude/worktrees/research-skill-refactor-phase-2-8d3584/sessions/_template/콘텐츠_리뷰.html,22119,e07d036ffad3b37abb97223118eaf8435632988e533691f2edb783b91f61399f,.html,HTML(조각),템플릿(주차없음),외부사본,커밋 없음(외부 worktree 사본·main 인덱스 밖),(참조 없음),중복본,F-0354,worktree 사본 · 본체 대응 경로(sessions/_template/콘텐츠_리뷰.html)와 SHA-256 일치 · 신경로 동일 경로 대응,-,0(section 있으나 data-slide 0건),0
F-0664,.claude/worktrees/research-skill-refactor-phase-2-8d3584/sessions/_verify/1주차/deck-audit.json,10622,e926ac8a9a9dbe99bd9fb328ba5285c5a0d9077355a7f763a959a9c669651949,.json,JSON,1주차 검증증거,외부사본,커밋 없음(외부 worktree 사본·main 인덱스 밖),(참조 없음),상태 확인 필요,F-0355,worktree 사본이나 본체 대응 경로(sessions/_verify/1주차/deck-audit.json)와 SHA-256 불일치 · 신경로 동일 경로 대응,worktree판과 본체판의 내용 차이 미확인 — T11 계보 확인 필요,-,-
F-0665,.claude/worktrees/research-skill-refactor-phase-2-8d3584/sessions/_verify/1주차/강의덱_발표.meta.json,7814,09fbdba699557a978836e8c1af8e293a7e1d4e87200573b404f1197b4cce61bc,.json,JSON,1주차 검증증거,외부사본,커밋 없음(외부 worktree 사본·main 인덱스 밖),(참조 없음),중복본,F-0356,worktree 사본 · 본체 대응 경로(sessions/_verify/1주차/강의덱_발표.meta.json)와 SHA-256 일치 · 신경로 동일 경로 대응,-,-,-
F-0666,.claude/worktrees/research-skill-refactor-phase-2-8d3584/sessions/_verify/2주차/deck-audit.json,11073,e957617dbfba683fb987024d6129adaf9f226b000f4a6e39ba0846ddb3041538,.json,JSON,2주차 검증증거,외부사본,커밋 없음(외부 worktree 사본·main 인덱스 밖),(참조 없음),상태 확인 필요,F-0357,worktree 사본이나 본체 대응 경로(sessions/_verify/2주차/deck-audit.json)와 SHA-256 불일치 · 신경로 동일 경로 대응,worktree판과 본체판의 내용 차이 미확인 — T11 계보 확인 필요,-,-
F-0667,.claude/worktrees/research-skill-refactor-phase-2-8d3584/sessions/_verify/2주차/강의덱_발표.meta.json,11173,4d59bed312fe405e4cdd3fbf06c5c728dac84a46c75113233a8118b13a91a4df,.json,JSON,2주차 검증증거,외부사본,커밋 없음(외부 worktree 사본·main 인덱스 밖),(참조 없음),중복본,F-0358,worktree 사본 · 본체 대응 경로(sessions/_verify/2주차/강의덱_발표.meta.json)와 SHA-256 일치 · 신경로 동일 경로 대응,-,-,-
F-0668,.claude/worktrees/research-skill-refactor-phase-2-8d3584/sessions/_verify/3주차/deck-audit.json,7807,c0ba6413f515225c2b5735e76d7383abf04da0a850ac28a9c1695bf1c378f2ea,.json,JSON,3주차 검증증거,외부사본,커밋 없음(외부 worktree 사본·main 인덱스 밖),(참조 없음),상태 확인 필요,F-0359,worktree 사본이나 본체 대응 경로(sessions/_verify/3주차/deck-audit.json)와 SHA-256 불일치 · 신경로 동일 경로 대응,worktree판과 본체판의 내용 차이 미확인 — T11 계보 확인 필요,-,-
F-0669,.claude/worktrees/research-skill-refactor-phase-2-8d3584/sessions/references/PM_1.pdf,19761712,a63474f5ae3cf6de30ff99edb81a74b8c35b57af7bf27751facef0dc9898d90e,.pdf,PDF,주차미상(참고후보),외부사본,커밋 없음(외부 worktree 사본·main 인덱스 밖),-,중복본,F-0360,worktree 사본 · 본체 대응 경로(sessions/references/PM_1.pdf)와 SHA-256 일치 · 신경로 동일 경로 대응,-,-,-
F-0670,.claude/worktrees/research-skill-refactor-phase-2-8d3584/sessions/references/PM_2.pdf,22883259,2f930aceacb82b15688a23ce70d8d550a5c18e06daad09b052e690173d7e9c53,.pdf,PDF,주차미상(참고후보),외부사본,커밋 없음(외부 worktree 사본·main 인덱스 밖),-,중복본,F-0361,worktree 사본 · 본체 대응 경로(sessions/references/PM_2.pdf)와 SHA-256 일치 · 신경로 동일 경로 대응,-,-,-
F-0671,.claude/worktrees/research-skill-refactor-phase-2-8d3584/sessions/references/PM_3.pdf,25173197,52b28258467780d5401a7f2069623e45b629c820cc85436437fa36e9e671714e,.pdf,PDF,주차미상(참고후보),외부사본,커밋 없음(외부 worktree 사본·main 인덱스 밖),-,중복본,F-0362,worktree 사본 · 본체 대응 경로(sessions/references/PM_3.pdf)와 SHA-256 일치 · 신경로 동일 경로 대응,-,-,-
F-0672,.claude/worktrees/research-skill-refactor-phase-2-8d3584/sessions/references/PM_4.pdf,11482165,e924182086b701a13a7f86ec6f96b443d8b17305b0c8c4842667afa89f36e3ad,.pdf,PDF,주차미상(참고후보),외부사본,커밋 없음(외부 worktree 사본·main 인덱스 밖),-,중복본,F-0363,worktree 사본 · 본체 대응 경로(sessions/references/PM_4.pdf)와 SHA-256 일치 · 신경로 동일 경로 대응,-,-,-
F-0673,.claude/worktrees/week-1-content-addition-8e2d72/sessions/1주차/1주차_강의안설계.md,64026,d678938a3de717ba50506307b7de3ea5ebdc91b0c5566fad6667c9a85945cb23,.md,텍스트(Markdown),1주차,외부사본,커밋 없음(외부 worktree 사본·main 인덱스 밖),(참조 없음),중복본,F-0061,worktree 사본 · 본체 대응 경로(courses/바이브코딩/sessions/1주차/1주차_강의안설계.md)와 SHA-256 일치 · 구경로 sessions/N주차 → courses/바이브코딩/sessions/N주차 매핑,-,-,-
F-0674,.claude/worktrees/week-1-content-addition-8e2d72/sessions/1주차/1주차_상세강의설계_및_콘텐츠실습검증_인수인계.md,63122,953bd7364d8efd5ad1bccc3ac60f10f53e0eb2418fe1d99c04f9af7c9094a4f1,.md,텍스트(Markdown),1주차,외부사본,커밋 없음(외부 worktree 사본·main 인덱스 밖),(참조 없음),중복본,F-0079,본체 대응 경로 없음 · 동일 SHA-256 파일이 본체 다른 경로(courses/바이브코딩/sessions/1주차/자료/1주차_상세강의설계_및_콘텐츠실습검증_인수인계.md)에 있음 · 구경로 sessions/N주차 → courses/바이브코딩/sessions/N주차 매핑,이동인지 별개 사본인지 미확인 — T11,-,-
F-0675,.claude/worktrees/week-1-content-addition-8e2d72/sessions/1주차/1주차_콘텐츠_리뷰.html,25622,ec4c4dca7cccbd4afa0edb65c434b81622d9dc5e1a60b688b0953a00a31aebdf,.html,HTML(문서),1주차,외부사본,커밋 없음(외부 worktree 사본·main 인덱스 밖),(참조 없음),중복본,F-0082,본체 대응 경로 없음 · 동일 SHA-256 파일이 본체 다른 경로(courses/바이브코딩/sessions/1주차/자료/1주차_콘텐츠_리뷰.html)에 있음 · 구경로 sessions/N주차 → courses/바이브코딩/sessions/N주차 매핑,이동인지 별개 사본인지 미확인 — T11,0(section 있으나 data-slide 0건),0
F-0676,.claude/worktrees/week-1-content-addition-8e2d72/sessions/1주차/screenshot/16-01.png,31631,f426df0990c8e0b7e4c39644dd5aa7c6349e78cf5279c8ae6f25b0045786007e,.png,PNG,1주차,외부사본,커밋 없음(외부 worktree 사본·main 인덱스 밖),-,상태 확인 필요,-,본체 부재 · worktree 단독 현물 · 복구 금지(계획서 §1 잠긴 결정: 삭제본 자동 복구 금지),본체에서 삭제된 것인지 worktree 단독 산출인지 미확인 — G11 확인 대상,-,-
F-0677,.claude/worktrees/week-1-content-addition-8e2d72/sessions/1주차/screenshot/20-01.png,13477,92d4cf9439f6cf06ed53ef34b3c44ad17122613261e573b6e3038cbe59107ca6,.png,PNG,1주차,외부사본,커밋 없음(외부 worktree 사본·main 인덱스 밖),-,상태 확인 필요,-,본체 부재 · worktree 단독 현물 · 복구 금지(계획서 §1 잠긴 결정: 삭제본 자동 복구 금지),본체에서 삭제된 것인지 worktree 단독 산출인지 미확인 — G11 확인 대상,-,-
F-0678,.claude/worktrees/week-1-content-addition-8e2d72/sessions/1주차/screenshot/21-01.png,7611,dc86ce62dfe1e3a8226d1cf7510ca63fba1de5146baa40fd5415b4d75d5c376c,.png,PNG,1주차,외부사본,커밋 없음(외부 worktree 사본·main 인덱스 밖),-,상태 확인 필요,-,본체 부재 · worktree 단독 현물 · 복구 금지(계획서 §1 잠긴 결정: 삭제본 자동 복구 금지),본체에서 삭제된 것인지 worktree 단독 산출인지 미확인 — G11 확인 대상,-,-
F-0679,.claude/worktrees/week-1-content-addition-8e2d72/sessions/1주차/screenshot/21-02.png,1204748,dd5a44965d84d9d7cebc95356e572475b45755e47c56a862f5b0364b97e89131,.png,PNG,1주차,외부사본,커밋 없음(외부 worktree 사본·main 인덱스 밖),-,상태 확인 필요,-,본체 부재 · worktree 단독 현물 · 복구 금지(계획서 §1 잠긴 결정: 삭제본 자동 복구 금지),본체에서 삭제된 것인지 worktree 단독 산출인지 미확인 — G11 확인 대상,-,-
F-0680,.claude/worktrees/week-1-content-addition-8e2d72/sessions/1주차/screenshot/codex_existing-folder-menu.png,84475,8bfa5dc4010d700784edc0f8a90bbbf610ddd7bee6c23666eec98837d57d4201,.png,PNG,1주차,외부사본,커밋 없음(외부 worktree 사본·main 인덱스 밖),-,상태 확인 필요,-,본체 부재 · worktree 단독 현물 · 복구 금지(계획서 §1 잠긴 결정: 삭제본 자동 복구 금지),본체에서 삭제된 것인지 worktree 단독 산출인지 미확인 — G11 확인 대상,-,-
F-0681,.claude/worktrees/week-1-content-addition-8e2d72/sessions/1주차/screenshot/codex_file-menu.png,69047,3bf2d4b14e8dfc5efa6310f91035c2d1d6e33fdc0de117837951f8da2d453c5a,.png,PNG,1주차,외부사본,커밋 없음(외부 worktree 사본·main 인덱스 밖),-,상태 확인 필요,-,본체 부재 · worktree 단독 현물 · 복구 금지(계획서 §1 잠긴 결정: 삭제본 자동 복구 금지),본체에서 삭제된 것인지 worktree 단독 산출인지 미확인 — G11 확인 대상,-,-
F-0682,.claude/worktrees/week-1-content-addition-8e2d72/sessions/1주차/screenshot/codex_project-tree_intro-index.png,88084,c931009df1c2f8de6460dff0e695e3771e384118df5e975cac2d51be395fa3e3,.png,PNG,1주차,외부사본,커밋 없음(외부 worktree 사본·main 인덱스 밖),-,상태 확인 필요,-,본체 부재 · worktree 단독 현물 · 복구 금지(계획서 §1 잠긴 결정: 삭제본 자동 복구 금지),본체에서 삭제된 것인지 worktree 단독 산출인지 미확인 — G11 확인 대상,-,-
F-0683,.claude/worktrees/week-1-content-addition-8e2d72/sessions/1주차/screenshot/codex_select-project-root_vibecoding.png,95046,8fe8ed12d01d3d553cdb94046550229b61393afe4774f6965029759bb4d0f5f5,.png,PNG,1주차,외부사본,커밋 없음(외부 worktree 사본·main 인덱스 밖),-,상태 확인 필요,-,본체 부재 · worktree 단독 현물 · 복구 금지(계획서 §1 잠긴 결정: 삭제본 자동 복구 금지),본체에서 삭제된 것인지 worktree 단독 산출인지 미확인 — G11 확인 대상,-,-
F-0684,.claude/worktrees/week-1-content-addition-8e2d72/sessions/1주차/screenshot/codex_vibecoding-workspace-index.png,119954,9c56affb50041ce36ec3f01e1173e27b6e647d8dccf9162fe8bf193de0132250,.png,PNG,1주차,외부사본,커밋 없음(외부 worktree 사본·main 인덱스 밖),-,상태 확인 필요,-,본체 부재 · worktree 단독 현물 · 복구 금지(계획서 §1 잠긴 결정: 삭제본 자동 복구 금지),본체에서 삭제된 것인지 worktree 단독 산출인지 미확인 — G11 확인 대상,-,-
F-0685,.claude/worktrees/week-1-content-addition-8e2d72/sessions/1주차/screenshot/reference_capture-worklist.png,93374,0af45c496f776ae854323f906346f7d04775d493271556e50eab3ecaa3879d73,.png,PNG,1주차,외부사본,커밋 없음(외부 worktree 사본·main 인덱스 밖),-,상태 확인 필요,-,본체 부재 · worktree 단독 현물 · 복구 금지(계획서 §1 잠긴 결정: 삭제본 자동 복구 금지),본체에서 삭제된 것인지 worktree 단독 산출인지 미확인 — G11 확인 대상,-,-
F-0686,.claude/worktrees/week-1-content-addition-8e2d72/sessions/1주차/screenshot/win01_this-pc-c-drive.png,81372,ab5ad88d7089703bad586291b4c223593d580950decc59027b24f0fd45215473,.png,PNG,1주차,외부사본,커밋 없음(외부 worktree 사본·main 인덱스 밖),-,상태 확인 필요,-,본체 부재 · worktree 단독 현물 · 복구 금지(계획서 §1 잠긴 결정: 삭제본 자동 복구 금지),본체에서 삭제된 것인지 worktree 단독 산출인지 미확인 — G11 확인 대상,-,-
F-0687,.claude/worktrees/week-1-content-addition-8e2d72/sessions/1주차/screenshot/win02_c-drive-open.png,137868,41c6c0d166709771ff3e71cff37ca636ce07a7680ab8145c9e14a3252b9644c7,.png,PNG,1주차,외부사본,커밋 없음(외부 worktree 사본·main 인덱스 밖),-,중복본,F-0149,본체 대응 경로 없음 · 동일 SHA-256 파일이 본체 다른 경로(courses/바이브코딩/sessions/1주차/자료/screenshot/win02_c-drive-open.png)에 있음 · 구경로 sessions/N주차 → courses/바이브코딩/sessions/N주차 매핑,이동인지 별개 사본인지 미확인 — T11,-,-
F-0688,.claude/worktrees/week-1-content-addition-8e2d72/sessions/1주차/screenshot/win03_new-folder-menu.png,174796,d7278632563171e4688dbb4be97d2ccd8461f8d6427fb57da8353cbff53a4a63,.png,PNG,1주차,외부사본,커밋 없음(외부 worktree 사본·main 인덱스 밖),-,상태 확인 필요,-,본체 부재 · worktree 단독 현물 · 복구 금지(계획서 §1 잠긴 결정: 삭제본 자동 복구 금지),본체에서 삭제된 것인지 worktree 단독 산출인지 미확인 — G11 확인 대상,-,-
F-0689,.claude/worktrees/week-1-content-addition-8e2d72/sessions/1주차/screenshot/win04_vibecoding-name-entry.png,138772,258272446990a611103727f6924c5649bd020d2f369258a64121c6de1fddcb6e,.png,PNG,1주차,외부사본,커밋 없음(외부 worktree 사본·main 인덱스 밖),-,상태 확인 필요,-,본체 부재 · worktree 단독 현물 · 복구 금지(계획서 §1 잠긴 결정: 삭제본 자동 복구 금지),본체에서 삭제된 것인지 worktree 단독 산출인지 미확인 — G11 확인 대상,-,-
F-0690,.claude/worktrees/week-1-content-addition-8e2d72/sessions/1주차/screenshot/win05_vibecoding-index-root.png,67866,4764ce158c956807ee386438138674ad4ed48227c34b2e67b307c92ea5162557,.png,PNG,1주차,외부사본,커밋 없음(외부 worktree 사본·main 인덱스 밖),-,상태 확인 필요,-,본체 부재 · worktree 단독 현물 · 복구 금지(계획서 §1 잠긴 결정: 삭제본 자동 복구 금지),본체에서 삭제된 것인지 worktree 단독 산출인지 미확인 — G11 확인 대상,-,-
F-0691,.claude/worktrees/week-1-content-addition-8e2d72/sessions/1주차/강의덱.html,187408,1a54b3f4d2fb75c3d7bae6027a7b1e4e2cfe19e9a5f0aede5a1cc5637112207c,.html,HTML(문서),1주차,외부사본,커밋 없음(외부 worktree 사본·main 인덱스 밖),../../kit/styles/deck.css(있음);../../kit/styles/legibility.css(있음);../../kit/styles/patterns.css(있음);강의덱.초안/revision.css(있음);자료/images/s00_light-paper-background.png(있음);자료/images/s00_workbench-hero-paper-cut-v1-transparent.png(있음);자료/images/s00_check-paper-cut-v1-transparent.png(있음);자료/images/s01a_ai-one-sentence-era-paper-cut-v1-transparent.png(있음);자료/images/s05_week1_journey-paper-cut-v1-transparent.png(있음);자료/images/s05_week2_journey-paper-cut-v1-transparent.png(있음);자료/images/s05_week3_journey-paper-cut-v1-transparent.png(있음);자료/images/s02_arrival-three-actions-paper-cut-v1-transparent.png(있음);자료/images/s05a-data-design-background-v1.png(있음);자료/images/s07_llm-agent-workshop-paper-cut-v1-transparent.png(있음);자료/images/s09_three-work-roles-paper-cut-v1-transparent.png(있음);자료/images/s10a_web-based-v2.png(있음);자료/images/s10a_installed-v2.png(있음);자료/images/s10b_webservice-seven-stage-infographic-paper-cut-v1-transparent.png(있음);자료/images/s10_plan-paper-cut-v1-transparent.png(있음);자료/images/s10_design-paper-cut-v1-transparent.png(있음);자료/images/s10_frontend-paper-cut-v1-transparent.png(있음);자료/images/s10_backend-paper-cut-v1-transparent.png(있음);자료/images/s10_qa-publish-improve-story-paper-cut-v2-transparent.png(있음);자료/images/s17_html-structure-paper-cut-v1-transparent.png(있음);자료/images/s17_css-styling-paper-cut-v1-transparent.png(있음);자료/images/s17_javascript-interaction-paper-cut-v1-transparent.png(있음);자료/images/s11_human-ai-prepare-paper-cut-v2-transparent.png(있음);자료/images/s17_folder-file-workspace-paper-cut-v1-transparent.png(있음);screenshot/win02_c-drive-open.png(있음);screenshot/20-01.png(있음);screenshot/codex_existing-folder-menu.png(있음);screenshot/codex_file-menu.png(있음);screenshot/21-01.png(있음);자료/images/s19_permission-four-checks-paper-cut-v1-transparent.png(있음);자료/images/s3pe_prompt-four-elements-v1.png(없음);자료/images/s18_context-memory-workbench-paper-cut-v1-transparent.png(있음);자료/images/s3prv_information-risk-sorting-v1.png(없음);자료/images/s44_keep-change-check-paper-cut-v1-transparent.png(있음);자료/images/s45_human-ai-one-change-paper-cut-v2-transparent.png(있음);자료/images/s46_one-change-protected-paper-cut-v1-transparent.png(있음);자료/images/s49_background-before-after-paper-cut-v1-transparent.png(있음);자료/images/s50_human-ai-free-change-paper-cut-v2-transparent.png(있음);자료/images/s52_issue-type-check-paper-cut-v1-transparent.png(있음);자료/images/s56_human-ai-refresh-check-paper-cut-v2-transparent.png(있음);screenshot/win05_vibecoding-index-root.png(있음);자료/images/s60_final-three-checks-paper-cut-v1-transparent.png(있음);자료/images/s42_one-file-three-files-paper-cut-v1-transparent.png(있음),상태 확인 필요,F-0064,worktree 사본이나 본체 대응 경로(courses/바이브코딩/sessions/1주차/강의덱.html)와 SHA-256 불일치 · 구경로 sessions/N주차 → courses/바이브코딩/sessions/N주차 매핑,worktree판과 본체판의 내용 차이 미확인 — T11 계보 확인 필요,85,83
F-0692,.claude/worktrees/week-1-content-addition-8e2d72/sessions/1주차/강의덱.초안/part-01.html,47977,a8c4f1b76f3fe6c42d5c6e6de4faf776aeeb6951f9141f75e858b3478a7c8e4e,.html,HTML(조각),1주차,외부사본,커밋 없음(외부 worktree 사본·main 인덱스 밖),자료/images/s07_llm-agent-workshop-paper-cut-v1-transparent.png(있음);자료/images/s09_three-work-roles-paper-cut-v1-transparent.png(있음);자료/images/s10a_web-based-v2.png(있음);자료/images/s10a_installed-v2.png(있음);자료/images/s10b_webservice-seven-stage-infographic-paper-cut-v1-transparent.png(있음);자료/images/s10_plan-paper-cut-v1-transparent.png(있음);자료/images/s10_design-paper-cut-v1-transparent.png(있음);자료/images/s10_frontend-paper-cut-v1-transparent.png(있음);자료/images/s10_backend-paper-cut-v1-transparent.png(있음);자료/images/s10_qa-publish-improve-story-paper-cut-v2-transparent.png(있음);자료/images/s17_html-structure-paper-cut-v1-transparent.png(있음);자료/images/s17_css-styling-paper-cut-v1-transparent.png(있음);자료/images/s17_javascript-interaction-paper-cut-v1-transparent.png(있음);자료/images/s11_human-ai-prepare-paper-cut-v2-transparent.png(있음),상태 확인 필요,F-0067,worktree 사본이나 본체 대응 경로(courses/바이브코딩/sessions/1주차/강의덱.초안/part-01.html)와 SHA-256 불일치 · 구경로 sessions/N주차 → courses/바이브코딩/sessions/N주차 매핑,worktree판과 본체판의 내용 차이 미확인 — T11 계보 확인 필요,18,19
F-0693,.claude/worktrees/week-1-content-addition-8e2d72/sessions/1주차/강의덱.초안/part-02.html,16133,b3bc79c53492babef92951ca01cb410a859fcf1b04399454a56cbcb9bc0e38b5,.html,HTML(조각),1주차,외부사본,커밋 없음(외부 worktree 사본·main 인덱스 밖),자료/images/s17_folder-file-workspace-paper-cut-v1-transparent.png(있음);screenshot/win02_c-drive-open.png(있음);screenshot/20-01.png(있음);screenshot/codex_existing-folder-menu.png(있음);screenshot/codex_file-menu.png(있음);screenshot/21-01.png(있음);자료/images/s19_permission-four-checks-paper-cut-v1-transparent.png(있음),상태 확인 필요,F-0068,worktree 사본이나 본체 대응 경로(courses/바이브코딩/sessions/1주차/강의덱.초안/part-02.html)와 SHA-256 불일치 · 구경로 sessions/N주차 → courses/바이브코딩/sessions/N주차 매핑,worktree판과 본체판의 내용 차이 미확인 — T11 계보 확인 필요,9,9
F-0694,.claude/worktrees/week-1-content-addition-8e2d72/sessions/1주차/강의덱.초안/part-03.html,39311,0624a2203ab389ebe000d38e6e2177bd7d5290002da6adb87d10906e9acd64c0,.html,HTML(조각),1주차,외부사본,커밋 없음(외부 worktree 사본·main 인덱스 밖),자료/images/s3pe_prompt-four-elements-v1.png(없음);자료/images/s18_context-memory-workbench-paper-cut-v1-transparent.png(있음);자료/images/s3prv_information-risk-sorting-v1.png(없음),상태 확인 필요,F-0069,worktree 사본이나 본체 대응 경로(courses/바이브코딩/sessions/1주차/강의덱.초안/part-03.html)와 SHA-256 불일치 · 구경로 sessions/N주차 → courses/바이브코딩/sessions/N주차 매핑,worktree판과 본체판의 내용 차이 미확인 — T11 계보 확인 필요,21,21
F-0695,.claude/worktrees/week-1-content-addition-8e2d72/sessions/1주차/강의덱.초안/part-04.html,12964,cb28c45245c231defafdc14aed9d4c1a5e351635d63afdd238aba761624c1c17,.html,HTML(조각),1주차,외부사본,커밋 없음(외부 worktree 사본·main 인덱스 밖),자료/images/s44_keep-change-check-paper-cut-v1-transparent.png(있음);자료/images/s45_human-ai-one-change-paper-cut-v2-transparent.png(있음);자료/images/s46_one-change-protected-paper-cut-v1-transparent.png(있음);자료/images/s49_background-before-after-paper-cut-v1-transparent.png(있음);자료/images/s50_human-ai-free-change-paper-cut-v2-transparent.png(있음),상태 확인 필요,F-0070,worktree 사본이나 본체 대응 경로(courses/바이브코딩/sessions/1주차/강의덱.초안/part-04.html)와 SHA-256 불일치 · 구경로 sessions/N주차 → courses/바이브코딩/sessions/N주차 매핑,worktree판과 본체판의 내용 차이 미확인 — T11 계보 확인 필요,8,8
F-0696,.claude/worktrees/week-1-content-addition-8e2d72/sessions/1주차/강의덱.초안/part-05.html,18882,063ef11cac286f483ea0596ab436571da69ad73223e0da0764b2fe699c3d5091,.html,HTML(조각),1주차,외부사본,커밋 없음(외부 worktree 사본·main 인덱스 밖),자료/images/s52_issue-type-check-paper-cut-v1-transparent.png(있음);자료/images/s56_human-ai-refresh-check-paper-cut-v2-transparent.png(있음);screenshot/win05_vibecoding-index-root.png(있음);자료/images/s60_final-three-checks-paper-cut-v1-transparent.png(있음),상태 확인 필요,F-0071,worktree 사본이나 본체 대응 경로(courses/바이브코딩/sessions/1주차/강의덱.초안/part-05.html)와 SHA-256 불일치 · 구경로 sessions/N주차 → courses/바이브코딩/sessions/N주차 매핑,worktree판과 본체판의 내용 차이 미확인 — T11 계보 확인 필요,10,10
F-0697,.claude/worktrees/week-1-content-addition-8e2d72/sessions/1주차/강의덱.초안/revision.css,116539,d7faed05e6e2569a29c962a7246316b17e3492a2d3ebbca006032d6ba30a713a,.css,텍스트(CSS),1주차,외부사본,커밋 없음(외부 worktree 사본·main 인덱스 밖),(참조 없음),상태 확인 필요,F-0072,worktree 사본이나 본체 대응 경로(courses/바이브코딩/sessions/1주차/강의덱.초안/revision.css)와 SHA-256 불일치 · 구경로 sessions/N주차 → courses/바이브코딩/sessions/N주차 매핑,worktree판과 본체판의 내용 차이 미확인 — T11 계보 확인 필요,-,-
F-0698,.claude/worktrees/week-1-content-addition-8e2d72/sessions/1주차/강의덱.초안/shell.html,52151,e3ab0170fd1f799aab2f9c1897962e9937b89d3de3c808b5d0cddbf11c6b7140,.html,HTML(문서),1주차,외부사본,커밋 없음(외부 worktree 사본·main 인덱스 밖),../../kit/styles/deck.css(있음);../../kit/styles/legibility.css(있음);../../kit/styles/patterns.css(있음);강의덱.초안/revision.css(있음);자료/images/s00_light-paper-background.png(있음);자료/images/s00_workbench-hero-paper-cut-v1-transparent.png(있음);자료/images/s00_check-paper-cut-v1-transparent.png(있음);자료/images/s01a_ai-one-sentence-era-paper-cut-v1-transparent.png(있음);자료/images/s05_week1_journey-paper-cut-v1-transparent.png(있음);자료/images/s05_week2_journey-paper-cut-v1-transparent.png(있음);자료/images/s05_week3_journey-paper-cut-v1-transparent.png(있음);자료/images/s02_arrival-three-actions-paper-cut-v1-transparent.png(있음);자료/images/s05a-data-design-background-v1.png(있음);자료/images/s42_one-file-three-files-paper-cut-v1-transparent.png(있음),상태 확인 필요,F-0073,worktree 사본이나 본체 대응 경로(courses/바이브코딩/sessions/1주차/강의덱.초안/shell.html)와 SHA-256 불일치 · 구경로 sessions/N주차 → courses/바이브코딩/sessions/N주차 매핑,worktree판과 본체판의 내용 차이 미확인 — T11 계보 확인 필요,19,16
F-0699,.claude/worktrees/week-1-content-addition-8e2d72/sessions/1주차/강의덱_발표자노트.html,35962,2b2399823e332b42bd3c3f66abd2fdd1d1307b355d2b1ee3992700aa24b4b66b,.html,HTML(문서),1주차,외부사본,커밋 없음(외부 worktree 사본·main 인덱스 밖),(참조 없음),상태 확인 필요,F-0075,worktree 사본이나 본체 대응 경로(courses/바이브코딩/sessions/1주차/강의덱_발표자노트.html)와 SHA-256 불일치 · 구경로 sessions/N주차 → courses/바이브코딩/sessions/N주차 매핑,worktree판과 본체판의 내용 차이 미확인 — T11 계보 확인 필요,61(pn-slide 섹션·data-slide 미사용),0
F-0700,.claude/worktrees/week-1-content-addition-8e2d72/sessions/1주차/강의덱_배포.html,59752695,60db62bceca19938e4e8c33b2ca8d07ac3234e2b7ad9692446f96f2515fa49ba,.html,HTML(문서),1주차,외부사본,커밋 없음(외부 worktree 사본·main 인덱스 밖),(참조 없음),상태 확인 필요,F-0076,worktree 사본이나 본체 대응 경로(courses/바이브코딩/sessions/1주차/강의덱_배포.html)와 SHA-256 불일치 · 구경로 sessions/N주차 → courses/바이브코딩/sessions/N주차 매핑,worktree판과 본체판의 내용 차이 미확인 — T11 계보 확인 필요,72,70
F-0701,.claude/worktrees/week-1-content-addition-8e2d72/sessions/1주차/자료/1주차_Terra_실행계획_요청.md,4544,3a05f2104ab1ff7941a17c8940d5ffd614c5d1af40f3678105af6652b1e7539f,.md,텍스트(Markdown),1주차,외부사본,커밋 없음(외부 worktree 사본·main 인덱스 밖),(참조 없음),상태 확인 필요,-,본체 부재 · worktree 단독 현물 · 복구 금지(계획서 §1 잠긴 결정: 삭제본 자동 복구 금지),본체에서 삭제된 것인지 worktree 단독 산출인지 미확인 — G11 확인 대상,-,-
F-0702,.claude/worktrees/week-1-content-addition-8e2d72/sessions/1주차/자료/1주차_Terra_인수인계.md,14511,8815e128f87262196da04399203f845ef7ed6cdc180eb3c3778c05f9e693afae,.md,텍스트(Markdown),1주차,외부사본,커밋 없음(외부 worktree 사본·main 인덱스 밖),(참조 없음),상태 확인 필요,-,본체 부재 · worktree 단독 현물 · 복구 금지(계획서 §1 잠긴 결정: 삭제본 자동 복구 금지),본체에서 삭제된 것인지 worktree 단독 산출인지 미확인 — G11 확인 대상,-,-
F-0703,.claude/worktrees/week-1-content-addition-8e2d72/sessions/1주차/자료/1주차_강의덱_v1대비_디자인수정_판단근거.md,55630,d3afe0555d29eb448f35b275a491d2d334c00cb50865403cae6d64dac85a4f9e,.md,텍스트(Markdown),1주차,외부사본,커밋 없음(외부 worktree 사본·main 인덱스 밖),(참조 없음),상태 확인 필요,-,본체 부재 · worktree 단독 현물 · 복구 금지(계획서 §1 잠긴 결정: 삭제본 자동 복구 금지),본체에서 삭제된 것인지 worktree 단독 산출인지 미확인 — G11 확인 대상,-,-
F-0704,.claude/worktrees/week-1-content-addition-8e2d72/sessions/1주차/자료/1주차_개념KB.md,189444,37fd2fdfd6378d279d706ea1522d7fa781503d37f80bff175047f8f1259c735e,.md,텍스트(Markdown),1주차,외부사본,커밋 없음(외부 worktree 사본·main 인덱스 밖),(참조 없음),중복본,F-0077,worktree 사본 · 본체 대응 경로(courses/바이브코딩/sessions/1주차/자료/1주차_개념KB.md)와 SHA-256 일치 · 구경로 sessions/N주차 → courses/바이브코딩/sessions/N주차 매핑,-,-,-
F-0705,.claude/worktrees/week-1-content-addition-8e2d72/sessions/1주차/자료/1주차_결정요청사항.md,3516,93476046bc90333bee10a76b3091a3bb01f86cccd0ce40b15c5bf3d1d017687c,.md,텍스트(Markdown),1주차,외부사본,커밋 없음(외부 worktree 사본·main 인덱스 밖),(참조 없음),상태 확인 필요,F-0078,worktree 사본이나 본체 대응 경로(courses/바이브코딩/sessions/1주차/자료/1주차_결정요청사항.md)와 SHA-256 불일치 · 구경로 sessions/N주차 → courses/바이브코딩/sessions/N주차 매핑,worktree판과 본체판의 내용 차이 미확인 — T11 계보 확인 필요,-,-
F-0706,.claude/worktrees/week-1-content-addition-8e2d72/sessions/1주차/자료/1주차_내용단계_집필스펙.md,24795,4fde0d5ec080058863bb0c6a4200ebadf0a31388b3fabc33e52372667a44ad54,.md,텍스트(Markdown),1주차,외부사본,커밋 없음(외부 worktree 사본·main 인덱스 밖),(참조 없음),상태 확인 필요,-,본체 부재 · worktree 단독 현물 · 복구 금지(계획서 §1 잠긴 결정: 삭제본 자동 복구 금지),본체에서 삭제된 것인지 worktree 단독 산출인지 미확인 — G11 확인 대상,-,-
F-0707,.claude/worktrees/week-1-content-addition-8e2d72/sessions/1주차/자료/1주차_덱_결정표.md,23370,1d62899043138c762246fa206116eb3e820748afb5d59794738555908137bdf7,.md,텍스트(Markdown),1주차,외부사본,커밋 없음(외부 worktree 사본·main 인덱스 밖),(참조 없음),상태 확인 필요,-,본체 부재 · worktree 단독 현물 · 복구 금지(계획서 §1 잠긴 결정: 삭제본 자동 복구 금지),본체에서 삭제된 것인지 worktree 단독 산출인지 미확인 — G11 확인 대상,-,-
F-0708,.claude/worktrees/week-1-content-addition-8e2d72/sessions/1주차/자료/1주차_슬라이드계획서_v2.md,50469,e9423a117e44ee4f99a3aec6b71bf398178663f2a73ddc7e612d2ecd217836c5,.md,텍스트(Markdown),1주차,외부사본,커밋 없음(외부 worktree 사본·main 인덱스 밖),(참조 없음),상태 확인 필요,-,본체 부재 · worktree 단독 현물 · 복구 금지(계획서 §1 잠긴 결정: 삭제본 자동 복구 금지),본체에서 삭제된 것인지 worktree 단독 산출인지 미확인 — G11 확인 대상,-,-
F-0709,.claude/worktrees/week-1-content-addition-8e2d72/sessions/1주차/자료/1주차_실습안_검증결과.md,14989,da8f9b69620114d95f3f80d2c4e4bacb0bbab5cbfdcd793ac74f8255ab69359c,.md,텍스트(Markdown),1주차,외부사본,커밋 없음(외부 worktree 사본·main 인덱스 밖),(참조 없음),상태 확인 필요,F-0080,worktree 사본이나 본체 대응 경로(courses/바이브코딩/sessions/1주차/자료/1주차_실습안_검증결과.md)와 SHA-256 불일치 · 구경로 sessions/N주차 → courses/바이브코딩/sessions/N주차 매핑,worktree판과 본체판의 내용 차이 미확인 — T11 계보 확인 필요,-,-
F-0710,.claude/worktrees/week-1-content-addition-8e2d72/sessions/1주차/자료/1주차_오프닝_TOP5.html,14253,be427bdb8f9f004cff477c382a648355b32cb70f7742d50d72c7552ff58c36bc,.html,HTML(문서),1주차,외부사본,커밋 없음(외부 worktree 사본·main 인덱스 밖),../../../kit/styles/deck.css(있음),상태 확인 필요,-,본체 부재 · worktree 단독 현물 · 복구 금지(계획서 §1 잠긴 결정: 삭제본 자동 복구 금지),본체에서 삭제된 것인지 worktree 단독 산출인지 미확인 — G11 확인 대상,0(section 있으나 data-slide 0건),0
F-0711,.claude/worktrees/week-1-content-addition-8e2d72/sessions/1주차/자료/1주차_오프닝_레이아웃러프.html,19011,e5d82c190bf85612919371e2ae72133d995f07123798048bac5f81fd1e3a77b4,.html,HTML(문서),1주차,외부사본,커밋 없음(외부 worktree 사본·main 인덱스 밖),../../../kit/styles/deck.css(있음),상태 확인 필요,-,본체 부재 · worktree 단독 현물 · 복구 금지(계획서 §1 잠긴 결정: 삭제본 자동 복구 금지),본체에서 삭제된 것인지 worktree 단독 산출인지 미확인 — G11 확인 대상,0(section 있으나 data-slide 0건),0
F-0712,.claude/worktrees/week-1-content-addition-8e2d72/sessions/1주차/자료/1주차_출처레지스트리.md,67207,65e63dda3c88620d625dae32b3e2430d4e31b9a1157be66ad7caaf7ca4735231,.md,텍스트(Markdown),1주차,외부사본,커밋 없음(외부 worktree 사본·main 인덱스 밖),(참조 없음),중복본,F-0081,worktree 사본 · 본체 대응 경로(courses/바이브코딩/sessions/1주차/자료/1주차_출처레지스트리.md)와 SHA-256 일치 · 구경로 sessions/N주차 → courses/바이브코딩/sessions/N주차 매핑,-,-,-
F-0713,.claude/worktrees/week-1-content-addition-8e2d72/sessions/1주차/자료/1주차_콘텐츠_결정표.md,13468,3c37a016f1693f6cfc48044074d5dd751ca615d7966634ebed97055c7d4d96db,.md,텍스트(Markdown),1주차,외부사본,커밋 없음(외부 worktree 사본·main 인덱스 밖),(참조 없음),상태 확인 필요,-,본체 부재 · worktree 단독 현물 · 복구 금지(계획서 §1 잠긴 결정: 삭제본 자동 복구 금지),본체에서 삭제된 것인지 worktree 단독 산출인지 미확인 — G11 확인 대상,-,-
F-0714,.claude/worktrees/week-1-content-addition-8e2d72/sessions/1주차/자료/1주차_콘텐츠_집필노트.md,7974,eec5c302d5c92cc0135e644f174a7dd194667622ecfd59cf251d78ad48a622b2,.md,텍스트(Markdown),1주차,외부사본,커밋 없음(외부 worktree 사본·main 인덱스 밖),(참조 없음),상태 확인 필요,F-0083,worktree 사본이나 본체 대응 경로(courses/바이브코딩/sessions/1주차/자료/1주차_콘텐츠_집필노트.md)와 SHA-256 불일치 · 구경로 sessions/N주차 → courses/바이브코딩/sessions/N주차 매핑,worktree판과 본체판의 내용 차이 미확인 — T11 계보 확인 필요,-,-
F-0715,.claude/worktrees/week-1-content-addition-8e2d72/sessions/1주차/자료/1주차_콘텐츠리서치_결과.md,37456,de2557fce482706977c5ca8c0df0fb0063b21b26eaed97c0cae0ece146817ba0,.md,텍스트(Markdown),1주차,외부사본,커밋 없음(외부 worktree 사본·main 인덱스 밖),(참조 없음),상태 확인 필요,F-0084,worktree 사본이나 본체 대응 경로(courses/바이브코딩/sessions/1주차/자료/1주차_콘텐츠리서치_결과.md)와 SHA-256 불일치 · 구경로 sessions/N주차 → courses/바이브코딩/sessions/N주차 매핑,worktree판과 본체판의 내용 차이 미확인 — T11 계보 확인 필요,-,-
F-0716,.claude/worktrees/week-1-content-addition-8e2d72/sessions/1주차/자료/images/s00_check-paper-cut-v1-transparent.png,1321942,e8998e71f806be785120d764290543eb772a65a0d8a828255e5ad10771191350,.png,PNG,1주차,외부사본,커밋 없음(외부 worktree 사본·main 인덱스 밖),-,중복본,F-0085,worktree 사본 · 본체 대응 경로(courses/바이브코딩/sessions/1주차/자료/images/s00_check-paper-cut-v1-transparent.png)와 SHA-256 일치 · 구경로 sessions/N주차 → courses/바이브코딩/sessions/N주차 매핑,-,-,-
F-0717,.claude/worktrees/week-1-content-addition-8e2d72/sessions/1주차/자료/images/s00_light-paper-background.png,2108605,ec9d66e0e81488c8332dc41a733f7c667059f6b22b73690305d998f2c490a8aa,.png,PNG,1주차,외부사본,커밋 없음(외부 worktree 사본·main 인덱스 밖),-,중복본,F-0086,worktree 사본 · 본체 대응 경로(courses/바이브코딩/sessions/1주차/자료/images/s00_light-paper-background.png)와 SHA-256 일치 · 구경로 sessions/N주차 → courses/바이브코딩/sessions/N주차 매핑,-,-,-
F-0718,.claude/worktrees/week-1-content-addition-8e2d72/sessions/1주차/자료/images/s00_pencil-paper-cut-v1-transparent.png,451507,ed635a3700617f65a6c21e9db00a87e0dce26d6457f39eeedec55d25dae18c2e,.png,PNG,1주차,외부사본,커밋 없음(외부 worktree 사본·main 인덱스 밖),-,중복본,F-0087,worktree 사본 · 본체 대응 경로(courses/바이브코딩/sessions/1주차/자료/images/s00_pencil-paper-cut-v1-transparent.png)와 SHA-256 일치 · 구경로 sessions/N주차 → courses/바이브코딩/sessions/N주차 매핑,-,-,-
F-0719,.claude/worktrees/week-1-content-addition-8e2d72/sessions/1주차/자료/images/s00_project-folder-paper-cut-v1-transparent.png,1028129,d7bc9e6d546f05155aa14c77a55b7d4d1b1a249a5b09f2f5e6f178091480d8fa,.png,PNG,1주차,외부사본,커밋 없음(외부 worktree 사본·main 인덱스 밖),-,중복본,F-0088,worktree 사본 · 본체 대응 경로(courses/바이브코딩/sessions/1주차/자료/images/s00_project-folder-paper-cut-v1-transparent.png)와 SHA-256 일치 · 구경로 sessions/N주차 → courses/바이브코딩/sessions/N주차 매핑,-,-,-
F-0720,.claude/worktrees/week-1-content-addition-8e2d72/sessions/1주차/자료/images/s00_workbench-hero-paper-cut-v1-transparent.png,784093,6e948dd8472b3cbe50df60bdf4d7f34051de42cdc62e101ec8edab25f1931d8f,.png,PNG,1주차,외부사본,커밋 없음(외부 worktree 사본·main 인덱스 밖),-,중복본,F-0089,worktree 사본 · 본체 대응 경로(courses/바이브코딩/sessions/1주차/자료/images/s00_workbench-hero-paper-cut-v1-transparent.png)와 SHA-256 일치 · 구경로 sessions/N주차 → courses/바이브코딩/sessions/N주차 매핑,-,-,-
F-0721,.claude/worktrees/week-1-content-addition-8e2d72/sessions/1주차/자료/images/s01a_ai-one-sentence-era-paper-cut-v1-transparent.png,794627,7faece707a48b046b9f69af73c82205bf8bfef4b9ad70e3c1a2f69bfebfba01d,.png,PNG,1주차,외부사본,커밋 없음(외부 worktree 사본·main 인덱스 밖),-,중복본,F-0090,worktree 사본 · 본체 대응 경로(courses/바이브코딩/sessions/1주차/자료/images/s01a_ai-one-sentence-era-paper-cut-v1-transparent.png)와 SHA-256 일치 · 구경로 sessions/N주차 → courses/바이브코딩/sessions/N주차 매핑,-,-,-
F-0722,.claude/worktrees/week-1-content-addition-8e2d72/sessions/1주차/자료/images/s02_arrival-three-actions-paper-cut-v1-transparent.png,944536,f851b0fb09260aea0be0310928ad0c5f746259b1f3eb3c3a9a6d3881176ab4cd,.png,PNG,1주차,외부사본,커밋 없음(외부 worktree 사본·main 인덱스 밖),-,중복본,F-0091,worktree 사본 · 본체 대응 경로(courses/바이브코딩/sessions/1주차/자료/images/s02_arrival-three-actions-paper-cut-v1-transparent.png)와 SHA-256 일치 · 구경로 sessions/N주차 → courses/바이브코딩/sessions/N주차 매핑,-,-,-
F-0723,.claude/worktrees/week-1-content-addition-8e2d72/sessions/1주차/자료/images/s05_week1_journey-paper-cut-v1-transparent.png,1729318,b4e768e6184b26889e7318862bb1c13fefd0cbe79309959ab2552f01fa47833e,.png,PNG,1주차,외부사본,커밋 없음(외부 worktree 사본·main 인덱스 밖),-,중복본,F-0092,worktree 사본 · 본체 대응 경로(courses/바이브코딩/sessions/1주차/자료/images/s05_week1_journey-paper-cut-v1-transparent.png)와 SHA-256 일치 · 구경로 sessions/N주차 → courses/바이브코딩/sessions/N주차 매핑,-,-,-
F-0724,.claude/worktrees/week-1-content-addition-8e2d72/sessions/1주차/자료/images/s05_week2_journey-paper-cut-v1-transparent.png,1860251,680aff29caa3ffa2036b846d75582f795a7805b09e305761ca7138ba625864b8,.png,PNG,1주차,외부사본,커밋 없음(외부 worktree 사본·main 인덱스 밖),-,중복본,F-0093,worktree 사본 · 본체 대응 경로(courses/바이브코딩/sessions/1주차/자료/images/s05_week2_journey-paper-cut-v1-transparent.png)와 SHA-256 일치 · 구경로 sessions/N주차 → courses/바이브코딩/sessions/N주차 매핑,-,-,-
F-0725,.claude/worktrees/week-1-content-addition-8e2d72/sessions/1주차/자료/images/s05_week3_journey-paper-cut-v1-transparent.png,1408800,642594c605859230b924198cd350a427e5830f51a0fec5c5c7eb9725f6944ed2,.png,PNG,1주차,외부사본,커밋 없음(외부 worktree 사본·main 인덱스 밖),-,중복본,F-0094,worktree 사본 · 본체 대응 경로(courses/바이브코딩/sessions/1주차/자료/images/s05_week3_journey-paper-cut-v1-transparent.png)와 SHA-256 일치 · 구경로 sessions/N주차 → courses/바이브코딩/sessions/N주차 매핑,-,-,-
F-0726,.claude/worktrees/week-1-content-addition-8e2d72/sessions/1주차/자료/images/s05a-data-design-background-v1.png,3466307,7a720ba17a7e4dd5ca95fdf6e9d8b85d7a5be700dbfdfa74fc4c661ca7a51a04,.png,PNG,1주차,외부사본,커밋 없음(외부 worktree 사본·main 인덱스 밖),-,중복본,F-0095,worktree 사본 · 본체 대응 경로(courses/바이브코딩/sessions/1주차/자료/images/s05a-data-design-background-v1.png)와 SHA-256 일치 · 구경로 sessions/N주차 → courses/바이브코딩/sessions/N주차 매핑,-,-,-
F-0727,.claude/worktrees/week-1-content-addition-8e2d72/sessions/1주차/자료/images/s07_llm-agent-workshop-paper-cut-v1-transparent.png,974190,b22029f075de5ac34026f0bbad090d00d12c80f63f78e1b754bbac1956c6d682,.png,PNG,1주차,외부사본,커밋 없음(외부 worktree 사본·main 인덱스 밖),-,중복본,F-0096,worktree 사본 · 본체 대응 경로(courses/바이브코딩/sessions/1주차/자료/images/s07_llm-agent-workshop-paper-cut-v1-transparent.png)와 SHA-256 일치 · 구경로 sessions/N주차 → courses/바이브코딩/sessions/N주차 매핑,-,-,-
F-0728,.claude/worktrees/week-1-content-addition-8e2d72/sessions/1주차/자료/images/s09_three-work-roles-paper-cut-v1-transparent.png,884153,271a1f3b068ef0e26c813a8c538b9a97f81502f1313287810e3e4ce88709460e,.png,PNG,1주차,외부사본,커밋 없음(외부 worktree 사본·main 인덱스 밖),-,중복본,F-0097,worktree 사본 · 본체 대응 경로(courses/바이브코딩/sessions/1주차/자료/images/s09_three-work-roles-paper-cut-v1-transparent.png)와 SHA-256 일치 · 구경로 sessions/N주차 → courses/바이브코딩/sessions/N주차 매핑,-,-,-
F-0729,.claude/worktrees/week-1-content-addition-8e2d72/sessions/1주차/자료/images/s10_backend-paper-cut-v1-transparent.png,1924994,747410da3f30847718d4ac3e7d5a2ecc5e690917d920d16e30b45e889ae6d3da,.png,PNG,1주차,외부사본,커밋 없음(외부 worktree 사본·main 인덱스 밖),-,중복본,F-0098,worktree 사본 · 본체 대응 경로(courses/바이브코딩/sessions/1주차/자료/images/s10_backend-paper-cut-v1-transparent.png)와 SHA-256 일치 · 구경로 sessions/N주차 → courses/바이브코딩/sessions/N주차 매핑,-,-,-
F-0730,.claude/worktrees/week-1-content-addition-8e2d72/sessions/1주차/자료/images/s10_design-paper-cut-v1-transparent.png,2219965,3a70e52e985d468a04bb6d4c7aacb06fb072de9b15a74567ec4331413787a826,.png,PNG,1주차,외부사본,커밋 없음(외부 worktree 사본·main 인덱스 밖),-,중복본,F-0099,worktree 사본 · 본체 대응 경로(courses/바이브코딩/sessions/1주차/자료/images/s10_design-paper-cut-v1-transparent.png)와 SHA-256 일치 · 구경로 sessions/N주차 → courses/바이브코딩/sessions/N주차 매핑,-,-,-
F-0731,.claude/worktrees/week-1-content-addition-8e2d72/sessions/1주차/자료/images/s10_frontend-paper-cut-v1-transparent.png,1995416,662103f09a9e928ec34ca3bb2773af392f3c243a3dae85aa398a4ee9a3d0b40f,.png,PNG,1주차,외부사본,커밋 없음(외부 worktree 사본·main 인덱스 밖),-,중복본,F-0100,worktree 사본 · 본체 대응 경로(courses/바이브코딩/sessions/1주차/자료/images/s10_frontend-paper-cut-v1-transparent.png)와 SHA-256 일치 · 구경로 sessions/N주차 → courses/바이브코딩/sessions/N주차 매핑,-,-,-
F-0732,.claude/worktrees/week-1-content-addition-8e2d72/sessions/1주차/자료/images/s10_improve-paper-cut-v1-transparent.png,1389607,aea9642de626425f697ef071fd08da3117804d1f4a410fcfe6743ab93477114b,.png,PNG,1주차,외부사본,커밋 없음(외부 worktree 사본·main 인덱스 밖),-,중복본,F-0101,worktree 사본 · 본체 대응 경로(courses/바이브코딩/sessions/1주차/자료/images/s10_improve-paper-cut-v1-transparent.png)와 SHA-256 일치 · 구경로 sessions/N주차 → courses/바이브코딩/sessions/N주차 매핑,-,-,-
F-0733,.claude/worktrees/week-1-content-addition-8e2d72/sessions/1주차/자료/images/s10_installed-app-paper-cut-v1-transparent.png,2444872,c11cf6263dd412d29cd4c6f08ccef069a7c6e9edcb0bb77352408288116f3cee,.png,PNG,1주차,외부사본,커밋 없음(외부 worktree 사본·main 인덱스 밖),-,중복본,F-0102,worktree 사본 · 본체 대응 경로(courses/바이브코딩/sessions/1주차/자료/images/s10_installed-app-paper-cut-v1-transparent.png)와 SHA-256 일치 · 구경로 sessions/N주차 → courses/바이브코딩/sessions/N주차 매핑,-,-,-
F-0734,.claude/worktrees/week-1-content-addition-8e2d72/sessions/1주차/자료/images/s10_plan-paper-cut-v1-transparent.png,2193739,83f0f6dcdc2d1026aab30c780a60a7d1e1897646fd0fa7adcbe6455a97251d6b,.png,PNG,1주차,외부사본,커밋 없음(외부 worktree 사본·main 인덱스 밖),-,중복본,F-0103,worktree 사본 · 본체 대응 경로(courses/바이브코딩/sessions/1주차/자료/images/s10_plan-paper-cut-v1-transparent.png)와 SHA-256 일치 · 구경로 sessions/N주차 → courses/바이브코딩/sessions/N주차 매핑,-,-,-
F-0735,.claude/worktrees/week-1-content-addition-8e2d72/sessions/1주차/자료/images/s10_publish-paper-cut-v1-transparent.png,2240612,592cab559b70b8e30959c3b05964b823535499ba70bc8eecdb9eccdb81323788,.png,PNG,1주차,외부사본,커밋 없음(외부 worktree 사본·main 인덱스 밖),-,중복본,F-0104,worktree 사본 · 본체 대응 경로(courses/바이브코딩/sessions/1주차/자료/images/s10_publish-paper-cut-v1-transparent.png)와 SHA-256 일치 · 구경로 sessions/N주차 → courses/바이브코딩/sessions/N주차 매핑,-,-,-
F-0736,.claude/worktrees/week-1-content-addition-8e2d72/sessions/1주차/자료/images/s10_qa-paper-cut-v1-transparent.png,2026291,d4c5d9c473d8503e3c4ca6d3d84149ea84e5525f2261d550a38cef02a4be7643,.png,PNG,1주차,외부사본,커밋 없음(외부 worktree 사본·main 인덱스 밖),-,중복본,F-0105,worktree 사본 · 본체 대응 경로(courses/바이브코딩/sessions/1주차/자료/images/s10_qa-paper-cut-v1-transparent.png)와 SHA-256 일치 · 구경로 sessions/N주차 → courses/바이브코딩/sessions/N주차 매핑,-,-,-
F-0737,.claude/worktrees/week-1-content-addition-8e2d72/sessions/1주차/자료/images/s10_qa-publish-improve-cycle-paper-cut-v1-transparent.png,912956,d2eb06f6d9abe1c7390471aa0f918aa9da8e6cebb0a9c30f8b76835f32288e8d,.png,PNG,1주차,외부사본,커밋 없음(외부 worktree 사본·main 인덱스 밖),-,중복본,F-0106,worktree 사본 · 본체 대응 경로(courses/바이브코딩/sessions/1주차/자료/images/s10_qa-publish-improve-cycle-paper-cut-v1-transparent.png)와 SHA-256 일치 · 구경로 sessions/N주차 → courses/바이브코딩/sessions/N주차 매핑,-,-,-
F-0738,.claude/worktrees/week-1-content-addition-8e2d72/sessions/1주차/자료/images/s10_qa-publish-improve-story-paper-cut-v2-transparent.png,1358856,4db04296f7398faff1aaeb8e9c9e192fd668f64d383dd9dc696d8712fdb0ef21,.png,PNG,1주차,외부사본,커밋 없음(외부 worktree 사본·main 인덱스 밖),-,중복본,F-0107,worktree 사본 · 본체 대응 경로(courses/바이브코딩/sessions/1주차/자료/images/s10_qa-publish-improve-story-paper-cut-v2-transparent.png)와 SHA-256 일치 · 구경로 sessions/N주차 → courses/바이브코딩/sessions/N주차 매핑,-,-,-
F-0739,.claude/worktrees/week-1-content-addition-8e2d72/sessions/1주차/자료/images/s10_webapp-paper-cut-v1-transparent.png,2166551,7a9b08d3ced28c40e161421291b7ab22f29c151d8a11a0ee3491df17ee62bc22,.png,PNG,1주차,외부사본,커밋 없음(외부 worktree 사본·main 인덱스 밖),-,중복본,F-0108,worktree 사본 · 본체 대응 경로(courses/바이브코딩/sessions/1주차/자료/images/s10_webapp-paper-cut-v1-transparent.png)와 SHA-256 일치 · 구경로 sessions/N주차 → courses/바이브코딩/sessions/N주차 매핑,-,-,-
F-0740,.claude/worktrees/week-1-content-addition-8e2d72/sessions/1주차/자료/images/s10_webpage-paper-cut-v1-transparent.png,1811443,3faa987507a98e1f3de8a073f7779e80a688875b53e1366378d9be7909f9e162,.png,PNG,1주차,외부사본,커밋 없음(외부 worktree 사본·main 인덱스 밖),-,중복본,F-0109,worktree 사본 · 본체 대응 경로(courses/바이브코딩/sessions/1주차/자료/images/s10_webpage-paper-cut-v1-transparent.png)와 SHA-256 일치 · 구경로 sessions/N주차 → courses/바이브코딩/sessions/N주차 매핑,-,-,-
F-0741,.claude/worktrees/week-1-content-addition-8e2d72/sessions/1주차/자료/images/s10_webpage-site-local-boundary-paper-cut-v1-chroma.png,1442835,2e3d43f50889c6d94a30b6916ea13cd51f47e8beca0b1450c4e8a07628de1dba,.png,PNG,1주차,외부사본,커밋 없음(외부 worktree 사본·main 인덱스 밖),-,중복본,F-0110,worktree 사본 · 본체 대응 경로(courses/바이브코딩/sessions/1주차/자료/images/s10_webpage-site-local-boundary-paper-cut-v1-chroma.png)와 SHA-256 일치 · 구경로 sessions/N주차 → courses/바이브코딩/sessions/N주차 매핑,-,-,-
F-0742,.claude/worktrees/week-1-content-addition-8e2d72/sessions/1주차/자료/images/s10_webpage-site-local-boundary-paper-cut-v1-transparent.png,830362,68a81b28dd1ffd0e22917ffd45de6b405cfbb45b9fea1429a4dbe7132c2f5431,.png,PNG,1주차,외부사본,커밋 없음(외부 worktree 사본·main 인덱스 밖),-,중복본,F-0111,worktree 사본 · 본체 대응 경로(courses/바이브코딩/sessions/1주차/자료/images/s10_webpage-site-local-boundary-paper-cut-v1-transparent.png)와 SHA-256 일치 · 구경로 sessions/N주차 → courses/바이브코딩/sessions/N주차 매핑,-,-,-
F-0743,.claude/worktrees/week-1-content-addition-8e2d72/sessions/1주차/자료/images/s10a_installed-v2.png,946579,b568a475ab020722aa3e798399c058e6d8abb1ceecb26b3cf8be5928c945d167,.png,PNG,1주차,외부사본,커밋 없음(외부 worktree 사본·main 인덱스 밖),-,중복본,F-0112,worktree 사본 · 본체 대응 경로(courses/바이브코딩/sessions/1주차/자료/images/s10a_installed-v2.png)와 SHA-256 일치 · 구경로 sessions/N주차 → courses/바이브코딩/sessions/N주차 매핑,-,-,-
F-0744,.claude/worktrees/week-1-content-addition-8e2d72/sessions/1주차/자료/images/s10a_web-based-v2.png,1052569,da73485e0002ba851588bf7a1340fa5a4bdd089157a7fda49ba49600b784bcbd,.png,PNG,1주차,외부사본,커밋 없음(외부 worktree 사본·main 인덱스 밖),-,중복본,F-0113,worktree 사본 · 본체 대응 경로(courses/바이브코딩/sessions/1주차/자료/images/s10a_web-based-v2.png)와 SHA-256 일치 · 구경로 sessions/N주차 → courses/바이브코딩/sessions/N주차 매핑,-,-,-
F-0745,.claude/worktrees/week-1-content-addition-8e2d72/sessions/1주차/자료/images/s10b_webservice-seven-stage-infographic-paper-cut-v1-chroma.png,1428197,42d09b765143f023a0b312347f678a6c96ef3f20293af6a42b45eb6159f51172,.png,PNG,1주차,외부사본,커밋 없음(외부 worktree 사본·main 인덱스 밖),-,중복본,F-0114,worktree 사본 · 본체 대응 경로(courses/바이브코딩/sessions/1주차/자료/images/s10b_webservice-seven-stage-infographic-paper-cut-v1-chroma.png)와 SHA-256 일치 · 구경로 sessions/N주차 → courses/바이브코딩/sessions/N주차 매핑,-,-,-
F-0746,.claude/worktrees/week-1-content-addition-8e2d72/sessions/1주차/자료/images/s10b_webservice-seven-stage-infographic-paper-cut-v1-transparent.png,837606,9bbe96a72090850481a91cb24771617acd07e2a378a6cd640e139721b81bc2fb,.png,PNG,1주차,외부사본,커밋 없음(외부 worktree 사본·main 인덱스 밖),-,중복본,F-0115,worktree 사본 · 본체 대응 경로(courses/바이브코딩/sessions/1주차/자료/images/s10b_webservice-seven-stage-infographic-paper-cut-v1-transparent.png)와 SHA-256 일치 · 구경로 sessions/N주차 → courses/바이브코딩/sessions/N주차 매핑,-,-,-
F-0747,.claude/worktrees/week-1-content-addition-8e2d72/sessions/1주차/자료/images/s11_human-ai-prepare-paper-cut-v1-transparent.png,963714,dd73ddcd99795590267d3f111ee21bb22f9e970d5609a44d2a5cbc4f057e3039,.png,PNG,1주차,외부사본,커밋 없음(외부 worktree 사본·main 인덱스 밖),-,중복본,F-0116,worktree 사본 · 본체 대응 경로(courses/바이브코딩/sessions/1주차/자료/images/s11_human-ai-prepare-paper-cut-v1-transparent.png)와 SHA-256 일치 · 구경로 sessions/N주차 → courses/바이브코딩/sessions/N주차 매핑,-,-,-
F-0748,.claude/worktrees/week-1-content-addition-8e2d72/sessions/1주차/자료/images/s11_human-ai-prepare-paper-cut-v2-transparent.png,857176,09a9ac87e36d00c544b06dff1adf3862568171f6dec3cd94466fc3c892dbf867,.png,PNG,1주차,외부사본,커밋 없음(외부 worktree 사본·main 인덱스 밖),-,중복본,F-0117,worktree 사본 · 본체 대응 경로(courses/바이브코딩/sessions/1주차/자료/images/s11_human-ai-prepare-paper-cut-v2-transparent.png)와 SHA-256 일치 · 구경로 sessions/N주차 → courses/바이브코딩/sessions/N주차 매핑,-,-,-
F-0749,.claude/worktrees/week-1-content-addition-8e2d72/sessions/1주차/자료/images/s17_css-styling-paper-cut-v1-transparent.png,1302690,0ea0be9bc17fef68cc5d7769b4428f72a64b1e6f62b67efd71b3f304aa13674e,.png,PNG,1주차,외부사본,커밋 없음(외부 worktree 사본·main 인덱스 밖),-,중복본,F-0118,worktree 사본 · 본체 대응 경로(courses/바이브코딩/sessions/1주차/자료/images/s17_css-styling-paper-cut-v1-transparent.png)와 SHA-256 일치 · 구경로 sessions/N주차 → courses/바이브코딩/sessions/N주차 매핑,-,-,-
F-0750,.claude/worktrees/week-1-content-addition-8e2d72/sessions/1주차/자료/images/s17_folder-file-workspace-paper-cut-v1-transparent.png,826306,4d19e811f8cffd50ab84ff6a0701dd53480ca22aab0618c20118d42cde98b8a2,.png,PNG,1주차,외부사본,커밋 없음(외부 worktree 사본·main 인덱스 밖),-,중복본,F-0119,worktree 사본 · 본체 대응 경로(courses/바이브코딩/sessions/1주차/자료/images/s17_folder-file-workspace-paper-cut-v1-transparent.png)와 SHA-256 일치 · 구경로 sessions/N주차 → courses/바이브코딩/sessions/N주차 매핑,-,-,-
F-0751,.claude/worktrees/week-1-content-addition-8e2d72/sessions/1주차/자료/images/s17_html-structure-paper-cut-v1-transparent.png,1793492,d256fac07a61653789f30981aab395c54565d2e51200ff42cbc599e97d4cfa46,.png,PNG,1주차,외부사본,커밋 없음(외부 worktree 사본·main 인덱스 밖),-,중복본,F-0120,worktree 사본 · 본체 대응 경로(courses/바이브코딩/sessions/1주차/자료/images/s17_html-structure-paper-cut-v1-transparent.png)와 SHA-256 일치 · 구경로 sessions/N주차 → courses/바이브코딩/sessions/N주차 매핑,-,-,-
F-0752,.claude/worktrees/week-1-content-addition-8e2d72/sessions/1주차/자료/images/s17_javascript-interaction-paper-cut-v1-transparent.png,1558414,4e781c27d79d988c2656dac1d6c926ee92de2edcd00327d7819b5bb38f9e3bbb,.png,PNG,1주차,외부사본,커밋 없음(외부 worktree 사본·main 인덱스 밖),-,중복본,F-0121,worktree 사본 · 본체 대응 경로(courses/바이브코딩/sessions/1주차/자료/images/s17_javascript-interaction-paper-cut-v1-transparent.png)와 SHA-256 일치 · 구경로 sessions/N주차 → courses/바이브코딩/sessions/N주차 매핑,-,-,-
F-0753,.claude/worktrees/week-1-content-addition-8e2d72/sessions/1주차/자료/images/s18_context-memory-workbench-paper-cut-v1-transparent.png,983015,f47b0e4a21d2ab4d17e0b1b63904f07f181670fbadc1273d8b127f0a8fb10592,.png,PNG,1주차,외부사본,커밋 없음(외부 worktree 사본·main 인덱스 밖),-,중복본,F-0122,worktree 사본 · 본체 대응 경로(courses/바이브코딩/sessions/1주차/자료/images/s18_context-memory-workbench-paper-cut-v1-transparent.png)와 SHA-256 일치 · 구경로 sessions/N주차 → courses/바이브코딩/sessions/N주차 매핑,-,-,-
F-0754,.claude/worktrees/week-1-content-addition-8e2d72/sessions/1주차/자료/images/s19_permission-four-checks-paper-cut-v1-transparent.png,837902,f089bc5459f130de32e2a548de2aaae22dc5e919d9a58b4b77b273786bdb78f1,.png,PNG,1주차,외부사본,커밋 없음(외부 worktree 사본·main 인덱스 밖),-,중복본,F-0123,worktree 사본 · 본체 대응 경로(courses/바이브코딩/sessions/1주차/자료/images/s19_permission-four-checks-paper-cut-v1-transparent.png)와 SHA-256 일치 · 구경로 sessions/N주차 → courses/바이브코딩/sessions/N주차 매핑,-,-,-
F-0755,.claude/worktrees/week-1-content-addition-8e2d72/sessions/1주차/자료/images/s26_request-materials-work-order-paper-cut-v1-transparent.png,1584631,150bf548b21eebbfbba5703ce12a417b7307ab126e961f4d34ead8d0f50bbf5a,.png,PNG,1주차,외부사본,커밋 없음(외부 worktree 사본·main 인덱스 밖),-,중복본,F-0124,worktree 사본 · 본체 대응 경로(courses/바이브코딩/sessions/1주차/자료/images/s26_request-materials-work-order-paper-cut-v1-transparent.png)와 SHA-256 일치 · 구경로 sessions/N주차 → courses/바이브코딩/sessions/N주차 매핑,-,-,-
F-0756,.claude/worktrees/week-1-content-addition-8e2d72/sessions/1주차/자료/images/s27_human-ai-safe-profile-paper-cut-v1-transparent.png,1230336,59ddd8678bb4049b0d86274063e3278801422304afe8c44c9918f1b7229e25f7,.png,PNG,1주차,외부사본,커밋 없음(외부 worktree 사본·main 인덱스 밖),-,중복본,F-0125,worktree 사본 · 본체 대응 경로(courses/바이브코딩/sessions/1주차/자료/images/s27_human-ai-safe-profile-paper-cut-v1-transparent.png)와 SHA-256 일치 · 구경로 sessions/N주차 → courses/바이브코딩/sessions/N주차 매핑,-,-,-
F-0757,.claude/worktrees/week-1-content-addition-8e2d72/sessions/1주차/자료/images/s27_human-ai-safe-profile-paper-cut-v2-transparent.png,556033,8b84f33f1c05f8a555416b9284b7c3a7b6442ebbd13a52d50da0e38549d3a6eb,.png,PNG,1주차,외부사본,커밋 없음(외부 worktree 사본·main 인덱스 밖),-,중복본,F-0126,worktree 사본 · 본체 대응 경로(courses/바이브코딩/sessions/1주차/자료/images/s27_human-ai-safe-profile-paper-cut-v2-transparent.png)와 SHA-256 일치 · 구경로 sessions/N주차 → courses/바이브코딩/sessions/N주차 매핑,-,-,-
F-0758,.claude/worktrees/week-1-content-addition-8e2d72/sessions/1주차/자료/images/s29_specific-vague-work-order-paper-cut-v1-transparent.png,1373021,894e42c82d83a43be8da7e862b7cee761d214cbdd9aa206eaf6d47f1f8aaef8e,.png,PNG,1주차,외부사본,커밋 없음(외부 worktree 사본·main 인덱스 밖),-,중복본,F-0127,worktree 사본 · 본체 대응 경로(courses/바이브코딩/sessions/1주차/자료/images/s29_specific-vague-work-order-paper-cut-v1-transparent.png)와 SHA-256 일치 · 구경로 sessions/N주차 → courses/바이브코딩/sessions/N주차 매핑,-,-,-
F-0759,.claude/worktrees/week-1-content-addition-8e2d72/sessions/1주차/자료/images/s30_three-technical-conditions-paper-cut-v1-transparent.png,1164935,bf7e914c99a1c1feb717a957b352d86108270642267872836e37c7150f6483b6,.png,PNG,1주차,외부사본,커밋 없음(외부 worktree 사본·main 인덱스 밖),-,중복본,F-0128,worktree 사본 · 본체 대응 경로(courses/바이브코딩/sessions/1주차/자료/images/s30_three-technical-conditions-paper-cut-v1-transparent.png)와 SHA-256 일치 · 구경로 sessions/N주차 → courses/바이브코딩/sessions/N주차 매핑,-,-,-
F-0760,.claude/worktrees/week-1-content-addition-8e2d72/sessions/1주차/자료/images/s40_human-ai-result-check-paper-cut-v1-transparent.png,1341216,9fd41fa3bc765f05caf917f8e7b1b0c95b8efc9c9e5ec803ec6d3bd0500ec98e,.png,PNG,1주차,외부사본,커밋 없음(외부 worktree 사본·main 인덱스 밖),-,중복본,F-0129,worktree 사본 · 본체 대응 경로(courses/바이브코딩/sessions/1주차/자료/images/s40_human-ai-result-check-paper-cut-v1-transparent.png)와 SHA-256 일치 · 구경로 sessions/N주차 → courses/바이브코딩/sessions/N주차 매핑,-,-,-
F-0761,.claude/worktrees/week-1-content-addition-8e2d72/sessions/1주차/자료/images/s40_human-ai-result-check-paper-cut-v2-transparent.png,633162,6ef59fc411370bb3fb749c3f5c7b3e4fe8ef5459827faa39f63bef0e3781e735,.png,PNG,1주차,외부사본,커밋 없음(외부 worktree 사본·main 인덱스 밖),-,중복본,F-0130,worktree 사본 · 본체 대응 경로(courses/바이브코딩/sessions/1주차/자료/images/s40_human-ai-result-check-paper-cut-v2-transparent.png)와 SHA-256 일치 · 구경로 sessions/N주차 → courses/바이브코딩/sessions/N주차 매핑,-,-,-
F-0762,.claude/worktrees/week-1-content-addition-8e2d72/sessions/1주차/자료/images/s41_html-css-js-roles-paper-cut-v1-transparent.png,1286441,44c5eb286cfdb78a19677e4cb3396bdc85887eaf6f4151a766296a14b0ac8546,.png,PNG,1주차,외부사본,커밋 없음(외부 worktree 사본·main 인덱스 밖),-,중복본,F-0131,worktree 사본 · 본체 대응 경로(courses/바이브코딩/sessions/1주차/자료/images/s41_html-css-js-roles-paper-cut-v1-transparent.png)와 SHA-256 일치 · 구경로 sessions/N주차 → courses/바이브코딩/sessions/N주차 매핑,-,-,-
F-0763,.claude/worktrees/week-1-content-addition-8e2d72/sessions/1주차/자료/images/s41_html-css-js-roles-paper-cut-v2-transparent.png,1254409,3558d3556f43ab27617f766b4a10a012b56fe1a5971d59bec18b6bccceef39fa,.png,PNG,1주차,외부사본,커밋 없음(외부 worktree 사본·main 인덱스 밖),-,중복본,F-0132,worktree 사본 · 본체 대응 경로(courses/바이브코딩/sessions/1주차/자료/images/s41_html-css-js-roles-paper-cut-v2-transparent.png)와 SHA-256 일치 · 구경로 sessions/N주차 → courses/바이브코딩/sessions/N주차 매핑,-,-,-
F-0764,.claude/worktrees/week-1-content-addition-8e2d72/sessions/1주차/자료/images/s42_one-file-three-files-paper-cut-v1-transparent.png,755604,ad7379a18d9ceeb0bdedd11bc304b39581c8c0febf9fa27c05563657de596d11,.png,PNG,1주차,외부사본,커밋 없음(외부 worktree 사본·main 인덱스 밖),-,중복본,F-0133,worktree 사본 · 본체 대응 경로(courses/바이브코딩/sessions/1주차/자료/images/s42_one-file-three-files-paper-cut-v1-transparent.png)와 SHA-256 일치 · 구경로 sessions/N주차 → courses/바이브코딩/sessions/N주차 매핑,-,-,-
F-0765,.claude/worktrees/week-1-content-addition-8e2d72/sessions/1주차/자료/images/s44_keep-change-check-paper-cut-v1-transparent.png,614305,9ece3269c3e5ce4db8420995bc6221f0064895c4a9e04c1a1e92be3b629fd37b,.png,PNG,1주차,외부사본,커밋 없음(외부 worktree 사본·main 인덱스 밖),-,중복본,F-0134,worktree 사본 · 본체 대응 경로(courses/바이브코딩/sessions/1주차/자료/images/s44_keep-change-check-paper-cut-v1-transparent.png)와 SHA-256 일치 · 구경로 sessions/N주차 → courses/바이브코딩/sessions/N주차 매핑,-,-,-
F-0766,.claude/worktrees/week-1-content-addition-8e2d72/sessions/1주차/자료/images/s45_human-ai-one-change-paper-cut-v1-transparent.png,935944,d3619cea15332c5841b0ac5a1d7ad00bf0e75eb4529b7e58de6beed654e4c03e,.png,PNG,1주차,외부사본,커밋 없음(외부 worktree 사본·main 인덱스 밖),-,중복본,F-0135,worktree 사본 · 본체 대응 경로(courses/바이브코딩/sessions/1주차/자료/images/s45_human-ai-one-change-paper-cut-v1-transparent.png)와 SHA-256 일치 · 구경로 sessions/N주차 → courses/바이브코딩/sessions/N주차 매핑,-,-,-
F-0767,.claude/worktrees/week-1-content-addition-8e2d72/sessions/1주차/자료/images/s45_human-ai-one-change-paper-cut-v2-transparent.png,583525,0ac0e586aa6705323d4b0054283d8a25dee944f72401517dc597c1bfe34caacf,.png,PNG,1주차,외부사본,커밋 없음(외부 worktree 사본·main 인덱스 밖),-,중복본,F-0136,worktree 사본 · 본체 대응 경로(courses/바이브코딩/sessions/1주차/자료/images/s45_human-ai-one-change-paper-cut-v2-transparent.png)와 SHA-256 일치 · 구경로 sessions/N주차 → courses/바이브코딩/sessions/N주차 매핑,-,-,-
F-0768,.claude/worktrees/week-1-content-addition-8e2d72/sessions/1주차/자료/images/s46_one-change-protected-paper-cut-v1-transparent.png,1123859,900d94fa713ba56a74d4602f2223ee8c8abcb9587d7a97baa0da7e6b524fdf4d,.png,PNG,1주차,외부사본,커밋 없음(외부 worktree 사본·main 인덱스 밖),-,중복본,F-0137,worktree 사본 · 본체 대응 경로(courses/바이브코딩/sessions/1주차/자료/images/s46_one-change-protected-paper-cut-v1-transparent.png)와 SHA-256 일치 · 구경로 sessions/N주차 → courses/바이브코딩/sessions/N주차 매핑,-,-,-
F-0769,.claude/worktrees/week-1-content-addition-8e2d72/sessions/1주차/자료/images/s49_background-before-after-paper-cut-v1-transparent.png,1330623,8e77f34ccf373602ca282ddc184b9758b830482eb33e8b924e49d7e06ac9105f,.png,PNG,1주차,외부사본,커밋 없음(외부 worktree 사본·main 인덱스 밖),-,중복본,F-0138,worktree 사본 · 본체 대응 경로(courses/바이브코딩/sessions/1주차/자료/images/s49_background-before-after-paper-cut-v1-transparent.png)와 SHA-256 일치 · 구경로 sessions/N주차 → courses/바이브코딩/sessions/N주차 매핑,-,-,-
F-0770,.claude/worktrees/week-1-content-addition-8e2d72/sessions/1주차/자료/images/s50_human-ai-free-change-paper-cut-v1-transparent.png,1135860,6fad3bab8ecc5530dd2a8704ef59784762aab15c21cc650bd2682deb9d8ff009,.png,PNG,1주차,외부사본,커밋 없음(외부 worktree 사본·main 인덱스 밖),-,중복본,F-0139,worktree 사본 · 본체 대응 경로(courses/바이브코딩/sessions/1주차/자료/images/s50_human-ai-free-change-paper-cut-v1-transparent.png)와 SHA-256 일치 · 구경로 sessions/N주차 → courses/바이브코딩/sessions/N주차 매핑,-,-,-
F-0771,.claude/worktrees/week-1-content-addition-8e2d72/sessions/1주차/자료/images/s50_human-ai-free-change-paper-cut-v2-transparent.png,514360,4c54b94f98bc1df22c0b394474be69f6cfb8f1be9a8afbca0ba5d25467bdc9d7,.png,PNG,1주차,외부사본,커밋 없음(외부 worktree 사본·main 인덱스 밖),-,중복본,F-0140,worktree 사본 · 본체 대응 경로(courses/바이브코딩/sessions/1주차/자료/images/s50_human-ai-free-change-paper-cut-v2-transparent.png)와 SHA-256 일치 · 구경로 sessions/N주차 → courses/바이브코딩/sessions/N주차 매핑,-,-,-
F-0772,.claude/worktrees/week-1-content-addition-8e2d72/sessions/1주차/자료/images/s52_issue-type-check-paper-cut-v1-transparent.png,1241221,4be1b903e18575ac9fff40572b6d3151d6641ecea98a65ebefa0ccf01f8718ec,.png,PNG,1주차,외부사본,커밋 없음(외부 worktree 사본·main 인덱스 밖),-,중복본,F-0141,worktree 사본 · 본체 대응 경로(courses/바이브코딩/sessions/1주차/자료/images/s52_issue-type-check-paper-cut-v1-transparent.png)와 SHA-256 일치 · 구경로 sessions/N주차 → courses/바이브코딩/sessions/N주차 매핑,-,-,-
F-0773,.claude/worktrees/week-1-content-addition-8e2d72/sessions/1주차/자료/images/s53_issue-branch-diagnosis-paper-cut-v1-transparent.png,1140905,55fb76611a7d4ef58994dda89f98de4549810c75f13e196f9312b31989030782,.png,PNG,1주차,외부사본,커밋 없음(외부 worktree 사본·main 인덱스 밖),-,중복본,F-0142,worktree 사본 · 본체 대응 경로(courses/바이브코딩/sessions/1주차/자료/images/s53_issue-branch-diagnosis-paper-cut-v1-transparent.png)와 SHA-256 일치 · 구경로 sessions/N주차 → courses/바이브코딩/sessions/N주차 매핑,-,-,-
F-0774,.claude/worktrees/week-1-content-addition-8e2d72/sessions/1주차/자료/images/s56_human-ai-refresh-check-paper-cut-v1-transparent.png,828218,31280981cf41999fc7a1ca3b37ae9cfface7f9e125a09738bb299c5cef019777,.png,PNG,1주차,외부사본,커밋 없음(외부 worktree 사본·main 인덱스 밖),-,중복본,F-0143,worktree 사본 · 본체 대응 경로(courses/바이브코딩/sessions/1주차/자료/images/s56_human-ai-refresh-check-paper-cut-v1-transparent.png)와 SHA-256 일치 · 구경로 sessions/N주차 → courses/바이브코딩/sessions/N주차 매핑,-,-,-
F-0775,.claude/worktrees/week-1-content-addition-8e2d72/sessions/1주차/자료/images/s56_human-ai-refresh-check-paper-cut-v2-transparent.png,373415,acc4795d9b0ce6d607b1849ae35c9b306ca83e5cd0f6c7830a3ca6a0e06a571b,.png,PNG,1주차,외부사본,커밋 없음(외부 worktree 사본·main 인덱스 밖),-,중복본,F-0144,worktree 사본 · 본체 대응 경로(courses/바이브코딩/sessions/1주차/자료/images/s56_human-ai-refresh-check-paper-cut-v2-transparent.png)와 SHA-256 일치 · 구경로 sessions/N주차 → courses/바이브코딩/sessions/N주차 매핑,-,-,-
F-0776,.claude/worktrees/week-1-content-addition-8e2d72/sessions/1주차/자료/images/s60_final-three-checks-paper-cut-v1-transparent.png,1110440,663cbcc0a49667a4b8603451cf4e85526a7bed663fda0d10a548373c7f7d92b4,.png,PNG,1주차,외부사본,커밋 없음(외부 worktree 사본·main 인덱스 밖),-,중복본,F-0145,worktree 사본 · 본체 대응 경로(courses/바이브코딩/sessions/1주차/자료/images/s60_final-three-checks-paper-cut-v1-transparent.png)와 SHA-256 일치 · 구경로 sessions/N주차 → courses/바이브코딩/sessions/N주차 매핑,-,-,-
F-0777,.claude/worktrees/week-1-content-addition-8e2d72/sessions/1주차/자료/이미지-에셋.json,56638,289fb4d0a17d76850a91cb408930cf752afc62babf321aea2ffce8a1e822dc16,.json,JSON,1주차,외부사본,커밋 없음(외부 worktree 사본·main 인덱스 밖),(참조 없음),상태 확인 필요,F-0151,worktree 사본이나 본체 대응 경로(courses/바이브코딩/sessions/1주차/자료/이미지-에셋.json)와 SHA-256 불일치 · 구경로 sessions/N주차 → courses/바이브코딩/sessions/N주차 매핑,worktree판과 본체판의 내용 차이 미확인 — T11 계보 확인 필요,-,-
F-0778,.claude/worktrees/week-1-content-addition-8e2d72/sessions/1주차/자료/이미지-프롬프트.md,26806,05d0fc1c992465c9b7f8636703d19a8691d176e642a3a4dfaa58a842267f8131,.md,텍스트(Markdown),1주차,외부사본,커밋 없음(외부 worktree 사본·main 인덱스 밖),(참조 없음),상태 확인 필요,F-0152,worktree 사본이나 본체 대응 경로(courses/바이브코딩/sessions/1주차/자료/이미지-프롬프트.md)와 SHA-256 불일치 · 구경로 sessions/N주차 → courses/바이브코딩/sessions/N주차 매핑,worktree판과 본체판의 내용 차이 미확인 — T11 계보 확인 필요,-,-
F-0779,.claude/worktrees/week-1-content-addition-8e2d72/sessions/1주차/초안.md,38197,3bff781202efb91bd91e7590576c4952abadf0c580a38c1a23702fa012b8827d,.md,텍스트(Markdown),1주차,외부사본,커밋 없음(외부 worktree 사본·main 인덱스 밖),(참조 없음),상태 확인 필요,-,본체 부재 · worktree 단독 현물 · 복구 금지(계획서 §1 잠긴 결정: 삭제본 자동 복구 금지),본체에서 삭제된 것인지 worktree 단독 산출인지 미확인 — G11 확인 대상,-,-
F-0780,.claude/worktrees/week-1-content-addition-8e2d72/sessions/1주차/초안_미리보기.md,6344,558a32693d2a7799867568abd56a06c040c0281f62f0bbf7e5cc8e9d0373ce67,.md,텍스트(Markdown),1주차,외부사본,커밋 없음(외부 worktree 사본·main 인덱스 밖),(참조 없음),상태 확인 필요,-,본체 부재 · worktree 단독 현물 · 복구 금지(계획서 §1 잠긴 결정: 삭제본 자동 복구 금지),본체에서 삭제된 것인지 worktree 단독 산출인지 미확인 — G11 확인 대상,-,-
F-0781,.claude/worktrees/week-1-content-addition-8e2d72/sessions/2주차/2주차_상세강의설계.md,100065,517fd3ad17b4c0460463228514f9a7fd233ef1adce34ed6aa6999012971f4fc4,.md,텍스트(Markdown),2주차,외부사본,커밋 없음(외부 worktree 사본·main 인덱스 밖),(참조 없음),상태 확인 필요,-,본체 부재 · worktree 단독 현물 · 복구 금지(계획서 §1 잠긴 결정: 삭제본 자동 복구 금지),본체에서 삭제된 것인지 worktree 단독 산출인지 미확인 — G11 확인 대상,-,-
F-0782,.claude/worktrees/week-1-content-addition-8e2d72/sessions/2주차/실습예제/mvp/anchor_활동기록/DESIGN.md,1001,937087026b28324e76cc24a7a50f851def1ddfcc430762b5ffb9d6eb12b06557,.md,텍스트(Markdown),2주차,외부사본,커밋 없음(외부 worktree 사본·main 인덱스 밖),(참조 없음),상태 확인 필요,F-0179,worktree 사본이나 본체 대응 경로(courses/바이브코딩/sessions/2주차/실습예제/mvp/anchor_활동기록/DESIGN.md)와 SHA-256 불일치 · 구경로 sessions/N주차 → courses/바이브코딩/sessions/N주차 매핑,worktree판과 본체판의 내용 차이 미확인 — T11 계보 확인 필요,-,-
F-0783,.claude/worktrees/week-1-content-addition-8e2d72/sessions/2주차/실습예제/mvp/anchor_활동기록/index.html,972,045568282f17991442ce43ba440189b1362045c795614e3278895ab2cbb597bc,.html,HTML(문서),2주차,외부사본,커밋 없음(외부 worktree 사본·main 인덱스 밖),./style.css(있음);./script.js(있음),상태 확인 필요,F-0180,worktree 사본이나 본체 대응 경로(courses/바이브코딩/sessions/2주차/실습예제/mvp/anchor_활동기록/index.html)와 SHA-256 불일치 · 구경로 sessions/N주차 → courses/바이브코딩/sessions/N주차 매핑,worktree판과 본체판의 내용 차이 미확인 — T11 계보 확인 필요,0(section 있으나 data-slide 0건),0
F-0784,.claude/worktrees/week-1-content-addition-8e2d72/sessions/2주차/실습예제/mvp/anchor_활동기록/prd.md,1192,c75f1e29db1d53dfa55679927eab9081bb10446af09ab97eed720605dc97ff0c,.md,텍스트(Markdown),2주차,외부사본,커밋 없음(외부 worktree 사본·main 인덱스 밖),(참조 없음),상태 확인 필요,F-0181,worktree 사본이나 본체 대응 경로(courses/바이브코딩/sessions/2주차/실습예제/mvp/anchor_활동기록/prd.md)와 SHA-256 불일치 · 구경로 sessions/N주차 → courses/바이브코딩/sessions/N주차 매핑,worktree판과 본체판의 내용 차이 미확인 — T11 계보 확인 필요,-,-
F-0785,.claude/worktrees/week-1-content-addition-8e2d72/sessions/2주차/실습예제/mvp/anchor_활동기록/script.js,1055,142a54aae324e506f917a25e014ba5547f791bc97f828cf143fca9bad58fa1ea,.js,텍스트(JS),2주차,외부사본,커밋 없음(외부 worktree 사본·main 인덱스 밖),(참조 없음),상태 확인 필요,F-0182,worktree 사본이나 본체 대응 경로(courses/바이브코딩/sessions/2주차/실습예제/mvp/anchor_활동기록/script.js)와 SHA-256 불일치 · 구경로 sessions/N주차 → courses/바이브코딩/sessions/N주차 매핑,worktree판과 본체판의 내용 차이 미확인 — T11 계보 확인 필요,-,-
F-0786,.claude/worktrees/week-1-content-addition-8e2d72/sessions/2주차/실습예제/mvp/anchor_활동기록/style.css,1570,45fee488230a1557c7337b95251e4b58c1045e4588419373ed3eb4b848dcb326,.css,텍스트(CSS),2주차,외부사본,커밋 없음(외부 worktree 사본·main 인덱스 밖),(참조 없음),상태 확인 필요,F-0183,worktree 사본이나 본체 대응 경로(courses/바이브코딩/sessions/2주차/실습예제/mvp/anchor_활동기록/style.css)와 SHA-256 불일치 · 구경로 sessions/N주차 → courses/바이브코딩/sessions/N주차 매핑,worktree판과 본체판의 내용 차이 미확인 — T11 계보 확인 필요,-,-
F-0787,.claude/worktrees/week-1-content-addition-8e2d72/sessions/2주차/실습예제/mvp/calc_가상예산/index.html,1394,1b1cc7c894741fa4f65084dd562ea08c1f261002820997641f1857b94e246e7d,.html,HTML(문서),2주차,외부사본,커밋 없음(외부 worktree 사본·main 인덱스 밖),./style.css(있음);./script.js(있음),상태 확인 필요,F-0184,worktree 사본이나 본체 대응 경로(courses/바이브코딩/sessions/2주차/실습예제/mvp/calc_가상예산/index.html)와 SHA-256 불일치 · 구경로 sessions/N주차 → courses/바이브코딩/sessions/N주차 매핑,worktree판과 본체판의 내용 차이 미확인 — T11 계보 확인 필요,0(section 있으나 data-slide 0건),0
F-0788,.claude/worktrees/week-1-content-addition-8e2d72/sessions/2주차/실습예제/mvp/calc_가상예산/prd.md,1331,6859b3b60433fee4a29e4b25a594b6f942740f6b0a9e36347354e4f9beac3a92,.md,텍스트(Markdown),2주차,외부사본,커밋 없음(외부 worktree 사본·main 인덱스 밖),(참조 없음),상태 확인 필요,F-0185,worktree 사본이나 본체 대응 경로(courses/바이브코딩/sessions/2주차/실습예제/mvp/calc_가상예산/prd.md)와 SHA-256 불일치 · 구경로 sessions/N주차 → courses/바이브코딩/sessions/N주차 매핑,worktree판과 본체판의 내용 차이 미확인 — T11 계보 확인 필요,-,-
F-0789,.claude/worktrees/week-1-content-addition-8e2d72/sessions/2주차/실습예제/mvp/calc_가상예산/script.js,2067,3a0ad13e72b8711b78c81c7362407d243672168ea7ad32d0dc91ff486157a183,.js,텍스트(JS),2주차,외부사본,커밋 없음(외부 worktree 사본·main 인덱스 밖),(참조 없음),상태 확인 필요,F-0186,worktree 사본이나 본체 대응 경로(courses/바이브코딩/sessions/2주차/실습예제/mvp/calc_가상예산/script.js)와 SHA-256 불일치 · 구경로 sessions/N주차 → courses/바이브코딩/sessions/N주차 매핑,worktree판과 본체판의 내용 차이 미확인 — T11 계보 확인 필요,-,-
F-0790,.claude/worktrees/week-1-content-addition-8e2d72/sessions/2주차/실습예제/mvp/calc_가상예산/style.css,1655,1cc8da88bb43e0d91cee8b5f8c4547019bd5dc3b338ff1b979edfc9f3af22957,.css,텍스트(CSS),2주차,외부사본,커밋 없음(외부 worktree 사본·main 인덱스 밖),(참조 없음),상태 확인 필요,F-0187,worktree 사본이나 본체 대응 경로(courses/바이브코딩/sessions/2주차/실습예제/mvp/calc_가상예산/style.css)와 SHA-256 불일치 · 구경로 sessions/N주차 → courses/바이브코딩/sessions/N주차 매핑,worktree판과 본체판의 내용 차이 미확인 — T11 계보 확인 필요,-,-
F-0791,.claude/worktrees/week-1-content-addition-8e2d72/sessions/2주차/실습예제/mvp/convert_단위변환/index.html,947,555e2167f7a57d37b6a8ee4363329bb9a5fa383dcb91e5ab92580dc2f696405c,.html,HTML(문서),2주차,외부사본,커밋 없음(외부 worktree 사본·main 인덱스 밖),./style.css(있음);./script.js(있음),상태 확인 필요,F-0188,worktree 사본이나 본체 대응 경로(courses/바이브코딩/sessions/2주차/실습예제/mvp/convert_단위변환/index.html)와 SHA-256 불일치 · 구경로 sessions/N주차 → courses/바이브코딩/sessions/N주차 매핑,worktree판과 본체판의 내용 차이 미확인 — T11 계보 확인 필요,0(section 있으나 data-slide 0건),0
F-0792,.claude/worktrees/week-1-content-addition-8e2d72/sessions/2주차/실습예제/mvp/convert_단위변환/prd.md,993,01e27baec3def6b971b72da43813a162865cfa6421326640f1f710c4817655c2,.md,텍스트(Markdown),2주차,외부사본,커밋 없음(외부 worktree 사본·main 인덱스 밖),(참조 없음),상태 확인 필요,F-0189,worktree 사본이나 본체 대응 경로(courses/바이브코딩/sessions/2주차/실습예제/mvp/convert_단위변환/prd.md)와 SHA-256 불일치 · 구경로 sessions/N주차 → courses/바이브코딩/sessions/N주차 매핑,worktree판과 본체판의 내용 차이 미확인 — T11 계보 확인 필요,-,-
F-0793,.claude/worktrees/week-1-content-addition-8e2d72/sessions/2주차/실습예제/mvp/convert_단위변환/script.js,703,240c5d1586e6ded775bc6efa75668577772fe56ed6e25bc5f3aba34efaccfea5,.js,텍스트(JS),2주차,외부사본,커밋 없음(외부 worktree 사본·main 인덱스 밖),(참조 없음),상태 확인 필요,F-0190,worktree 사본이나 본체 대응 경로(courses/바이브코딩/sessions/2주차/실습예제/mvp/convert_단위변환/script.js)와 SHA-256 불일치 · 구경로 sessions/N주차 → courses/바이브코딩/sessions/N주차 매핑,worktree판과 본체판의 내용 차이 미확인 — T11 계보 확인 필요,-,-
F-0794,.claude/worktrees/week-1-content-addition-8e2d72/sessions/2주차/실습예제/mvp/convert_단위변환/style.css,1295,743fa071743d934255562c1d86838054582f83d6bc257991bac2807e868e394d,.css,텍스트(CSS),2주차,외부사본,커밋 없음(외부 worktree 사본·main 인덱스 밖),(참조 없음),상태 확인 필요,F-0191,worktree 사본이나 본체 대응 경로(courses/바이브코딩/sessions/2주차/실습예제/mvp/convert_단위변환/style.css)와 SHA-256 불일치 · 구경로 sessions/N주차 → courses/바이브코딩/sessions/N주차 매핑,worktree판과 본체판의 내용 차이 미확인 — T11 계보 확인 필요,-,-
F-0795,.claude/worktrees/week-1-content-addition-8e2d72/sessions/2주차/실습예제/mvp/pick_선택추천/index.html,1163,9a839ea251a3cfaebf172d5ae5935d7dc717a3c1cc5ceca645483205c2dea312,.html,HTML(문서),2주차,외부사본,커밋 없음(외부 worktree 사본·main 인덱스 밖),./style.css(있음);./script.js(있음),상태 확인 필요,F-0192,worktree 사본이나 본체 대응 경로(courses/바이브코딩/sessions/2주차/실습예제/mvp/pick_선택추천/index.html)와 SHA-256 불일치 · 구경로 sessions/N주차 → courses/바이브코딩/sessions/N주차 매핑,worktree판과 본체판의 내용 차이 미확인 — T11 계보 확인 필요,0(section 있으나 data-slide 0건),0
F-0796,.claude/worktrees/week-1-content-addition-8e2d72/sessions/2주차/실습예제/mvp/pick_선택추천/prd.md,1180,5ffb2448636849fc138b970b8fe996c50cb689125d69fbb3e9e48b09998d704e,.md,텍스트(Markdown),2주차,외부사본,커밋 없음(외부 worktree 사본·main 인덱스 밖),(참조 없음),상태 확인 필요,F-0193,worktree 사본이나 본체 대응 경로(courses/바이브코딩/sessions/2주차/실습예제/mvp/pick_선택추천/prd.md)와 SHA-256 불일치 · 구경로 sessions/N주차 → courses/바이브코딩/sessions/N주차 매핑,worktree판과 본체판의 내용 차이 미확인 — T11 계보 확인 필요,-,-
F-0797,.claude/worktrees/week-1-content-addition-8e2d72/sessions/2주차/실습예제/mvp/pick_선택추천/script.js,2171,7aac4f8d916518dc61fac85c8440fd0d4bc5ae232f181033da6728f0947eacbf,.js,텍스트(JS),2주차,외부사본,커밋 없음(외부 worktree 사본·main 인덱스 밖),(참조 없음),상태 확인 필요,F-0194,worktree 사본이나 본체 대응 경로(courses/바이브코딩/sessions/2주차/실습예제/mvp/pick_선택추천/script.js)와 SHA-256 불일치 · 구경로 sessions/N주차 → courses/바이브코딩/sessions/N주차 매핑,worktree판과 본체판의 내용 차이 미확인 — T11 계보 확인 필요,-,-
F-0798,.claude/worktrees/week-1-content-addition-8e2d72/sessions/2주차/실습예제/mvp/pick_선택추천/style.css,1520,db0444df5a9b015ac7821a56820563933725dc03cda492672e6c728d2ac43ccf,.css,텍스트(CSS),2주차,외부사본,커밋 없음(외부 worktree 사본·main 인덱스 밖),(참조 없음),상태 확인 필요,F-0195,worktree 사본이나 본체 대응 경로(courses/바이브코딩/sessions/2주차/실습예제/mvp/pick_선택추천/style.css)와 SHA-256 불일치 · 구경로 sessions/N주차 → courses/바이브코딩/sessions/N주차 매핑,worktree판과 본체판의 내용 차이 미확인 — T11 계보 확인 필요,-,-
F-0799,.claude/worktrees/week-1-content-addition-8e2d72/sessions/2주차/실습예제/mvp/timer_집중타이머/index.html,868,aae1848f4fe5204bc0eadcf2f4319d8534797111b89b2c17a69be4d60e2f1385,.html,HTML(문서),2주차,외부사본,커밋 없음(외부 worktree 사본·main 인덱스 밖),./style.css(있음);./script.js(있음),상태 확인 필요,F-0196,worktree 사본이나 본체 대응 경로(courses/바이브코딩/sessions/2주차/실습예제/mvp/timer_집중타이머/index.html)와 SHA-256 불일치 · 구경로 sessions/N주차 → courses/바이브코딩/sessions/N주차 매핑,worktree판과 본체판의 내용 차이 미확인 — T11 계보 확인 필요,0(section 있으나 data-slide 0건),0
F-0800,.claude/worktrees/week-1-content-addition-8e2d72/sessions/2주차/실습예제/mvp/timer_집중타이머/prd.md,1065,01dc20f094eea3135ea9bdfd7aa8fbf4974ea0bb45ed8505ad5b29b52a77d344,.md,텍스트(Markdown),2주차,외부사본,커밋 없음(외부 worktree 사본·main 인덱스 밖),(참조 없음),상태 확인 필요,F-0197,worktree 사본이나 본체 대응 경로(courses/바이브코딩/sessions/2주차/실습예제/mvp/timer_집중타이머/prd.md)와 SHA-256 불일치 · 구경로 sessions/N주차 → courses/바이브코딩/sessions/N주차 매핑,worktree판과 본체판의 내용 차이 미확인 — T11 계보 확인 필요,-,-
F-0801,.claude/worktrees/week-1-content-addition-8e2d72/sessions/2주차/실습예제/mvp/timer_집중타이머/script.js,1446,b28766f3b394fe5c0d3b6d995a9173be3c187e36d889be3c4b122ae1385918a4,.js,텍스트(JS),2주차,외부사본,커밋 없음(외부 worktree 사본·main 인덱스 밖),(참조 없음),상태 확인 필요,F-0198,worktree 사본이나 본체 대응 경로(courses/바이브코딩/sessions/2주차/실습예제/mvp/timer_집중타이머/script.js)와 SHA-256 불일치 · 구경로 sessions/N주차 → courses/바이브코딩/sessions/N주차 매핑,worktree판과 본체판의 내용 차이 미확인 — T11 계보 확인 필요,-,-
F-0802,.claude/worktrees/week-1-content-addition-8e2d72/sessions/2주차/실습예제/mvp/timer_집중타이머/style.css,1468,887694a792db88c02636f10d7d02483b1e458bfedea8f9b11078300ca64020c5,.css,텍스트(CSS),2주차,외부사본,커밋 없음(외부 worktree 사본·main 인덱스 밖),(참조 없음),상태 확인 필요,F-0199,worktree 사본이나 본체 대응 경로(courses/바이브코딩/sessions/2주차/실습예제/mvp/timer_집중타이머/style.css)와 SHA-256 불일치 · 구경로 sessions/N주차 → courses/바이브코딩/sessions/N주차 매핑,worktree판과 본체판의 내용 차이 미확인 — T11 계보 확인 필요,-,-
F-0803,.claude/worktrees/week-1-content-addition-8e2d72/sessions/2주차/실습예제/이탈재현/case_abspath/broken/index.html,1438,eea3d76202252b92f00c3731dcb064448e2129ff1ee721f84e7691d5944927aa,.html,HTML(문서),2주차,외부사본,커밋 없음(외부 worktree 사본·main 인덱스 밖),file:///C:/Users/lecture/Desktop/앵커공유/style.css(없음);file:///C:/Users/lecture/Pictures/앵커로고.png(없음);./script.js(있음),상태 확인 필요,F-0200,worktree 사본이나 본체 대응 경로(courses/바이브코딩/sessions/2주차/실습예제/이탈재현/case_abspath/broken/index.html)와 SHA-256 불일치 · 구경로 sessions/N주차 → courses/바이브코딩/sessions/N주차 매핑,worktree판과 본체판의 내용 차이 미확인 — T11 계보 확인 필요,0(section 태그 자체 없음),0
F-0804,.claude/worktrees/week-1-content-addition-8e2d72/sessions/2주차/실습예제/이탈재현/case_abspath/broken/script.js,838,1b8b1843ff47d2d43f037f9e3232a32f53c24e61d43db362a59332a23f062f7c,.js,텍스트(JS),2주차,외부사본,커밋 없음(외부 worktree 사본·main 인덱스 밖),(참조 없음),상태 확인 필요,F-0201,worktree 사본이나 본체 대응 경로(courses/바이브코딩/sessions/2주차/실습예제/이탈재현/case_abspath/broken/script.js)와 SHA-256 불일치 · 구경로 sessions/N주차 → courses/바이브코딩/sessions/N주차 매핑,worktree판과 본체판의 내용 차이 미확인 — T11 계보 확인 필요,-,-
F-0805,.claude/worktrees/week-1-content-addition-8e2d72/sessions/2주차/실습예제/이탈재현/case_abspath/broken/설명.md,2194,86dfda568685769273fa6b16a445e89f612b5186be2966c769552534bb5cd422,.md,텍스트(Markdown),2주차,외부사본,커밋 없음(외부 worktree 사본·main 인덱스 밖),assets/logo.svg(없음),상태 확인 필요,F-0202,worktree 사본이나 본체 대응 경로(courses/바이브코딩/sessions/2주차/실습예제/이탈재현/case_abspath/broken/설명.md)와 SHA-256 불일치 · 구경로 sessions/N주차 → courses/바이브코딩/sessions/N주차 매핑,worktree판과 본체판의 내용 차이 미확인 — T11 계보 확인 필요,-,-
F-0806,.claude/worktrees/week-1-content-addition-8e2d72/sessions/2주차/실습예제/이탈재현/case_abspath/fixed/assets/logo.svg,327,21b194cf558b1557f2d8767f0f1773821c7a18bc82ea4a958790c149e54697b1,.svg,SVG,2주차,외부사본,커밋 없음(외부 worktree 사본·main 인덱스 밖),(참조 없음),상태 확인 필요,F-0203,worktree 사본이나 본체 대응 경로(courses/바이브코딩/sessions/2주차/실습예제/이탈재현/case_abspath/fixed/assets/logo.svg)와 SHA-256 불일치 · 구경로 sessions/N주차 → courses/바이브코딩/sessions/N주차 매핑,worktree판과 본체판의 내용 차이 미확인 — T11 계보 확인 필요,-,-
F-0807,.claude/worktrees/week-1-content-addition-8e2d72/sessions/2주차/실습예제/이탈재현/case_abspath/fixed/index.html,1045,8f061b56cf4da2e8b42fec447ef9912c1a696846b3d04a6e542d57bccd06d3f6,.html,HTML(문서),2주차,외부사본,커밋 없음(외부 worktree 사본·main 인덱스 밖),./style.css(있음);assets/logo.svg(있음);./script.js(있음),상태 확인 필요,F-0204,worktree 사본이나 본체 대응 경로(courses/바이브코딩/sessions/2주차/실습예제/이탈재현/case_abspath/fixed/index.html)와 SHA-256 불일치 · 구경로 sessions/N주차 → courses/바이브코딩/sessions/N주차 매핑,worktree판과 본체판의 내용 차이 미확인 — T11 계보 확인 필요,0(section 태그 자체 없음),0
F-0808,.claude/worktrees/week-1-content-addition-8e2d72/sessions/2주차/실습예제/이탈재현/case_abspath/fixed/script.js,838,1b8b1843ff47d2d43f037f9e3232a32f53c24e61d43db362a59332a23f062f7c,.js,텍스트(JS),2주차,외부사본,커밋 없음(외부 worktree 사본·main 인덱스 밖),(참조 없음),상태 확인 필요,F-0205,worktree 사본이나 본체 대응 경로(courses/바이브코딩/sessions/2주차/실습예제/이탈재현/case_abspath/fixed/script.js)와 SHA-256 불일치 · 구경로 sessions/N주차 → courses/바이브코딩/sessions/N주차 매핑,worktree판과 본체판의 내용 차이 미확인 — T11 계보 확인 필요,-,-
F-0809,.claude/worktrees/week-1-content-addition-8e2d72/sessions/2주차/실습예제/이탈재현/case_abspath/fixed/style.css,1169,ffcf9f9c0f8d717485ca304632a3949299fa85c2ba0b45538b11745f625918e2,.css,텍스트(CSS),2주차,외부사본,커밋 없음(외부 worktree 사본·main 인덱스 밖),(참조 없음),상태 확인 필요,F-0206,worktree 사본이나 본체 대응 경로(courses/바이브코딩/sessions/2주차/실습예제/이탈재현/case_abspath/fixed/style.css)와 SHA-256 불일치 · 구경로 sessions/N주차 → courses/바이브코딩/sessions/N주차 매핑,worktree판과 본체판의 내용 차이 미확인 — T11 계보 확인 필요,-,-
F-0810,.claude/worktrees/week-1-content-addition-8e2d72/sessions/2주차/실습예제/이탈재현/case_fetch/broken/data.json,67,b1a2c63a4842b221b293e00a7c19876d24d755bc0bf731bedcdbe56e1e9034e9,.json,JSON,2주차,외부사본,커밋 없음(외부 worktree 사본·main 인덱스 밖),(참조 없음),상태 확인 필요,F-0207,worktree 사본이나 본체 대응 경로(courses/바이브코딩/sessions/2주차/실습예제/이탈재현/case_fetch/broken/data.json)와 SHA-256 불일치 · 구경로 sessions/N주차 → courses/바이브코딩/sessions/N주차 매핑,worktree판과 본체판의 내용 차이 미확인 — T11 계보 확인 필요,-,-
F-0811,.claude/worktrees/week-1-content-addition-8e2d72/sessions/2주차/실습예제/이탈재현/case_fetch/broken/index.html,737,5e981d72fd35b20cb4ebeab45f39fa5b20833e45fa178edcec0188e42d772810,.html,HTML(문서),2주차,외부사본,커밋 없음(외부 worktree 사본·main 인덱스 밖),./style.css(있음);./script.js(있음),상태 확인 필요,F-0208,worktree 사본이나 본체 대응 경로(courses/바이브코딩/sessions/2주차/실습예제/이탈재현/case_fetch/broken/index.html)와 SHA-256 불일치 · 구경로 sessions/N주차 → courses/바이브코딩/sessions/N주차 매핑,worktree판과 본체판의 내용 차이 미확인 — T11 계보 확인 필요,0(section 태그 자체 없음),0
F-0812,.claude/worktrees/week-1-content-addition-8e2d72/sessions/2주차/실습예제/이탈재현/case_fetch/broken/script.js,1358,b2352d5897fbed33e55228b179aea5c55331805fcbeb00b2231f810d1fc608d8,.js,텍스트(JS),2주차,외부사본,커밋 없음(외부 worktree 사본·main 인덱스 밖),(참조 없음),상태 확인 필요,F-0209,worktree 사본이나 본체 대응 경로(courses/바이브코딩/sessions/2주차/실습예제/이탈재현/case_fetch/broken/script.js)와 SHA-256 불일치 · 구경로 sessions/N주차 → courses/바이브코딩/sessions/N주차 매핑,worktree판과 본체판의 내용 차이 미확인 — T11 계보 확인 필요,-,-
F-0813,.claude/worktrees/week-1-content-addition-8e2d72/sessions/2주차/실습예제/이탈재현/case_fetch/broken/style.css,1033,2f0c7f84b9b0c86f75a091959ccbc35c84df66fb28fff9b145098dfa2cff3265,.css,텍스트(CSS),2주차,외부사본,커밋 없음(외부 worktree 사본·main 인덱스 밖),(참조 없음),상태 확인 필요,F-0210,worktree 사본이나 본체 대응 경로(courses/바이브코딩/sessions/2주차/실습예제/이탈재현/case_fetch/broken/style.css)와 SHA-256 불일치 · 구경로 sessions/N주차 → courses/바이브코딩/sessions/N주차 매핑,worktree판과 본체판의 내용 차이 미확인 — T11 계보 확인 필요,-,-
F-0814,.claude/worktrees/week-1-content-addition-8e2d72/sessions/2주차/실습예제/이탈재현/case_fetch/broken/설명.md,1831,00fa59ae3466304236aadb82ee0e92fb0fd331ff582993fae2250b7c48242cb1,.md,텍스트(Markdown),2주차,외부사본,커밋 없음(외부 worktree 사본·main 인덱스 밖),(참조 없음),상태 확인 필요,F-0211,worktree 사본이나 본체 대응 경로(courses/바이브코딩/sessions/2주차/실습예제/이탈재현/case_fetch/broken/설명.md)와 SHA-256 불일치 · 구경로 sessions/N주차 → courses/바이브코딩/sessions/N주차 매핑,worktree판과 본체판의 내용 차이 미확인 — T11 계보 확인 필요,-,-
F-0815,.claude/worktrees/week-1-content-addition-8e2d72/sessions/2주차/실습예제/이탈재현/case_fetch/fixed/index.html,737,5e981d72fd35b20cb4ebeab45f39fa5b20833e45fa178edcec0188e42d772810,.html,HTML(문서),2주차,외부사본,커밋 없음(외부 worktree 사본·main 인덱스 밖),./style.css(있음);./script.js(있음),상태 확인 필요,F-0212,worktree 사본이나 본체 대응 경로(courses/바이브코딩/sessions/2주차/실습예제/이탈재현/case_fetch/fixed/index.html)와 SHA-256 불일치 · 구경로 sessions/N주차 → courses/바이브코딩/sessions/N주차 매핑,worktree판과 본체판의 내용 차이 미확인 — T11 계보 확인 필요,0(section 태그 자체 없음),0
F-0816,.claude/worktrees/week-1-content-addition-8e2d72/sessions/2주차/실습예제/이탈재현/case_fetch/fixed/script.js,940,3423f14fa2f5e37fc8c7b08dbf90acb620bd0761d64162c31f50dc6dad819353,.js,텍스트(JS),2주차,외부사본,커밋 없음(외부 worktree 사본·main 인덱스 밖),(참조 없음),상태 확인 필요,F-0213,worktree 사본이나 본체 대응 경로(courses/바이브코딩/sessions/2주차/실습예제/이탈재현/case_fetch/fixed/script.js)와 SHA-256 불일치 · 구경로 sessions/N주차 → courses/바이브코딩/sessions/N주차 매핑,worktree판과 본체판의 내용 차이 미확인 — T11 계보 확인 필요,-,-
F-0817,.claude/worktrees/week-1-content-addition-8e2d72/sessions/2주차/실습예제/이탈재현/case_fetch/fixed/style.css,1033,2f0c7f84b9b0c86f75a091959ccbc35c84df66fb28fff9b145098dfa2cff3265,.css,텍스트(CSS),2주차,외부사본,커밋 없음(외부 worktree 사본·main 인덱스 밖),(참조 없음),상태 확인 필요,F-0214,worktree 사본이나 본체 대응 경로(courses/바이브코딩/sessions/2주차/실습예제/이탈재현/case_fetch/fixed/style.css)와 SHA-256 불일치 · 구경로 sessions/N주차 → courses/바이브코딩/sessions/N주차 매핑,worktree판과 본체판의 내용 차이 미확인 — T11 계보 확인 필요,-,-
F-0818,.claude/worktrees/week-1-content-addition-8e2d72/sessions/2주차/실습예제/이탈재현/case_filename/broken/index.html,851,314eceff4608b8d8777033a4d534b91084b65e037c4b1171d49f218a0a64d643,.html,HTML(문서),2주차,외부사본,커밋 없음(외부 worktree 사본·main 인덱스 밖),./style.css(없음);./script.js(있음),상태 확인 필요,F-0215,worktree 사본이나 본체 대응 경로(courses/바이브코딩/sessions/2주차/실습예제/이탈재현/case_filename/broken/index.html)와 SHA-256 불일치 · 구경로 sessions/N주차 → courses/바이브코딩/sessions/N주차 매핑,worktree판과 본체판의 내용 차이 미확인 — T11 계보 확인 필요,0(section 태그 자체 없음),0
F-0819,.claude/worktrees/week-1-content-addition-8e2d72/sessions/2주차/실습예제/이탈재현/case_filename/broken/script.js,838,1b8b1843ff47d2d43f037f9e3232a32f53c24e61d43db362a59332a23f062f7c,.js,텍스트(JS),2주차,외부사본,커밋 없음(외부 worktree 사본·main 인덱스 밖),(참조 없음),상태 확인 필요,F-0216,worktree 사본이나 본체 대응 경로(courses/바이브코딩/sessions/2주차/실습예제/이탈재현/case_filename/broken/script.js)와 SHA-256 불일치 · 구경로 sessions/N주차 → courses/바이브코딩/sessions/N주차 매핑,worktree판과 본체판의 내용 차이 미확인 — T11 계보 확인 필요,-,-
F-0820,.claude/worktrees/week-1-content-addition-8e2d72/sessions/2주차/실습예제/이탈재현/case_filename/broken/styles.css,1156,bc901d7af999c72bf4a94da87fb4308404a9b2a5c6d8ea577c6e1d5b26ffb730,.css,텍스트(CSS),2주차,외부사본,커밋 없음(외부 worktree 사본·main 인덱스 밖),(참조 없음),상태 확인 필요,F-0217,worktree 사본이나 본체 대응 경로(courses/바이브코딩/sessions/2주차/실습예제/이탈재현/case_filename/broken/styles.css)와 SHA-256 불일치 · 구경로 sessions/N주차 → courses/바이브코딩/sessions/N주차 매핑,worktree판과 본체판의 내용 차이 미확인 — T11 계보 확인 필요,-,-
F-0821,.claude/worktrees/week-1-content-addition-8e2d72/sessions/2주차/실습예제/이탈재현/case_filename/broken/설명.md,1724,087a0ca30c56dea5e7ec17f0eaac3a67f6e0c42b187393899d7ea52c582779e7,.md,텍스트(Markdown),2주차,외부사본,커밋 없음(외부 worktree 사본·main 인덱스 밖),(참조 없음),상태 확인 필요,F-0218,worktree 사본이나 본체 대응 경로(courses/바이브코딩/sessions/2주차/실습예제/이탈재현/case_filename/broken/설명.md)와 SHA-256 불일치 · 구경로 sessions/N주차 → courses/바이브코딩/sessions/N주차 매핑,worktree판과 본체판의 내용 차이 미확인 — T11 계보 확인 필요,-,-
F-0822,.claude/worktrees/week-1-content-addition-8e2d72/sessions/2주차/실습예제/이탈재현/case_filename/fixed/index.html,825,3d0240d68a205cd341d4d18cb46b35dc1593c05350cff7fb36ca8b28f4b7d945,.html,HTML(문서),2주차,외부사본,커밋 없음(외부 worktree 사본·main 인덱스 밖),./style.css(있음);./script.js(있음),상태 확인 필요,F-0219,worktree 사본이나 본체 대응 경로(courses/바이브코딩/sessions/2주차/실습예제/이탈재현/case_filename/fixed/index.html)와 SHA-256 불일치 · 구경로 sessions/N주차 → courses/바이브코딩/sessions/N주차 매핑,worktree판과 본체판의 내용 차이 미확인 — T11 계보 확인 필요,0(section 태그 자체 없음),0
F-0823,.claude/worktrees/week-1-content-addition-8e2d72/sessions/2주차/실습예제/이탈재현/case_filename/fixed/script.js,838,1b8b1843ff47d2d43f037f9e3232a32f53c24e61d43db362a59332a23f062f7c,.js,텍스트(JS),2주차,외부사본,커밋 없음(외부 worktree 사본·main 인덱스 밖),(참조 없음),상태 확인 필요,F-0220,worktree 사본이나 본체 대응 경로(courses/바이브코딩/sessions/2주차/실습예제/이탈재현/case_filename/fixed/script.js)와 SHA-256 불일치 · 구경로 sessions/N주차 → courses/바이브코딩/sessions/N주차 매핑,worktree판과 본체판의 내용 차이 미확인 — T11 계보 확인 필요,-,-
F-0824,.claude/worktrees/week-1-content-addition-8e2d72/sessions/2주차/실습예제/이탈재현/case_filename/fixed/style.css,1033,2f0c7f84b9b0c86f75a091959ccbc35c84df66fb28fff9b145098dfa2cff3265,.css,텍스트(CSS),2주차,외부사본,커밋 없음(외부 worktree 사본·main 인덱스 밖),(참조 없음),상태 확인 필요,F-0221,worktree 사본이나 본체 대응 경로(courses/바이브코딩/sessions/2주차/실습예제/이탈재현/case_filename/fixed/style.css)와 SHA-256 불일치 · 구경로 sessions/N주차 → courses/바이브코딩/sessions/N주차 매핑,worktree판과 본체판의 내용 차이 미확인 — T11 계보 확인 필요,-,-
F-0825,.claude/worktrees/week-1-content-addition-8e2d72/sessions/2주차/실습예제/이탈재현/case_module/broken/data.js,255,cf21ea605a432bec9e113fe94e2f26917e5c4e0f718c8fb1140458ddf09ff907,.js,텍스트(JS),2주차,외부사본,커밋 없음(외부 worktree 사본·main 인덱스 밖),(참조 없음),상태 확인 필요,F-0222,worktree 사본이나 본체 대응 경로(courses/바이브코딩/sessions/2주차/실습예제/이탈재현/case_module/broken/data.js)와 SHA-256 불일치 · 구경로 sessions/N주차 → courses/바이브코딩/sessions/N주차 매핑,worktree판과 본체판의 내용 차이 미확인 — T11 계보 확인 필요,-,-
F-0826,.claude/worktrees/week-1-content-addition-8e2d72/sessions/2주차/실습예제/이탈재현/case_module/broken/index.html,861,512da397b1696d6c67af4ae2ee2f7048bbf4783e52fa60a593111c8f942d15f7,.html,HTML(문서),2주차,외부사본,커밋 없음(외부 worktree 사본·main 인덱스 밖),./style.css(있음);./script.js(있음),상태 확인 필요,F-0223,worktree 사본이나 본체 대응 경로(courses/바이브코딩/sessions/2주차/실습예제/이탈재현/case_module/broken/index.html)와 SHA-256 불일치 · 구경로 sessions/N주차 → courses/바이브코딩/sessions/N주차 매핑,worktree판과 본체판의 내용 차이 미확인 — T11 계보 확인 필요,0(section 태그 자체 없음),0
F-0827,.claude/worktrees/week-1-content-addition-8e2d72/sessions/2주차/실습예제/이탈재현/case_module/broken/script.js,1067,bf1c30d4bae8799f6d02b9da68dc8c69c9ea1bd6205eacc4f4bcca1ff5b25671,.js,텍스트(JS),2주차,외부사본,커밋 없음(외부 worktree 사본·main 인덱스 밖),(참조 없음),상태 확인 필요,F-0224,worktree 사본이나 본체 대응 경로(courses/바이브코딩/sessions/2주차/실습예제/이탈재현/case_module/broken/script.js)와 SHA-256 불일치 · 구경로 sessions/N주차 → courses/바이브코딩/sessions/N주차 매핑,worktree판과 본체판의 내용 차이 미확인 — T11 계보 확인 필요,-,-
F-0828,.claude/worktrees/week-1-content-addition-8e2d72/sessions/2주차/실습예제/이탈재현/case_module/broken/style.css,1033,2f0c7f84b9b0c86f75a091959ccbc35c84df66fb28fff9b145098dfa2cff3265,.css,텍스트(CSS),2주차,외부사본,커밋 없음(외부 worktree 사본·main 인덱스 밖),(참조 없음),상태 확인 필요,F-0225,worktree 사본이나 본체 대응 경로(courses/바이브코딩/sessions/2주차/실습예제/이탈재현/case_module/broken/style.css)와 SHA-256 불일치 · 구경로 sessions/N주차 → courses/바이브코딩/sessions/N주차 매핑,worktree판과 본체판의 내용 차이 미확인 — T11 계보 확인 필요,-,-
F-0829,.claude/worktrees/week-1-content-addition-8e2d72/sessions/2주차/실습예제/이탈재현/case_module/broken/설명.md,1862,c450ec3da45552171c666b08a1f4ae01c8eddc7753114dbb9800ce50a095321d,.md,텍스트(Markdown),2주차,외부사본,커밋 없음(외부 worktree 사본·main 인덱스 밖),./script.js(있음),상태 확인 필요,F-0226,worktree 사본이나 본체 대응 경로(courses/바이브코딩/sessions/2주차/실습예제/이탈재현/case_module/broken/설명.md)와 SHA-256 불일치 · 구경로 sessions/N주차 → courses/바이브코딩/sessions/N주차 매핑,worktree판과 본체판의 내용 차이 미확인 — T11 계보 확인 필요,-,-
F-0830,.claude/worktrees/week-1-content-addition-8e2d72/sessions/2주차/실습예제/이탈재현/case_module/fixed/index.html,814,e7f96bd8f23bdc891ffeee007085516e10cf72c96a1f2574f3f40138afa73899,.html,HTML(문서),2주차,외부사본,커밋 없음(외부 worktree 사본·main 인덱스 밖),./style.css(있음);./script.js(있음),상태 확인 필요,F-0227,worktree 사본이나 본체 대응 경로(courses/바이브코딩/sessions/2주차/실습예제/이탈재현/case_module/fixed/index.html)와 SHA-256 불일치 · 구경로 sessions/N주차 → courses/바이브코딩/sessions/N주차 매핑,worktree판과 본체판의 내용 차이 미확인 — T11 계보 확인 필요,0(section 태그 자체 없음),0
F-0831,.claude/worktrees/week-1-content-addition-8e2d72/sessions/2주차/실습예제/이탈재현/case_module/fixed/script.js,930,0f63520ab5e29a7e43e19edf169705831c0722be12f28baa1bcaeae0727bf2d3,.js,텍스트(JS),2주차,외부사본,커밋 없음(외부 worktree 사본·main 인덱스 밖),(참조 없음),상태 확인 필요,F-0228,worktree 사본이나 본체 대응 경로(courses/바이브코딩/sessions/2주차/실습예제/이탈재현/case_module/fixed/script.js)와 SHA-256 불일치 · 구경로 sessions/N주차 → courses/바이브코딩/sessions/N주차 매핑,worktree판과 본체판의 내용 차이 미확인 — T11 계보 확인 필요,-,-
F-0832,.claude/worktrees/week-1-content-addition-8e2d72/sessions/2주차/실습예제/이탈재현/case_module/fixed/style.css,1033,2f0c7f84b9b0c86f75a091959ccbc35c84df66fb28fff9b145098dfa2cff3265,.css,텍스트(CSS),2주차,외부사본,커밋 없음(외부 worktree 사본·main 인덱스 밖),(참조 없음),상태 확인 필요,F-0229,worktree 사본이나 본체 대응 경로(courses/바이브코딩/sessions/2주차/실습예제/이탈재현/case_module/fixed/style.css)와 SHA-256 불일치 · 구경로 sessions/N주차 → courses/바이브코딩/sessions/N주차 매핑,worktree판과 본체판의 내용 차이 미확인 — T11 계보 확인 필요,-,-
F-0833,.claude/worktrees/week-1-content-addition-8e2d72/sessions/2주차/실습예제/이탈재현/case_subfolder/broken/pages/index.html,968,92cedfa6203608af50bcd3eeaa60c425e87cc9b0b2fd8aa43837812806d88adb,.html,HTML(문서),2주차,외부사본,커밋 없음(외부 worktree 사본·main 인덱스 밖),../style.css(없음);../script.js(없음),상태 확인 필요,F-0230,worktree 사본이나 본체 대응 경로(courses/바이브코딩/sessions/2주차/실습예제/이탈재현/case_subfolder/broken/pages/index.html)와 SHA-256 불일치 · 구경로 sessions/N주차 → courses/바이브코딩/sessions/N주차 매핑,worktree판과 본체판의 내용 차이 미확인 — T11 계보 확인 필요,0(section 태그 자체 없음),0
F-0834,.claude/worktrees/week-1-content-addition-8e2d72/sessions/2주차/실습예제/이탈재현/case_subfolder/broken/pages/script.js,952,d7f8dc655fbe1d3d3a0507fb0f5e6fbcde9a52fd0207cf2af9d589a39223b4ec,.js,텍스트(JS),2주차,외부사본,커밋 없음(외부 worktree 사본·main 인덱스 밖),(참조 없음),상태 확인 필요,F-0231,worktree 사본이나 본체 대응 경로(courses/바이브코딩/sessions/2주차/실습예제/이탈재현/case_subfolder/broken/pages/script.js)와 SHA-256 불일치 · 구경로 sessions/N주차 → courses/바이브코딩/sessions/N주차 매핑,worktree판과 본체판의 내용 차이 미확인 — T11 계보 확인 필요,-,-
F-0835,.claude/worktrees/week-1-content-addition-8e2d72/sessions/2주차/실습예제/이탈재현/case_subfolder/broken/pages/style.css,1033,2f0c7f84b9b0c86f75a091959ccbc35c84df66fb28fff9b145098dfa2cff3265,.css,텍스트(CSS),2주차,외부사본,커밋 없음(외부 worktree 사본·main 인덱스 밖),(참조 없음),상태 확인 필요,F-0232,worktree 사본이나 본체 대응 경로(courses/바이브코딩/sessions/2주차/실습예제/이탈재현/case_subfolder/broken/pages/style.css)와 SHA-256 불일치 · 구경로 sessions/N주차 → courses/바이브코딩/sessions/N주차 매핑,worktree판과 본체판의 내용 차이 미확인 — T11 계보 확인 필요,-,-
F-0836,.claude/worktrees/week-1-content-addition-8e2d72/sessions/2주차/실습예제/이탈재현/case_subfolder/broken/설명.md,1981,35c74c126054d87b43676a95066c54a30eb4c6a06be5c7ec156bbb4bc4cfabd2,.md,텍스트(Markdown),2주차,외부사본,커밋 없음(외부 worktree 사본·main 인덱스 밖),(참조 없음),상태 확인 필요,F-0233,worktree 사본이나 본체 대응 경로(courses/바이브코딩/sessions/2주차/실습예제/이탈재현/case_subfolder/broken/설명.md)와 SHA-256 불일치 · 구경로 sessions/N주차 → courses/바이브코딩/sessions/N주차 매핑,worktree판과 본체판의 내용 차이 미확인 — T11 계보 확인 필요,-,-
F-0837,.claude/worktrees/week-1-content-addition-8e2d72/sessions/2주차/실습예제/이탈재현/case_subfolder/fixed/index.html,853,7c317870fd0a93a6ff9fc286729fc1aa835919dbd30856f9b1a17f2f72025a20,.html,HTML(문서),2주차,외부사본,커밋 없음(외부 worktree 사본·main 인덱스 밖),./style.css(있음);./script.js(있음),상태 확인 필요,F-0234,worktree 사본이나 본체 대응 경로(courses/바이브코딩/sessions/2주차/실습예제/이탈재현/case_subfolder/fixed/index.html)와 SHA-256 불일치 · 구경로 sessions/N주차 → courses/바이브코딩/sessions/N주차 매핑,worktree판과 본체판의 내용 차이 미확인 — T11 계보 확인 필요,0(section 태그 자체 없음),0
F-0838,.claude/worktrees/week-1-content-addition-8e2d72/sessions/2주차/실습예제/이탈재현/case_subfolder/fixed/script.js,838,1b8b1843ff47d2d43f037f9e3232a32f53c24e61d43db362a59332a23f062f7c,.js,텍스트(JS),2주차,외부사본,커밋 없음(외부 worktree 사본·main 인덱스 밖),(참조 없음),상태 확인 필요,F-0235,worktree 사본이나 본체 대응 경로(courses/바이브코딩/sessions/2주차/실습예제/이탈재현/case_subfolder/fixed/script.js)와 SHA-256 불일치 · 구경로 sessions/N주차 → courses/바이브코딩/sessions/N주차 매핑,worktree판과 본체판의 내용 차이 미확인 — T11 계보 확인 필요,-,-
F-0839,.claude/worktrees/week-1-content-addition-8e2d72/sessions/2주차/실습예제/이탈재현/case_subfolder/fixed/style.css,1033,2f0c7f84b9b0c86f75a091959ccbc35c84df66fb28fff9b145098dfa2cff3265,.css,텍스트(CSS),2주차,외부사본,커밋 없음(외부 worktree 사본·main 인덱스 밖),(참조 없음),상태 확인 필요,F-0236,worktree 사본이나 본체 대응 경로(courses/바이브코딩/sessions/2주차/실습예제/이탈재현/case_subfolder/fixed/style.css)와 SHA-256 불일치 · 구경로 sessions/N주차 → courses/바이브코딩/sessions/N주차 매핑,worktree판과 본체판의 내용 차이 미확인 — T11 계보 확인 필요,-,-
F-0840,.claude/worktrees/week-1-content-addition-8e2d72/sessions/2주차/자료/2주차_개념KB.md,208602,51071adf1ac5715cf2a7bfce29bba46921099db0ba95abd6eca22148c883e26b,.md,텍스트(Markdown),2주차,외부사본,커밋 없음(외부 worktree 사본·main 인덱스 밖),./style.css(없음);./script.js(없음),상태 확인 필요,F-0238,worktree 사본이나 본체 대응 경로(courses/바이브코딩/sessions/2주차/자료/2주차_개념KB.md)와 SHA-256 불일치 · 구경로 sessions/N주차 → courses/바이브코딩/sessions/N주차 매핑,worktree판과 본체판의 내용 차이 미확인 — T11 계보 확인 필요,-,-
F-0841,.claude/worktrees/week-1-content-addition-8e2d72/sessions/2주차/자료/2주차_결정요청사항.md,18001,4695268ae9544079040c6dc1f821c5c8636f19460d0dbb4a15f7199d275a7295,.md,텍스트(Markdown),2주차,외부사본,커밋 없음(외부 worktree 사본·main 인덱스 밖),(참조 없음),상태 확인 필요,F-0239,worktree 사본이나 본체 대응 경로(courses/바이브코딩/sessions/2주차/자료/2주차_결정요청사항.md)와 SHA-256 불일치 · 구경로 sessions/N주차 → courses/바이브코딩/sessions/N주차 매핑,worktree판과 본체판의 내용 차이 미확인 — T11 계보 확인 필요,-,-
F-0842,.claude/worktrees/week-1-content-addition-8e2d72/sessions/2주차/자료/2주차_실습안_검증결과.md,80489,b4c54df4759717421e734ac9818ec9006cfd6ea09f70b15727f4df0b76ee05ff,.md,텍스트(Markdown),2주차,외부사본,커밋 없음(외부 worktree 사본·main 인덱스 밖),(참조 없음),상태 확인 필요,F-0241,worktree 사본이나 본체 대응 경로(courses/바이브코딩/sessions/2주차/자료/2주차_실습안_검증결과.md)와 SHA-256 불일치 · 구경로 sessions/N주차 → courses/바이브코딩/sessions/N주차 매핑,worktree판과 본체판의 내용 차이 미확인 — T11 계보 확인 필요,-,-
F-0843,.claude/worktrees/week-1-content-addition-8e2d72/sessions/2주차/자료/2주차_출처레지스트리.md,97064,c870f63de0bf0d1cd0dfc52fdf110bacc1597e1c34ee39b76436aa7613074acc,.md,텍스트(Markdown),2주차,외부사본,커밋 없음(외부 worktree 사본·main 인덱스 밖),main.css(없음),상태 확인 필요,F-0245,worktree 사본이나 본체 대응 경로(courses/바이브코딩/sessions/2주차/자료/2주차_출처레지스트리.md)와 SHA-256 불일치 · 구경로 sessions/N주차 → courses/바이브코딩/sessions/N주차 매핑,worktree판과 본체판의 내용 차이 미확인 — T11 계보 확인 필요,-,-
F-0844,.claude/worktrees/week-1-content-addition-8e2d72/sessions/2주차/자료/2주차_콘텐츠리서치_결과.md,26660,8f272debbdef9c2a522cec6f020e4d6f8197dad5f2e3533cf4472156d99bfe43,.md,텍스트(Markdown),2주차,외부사본,커밋 없음(외부 worktree 사본·main 인덱스 밖),(참조 없음),상태 확인 필요,F-0247,worktree 사본이나 본체 대응 경로(courses/바이브코딩/sessions/2주차/자료/2주차_콘텐츠리서치_결과.md)와 SHA-256 불일치 · 구경로 sessions/N주차 → courses/바이브코딩/sessions/N주차 매핑,worktree판과 본체판의 내용 차이 미확인 — T11 계보 확인 필요,-,-
F-0845,.claude/worktrees/week-1-content-addition-8e2d72/sessions/2주차/자료/실측/2주차_앱조작_사람입력.md,7088,1e6c29ea38793dd83d56f91158b74b3136855619a9f9057f974fbf9e69a7efcc,.md,텍스트(Markdown),2주차,외부사본,커밋 없음(외부 worktree 사본·main 인덱스 밖),(참조 없음),상태 확인 필요,F-0295,worktree 사본이나 본체 대응 경로(courses/바이브코딩/sessions/2주차/자료/실측/2주차_앱조작_사람입력.md)와 SHA-256 불일치 · 구경로 sessions/N주차 → courses/바이브코딩/sessions/N주차 매핑,worktree판과 본체판의 내용 차이 미확인 — T11 계보 확인 필요,-,-
F-0846,.claude/worktrees/week-1-content-addition-8e2d72/sessions/README.md,7047,312878c2d47c441a3fba1145828b1d5915c2201d990f340784305f7889685d3f,.md,텍스트(Markdown),구경로공통,외부사본,커밋 없음(외부 worktree 사본·main 인덱스 밖),../references/이미지-에셋-manifest.schema.json(있음);../skills/README.md(있음),상태 확인 필요,F-0344,worktree 사본이나 본체 대응 경로(sessions/README.md)와 SHA-256 불일치 · 구경로 sessions/N주차 → courses/바이브코딩/sessions/N주차 매핑,worktree판과 본체판의 내용 차이 미확인 — T11 계보 확인 필요,-,-
F-0847,.claude/worktrees/week-1-content-addition-8e2d72/sessions/_template/README.md,2370,55b4016e647d0ff1116e46a9993516ff4cfabc757f281be9f7864127ce133018,.md,텍스트(Markdown),템플릿(주차없음),외부사본,커밋 없음(외부 worktree 사본·main 인덱스 밖),../README.md(있음),상태 확인 필요,F-0345,worktree 사본이나 본체 대응 경로(sessions/_template/README.md)와 SHA-256 불일치 · 구경로 sessions/N주차 → courses/바이브코딩/sessions/N주차 매핑,worktree판과 본체판의 내용 차이 미확인 — T11 계보 확인 필요,-,-
F-0848,.claude/worktrees/week-1-content-addition-8e2d72/sessions/_template/강의덱.초안/README.md,1206,633dac37ef0380a3952884f5a619819f419195e53e756fad19d975bf07f7a7b8,.md,텍스트(Markdown),템플릿(주차없음),외부사본,커밋 없음(외부 worktree 사본·main 인덱스 밖),(참조 없음),상태 확인 필요,F-0347,worktree 사본이나 본체 대응 경로(sessions/_template/강의덱.초안/README.md)와 SHA-256 불일치 · 구경로 sessions/N주차 → courses/바이브코딩/sessions/N주차 매핑,worktree판과 본체판의 내용 차이 미확인 — T11 계보 확인 필요,-,-
F-0849,.claude/worktrees/week-1-content-addition-8e2d72/sessions/_template/강의덱.초안/part-01.html,1763,afbe0f2b8e669abadd5a5d7271c89fe6ff1d252f8dbb4c947765128df56c1430,.html,HTML(조각),템플릿(주차없음),외부사본,커밋 없음(외부 worktree 사본·main 인덱스 밖),(참조 없음),상태 확인 필요,F-0348,worktree 사본이나 본체 대응 경로(sessions/_template/강의덱.초안/part-01.html)와 SHA-256 불일치 · 구경로 sessions/N주차 → courses/바이브코딩/sessions/N주차 매핑,worktree판과 본체판의 내용 차이 미확인 — T11 계보 확인 필요,1,1
F-0850,.claude/worktrees/week-1-content-addition-8e2d72/sessions/_template/강의덱.초안/shell.html,23971,f008c10d67a5c26feb14eca86ba2e39dfc8ef7182af7ac33abf7278a4881c8b2,.html,HTML(문서),템플릿(주차없음),외부사본,커밋 없음(외부 worktree 사본·main 인덱스 밖),../../kit/styles/deck.css(있음);../../kit/styles/legibility.css(있음);../../kit/styles/patterns.css(있음);자료/images/asset-001.png(없음);자료/images/asset-002.png(없음),상태 확인 필요,F-0349,worktree 사본이나 본체 대응 경로(sessions/_template/강의덱.초안/shell.html)와 SHA-256 불일치 · 구경로 sessions/N주차 → courses/바이브코딩/sessions/N주차 매핑,worktree판과 본체판의 내용 차이 미확인 — T11 계보 확인 필요,4,6
F-0851,.claude/worktrees/week-1-content-addition-8e2d72/sessions/_template/자료/개념KB.md,8516,04c2b5c53d01835761cace8deed6ec9d79528967a13b9d8f382bf7efdcf89748,.md,텍스트(Markdown),템플릿(주차없음),외부사본,커밋 없음(외부 worktree 사본·main 인덱스 밖),(참조 없음),상태 확인 필요,F-0350,worktree 사본이나 본체 대응 경로(sessions/_template/자료/개념KB.md)와 SHA-256 불일치 · 구경로 sessions/N주차 → courses/바이브코딩/sessions/N주차 매핑,worktree판과 본체판의 내용 차이 미확인 — T11 계보 확인 필요,-,-
F-0852,.claude/worktrees/week-1-content-addition-8e2d72/sessions/_template/자료/리서치_리뷰.html,29212,d7171f17d1afa46816afdd0fa4a33ce5103c9885a08f425c0272f2aed4b55b22,.html,HTML(조각),템플릿(주차없음),외부사본,커밋 없음(외부 worktree 사본·main 인덱스 밖),(참조 없음),중복본,F-0351,worktree 사본 · 본체 대응 경로(sessions/_template/자료/리서치_리뷰.html)와 SHA-256 일치 · 구경로 sessions/N주차 → courses/바이브코딩/sessions/N주차 매핑,-,0(section 있으나 data-slide 0건),0
F-0853,.claude/worktrees/week-1-content-addition-8e2d72/sessions/_template/자료/이미지-에셋.json,178,7ed674876e348f6577944b0caf515641a0e088fc55dd5cbb2f8b53c4282b2c81,.json,JSON,템플릿(주차없음),외부사본,커밋 없음(외부 worktree 사본·main 인덱스 밖),(참조 없음),상태 확인 필요,F-0352,worktree 사본이나 본체 대응 경로(sessions/_template/자료/이미지-에셋.json)와 SHA-256 불일치 · 구경로 sessions/N주차 → courses/바이브코딩/sessions/N주차 매핑,worktree판과 본체판의 내용 차이 미확인 — T11 계보 확인 필요,-,-
F-0854,.claude/worktrees/week-1-content-addition-8e2d72/sessions/_template/자료/이미지-프롬프트.md,994,573b50205bac4ff9f685a7ab7a5436e5138cbc889a02306f1a78df68ff57242e,.md,텍스트(Markdown),템플릿(주차없음),외부사본,커밋 없음(외부 worktree 사본·main 인덱스 밖),(참조 없음),상태 확인 필요,F-0353,worktree 사본이나 본체 대응 경로(sessions/_template/자료/이미지-프롬프트.md)와 SHA-256 불일치 · 구경로 sessions/N주차 → courses/바이브코딩/sessions/N주차 매핑,worktree판과 본체판의 내용 차이 미확인 — T11 계보 확인 필요,-,-
F-0855,.claude/worktrees/week-1-content-addition-8e2d72/sessions/_template/콘텐츠_리뷰.html,22028,b273a12f91401e02590adf60eef2cbf3a85bfd2907867d4cfd81565239fddaf7,.html,HTML(조각),템플릿(주차없음),외부사본,커밋 없음(외부 worktree 사본·main 인덱스 밖),(참조 없음),상태 확인 필요,F-0354,worktree 사본이나 본체 대응 경로(sessions/_template/콘텐츠_리뷰.html)와 SHA-256 불일치 · 구경로 sessions/N주차 → courses/바이브코딩/sessions/N주차 매핑,worktree판과 본체판의 내용 차이 미확인 — T11 계보 확인 필요,0(section 있으나 data-slide 0건),0
F-0856,.claude/worktrees/week-1-content-addition-8e2d72/sessions/바이브코딩_커리큘럼_기준안.md,30652,b7b2fe1120d8e736a584f5a56da71e9648e1518ef77b09e275171894a27800bd,.md,텍스트(Markdown),구경로공통,외부사본,커밋 없음(외부 worktree 사본·main 인덱스 밖),(참조 없음),상태 확인 필요,F-0342,worktree 사본이나 본체 대응 경로(courses/바이브코딩/커리큘럼_기준안.md)와 SHA-256 불일치 · 구경로 sessions/N주차 → courses/바이브코딩/sessions/N주차 매핑,worktree판과 본체판의 내용 차이 미확인 — T11 계보 확인 필요,-,-
F-0857,.claude/worktrees/harness-skill-improvement-plan-2a5f81/sessions/1주차/1주차_강의안설계.md,64026,d678938a3de717ba50506307b7de3ea5ebdc91b0c5566fad6667c9a85945cb23,.md,텍스트(Markdown),1주차,외부사본,커밋 없음(외부 worktree 사본·main 인덱스 밖),(참조 없음),중복본,F-0061,worktree 사본 · 본체 대응 경로(courses/바이브코딩/sessions/1주차/1주차_강의안설계.md)와 SHA-256 일치 · 구경로 sessions/N주차 → courses/바이브코딩/sessions/N주차 매핑,-,-,-
F-0858,.claude/worktrees/harness-skill-improvement-plan-2a5f81/sessions/1주차/1주차_상세강의설계_및_콘텐츠실습검증_인수인계.md,63122,953bd7364d8efd5ad1bccc3ac60f10f53e0eb2418fe1d99c04f9af7c9094a4f1,.md,텍스트(Markdown),1주차,외부사본,커밋 없음(외부 worktree 사본·main 인덱스 밖),(참조 없음),중복본,F-0079,본체 대응 경로 없음 · 동일 SHA-256 파일이 본체 다른 경로(courses/바이브코딩/sessions/1주차/자료/1주차_상세강의설계_및_콘텐츠실습검증_인수인계.md)에 있음 · 구경로 sessions/N주차 → courses/바이브코딩/sessions/N주차 매핑,이동인지 별개 사본인지 미확인 — T11,-,-
F-0859,.claude/worktrees/harness-skill-improvement-plan-2a5f81/sessions/1주차/1주차_콘텐츠_리뷰.html,25622,ec4c4dca7cccbd4afa0edb65c434b81622d9dc5e1a60b688b0953a00a31aebdf,.html,HTML(문서),1주차,외부사본,커밋 없음(외부 worktree 사본·main 인덱스 밖),(참조 없음),중복본,F-0082,본체 대응 경로 없음 · 동일 SHA-256 파일이 본체 다른 경로(courses/바이브코딩/sessions/1주차/자료/1주차_콘텐츠_리뷰.html)에 있음 · 구경로 sessions/N주차 → courses/바이브코딩/sessions/N주차 매핑,이동인지 별개 사본인지 미확인 — T11,0(section 있으나 data-slide 0건),0
F-0860,.claude/worktrees/harness-skill-improvement-plan-2a5f81/sessions/1주차/screenshot/16-01.png,31631,f426df0990c8e0b7e4c39644dd5aa7c6349e78cf5279c8ae6f25b0045786007e,.png,PNG,1주차,외부사본,커밋 없음(외부 worktree 사본·main 인덱스 밖),-,상태 확인 필요,-,본체 부재 · worktree 단독 현물 · 복구 금지(계획서 §1 잠긴 결정: 삭제본 자동 복구 금지),본체에서 삭제된 것인지 worktree 단독 산출인지 미확인 — G11 확인 대상,-,-
F-0861,.claude/worktrees/harness-skill-improvement-plan-2a5f81/sessions/1주차/screenshot/20-01.png,13477,92d4cf9439f6cf06ed53ef34b3c44ad17122613261e573b6e3038cbe59107ca6,.png,PNG,1주차,외부사본,커밋 없음(외부 worktree 사본·main 인덱스 밖),-,상태 확인 필요,-,본체 부재 · worktree 단독 현물 · 복구 금지(계획서 §1 잠긴 결정: 삭제본 자동 복구 금지),본체에서 삭제된 것인지 worktree 단독 산출인지 미확인 — G11 확인 대상,-,-
F-0862,.claude/worktrees/harness-skill-improvement-plan-2a5f81/sessions/1주차/screenshot/21-01.png,7611,dc86ce62dfe1e3a8226d1cf7510ca63fba1de5146baa40fd5415b4d75d5c376c,.png,PNG,1주차,외부사본,커밋 없음(외부 worktree 사본·main 인덱스 밖),-,상태 확인 필요,-,본체 부재 · worktree 단독 현물 · 복구 금지(계획서 §1 잠긴 결정: 삭제본 자동 복구 금지),본체에서 삭제된 것인지 worktree 단독 산출인지 미확인 — G11 확인 대상,-,-
F-0863,.claude/worktrees/harness-skill-improvement-plan-2a5f81/sessions/1주차/screenshot/21-02.png,1204748,dd5a44965d84d9d7cebc95356e572475b45755e47c56a862f5b0364b97e89131,.png,PNG,1주차,외부사본,커밋 없음(외부 worktree 사본·main 인덱스 밖),-,상태 확인 필요,-,본체 부재 · worktree 단독 현물 · 복구 금지(계획서 §1 잠긴 결정: 삭제본 자동 복구 금지),본체에서 삭제된 것인지 worktree 단독 산출인지 미확인 — G11 확인 대상,-,-
F-0864,.claude/worktrees/harness-skill-improvement-plan-2a5f81/sessions/1주차/screenshot/codex_existing-folder-menu.png,84475,8bfa5dc4010d700784edc0f8a90bbbf610ddd7bee6c23666eec98837d57d4201,.png,PNG,1주차,외부사본,커밋 없음(외부 worktree 사본·main 인덱스 밖),-,상태 확인 필요,-,본체 부재 · worktree 단독 현물 · 복구 금지(계획서 §1 잠긴 결정: 삭제본 자동 복구 금지),본체에서 삭제된 것인지 worktree 단독 산출인지 미확인 — G11 확인 대상,-,-
F-0865,.claude/worktrees/harness-skill-improvement-plan-2a5f81/sessions/1주차/screenshot/codex_file-menu.png,69047,3bf2d4b14e8dfc5efa6310f91035c2d1d6e33fdc0de117837951f8da2d453c5a,.png,PNG,1주차,외부사본,커밋 없음(외부 worktree 사본·main 인덱스 밖),-,상태 확인 필요,-,본체 부재 · worktree 단독 현물 · 복구 금지(계획서 §1 잠긴 결정: 삭제본 자동 복구 금지),본체에서 삭제된 것인지 worktree 단독 산출인지 미확인 — G11 확인 대상,-,-
F-0866,.claude/worktrees/harness-skill-improvement-plan-2a5f81/sessions/1주차/screenshot/codex_project-tree_intro-index.png,88084,c931009df1c2f8de6460dff0e695e3771e384118df5e975cac2d51be395fa3e3,.png,PNG,1주차,외부사본,커밋 없음(외부 worktree 사본·main 인덱스 밖),-,상태 확인 필요,-,본체 부재 · worktree 단독 현물 · 복구 금지(계획서 §1 잠긴 결정: 삭제본 자동 복구 금지),본체에서 삭제된 것인지 worktree 단독 산출인지 미확인 — G11 확인 대상,-,-
F-0867,.claude/worktrees/harness-skill-improvement-plan-2a5f81/sessions/1주차/screenshot/codex_select-project-root_vibecoding.png,95046,8fe8ed12d01d3d553cdb94046550229b61393afe4774f6965029759bb4d0f5f5,.png,PNG,1주차,외부사본,커밋 없음(외부 worktree 사본·main 인덱스 밖),-,상태 확인 필요,-,본체 부재 · worktree 단독 현물 · 복구 금지(계획서 §1 잠긴 결정: 삭제본 자동 복구 금지),본체에서 삭제된 것인지 worktree 단독 산출인지 미확인 — G11 확인 대상,-,-
F-0868,.claude/worktrees/harness-skill-improvement-plan-2a5f81/sessions/1주차/screenshot/codex_vibecoding-workspace-index.png,119954,9c56affb50041ce36ec3f01e1173e27b6e647d8dccf9162fe8bf193de0132250,.png,PNG,1주차,외부사본,커밋 없음(외부 worktree 사본·main 인덱스 밖),-,상태 확인 필요,-,본체 부재 · worktree 단독 현물 · 복구 금지(계획서 §1 잠긴 결정: 삭제본 자동 복구 금지),본체에서 삭제된 것인지 worktree 단독 산출인지 미확인 — G11 확인 대상,-,-
F-0869,.claude/worktrees/harness-skill-improvement-plan-2a5f81/sessions/1주차/screenshot/reference_capture-worklist.png,93374,0af45c496f776ae854323f906346f7d04775d493271556e50eab3ecaa3879d73,.png,PNG,1주차,외부사본,커밋 없음(외부 worktree 사본·main 인덱스 밖),-,상태 확인 필요,-,본체 부재 · worktree 단독 현물 · 복구 금지(계획서 §1 잠긴 결정: 삭제본 자동 복구 금지),본체에서 삭제된 것인지 worktree 단독 산출인지 미확인 — G11 확인 대상,-,-
F-0870,.claude/worktrees/harness-skill-improvement-plan-2a5f81/sessions/1주차/screenshot/win01_this-pc-c-drive.png,81372,ab5ad88d7089703bad586291b4c223593d580950decc59027b24f0fd45215473,.png,PNG,1주차,외부사본,커밋 없음(외부 worktree 사본·main 인덱스 밖),-,상태 확인 필요,-,본체 부재 · worktree 단독 현물 · 복구 금지(계획서 §1 잠긴 결정: 삭제본 자동 복구 금지),본체에서 삭제된 것인지 worktree 단독 산출인지 미확인 — G11 확인 대상,-,-
F-0871,.claude/worktrees/harness-skill-improvement-plan-2a5f81/sessions/1주차/screenshot/win02_c-drive-open.png,137868,41c6c0d166709771ff3e71cff37ca636ce07a7680ab8145c9e14a3252b9644c7,.png,PNG,1주차,외부사본,커밋 없음(외부 worktree 사본·main 인덱스 밖),-,중복본,F-0149,본체 대응 경로 없음 · 동일 SHA-256 파일이 본체 다른 경로(courses/바이브코딩/sessions/1주차/자료/screenshot/win02_c-drive-open.png)에 있음 · 구경로 sessions/N주차 → courses/바이브코딩/sessions/N주차 매핑,이동인지 별개 사본인지 미확인 — T11,-,-
F-0872,.claude/worktrees/harness-skill-improvement-plan-2a5f81/sessions/1주차/screenshot/win03_new-folder-menu.png,174796,d7278632563171e4688dbb4be97d2ccd8461f8d6427fb57da8353cbff53a4a63,.png,PNG,1주차,외부사본,커밋 없음(외부 worktree 사본·main 인덱스 밖),-,상태 확인 필요,-,본체 부재 · worktree 단독 현물 · 복구 금지(계획서 §1 잠긴 결정: 삭제본 자동 복구 금지),본체에서 삭제된 것인지 worktree 단독 산출인지 미확인 — G11 확인 대상,-,-
F-0873,.claude/worktrees/harness-skill-improvement-plan-2a5f81/sessions/1주차/screenshot/win04_vibecoding-name-entry.png,138772,258272446990a611103727f6924c5649bd020d2f369258a64121c6de1fddcb6e,.png,PNG,1주차,외부사본,커밋 없음(외부 worktree 사본·main 인덱스 밖),-,상태 확인 필요,-,본체 부재 · worktree 단독 현물 · 복구 금지(계획서 §1 잠긴 결정: 삭제본 자동 복구 금지),본체에서 삭제된 것인지 worktree 단독 산출인지 미확인 — G11 확인 대상,-,-
F-0874,.claude/worktrees/harness-skill-improvement-plan-2a5f81/sessions/1주차/screenshot/win05_vibecoding-index-root.png,67866,4764ce158c956807ee386438138674ad4ed48227c34b2e67b307c92ea5162557,.png,PNG,1주차,외부사본,커밋 없음(외부 worktree 사본·main 인덱스 밖),-,상태 확인 필요,-,본체 부재 · worktree 단독 현물 · 복구 금지(계획서 §1 잠긴 결정: 삭제본 자동 복구 금지),본체에서 삭제된 것인지 worktree 단독 산출인지 미확인 — G11 확인 대상,-,-
F-0875,.claude/worktrees/harness-skill-improvement-plan-2a5f81/sessions/1주차/강의덱.html,187408,1a54b3f4d2fb75c3d7bae6027a7b1e4e2cfe19e9a5f0aede5a1cc5637112207c,.html,HTML(문서),1주차,외부사본,커밋 없음(외부 worktree 사본·main 인덱스 밖),../../kit/styles/deck.css(있음);../../kit/styles/legibility.css(있음);../../kit/styles/patterns.css(있음);강의덱.초안/revision.css(있음);자료/images/s00_light-paper-background.png(있음);자료/images/s00_workbench-hero-paper-cut-v1-transparent.png(있음);자료/images/s00_check-paper-cut-v1-transparent.png(있음);자료/images/s01a_ai-one-sentence-era-paper-cut-v1-transparent.png(있음);자료/images/s05_week1_journey-paper-cut-v1-transparent.png(있음);자료/images/s05_week2_journey-paper-cut-v1-transparent.png(있음);자료/images/s05_week3_journey-paper-cut-v1-transparent.png(있음);자료/images/s02_arrival-three-actions-paper-cut-v1-transparent.png(있음);자료/images/s05a-data-design-background-v1.png(있음);자료/images/s07_llm-agent-workshop-paper-cut-v1-transparent.png(있음);자료/images/s09_three-work-roles-paper-cut-v1-transparent.png(있음);자료/images/s10a_web-based-v2.png(있음);자료/images/s10a_installed-v2.png(있음);자료/images/s10b_webservice-seven-stage-infographic-paper-cut-v1-transparent.png(있음);자료/images/s10_plan-paper-cut-v1-transparent.png(있음);자료/images/s10_design-paper-cut-v1-transparent.png(있음);자료/images/s10_frontend-paper-cut-v1-transparent.png(있음);자료/images/s10_backend-paper-cut-v1-transparent.png(있음);자료/images/s10_qa-publish-improve-story-paper-cut-v2-transparent.png(있음);자료/images/s17_html-structure-paper-cut-v1-transparent.png(있음);자료/images/s17_css-styling-paper-cut-v1-transparent.png(있음);자료/images/s17_javascript-interaction-paper-cut-v1-transparent.png(있음);자료/images/s11_human-ai-prepare-paper-cut-v2-transparent.png(있음);자료/images/s17_folder-file-workspace-paper-cut-v1-transparent.png(있음);screenshot/win02_c-drive-open.png(있음);screenshot/20-01.png(있음);screenshot/codex_existing-folder-menu.png(있음);screenshot/codex_file-menu.png(있음);screenshot/21-01.png(있음);자료/images/s19_permission-four-checks-paper-cut-v1-transparent.png(있음);자료/images/s3pe_prompt-four-elements-v1.png(없음);자료/images/s18_context-memory-workbench-paper-cut-v1-transparent.png(있음);자료/images/s3prv_information-risk-sorting-v1.png(없음);자료/images/s44_keep-change-check-paper-cut-v1-transparent.png(있음);자료/images/s45_human-ai-one-change-paper-cut-v2-transparent.png(있음);자료/images/s46_one-change-protected-paper-cut-v1-transparent.png(있음);자료/images/s49_background-before-after-paper-cut-v1-transparent.png(있음);자료/images/s50_human-ai-free-change-paper-cut-v2-transparent.png(있음);자료/images/s52_issue-type-check-paper-cut-v1-transparent.png(있음);자료/images/s56_human-ai-refresh-check-paper-cut-v2-transparent.png(있음);screenshot/win05_vibecoding-index-root.png(있음);자료/images/s60_final-three-checks-paper-cut-v1-transparent.png(있음);자료/images/s42_one-file-three-files-paper-cut-v1-transparent.png(있음),상태 확인 필요,F-0064,worktree 사본이나 본체 대응 경로(courses/바이브코딩/sessions/1주차/강의덱.html)와 SHA-256 불일치 · 구경로 sessions/N주차 → courses/바이브코딩/sessions/N주차 매핑,worktree판과 본체판의 내용 차이 미확인 — T11 계보 확인 필요,85,83
F-0876,.claude/worktrees/harness-skill-improvement-plan-2a5f81/sessions/1주차/강의덱.초안/part-01.html,47977,a8c4f1b76f3fe6c42d5c6e6de4faf776aeeb6951f9141f75e858b3478a7c8e4e,.html,HTML(조각),1주차,외부사본,커밋 없음(외부 worktree 사본·main 인덱스 밖),자료/images/s07_llm-agent-workshop-paper-cut-v1-transparent.png(있음);자료/images/s09_three-work-roles-paper-cut-v1-transparent.png(있음);자료/images/s10a_web-based-v2.png(있음);자료/images/s10a_installed-v2.png(있음);자료/images/s10b_webservice-seven-stage-infographic-paper-cut-v1-transparent.png(있음);자료/images/s10_plan-paper-cut-v1-transparent.png(있음);자료/images/s10_design-paper-cut-v1-transparent.png(있음);자료/images/s10_frontend-paper-cut-v1-transparent.png(있음);자료/images/s10_backend-paper-cut-v1-transparent.png(있음);자료/images/s10_qa-publish-improve-story-paper-cut-v2-transparent.png(있음);자료/images/s17_html-structure-paper-cut-v1-transparent.png(있음);자료/images/s17_css-styling-paper-cut-v1-transparent.png(있음);자료/images/s17_javascript-interaction-paper-cut-v1-transparent.png(있음);자료/images/s11_human-ai-prepare-paper-cut-v2-transparent.png(있음),상태 확인 필요,F-0067,worktree 사본이나 본체 대응 경로(courses/바이브코딩/sessions/1주차/강의덱.초안/part-01.html)와 SHA-256 불일치 · 구경로 sessions/N주차 → courses/바이브코딩/sessions/N주차 매핑,worktree판과 본체판의 내용 차이 미확인 — T11 계보 확인 필요,18,19
F-0877,.claude/worktrees/harness-skill-improvement-plan-2a5f81/sessions/1주차/강의덱.초안/part-02.html,16133,b3bc79c53492babef92951ca01cb410a859fcf1b04399454a56cbcb9bc0e38b5,.html,HTML(조각),1주차,외부사본,커밋 없음(외부 worktree 사본·main 인덱스 밖),자료/images/s17_folder-file-workspace-paper-cut-v1-transparent.png(있음);screenshot/win02_c-drive-open.png(있음);screenshot/20-01.png(있음);screenshot/codex_existing-folder-menu.png(있음);screenshot/codex_file-menu.png(있음);screenshot/21-01.png(있음);자료/images/s19_permission-four-checks-paper-cut-v1-transparent.png(있음),상태 확인 필요,F-0068,worktree 사본이나 본체 대응 경로(courses/바이브코딩/sessions/1주차/강의덱.초안/part-02.html)와 SHA-256 불일치 · 구경로 sessions/N주차 → courses/바이브코딩/sessions/N주차 매핑,worktree판과 본체판의 내용 차이 미확인 — T11 계보 확인 필요,9,9
F-0878,.claude/worktrees/harness-skill-improvement-plan-2a5f81/sessions/1주차/강의덱.초안/part-03.html,39311,0624a2203ab389ebe000d38e6e2177bd7d5290002da6adb87d10906e9acd64c0,.html,HTML(조각),1주차,외부사본,커밋 없음(외부 worktree 사본·main 인덱스 밖),자료/images/s3pe_prompt-four-elements-v1.png(없음);자료/images/s18_context-memory-workbench-paper-cut-v1-transparent.png(있음);자료/images/s3prv_information-risk-sorting-v1.png(없음),상태 확인 필요,F-0069,worktree 사본이나 본체 대응 경로(courses/바이브코딩/sessions/1주차/강의덱.초안/part-03.html)와 SHA-256 불일치 · 구경로 sessions/N주차 → courses/바이브코딩/sessions/N주차 매핑,worktree판과 본체판의 내용 차이 미확인 — T11 계보 확인 필요,21,21
F-0879,.claude/worktrees/harness-skill-improvement-plan-2a5f81/sessions/1주차/강의덱.초안/part-04.html,12964,cb28c45245c231defafdc14aed9d4c1a5e351635d63afdd238aba761624c1c17,.html,HTML(조각),1주차,외부사본,커밋 없음(외부 worktree 사본·main 인덱스 밖),자료/images/s44_keep-change-check-paper-cut-v1-transparent.png(있음);자료/images/s45_human-ai-one-change-paper-cut-v2-transparent.png(있음);자료/images/s46_one-change-protected-paper-cut-v1-transparent.png(있음);자료/images/s49_background-before-after-paper-cut-v1-transparent.png(있음);자료/images/s50_human-ai-free-change-paper-cut-v2-transparent.png(있음),상태 확인 필요,F-0070,worktree 사본이나 본체 대응 경로(courses/바이브코딩/sessions/1주차/강의덱.초안/part-04.html)와 SHA-256 불일치 · 구경로 sessions/N주차 → courses/바이브코딩/sessions/N주차 매핑,worktree판과 본체판의 내용 차이 미확인 — T11 계보 확인 필요,8,8
F-0880,.claude/worktrees/harness-skill-improvement-plan-2a5f81/sessions/1주차/강의덱.초안/part-05.html,18882,063ef11cac286f483ea0596ab436571da69ad73223e0da0764b2fe699c3d5091,.html,HTML(조각),1주차,외부사본,커밋 없음(외부 worktree 사본·main 인덱스 밖),자료/images/s52_issue-type-check-paper-cut-v1-transparent.png(있음);자료/images/s56_human-ai-refresh-check-paper-cut-v2-transparent.png(있음);screenshot/win05_vibecoding-index-root.png(있음);자료/images/s60_final-three-checks-paper-cut-v1-transparent.png(있음),상태 확인 필요,F-0071,worktree 사본이나 본체 대응 경로(courses/바이브코딩/sessions/1주차/강의덱.초안/part-05.html)와 SHA-256 불일치 · 구경로 sessions/N주차 → courses/바이브코딩/sessions/N주차 매핑,worktree판과 본체판의 내용 차이 미확인 — T11 계보 확인 필요,10,10
F-0881,.claude/worktrees/harness-skill-improvement-plan-2a5f81/sessions/1주차/강의덱.초안/revision.css,116539,d7faed05e6e2569a29c962a7246316b17e3492a2d3ebbca006032d6ba30a713a,.css,텍스트(CSS),1주차,외부사본,커밋 없음(외부 worktree 사본·main 인덱스 밖),(참조 없음),상태 확인 필요,F-0072,worktree 사본이나 본체 대응 경로(courses/바이브코딩/sessions/1주차/강의덱.초안/revision.css)와 SHA-256 불일치 · 구경로 sessions/N주차 → courses/바이브코딩/sessions/N주차 매핑,worktree판과 본체판의 내용 차이 미확인 — T11 계보 확인 필요,-,-
F-0882,.claude/worktrees/harness-skill-improvement-plan-2a5f81/sessions/1주차/강의덱.초안/shell.html,52151,e3ab0170fd1f799aab2f9c1897962e9937b89d3de3c808b5d0cddbf11c6b7140,.html,HTML(문서),1주차,외부사본,커밋 없음(외부 worktree 사본·main 인덱스 밖),../../kit/styles/deck.css(있음);../../kit/styles/legibility.css(있음);../../kit/styles/patterns.css(있음);강의덱.초안/revision.css(있음);자료/images/s00_light-paper-background.png(있음);자료/images/s00_workbench-hero-paper-cut-v1-transparent.png(있음);자료/images/s00_check-paper-cut-v1-transparent.png(있음);자료/images/s01a_ai-one-sentence-era-paper-cut-v1-transparent.png(있음);자료/images/s05_week1_journey-paper-cut-v1-transparent.png(있음);자료/images/s05_week2_journey-paper-cut-v1-transparent.png(있음);자료/images/s05_week3_journey-paper-cut-v1-transparent.png(있음);자료/images/s02_arrival-three-actions-paper-cut-v1-transparent.png(있음);자료/images/s05a-data-design-background-v1.png(있음);자료/images/s42_one-file-three-files-paper-cut-v1-transparent.png(있음),상태 확인 필요,F-0073,worktree 사본이나 본체 대응 경로(courses/바이브코딩/sessions/1주차/강의덱.초안/shell.html)와 SHA-256 불일치 · 구경로 sessions/N주차 → courses/바이브코딩/sessions/N주차 매핑,worktree판과 본체판의 내용 차이 미확인 — T11 계보 확인 필요,19,16
F-0883,.claude/worktrees/harness-skill-improvement-plan-2a5f81/sessions/1주차/강의덱_발표자노트.html,35962,2b2399823e332b42bd3c3f66abd2fdd1d1307b355d2b1ee3992700aa24b4b66b,.html,HTML(문서),1주차,외부사본,커밋 없음(외부 worktree 사본·main 인덱스 밖),(참조 없음),상태 확인 필요,F-0075,worktree 사본이나 본체 대응 경로(courses/바이브코딩/sessions/1주차/강의덱_발표자노트.html)와 SHA-256 불일치 · 구경로 sessions/N주차 → courses/바이브코딩/sessions/N주차 매핑,worktree판과 본체판의 내용 차이 미확인 — T11 계보 확인 필요,61(pn-slide 섹션·data-slide 미사용),0
F-0884,.claude/worktrees/harness-skill-improvement-plan-2a5f81/sessions/1주차/강의덱_배포.html,59752695,60db62bceca19938e4e8c33b2ca8d07ac3234e2b7ad9692446f96f2515fa49ba,.html,HTML(문서),1주차,외부사본,커밋 없음(외부 worktree 사본·main 인덱스 밖),(참조 없음),상태 확인 필요,F-0076,worktree 사본이나 본체 대응 경로(courses/바이브코딩/sessions/1주차/강의덱_배포.html)와 SHA-256 불일치 · 구경로 sessions/N주차 → courses/바이브코딩/sessions/N주차 매핑,worktree판과 본체판의 내용 차이 미확인 — T11 계보 확인 필요,72,70
F-0885,.claude/worktrees/harness-skill-improvement-plan-2a5f81/sessions/1주차/자료/1주차_Terra_실행계획_요청.md,4544,3a05f2104ab1ff7941a17c8940d5ffd614c5d1af40f3678105af6652b1e7539f,.md,텍스트(Markdown),1주차,외부사본,커밋 없음(외부 worktree 사본·main 인덱스 밖),(참조 없음),상태 확인 필요,-,본체 부재 · worktree 단독 현물 · 복구 금지(계획서 §1 잠긴 결정: 삭제본 자동 복구 금지),본체에서 삭제된 것인지 worktree 단독 산출인지 미확인 — G11 확인 대상,-,-
F-0886,.claude/worktrees/harness-skill-improvement-plan-2a5f81/sessions/1주차/자료/1주차_Terra_인수인계.md,14511,8815e128f87262196da04399203f845ef7ed6cdc180eb3c3778c05f9e693afae,.md,텍스트(Markdown),1주차,외부사본,커밋 없음(외부 worktree 사본·main 인덱스 밖),(참조 없음),상태 확인 필요,-,본체 부재 · worktree 단독 현물 · 복구 금지(계획서 §1 잠긴 결정: 삭제본 자동 복구 금지),본체에서 삭제된 것인지 worktree 단독 산출인지 미확인 — G11 확인 대상,-,-
F-0887,.claude/worktrees/harness-skill-improvement-plan-2a5f81/sessions/1주차/자료/1주차_강의덱_v1대비_디자인수정_판단근거.md,55630,d3afe0555d29eb448f35b275a491d2d334c00cb50865403cae6d64dac85a4f9e,.md,텍스트(Markdown),1주차,외부사본,커밋 없음(외부 worktree 사본·main 인덱스 밖),(참조 없음),상태 확인 필요,-,본체 부재 · worktree 단독 현물 · 복구 금지(계획서 §1 잠긴 결정: 삭제본 자동 복구 금지),본체에서 삭제된 것인지 worktree 단독 산출인지 미확인 — G11 확인 대상,-,-
F-0888,.claude/worktrees/harness-skill-improvement-plan-2a5f81/sessions/1주차/자료/1주차_개념KB.md,189444,37fd2fdfd6378d279d706ea1522d7fa781503d37f80bff175047f8f1259c735e,.md,텍스트(Markdown),1주차,외부사본,커밋 없음(외부 worktree 사본·main 인덱스 밖),(참조 없음),중복본,F-0077,worktree 사본 · 본체 대응 경로(courses/바이브코딩/sessions/1주차/자료/1주차_개념KB.md)와 SHA-256 일치 · 구경로 sessions/N주차 → courses/바이브코딩/sessions/N주차 매핑,-,-,-
F-0889,.claude/worktrees/harness-skill-improvement-plan-2a5f81/sessions/1주차/자료/1주차_결정요청사항.md,3516,93476046bc90333bee10a76b3091a3bb01f86cccd0ce40b15c5bf3d1d017687c,.md,텍스트(Markdown),1주차,외부사본,커밋 없음(외부 worktree 사본·main 인덱스 밖),(참조 없음),상태 확인 필요,F-0078,worktree 사본이나 본체 대응 경로(courses/바이브코딩/sessions/1주차/자료/1주차_결정요청사항.md)와 SHA-256 불일치 · 구경로 sessions/N주차 → courses/바이브코딩/sessions/N주차 매핑,worktree판과 본체판의 내용 차이 미확인 — T11 계보 확인 필요,-,-
F-0890,.claude/worktrees/harness-skill-improvement-plan-2a5f81/sessions/1주차/자료/1주차_내용단계_집필스펙.md,24795,4fde0d5ec080058863bb0c6a4200ebadf0a31388b3fabc33e52372667a44ad54,.md,텍스트(Markdown),1주차,외부사본,커밋 없음(외부 worktree 사본·main 인덱스 밖),(참조 없음),상태 확인 필요,-,본체 부재 · worktree 단독 현물 · 복구 금지(계획서 §1 잠긴 결정: 삭제본 자동 복구 금지),본체에서 삭제된 것인지 worktree 단독 산출인지 미확인 — G11 확인 대상,-,-
F-0891,.claude/worktrees/harness-skill-improvement-plan-2a5f81/sessions/1주차/자료/1주차_덱_결정표.md,23370,1d62899043138c762246fa206116eb3e820748afb5d59794738555908137bdf7,.md,텍스트(Markdown),1주차,외부사본,커밋 없음(외부 worktree 사본·main 인덱스 밖),(참조 없음),상태 확인 필요,-,본체 부재 · worktree 단독 현물 · 복구 금지(계획서 §1 잠긴 결정: 삭제본 자동 복구 금지),본체에서 삭제된 것인지 worktree 단독 산출인지 미확인 — G11 확인 대상,-,-
F-0892,.claude/worktrees/harness-skill-improvement-plan-2a5f81/sessions/1주차/자료/1주차_슬라이드계획서_v2.md,50469,e9423a117e44ee4f99a3aec6b71bf398178663f2a73ddc7e612d2ecd217836c5,.md,텍스트(Markdown),1주차,외부사본,커밋 없음(외부 worktree 사본·main 인덱스 밖),(참조 없음),상태 확인 필요,-,본체 부재 · worktree 단독 현물 · 복구 금지(계획서 §1 잠긴 결정: 삭제본 자동 복구 금지),본체에서 삭제된 것인지 worktree 단독 산출인지 미확인 — G11 확인 대상,-,-
F-0893,.claude/worktrees/harness-skill-improvement-plan-2a5f81/sessions/1주차/자료/1주차_실습안_검증결과.md,14989,da8f9b69620114d95f3f80d2c4e4bacb0bbab5cbfdcd793ac74f8255ab69359c,.md,텍스트(Markdown),1주차,외부사본,커밋 없음(외부 worktree 사본·main 인덱스 밖),(참조 없음),상태 확인 필요,F-0080,worktree 사본이나 본체 대응 경로(courses/바이브코딩/sessions/1주차/자료/1주차_실습안_검증결과.md)와 SHA-256 불일치 · 구경로 sessions/N주차 → courses/바이브코딩/sessions/N주차 매핑,worktree판과 본체판의 내용 차이 미확인 — T11 계보 확인 필요,-,-
F-0894,.claude/worktrees/harness-skill-improvement-plan-2a5f81/sessions/1주차/자료/1주차_오프닝_TOP5.html,14253,be427bdb8f9f004cff477c382a648355b32cb70f7742d50d72c7552ff58c36bc,.html,HTML(문서),1주차,외부사본,커밋 없음(외부 worktree 사본·main 인덱스 밖),../../../kit/styles/deck.css(있음),상태 확인 필요,-,본체 부재 · worktree 단독 현물 · 복구 금지(계획서 §1 잠긴 결정: 삭제본 자동 복구 금지),본체에서 삭제된 것인지 worktree 단독 산출인지 미확인 — G11 확인 대상,0(section 있으나 data-slide 0건),0
F-0895,.claude/worktrees/harness-skill-improvement-plan-2a5f81/sessions/1주차/자료/1주차_오프닝_레이아웃러프.html,19011,e5d82c190bf85612919371e2ae72133d995f07123798048bac5f81fd1e3a77b4,.html,HTML(문서),1주차,외부사본,커밋 없음(외부 worktree 사본·main 인덱스 밖),../../../kit/styles/deck.css(있음),상태 확인 필요,-,본체 부재 · worktree 단독 현물 · 복구 금지(계획서 §1 잠긴 결정: 삭제본 자동 복구 금지),본체에서 삭제된 것인지 worktree 단독 산출인지 미확인 — G11 확인 대상,0(section 있으나 data-slide 0건),0
F-0896,.claude/worktrees/harness-skill-improvement-plan-2a5f81/sessions/1주차/자료/1주차_출처레지스트리.md,67207,65e63dda3c88620d625dae32b3e2430d4e31b9a1157be66ad7caaf7ca4735231,.md,텍스트(Markdown),1주차,외부사본,커밋 없음(외부 worktree 사본·main 인덱스 밖),(참조 없음),중복본,F-0081,worktree 사본 · 본체 대응 경로(courses/바이브코딩/sessions/1주차/자료/1주차_출처레지스트리.md)와 SHA-256 일치 · 구경로 sessions/N주차 → courses/바이브코딩/sessions/N주차 매핑,-,-,-
F-0897,.claude/worktrees/harness-skill-improvement-plan-2a5f81/sessions/1주차/자료/1주차_콘텐츠_결정표.md,13468,3c37a016f1693f6cfc48044074d5dd751ca615d7966634ebed97055c7d4d96db,.md,텍스트(Markdown),1주차,외부사본,커밋 없음(외부 worktree 사본·main 인덱스 밖),(참조 없음),상태 확인 필요,-,본체 부재 · worktree 단독 현물 · 복구 금지(계획서 §1 잠긴 결정: 삭제본 자동 복구 금지),본체에서 삭제된 것인지 worktree 단독 산출인지 미확인 — G11 확인 대상,-,-
F-0898,.claude/worktrees/harness-skill-improvement-plan-2a5f81/sessions/1주차/자료/1주차_콘텐츠_집필노트.md,7974,eec5c302d5c92cc0135e644f174a7dd194667622ecfd59cf251d78ad48a622b2,.md,텍스트(Markdown),1주차,외부사본,커밋 없음(외부 worktree 사본·main 인덱스 밖),(참조 없음),상태 확인 필요,F-0083,worktree 사본이나 본체 대응 경로(courses/바이브코딩/sessions/1주차/자료/1주차_콘텐츠_집필노트.md)와 SHA-256 불일치 · 구경로 sessions/N주차 → courses/바이브코딩/sessions/N주차 매핑,worktree판과 본체판의 내용 차이 미확인 — T11 계보 확인 필요,-,-
F-0899,.claude/worktrees/harness-skill-improvement-plan-2a5f81/sessions/1주차/자료/1주차_콘텐츠리서치_결과.md,37456,de2557fce482706977c5ca8c0df0fb0063b21b26eaed97c0cae0ece146817ba0,.md,텍스트(Markdown),1주차,외부사본,커밋 없음(외부 worktree 사본·main 인덱스 밖),(참조 없음),상태 확인 필요,F-0084,worktree 사본이나 본체 대응 경로(courses/바이브코딩/sessions/1주차/자료/1주차_콘텐츠리서치_결과.md)와 SHA-256 불일치 · 구경로 sessions/N주차 → courses/바이브코딩/sessions/N주차 매핑,worktree판과 본체판의 내용 차이 미확인 — T11 계보 확인 필요,-,-
F-0900,.claude/worktrees/harness-skill-improvement-plan-2a5f81/sessions/1주차/자료/images/s00_check-paper-cut-v1-transparent.png,1321942,e8998e71f806be785120d764290543eb772a65a0d8a828255e5ad10771191350,.png,PNG,1주차,외부사본,커밋 없음(외부 worktree 사본·main 인덱스 밖),-,중복본,F-0085,worktree 사본 · 본체 대응 경로(courses/바이브코딩/sessions/1주차/자료/images/s00_check-paper-cut-v1-transparent.png)와 SHA-256 일치 · 구경로 sessions/N주차 → courses/바이브코딩/sessions/N주차 매핑,-,-,-
F-0901,.claude/worktrees/harness-skill-improvement-plan-2a5f81/sessions/1주차/자료/images/s00_light-paper-background.png,2108605,ec9d66e0e81488c8332dc41a733f7c667059f6b22b73690305d998f2c490a8aa,.png,PNG,1주차,외부사본,커밋 없음(외부 worktree 사본·main 인덱스 밖),-,중복본,F-0086,worktree 사본 · 본체 대응 경로(courses/바이브코딩/sessions/1주차/자료/images/s00_light-paper-background.png)와 SHA-256 일치 · 구경로 sessions/N주차 → courses/바이브코딩/sessions/N주차 매핑,-,-,-
F-0902,.claude/worktrees/harness-skill-improvement-plan-2a5f81/sessions/1주차/자료/images/s00_pencil-paper-cut-v1-transparent.png,451507,ed635a3700617f65a6c21e9db00a87e0dce26d6457f39eeedec55d25dae18c2e,.png,PNG,1주차,외부사본,커밋 없음(외부 worktree 사본·main 인덱스 밖),-,중복본,F-0087,worktree 사본 · 본체 대응 경로(courses/바이브코딩/sessions/1주차/자료/images/s00_pencil-paper-cut-v1-transparent.png)와 SHA-256 일치 · 구경로 sessions/N주차 → courses/바이브코딩/sessions/N주차 매핑,-,-,-
F-0903,.claude/worktrees/harness-skill-improvement-plan-2a5f81/sessions/1주차/자료/images/s00_project-folder-paper-cut-v1-transparent.png,1028129,d7bc9e6d546f05155aa14c77a55b7d4d1b1a249a5b09f2f5e6f178091480d8fa,.png,PNG,1주차,외부사본,커밋 없음(외부 worktree 사본·main 인덱스 밖),-,중복본,F-0088,worktree 사본 · 본체 대응 경로(courses/바이브코딩/sessions/1주차/자료/images/s00_project-folder-paper-cut-v1-transparent.png)와 SHA-256 일치 · 구경로 sessions/N주차 → courses/바이브코딩/sessions/N주차 매핑,-,-,-
F-0904,.claude/worktrees/harness-skill-improvement-plan-2a5f81/sessions/1주차/자료/images/s00_workbench-hero-paper-cut-v1-transparent.png,784093,6e948dd8472b3cbe50df60bdf4d7f34051de42cdc62e101ec8edab25f1931d8f,.png,PNG,1주차,외부사본,커밋 없음(외부 worktree 사본·main 인덱스 밖),-,중복본,F-0089,worktree 사본 · 본체 대응 경로(courses/바이브코딩/sessions/1주차/자료/images/s00_workbench-hero-paper-cut-v1-transparent.png)와 SHA-256 일치 · 구경로 sessions/N주차 → courses/바이브코딩/sessions/N주차 매핑,-,-,-
F-0905,.claude/worktrees/harness-skill-improvement-plan-2a5f81/sessions/1주차/자료/images/s01a_ai-one-sentence-era-paper-cut-v1-transparent.png,794627,7faece707a48b046b9f69af73c82205bf8bfef4b9ad70e3c1a2f69bfebfba01d,.png,PNG,1주차,외부사본,커밋 없음(외부 worktree 사본·main 인덱스 밖),-,중복본,F-0090,worktree 사본 · 본체 대응 경로(courses/바이브코딩/sessions/1주차/자료/images/s01a_ai-one-sentence-era-paper-cut-v1-transparent.png)와 SHA-256 일치 · 구경로 sessions/N주차 → courses/바이브코딩/sessions/N주차 매핑,-,-,-
F-0906,.claude/worktrees/harness-skill-improvement-plan-2a5f81/sessions/1주차/자료/images/s02_arrival-three-actions-paper-cut-v1-transparent.png,944536,f851b0fb09260aea0be0310928ad0c5f746259b1f3eb3c3a9a6d3881176ab4cd,.png,PNG,1주차,외부사본,커밋 없음(외부 worktree 사본·main 인덱스 밖),-,중복본,F-0091,worktree 사본 · 본체 대응 경로(courses/바이브코딩/sessions/1주차/자료/images/s02_arrival-three-actions-paper-cut-v1-transparent.png)와 SHA-256 일치 · 구경로 sessions/N주차 → courses/바이브코딩/sessions/N주차 매핑,-,-,-
F-0907,.claude/worktrees/harness-skill-improvement-plan-2a5f81/sessions/1주차/자료/images/s05_week1_journey-paper-cut-v1-transparent.png,1729318,b4e768e6184b26889e7318862bb1c13fefd0cbe79309959ab2552f01fa47833e,.png,PNG,1주차,외부사본,커밋 없음(외부 worktree 사본·main 인덱스 밖),-,중복본,F-0092,worktree 사본 · 본체 대응 경로(courses/바이브코딩/sessions/1주차/자료/images/s05_week1_journey-paper-cut-v1-transparent.png)와 SHA-256 일치 · 구경로 sessions/N주차 → courses/바이브코딩/sessions/N주차 매핑,-,-,-
F-0908,.claude/worktrees/harness-skill-improvement-plan-2a5f81/sessions/1주차/자료/images/s05_week2_journey-paper-cut-v1-transparent.png,1860251,680aff29caa3ffa2036b846d75582f795a7805b09e305761ca7138ba625864b8,.png,PNG,1주차,외부사본,커밋 없음(외부 worktree 사본·main 인덱스 밖),-,중복본,F-0093,worktree 사본 · 본체 대응 경로(courses/바이브코딩/sessions/1주차/자료/images/s05_week2_journey-paper-cut-v1-transparent.png)와 SHA-256 일치 · 구경로 sessions/N주차 → courses/바이브코딩/sessions/N주차 매핑,-,-,-
F-0909,.claude/worktrees/harness-skill-improvement-plan-2a5f81/sessions/1주차/자료/images/s05_week3_journey-paper-cut-v1-transparent.png,1408800,642594c605859230b924198cd350a427e5830f51a0fec5c5c7eb9725f6944ed2,.png,PNG,1주차,외부사본,커밋 없음(외부 worktree 사본·main 인덱스 밖),-,중복본,F-0094,worktree 사본 · 본체 대응 경로(courses/바이브코딩/sessions/1주차/자료/images/s05_week3_journey-paper-cut-v1-transparent.png)와 SHA-256 일치 · 구경로 sessions/N주차 → courses/바이브코딩/sessions/N주차 매핑,-,-,-
F-0910,.claude/worktrees/harness-skill-improvement-plan-2a5f81/sessions/1주차/자료/images/s05a-data-design-background-v1.png,3466307,7a720ba17a7e4dd5ca95fdf6e9d8b85d7a5be700dbfdfa74fc4c661ca7a51a04,.png,PNG,1주차,외부사본,커밋 없음(외부 worktree 사본·main 인덱스 밖),-,중복본,F-0095,worktree 사본 · 본체 대응 경로(courses/바이브코딩/sessions/1주차/자료/images/s05a-data-design-background-v1.png)와 SHA-256 일치 · 구경로 sessions/N주차 → courses/바이브코딩/sessions/N주차 매핑,-,-,-
F-0911,.claude/worktrees/harness-skill-improvement-plan-2a5f81/sessions/1주차/자료/images/s07_llm-agent-workshop-paper-cut-v1-transparent.png,974190,b22029f075de5ac34026f0bbad090d00d12c80f63f78e1b754bbac1956c6d682,.png,PNG,1주차,외부사본,커밋 없음(외부 worktree 사본·main 인덱스 밖),-,중복본,F-0096,worktree 사본 · 본체 대응 경로(courses/바이브코딩/sessions/1주차/자료/images/s07_llm-agent-workshop-paper-cut-v1-transparent.png)와 SHA-256 일치 · 구경로 sessions/N주차 → courses/바이브코딩/sessions/N주차 매핑,-,-,-
F-0912,.claude/worktrees/harness-skill-improvement-plan-2a5f81/sessions/1주차/자료/images/s09_three-work-roles-paper-cut-v1-transparent.png,884153,271a1f3b068ef0e26c813a8c538b9a97f81502f1313287810e3e4ce88709460e,.png,PNG,1주차,외부사본,커밋 없음(외부 worktree 사본·main 인덱스 밖),-,중복본,F-0097,worktree 사본 · 본체 대응 경로(courses/바이브코딩/sessions/1주차/자료/images/s09_three-work-roles-paper-cut-v1-transparent.png)와 SHA-256 일치 · 구경로 sessions/N주차 → courses/바이브코딩/sessions/N주차 매핑,-,-,-
F-0913,.claude/worktrees/harness-skill-improvement-plan-2a5f81/sessions/1주차/자료/images/s10_backend-paper-cut-v1-transparent.png,1924994,747410da3f30847718d4ac3e7d5a2ecc5e690917d920d16e30b45e889ae6d3da,.png,PNG,1주차,외부사본,커밋 없음(외부 worktree 사본·main 인덱스 밖),-,중복본,F-0098,worktree 사본 · 본체 대응 경로(courses/바이브코딩/sessions/1주차/자료/images/s10_backend-paper-cut-v1-transparent.png)와 SHA-256 일치 · 구경로 sessions/N주차 → courses/바이브코딩/sessions/N주차 매핑,-,-,-
F-0914,.claude/worktrees/harness-skill-improvement-plan-2a5f81/sessions/1주차/자료/images/s10_design-paper-cut-v1-transparent.png,2219965,3a70e52e985d468a04bb6d4c7aacb06fb072de9b15a74567ec4331413787a826,.png,PNG,1주차,외부사본,커밋 없음(외부 worktree 사본·main 인덱스 밖),-,중복본,F-0099,worktree 사본 · 본체 대응 경로(courses/바이브코딩/sessions/1주차/자료/images/s10_design-paper-cut-v1-transparent.png)와 SHA-256 일치 · 구경로 sessions/N주차 → courses/바이브코딩/sessions/N주차 매핑,-,-,-
F-0915,.claude/worktrees/harness-skill-improvement-plan-2a5f81/sessions/1주차/자료/images/s10_frontend-paper-cut-v1-transparent.png,1995416,662103f09a9e928ec34ca3bb2773af392f3c243a3dae85aa398a4ee9a3d0b40f,.png,PNG,1주차,외부사본,커밋 없음(외부 worktree 사본·main 인덱스 밖),-,중복본,F-0100,worktree 사본 · 본체 대응 경로(courses/바이브코딩/sessions/1주차/자료/images/s10_frontend-paper-cut-v1-transparent.png)와 SHA-256 일치 · 구경로 sessions/N주차 → courses/바이브코딩/sessions/N주차 매핑,-,-,-
F-0916,.claude/worktrees/harness-skill-improvement-plan-2a5f81/sessions/1주차/자료/images/s10_improve-paper-cut-v1-transparent.png,1389607,aea9642de626425f697ef071fd08da3117804d1f4a410fcfe6743ab93477114b,.png,PNG,1주차,외부사본,커밋 없음(외부 worktree 사본·main 인덱스 밖),-,중복본,F-0101,worktree 사본 · 본체 대응 경로(courses/바이브코딩/sessions/1주차/자료/images/s10_improve-paper-cut-v1-transparent.png)와 SHA-256 일치 · 구경로 sessions/N주차 → courses/바이브코딩/sessions/N주차 매핑,-,-,-
F-0917,.claude/worktrees/harness-skill-improvement-plan-2a5f81/sessions/1주차/자료/images/s10_installed-app-paper-cut-v1-transparent.png,2444872,c11cf6263dd412d29cd4c6f08ccef069a7c6e9edcb0bb77352408288116f3cee,.png,PNG,1주차,외부사본,커밋 없음(외부 worktree 사본·main 인덱스 밖),-,중복본,F-0102,worktree 사본 · 본체 대응 경로(courses/바이브코딩/sessions/1주차/자료/images/s10_installed-app-paper-cut-v1-transparent.png)와 SHA-256 일치 · 구경로 sessions/N주차 → courses/바이브코딩/sessions/N주차 매핑,-,-,-
F-0918,.claude/worktrees/harness-skill-improvement-plan-2a5f81/sessions/1주차/자료/images/s10_plan-paper-cut-v1-transparent.png,2193739,83f0f6dcdc2d1026aab30c780a60a7d1e1897646fd0fa7adcbe6455a97251d6b,.png,PNG,1주차,외부사본,커밋 없음(외부 worktree 사본·main 인덱스 밖),-,중복본,F-0103,worktree 사본 · 본체 대응 경로(courses/바이브코딩/sessions/1주차/자료/images/s10_plan-paper-cut-v1-transparent.png)와 SHA-256 일치 · 구경로 sessions/N주차 → courses/바이브코딩/sessions/N주차 매핑,-,-,-
F-0919,.claude/worktrees/harness-skill-improvement-plan-2a5f81/sessions/1주차/자료/images/s10_publish-paper-cut-v1-transparent.png,2240612,592cab559b70b8e30959c3b05964b823535499ba70bc8eecdb9eccdb81323788,.png,PNG,1주차,외부사본,커밋 없음(외부 worktree 사본·main 인덱스 밖),-,중복본,F-0104,worktree 사본 · 본체 대응 경로(courses/바이브코딩/sessions/1주차/자료/images/s10_publish-paper-cut-v1-transparent.png)와 SHA-256 일치 · 구경로 sessions/N주차 → courses/바이브코딩/sessions/N주차 매핑,-,-,-
F-0920,.claude/worktrees/harness-skill-improvement-plan-2a5f81/sessions/1주차/자료/images/s10_qa-paper-cut-v1-transparent.png,2026291,d4c5d9c473d8503e3c4ca6d3d84149ea84e5525f2261d550a38cef02a4be7643,.png,PNG,1주차,외부사본,커밋 없음(외부 worktree 사본·main 인덱스 밖),-,중복본,F-0105,worktree 사본 · 본체 대응 경로(courses/바이브코딩/sessions/1주차/자료/images/s10_qa-paper-cut-v1-transparent.png)와 SHA-256 일치 · 구경로 sessions/N주차 → courses/바이브코딩/sessions/N주차 매핑,-,-,-
F-0921,.claude/worktrees/harness-skill-improvement-plan-2a5f81/sessions/1주차/자료/images/s10_qa-publish-improve-cycle-paper-cut-v1-transparent.png,912956,d2eb06f6d9abe1c7390471aa0f918aa9da8e6cebb0a9c30f8b76835f32288e8d,.png,PNG,1주차,외부사본,커밋 없음(외부 worktree 사본·main 인덱스 밖),-,중복본,F-0106,worktree 사본 · 본체 대응 경로(courses/바이브코딩/sessions/1주차/자료/images/s10_qa-publish-improve-cycle-paper-cut-v1-transparent.png)와 SHA-256 일치 · 구경로 sessions/N주차 → courses/바이브코딩/sessions/N주차 매핑,-,-,-
F-0922,.claude/worktrees/harness-skill-improvement-plan-2a5f81/sessions/1주차/자료/images/s10_qa-publish-improve-story-paper-cut-v2-transparent.png,1358856,4db04296f7398faff1aaeb8e9c9e192fd668f64d383dd9dc696d8712fdb0ef21,.png,PNG,1주차,외부사본,커밋 없음(외부 worktree 사본·main 인덱스 밖),-,중복본,F-0107,worktree 사본 · 본체 대응 경로(courses/바이브코딩/sessions/1주차/자료/images/s10_qa-publish-improve-story-paper-cut-v2-transparent.png)와 SHA-256 일치 · 구경로 sessions/N주차 → courses/바이브코딩/sessions/N주차 매핑,-,-,-
F-0923,.claude/worktrees/harness-skill-improvement-plan-2a5f81/sessions/1주차/자료/images/s10_webapp-paper-cut-v1-transparent.png,2166551,7a9b08d3ced28c40e161421291b7ab22f29c151d8a11a0ee3491df17ee62bc22,.png,PNG,1주차,외부사본,커밋 없음(외부 worktree 사본·main 인덱스 밖),-,중복본,F-0108,worktree 사본 · 본체 대응 경로(courses/바이브코딩/sessions/1주차/자료/images/s10_webapp-paper-cut-v1-transparent.png)와 SHA-256 일치 · 구경로 sessions/N주차 → courses/바이브코딩/sessions/N주차 매핑,-,-,-
F-0924,.claude/worktrees/harness-skill-improvement-plan-2a5f81/sessions/1주차/자료/images/s10_webpage-paper-cut-v1-transparent.png,1811443,3faa987507a98e1f3de8a073f7779e80a688875b53e1366378d9be7909f9e162,.png,PNG,1주차,외부사본,커밋 없음(외부 worktree 사본·main 인덱스 밖),-,중복본,F-0109,worktree 사본 · 본체 대응 경로(courses/바이브코딩/sessions/1주차/자료/images/s10_webpage-paper-cut-v1-transparent.png)와 SHA-256 일치 · 구경로 sessions/N주차 → courses/바이브코딩/sessions/N주차 매핑,-,-,-
F-0925,.claude/worktrees/harness-skill-improvement-plan-2a5f81/sessions/1주차/자료/images/s10_webpage-site-local-boundary-paper-cut-v1-chroma.png,1442835,2e3d43f50889c6d94a30b6916ea13cd51f47e8beca0b1450c4e8a07628de1dba,.png,PNG,1주차,외부사본,커밋 없음(외부 worktree 사본·main 인덱스 밖),-,중복본,F-0110,worktree 사본 · 본체 대응 경로(courses/바이브코딩/sessions/1주차/자료/images/s10_webpage-site-local-boundary-paper-cut-v1-chroma.png)와 SHA-256 일치 · 구경로 sessions/N주차 → courses/바이브코딩/sessions/N주차 매핑,-,-,-
F-0926,.claude/worktrees/harness-skill-improvement-plan-2a5f81/sessions/1주차/자료/images/s10_webpage-site-local-boundary-paper-cut-v1-transparent.png,830362,68a81b28dd1ffd0e22917ffd45de6b405cfbb45b9fea1429a4dbe7132c2f5431,.png,PNG,1주차,외부사본,커밋 없음(외부 worktree 사본·main 인덱스 밖),-,중복본,F-0111,worktree 사본 · 본체 대응 경로(courses/바이브코딩/sessions/1주차/자료/images/s10_webpage-site-local-boundary-paper-cut-v1-transparent.png)와 SHA-256 일치 · 구경로 sessions/N주차 → courses/바이브코딩/sessions/N주차 매핑,-,-,-
F-0927,.claude/worktrees/harness-skill-improvement-plan-2a5f81/sessions/1주차/자료/images/s10a_installed-v2.png,946579,b568a475ab020722aa3e798399c058e6d8abb1ceecb26b3cf8be5928c945d167,.png,PNG,1주차,외부사본,커밋 없음(외부 worktree 사본·main 인덱스 밖),-,중복본,F-0112,worktree 사본 · 본체 대응 경로(courses/바이브코딩/sessions/1주차/자료/images/s10a_installed-v2.png)와 SHA-256 일치 · 구경로 sessions/N주차 → courses/바이브코딩/sessions/N주차 매핑,-,-,-
F-0928,.claude/worktrees/harness-skill-improvement-plan-2a5f81/sessions/1주차/자료/images/s10a_web-based-v2.png,1052569,da73485e0002ba851588bf7a1340fa5a4bdd089157a7fda49ba49600b784bcbd,.png,PNG,1주차,외부사본,커밋 없음(외부 worktree 사본·main 인덱스 밖),-,중복본,F-0113,worktree 사본 · 본체 대응 경로(courses/바이브코딩/sessions/1주차/자료/images/s10a_web-based-v2.png)와 SHA-256 일치 · 구경로 sessions/N주차 → courses/바이브코딩/sessions/N주차 매핑,-,-,-
F-0929,.claude/worktrees/harness-skill-improvement-plan-2a5f81/sessions/1주차/자료/images/s10b_webservice-seven-stage-infographic-paper-cut-v1-chroma.png,1428197,42d09b765143f023a0b312347f678a6c96ef3f20293af6a42b45eb6159f51172,.png,PNG,1주차,외부사본,커밋 없음(외부 worktree 사본·main 인덱스 밖),-,중복본,F-0114,worktree 사본 · 본체 대응 경로(courses/바이브코딩/sessions/1주차/자료/images/s10b_webservice-seven-stage-infographic-paper-cut-v1-chroma.png)와 SHA-256 일치 · 구경로 sessions/N주차 → courses/바이브코딩/sessions/N주차 매핑,-,-,-
F-0930,.claude/worktrees/harness-skill-improvement-plan-2a5f81/sessions/1주차/자료/images/s10b_webservice-seven-stage-infographic-paper-cut-v1-transparent.png,837606,9bbe96a72090850481a91cb24771617acd07e2a378a6cd640e139721b81bc2fb,.png,PNG,1주차,외부사본,커밋 없음(외부 worktree 사본·main 인덱스 밖),-,중복본,F-0115,worktree 사본 · 본체 대응 경로(courses/바이브코딩/sessions/1주차/자료/images/s10b_webservice-seven-stage-infographic-paper-cut-v1-transparent.png)와 SHA-256 일치 · 구경로 sessions/N주차 → courses/바이브코딩/sessions/N주차 매핑,-,-,-
F-0931,.claude/worktrees/harness-skill-improvement-plan-2a5f81/sessions/1주차/자료/images/s11_human-ai-prepare-paper-cut-v1-transparent.png,963714,dd73ddcd99795590267d3f111ee21bb22f9e970d5609a44d2a5cbc4f057e3039,.png,PNG,1주차,외부사본,커밋 없음(외부 worktree 사본·main 인덱스 밖),-,중복본,F-0116,worktree 사본 · 본체 대응 경로(courses/바이브코딩/sessions/1주차/자료/images/s11_human-ai-prepare-paper-cut-v1-transparent.png)와 SHA-256 일치 · 구경로 sessions/N주차 → courses/바이브코딩/sessions/N주차 매핑,-,-,-
F-0932,.claude/worktrees/harness-skill-improvement-plan-2a5f81/sessions/1주차/자료/images/s11_human-ai-prepare-paper-cut-v2-transparent.png,857176,09a9ac87e36d00c544b06dff1adf3862568171f6dec3cd94466fc3c892dbf867,.png,PNG,1주차,외부사본,커밋 없음(외부 worktree 사본·main 인덱스 밖),-,중복본,F-0117,worktree 사본 · 본체 대응 경로(courses/바이브코딩/sessions/1주차/자료/images/s11_human-ai-prepare-paper-cut-v2-transparent.png)와 SHA-256 일치 · 구경로 sessions/N주차 → courses/바이브코딩/sessions/N주차 매핑,-,-,-
F-0933,.claude/worktrees/harness-skill-improvement-plan-2a5f81/sessions/1주차/자료/images/s17_css-styling-paper-cut-v1-transparent.png,1302690,0ea0be9bc17fef68cc5d7769b4428f72a64b1e6f62b67efd71b3f304aa13674e,.png,PNG,1주차,외부사본,커밋 없음(외부 worktree 사본·main 인덱스 밖),-,중복본,F-0118,worktree 사본 · 본체 대응 경로(courses/바이브코딩/sessions/1주차/자료/images/s17_css-styling-paper-cut-v1-transparent.png)와 SHA-256 일치 · 구경로 sessions/N주차 → courses/바이브코딩/sessions/N주차 매핑,-,-,-
F-0934,.claude/worktrees/harness-skill-improvement-plan-2a5f81/sessions/1주차/자료/images/s17_folder-file-workspace-paper-cut-v1-transparent.png,826306,4d19e811f8cffd50ab84ff6a0701dd53480ca22aab0618c20118d42cde98b8a2,.png,PNG,1주차,외부사본,커밋 없음(외부 worktree 사본·main 인덱스 밖),-,중복본,F-0119,worktree 사본 · 본체 대응 경로(courses/바이브코딩/sessions/1주차/자료/images/s17_folder-file-workspace-paper-cut-v1-transparent.png)와 SHA-256 일치 · 구경로 sessions/N주차 → courses/바이브코딩/sessions/N주차 매핑,-,-,-
F-0935,.claude/worktrees/harness-skill-improvement-plan-2a5f81/sessions/1주차/자료/images/s17_html-structure-paper-cut-v1-transparent.png,1793492,d256fac07a61653789f30981aab395c54565d2e51200ff42cbc599e97d4cfa46,.png,PNG,1주차,외부사본,커밋 없음(외부 worktree 사본·main 인덱스 밖),-,중복본,F-0120,worktree 사본 · 본체 대응 경로(courses/바이브코딩/sessions/1주차/자료/images/s17_html-structure-paper-cut-v1-transparent.png)와 SHA-256 일치 · 구경로 sessions/N주차 → courses/바이브코딩/sessions/N주차 매핑,-,-,-
F-0936,.claude/worktrees/harness-skill-improvement-plan-2a5f81/sessions/1주차/자료/images/s17_javascript-interaction-paper-cut-v1-transparent.png,1558414,4e781c27d79d988c2656dac1d6c926ee92de2edcd00327d7819b5bb38f9e3bbb,.png,PNG,1주차,외부사본,커밋 없음(외부 worktree 사본·main 인덱스 밖),-,중복본,F-0121,worktree 사본 · 본체 대응 경로(courses/바이브코딩/sessions/1주차/자료/images/s17_javascript-interaction-paper-cut-v1-transparent.png)와 SHA-256 일치 · 구경로 sessions/N주차 → courses/바이브코딩/sessions/N주차 매핑,-,-,-
F-0937,.claude/worktrees/harness-skill-improvement-plan-2a5f81/sessions/1주차/자료/images/s18_context-memory-workbench-paper-cut-v1-transparent.png,983015,f47b0e4a21d2ab4d17e0b1b63904f07f181670fbadc1273d8b127f0a8fb10592,.png,PNG,1주차,외부사본,커밋 없음(외부 worktree 사본·main 인덱스 밖),-,중복본,F-0122,worktree 사본 · 본체 대응 경로(courses/바이브코딩/sessions/1주차/자료/images/s18_context-memory-workbench-paper-cut-v1-transparent.png)와 SHA-256 일치 · 구경로 sessions/N주차 → courses/바이브코딩/sessions/N주차 매핑,-,-,-
F-0938,.claude/worktrees/harness-skill-improvement-plan-2a5f81/sessions/1주차/자료/images/s19_permission-four-checks-paper-cut-v1-transparent.png,837902,f089bc5459f130de32e2a548de2aaae22dc5e919d9a58b4b77b273786bdb78f1,.png,PNG,1주차,외부사본,커밋 없음(외부 worktree 사본·main 인덱스 밖),-,중복본,F-0123,worktree 사본 · 본체 대응 경로(courses/바이브코딩/sessions/1주차/자료/images/s19_permission-four-checks-paper-cut-v1-transparent.png)와 SHA-256 일치 · 구경로 sessions/N주차 → courses/바이브코딩/sessions/N주차 매핑,-,-,-
F-0939,.claude/worktrees/harness-skill-improvement-plan-2a5f81/sessions/1주차/자료/images/s26_request-materials-work-order-paper-cut-v1-transparent.png,1584631,150bf548b21eebbfbba5703ce12a417b7307ab126e961f4d34ead8d0f50bbf5a,.png,PNG,1주차,외부사본,커밋 없음(외부 worktree 사본·main 인덱스 밖),-,중복본,F-0124,worktree 사본 · 본체 대응 경로(courses/바이브코딩/sessions/1주차/자료/images/s26_request-materials-work-order-paper-cut-v1-transparent.png)와 SHA-256 일치 · 구경로 sessions/N주차 → courses/바이브코딩/sessions/N주차 매핑,-,-,-
F-0940,.claude/worktrees/harness-skill-improvement-plan-2a5f81/sessions/1주차/자료/images/s27_human-ai-safe-profile-paper-cut-v1-transparent.png,1230336,59ddd8678bb4049b0d86274063e3278801422304afe8c44c9918f1b7229e25f7,.png,PNG,1주차,외부사본,커밋 없음(외부 worktree 사본·main 인덱스 밖),-,중복본,F-0125,worktree 사본 · 본체 대응 경로(courses/바이브코딩/sessions/1주차/자료/images/s27_human-ai-safe-profile-paper-cut-v1-transparent.png)와 SHA-256 일치 · 구경로 sessions/N주차 → courses/바이브코딩/sessions/N주차 매핑,-,-,-
F-0941,.claude/worktrees/harness-skill-improvement-plan-2a5f81/sessions/1주차/자료/images/s27_human-ai-safe-profile-paper-cut-v2-transparent.png,556033,8b84f33f1c05f8a555416b9284b7c3a7b6442ebbd13a52d50da0e38549d3a6eb,.png,PNG,1주차,외부사본,커밋 없음(외부 worktree 사본·main 인덱스 밖),-,중복본,F-0126,worktree 사본 · 본체 대응 경로(courses/바이브코딩/sessions/1주차/자료/images/s27_human-ai-safe-profile-paper-cut-v2-transparent.png)와 SHA-256 일치 · 구경로 sessions/N주차 → courses/바이브코딩/sessions/N주차 매핑,-,-,-
F-0942,.claude/worktrees/harness-skill-improvement-plan-2a5f81/sessions/1주차/자료/images/s29_specific-vague-work-order-paper-cut-v1-transparent.png,1373021,894e42c82d83a43be8da7e862b7cee761d214cbdd9aa206eaf6d47f1f8aaef8e,.png,PNG,1주차,외부사본,커밋 없음(외부 worktree 사본·main 인덱스 밖),-,중복본,F-0127,worktree 사본 · 본체 대응 경로(courses/바이브코딩/sessions/1주차/자료/images/s29_specific-vague-work-order-paper-cut-v1-transparent.png)와 SHA-256 일치 · 구경로 sessions/N주차 → courses/바이브코딩/sessions/N주차 매핑,-,-,-
F-0943,.claude/worktrees/harness-skill-improvement-plan-2a5f81/sessions/1주차/자료/images/s30_three-technical-conditions-paper-cut-v1-transparent.png,1164935,bf7e914c99a1c1feb717a957b352d86108270642267872836e37c7150f6483b6,.png,PNG,1주차,외부사본,커밋 없음(외부 worktree 사본·main 인덱스 밖),-,중복본,F-0128,worktree 사본 · 본체 대응 경로(courses/바이브코딩/sessions/1주차/자료/images/s30_three-technical-conditions-paper-cut-v1-transparent.png)와 SHA-256 일치 · 구경로 sessions/N주차 → courses/바이브코딩/sessions/N주차 매핑,-,-,-
F-0944,.claude/worktrees/harness-skill-improvement-plan-2a5f81/sessions/1주차/자료/images/s40_human-ai-result-check-paper-cut-v1-transparent.png,1341216,9fd41fa3bc765f05caf917f8e7b1b0c95b8efc9c9e5ec803ec6d3bd0500ec98e,.png,PNG,1주차,외부사본,커밋 없음(외부 worktree 사본·main 인덱스 밖),-,중복본,F-0129,worktree 사본 · 본체 대응 경로(courses/바이브코딩/sessions/1주차/자료/images/s40_human-ai-result-check-paper-cut-v1-transparent.png)와 SHA-256 일치 · 구경로 sessions/N주차 → courses/바이브코딩/sessions/N주차 매핑,-,-,-
F-0945,.claude/worktrees/harness-skill-improvement-plan-2a5f81/sessions/1주차/자료/images/s40_human-ai-result-check-paper-cut-v2-transparent.png,633162,6ef59fc411370bb3fb749c3f5c7b3e4fe8ef5459827faa39f63bef0e3781e735,.png,PNG,1주차,외부사본,커밋 없음(외부 worktree 사본·main 인덱스 밖),-,중복본,F-0130,worktree 사본 · 본체 대응 경로(courses/바이브코딩/sessions/1주차/자료/images/s40_human-ai-result-check-paper-cut-v2-transparent.png)와 SHA-256 일치 · 구경로 sessions/N주차 → courses/바이브코딩/sessions/N주차 매핑,-,-,-
F-0946,.claude/worktrees/harness-skill-improvement-plan-2a5f81/sessions/1주차/자료/images/s41_html-css-js-roles-paper-cut-v1-transparent.png,1286441,44c5eb286cfdb78a19677e4cb3396bdc85887eaf6f4151a766296a14b0ac8546,.png,PNG,1주차,외부사본,커밋 없음(외부 worktree 사본·main 인덱스 밖),-,중복본,F-0131,worktree 사본 · 본체 대응 경로(courses/바이브코딩/sessions/1주차/자료/images/s41_html-css-js-roles-paper-cut-v1-transparent.png)와 SHA-256 일치 · 구경로 sessions/N주차 → courses/바이브코딩/sessions/N주차 매핑,-,-,-
F-0947,.claude/worktrees/harness-skill-improvement-plan-2a5f81/sessions/1주차/자료/images/s41_html-css-js-roles-paper-cut-v2-transparent.png,1254409,3558d3556f43ab27617f766b4a10a012b56fe1a5971d59bec18b6bccceef39fa,.png,PNG,1주차,외부사본,커밋 없음(외부 worktree 사본·main 인덱스 밖),-,중복본,F-0132,worktree 사본 · 본체 대응 경로(courses/바이브코딩/sessions/1주차/자료/images/s41_html-css-js-roles-paper-cut-v2-transparent.png)와 SHA-256 일치 · 구경로 sessions/N주차 → courses/바이브코딩/sessions/N주차 매핑,-,-,-
F-0948,.claude/worktrees/harness-skill-improvement-plan-2a5f81/sessions/1주차/자료/images/s42_one-file-three-files-paper-cut-v1-transparent.png,755604,ad7379a18d9ceeb0bdedd11bc304b39581c8c0febf9fa27c05563657de596d11,.png,PNG,1주차,외부사본,커밋 없음(외부 worktree 사본·main 인덱스 밖),-,중복본,F-0133,worktree 사본 · 본체 대응 경로(courses/바이브코딩/sessions/1주차/자료/images/s42_one-file-three-files-paper-cut-v1-transparent.png)와 SHA-256 일치 · 구경로 sessions/N주차 → courses/바이브코딩/sessions/N주차 매핑,-,-,-
F-0949,.claude/worktrees/harness-skill-improvement-plan-2a5f81/sessions/1주차/자료/images/s44_keep-change-check-paper-cut-v1-transparent.png,614305,9ece3269c3e5ce4db8420995bc6221f0064895c4a9e04c1a1e92be3b629fd37b,.png,PNG,1주차,외부사본,커밋 없음(외부 worktree 사본·main 인덱스 밖),-,중복본,F-0134,worktree 사본 · 본체 대응 경로(courses/바이브코딩/sessions/1주차/자료/images/s44_keep-change-check-paper-cut-v1-transparent.png)와 SHA-256 일치 · 구경로 sessions/N주차 → courses/바이브코딩/sessions/N주차 매핑,-,-,-
F-0950,.claude/worktrees/harness-skill-improvement-plan-2a5f81/sessions/1주차/자료/images/s45_human-ai-one-change-paper-cut-v1-transparent.png,935944,d3619cea15332c5841b0ac5a1d7ad00bf0e75eb4529b7e58de6beed654e4c03e,.png,PNG,1주차,외부사본,커밋 없음(외부 worktree 사본·main 인덱스 밖),-,중복본,F-0135,worktree 사본 · 본체 대응 경로(courses/바이브코딩/sessions/1주차/자료/images/s45_human-ai-one-change-paper-cut-v1-transparent.png)와 SHA-256 일치 · 구경로 sessions/N주차 → courses/바이브코딩/sessions/N주차 매핑,-,-,-
F-0951,.claude/worktrees/harness-skill-improvement-plan-2a5f81/sessions/1주차/자료/images/s45_human-ai-one-change-paper-cut-v2-transparent.png,583525,0ac0e586aa6705323d4b0054283d8a25dee944f72401517dc597c1bfe34caacf,.png,PNG,1주차,외부사본,커밋 없음(외부 worktree 사본·main 인덱스 밖),-,중복본,F-0136,worktree 사본 · 본체 대응 경로(courses/바이브코딩/sessions/1주차/자료/images/s45_human-ai-one-change-paper-cut-v2-transparent.png)와 SHA-256 일치 · 구경로 sessions/N주차 → courses/바이브코딩/sessions/N주차 매핑,-,-,-
F-0952,.claude/worktrees/harness-skill-improvement-plan-2a5f81/sessions/1주차/자료/images/s46_one-change-protected-paper-cut-v1-transparent.png,1123859,900d94fa713ba56a74d4602f2223ee8c8abcb9587d7a97baa0da7e6b524fdf4d,.png,PNG,1주차,외부사본,커밋 없음(외부 worktree 사본·main 인덱스 밖),-,중복본,F-0137,worktree 사본 · 본체 대응 경로(courses/바이브코딩/sessions/1주차/자료/images/s46_one-change-protected-paper-cut-v1-transparent.png)와 SHA-256 일치 · 구경로 sessions/N주차 → courses/바이브코딩/sessions/N주차 매핑,-,-,-
F-0953,.claude/worktrees/harness-skill-improvement-plan-2a5f81/sessions/1주차/자료/images/s49_background-before-after-paper-cut-v1-transparent.png,1330623,8e77f34ccf373602ca282ddc184b9758b830482eb33e8b924e49d7e06ac9105f,.png,PNG,1주차,외부사본,커밋 없음(외부 worktree 사본·main 인덱스 밖),-,중복본,F-0138,worktree 사본 · 본체 대응 경로(courses/바이브코딩/sessions/1주차/자료/images/s49_background-before-after-paper-cut-v1-transparent.png)와 SHA-256 일치 · 구경로 sessions/N주차 → courses/바이브코딩/sessions/N주차 매핑,-,-,-
F-0954,.claude/worktrees/harness-skill-improvement-plan-2a5f81/sessions/1주차/자료/images/s50_human-ai-free-change-paper-cut-v1-transparent.png,1135860,6fad3bab8ecc5530dd2a8704ef59784762aab15c21cc650bd2682deb9d8ff009,.png,PNG,1주차,외부사본,커밋 없음(외부 worktree 사본·main 인덱스 밖),-,중복본,F-0139,worktree 사본 · 본체 대응 경로(courses/바이브코딩/sessions/1주차/자료/images/s50_human-ai-free-change-paper-cut-v1-transparent.png)와 SHA-256 일치 · 구경로 sessions/N주차 → courses/바이브코딩/sessions/N주차 매핑,-,-,-
F-0955,.claude/worktrees/harness-skill-improvement-plan-2a5f81/sessions/1주차/자료/images/s50_human-ai-free-change-paper-cut-v2-transparent.png,514360,4c54b94f98bc1df22c0b394474be69f6cfb8f1be9a8afbca0ba5d25467bdc9d7,.png,PNG,1주차,외부사본,커밋 없음(외부 worktree 사본·main 인덱스 밖),-,중복본,F-0140,worktree 사본 · 본체 대응 경로(courses/바이브코딩/sessions/1주차/자료/images/s50_human-ai-free-change-paper-cut-v2-transparent.png)와 SHA-256 일치 · 구경로 sessions/N주차 → courses/바이브코딩/sessions/N주차 매핑,-,-,-
F-0956,.claude/worktrees/harness-skill-improvement-plan-2a5f81/sessions/1주차/자료/images/s52_issue-type-check-paper-cut-v1-transparent.png,1241221,4be1b903e18575ac9fff40572b6d3151d6641ecea98a65ebefa0ccf01f8718ec,.png,PNG,1주차,외부사본,커밋 없음(외부 worktree 사본·main 인덱스 밖),-,중복본,F-0141,worktree 사본 · 본체 대응 경로(courses/바이브코딩/sessions/1주차/자료/images/s52_issue-type-check-paper-cut-v1-transparent.png)와 SHA-256 일치 · 구경로 sessions/N주차 → courses/바이브코딩/sessions/N주차 매핑,-,-,-
F-0957,.claude/worktrees/harness-skill-improvement-plan-2a5f81/sessions/1주차/자료/images/s53_issue-branch-diagnosis-paper-cut-v1-transparent.png,1140905,55fb76611a7d4ef58994dda89f98de4549810c75f13e196f9312b31989030782,.png,PNG,1주차,외부사본,커밋 없음(외부 worktree 사본·main 인덱스 밖),-,중복본,F-0142,worktree 사본 · 본체 대응 경로(courses/바이브코딩/sessions/1주차/자료/images/s53_issue-branch-diagnosis-paper-cut-v1-transparent.png)와 SHA-256 일치 · 구경로 sessions/N주차 → courses/바이브코딩/sessions/N주차 매핑,-,-,-
F-0958,.claude/worktrees/harness-skill-improvement-plan-2a5f81/sessions/1주차/자료/images/s56_human-ai-refresh-check-paper-cut-v1-transparent.png,828218,31280981cf41999fc7a1ca3b37ae9cfface7f9e125a09738bb299c5cef019777,.png,PNG,1주차,외부사본,커밋 없음(외부 worktree 사본·main 인덱스 밖),-,중복본,F-0143,worktree 사본 · 본체 대응 경로(courses/바이브코딩/sessions/1주차/자료/images/s56_human-ai-refresh-check-paper-cut-v1-transparent.png)와 SHA-256 일치 · 구경로 sessions/N주차 → courses/바이브코딩/sessions/N주차 매핑,-,-,-
F-0959,.claude/worktrees/harness-skill-improvement-plan-2a5f81/sessions/1주차/자료/images/s56_human-ai-refresh-check-paper-cut-v2-transparent.png,373415,acc4795d9b0ce6d607b1849ae35c9b306ca83e5cd0f6c7830a3ca6a0e06a571b,.png,PNG,1주차,외부사본,커밋 없음(외부 worktree 사본·main 인덱스 밖),-,중복본,F-0144,worktree 사본 · 본체 대응 경로(courses/바이브코딩/sessions/1주차/자료/images/s56_human-ai-refresh-check-paper-cut-v2-transparent.png)와 SHA-256 일치 · 구경로 sessions/N주차 → courses/바이브코딩/sessions/N주차 매핑,-,-,-
F-0960,.claude/worktrees/harness-skill-improvement-plan-2a5f81/sessions/1주차/자료/images/s60_final-three-checks-paper-cut-v1-transparent.png,1110440,663cbcc0a49667a4b8603451cf4e85526a7bed663fda0d10a548373c7f7d92b4,.png,PNG,1주차,외부사본,커밋 없음(외부 worktree 사본·main 인덱스 밖),-,중복본,F-0145,worktree 사본 · 본체 대응 경로(courses/바이브코딩/sessions/1주차/자료/images/s60_final-three-checks-paper-cut-v1-transparent.png)와 SHA-256 일치 · 구경로 sessions/N주차 → courses/바이브코딩/sessions/N주차 매핑,-,-,-
F-0961,.claude/worktrees/harness-skill-improvement-plan-2a5f81/sessions/1주차/자료/이미지-에셋.json,56638,289fb4d0a17d76850a91cb408930cf752afc62babf321aea2ffce8a1e822dc16,.json,JSON,1주차,외부사본,커밋 없음(외부 worktree 사본·main 인덱스 밖),(참조 없음),상태 확인 필요,F-0151,worktree 사본이나 본체 대응 경로(courses/바이브코딩/sessions/1주차/자료/이미지-에셋.json)와 SHA-256 불일치 · 구경로 sessions/N주차 → courses/바이브코딩/sessions/N주차 매핑,worktree판과 본체판의 내용 차이 미확인 — T11 계보 확인 필요,-,-
F-0962,.claude/worktrees/harness-skill-improvement-plan-2a5f81/sessions/1주차/자료/이미지-프롬프트.md,26806,05d0fc1c992465c9b7f8636703d19a8691d176e642a3a4dfaa58a842267f8131,.md,텍스트(Markdown),1주차,외부사본,커밋 없음(외부 worktree 사본·main 인덱스 밖),(참조 없음),상태 확인 필요,F-0152,worktree 사본이나 본체 대응 경로(courses/바이브코딩/sessions/1주차/자료/이미지-프롬프트.md)와 SHA-256 불일치 · 구경로 sessions/N주차 → courses/바이브코딩/sessions/N주차 매핑,worktree판과 본체판의 내용 차이 미확인 — T11 계보 확인 필요,-,-
F-0963,.claude/worktrees/harness-skill-improvement-plan-2a5f81/sessions/1주차/초안.md,38197,3bff781202efb91bd91e7590576c4952abadf0c580a38c1a23702fa012b8827d,.md,텍스트(Markdown),1주차,외부사본,커밋 없음(외부 worktree 사본·main 인덱스 밖),(참조 없음),상태 확인 필요,-,본체 부재 · worktree 단독 현물 · 복구 금지(계획서 §1 잠긴 결정: 삭제본 자동 복구 금지),본체에서 삭제된 것인지 worktree 단독 산출인지 미확인 — G11 확인 대상,-,-
F-0964,.claude/worktrees/harness-skill-improvement-plan-2a5f81/sessions/1주차/초안_미리보기.md,6344,558a32693d2a7799867568abd56a06c040c0281f62f0bbf7e5cc8e9d0373ce67,.md,텍스트(Markdown),1주차,외부사본,커밋 없음(외부 worktree 사본·main 인덱스 밖),(참조 없음),상태 확인 필요,-,본체 부재 · worktree 단독 현물 · 복구 금지(계획서 §1 잠긴 결정: 삭제본 자동 복구 금지),본체에서 삭제된 것인지 worktree 단독 산출인지 미확인 — G11 확인 대상,-,-
F-0965,.claude/worktrees/harness-skill-improvement-plan-2a5f81/sessions/2주차/2주차_상세강의설계.md,100065,517fd3ad17b4c0460463228514f9a7fd233ef1adce34ed6aa6999012971f4fc4,.md,텍스트(Markdown),2주차,외부사본,커밋 없음(외부 worktree 사본·main 인덱스 밖),(참조 없음),상태 확인 필요,-,본체 부재 · worktree 단독 현물 · 복구 금지(계획서 §1 잠긴 결정: 삭제본 자동 복구 금지),본체에서 삭제된 것인지 worktree 단독 산출인지 미확인 — G11 확인 대상,-,-
F-0966,.claude/worktrees/harness-skill-improvement-plan-2a5f81/sessions/2주차/실습예제/mvp/anchor_활동기록/DESIGN.md,1001,937087026b28324e76cc24a7a50f851def1ddfcc430762b5ffb9d6eb12b06557,.md,텍스트(Markdown),2주차,외부사본,커밋 없음(외부 worktree 사본·main 인덱스 밖),(참조 없음),상태 확인 필요,F-0179,worktree 사본이나 본체 대응 경로(courses/바이브코딩/sessions/2주차/실습예제/mvp/anchor_활동기록/DESIGN.md)와 SHA-256 불일치 · 구경로 sessions/N주차 → courses/바이브코딩/sessions/N주차 매핑,worktree판과 본체판의 내용 차이 미확인 — T11 계보 확인 필요,-,-
F-0967,.claude/worktrees/harness-skill-improvement-plan-2a5f81/sessions/2주차/실습예제/mvp/anchor_활동기록/index.html,972,045568282f17991442ce43ba440189b1362045c795614e3278895ab2cbb597bc,.html,HTML(문서),2주차,외부사본,커밋 없음(외부 worktree 사본·main 인덱스 밖),./style.css(있음);./script.js(있음),상태 확인 필요,F-0180,worktree 사본이나 본체 대응 경로(courses/바이브코딩/sessions/2주차/실습예제/mvp/anchor_활동기록/index.html)와 SHA-256 불일치 · 구경로 sessions/N주차 → courses/바이브코딩/sessions/N주차 매핑,worktree판과 본체판의 내용 차이 미확인 — T11 계보 확인 필요,0(section 있으나 data-slide 0건),0
F-0968,.claude/worktrees/harness-skill-improvement-plan-2a5f81/sessions/2주차/실습예제/mvp/anchor_활동기록/prd.md,1192,c75f1e29db1d53dfa55679927eab9081bb10446af09ab97eed720605dc97ff0c,.md,텍스트(Markdown),2주차,외부사본,커밋 없음(외부 worktree 사본·main 인덱스 밖),(참조 없음),상태 확인 필요,F-0181,worktree 사본이나 본체 대응 경로(courses/바이브코딩/sessions/2주차/실습예제/mvp/anchor_활동기록/prd.md)와 SHA-256 불일치 · 구경로 sessions/N주차 → courses/바이브코딩/sessions/N주차 매핑,worktree판과 본체판의 내용 차이 미확인 — T11 계보 확인 필요,-,-
F-0969,.claude/worktrees/harness-skill-improvement-plan-2a5f81/sessions/2주차/실습예제/mvp/anchor_활동기록/script.js,1055,142a54aae324e506f917a25e014ba5547f791bc97f828cf143fca9bad58fa1ea,.js,텍스트(JS),2주차,외부사본,커밋 없음(외부 worktree 사본·main 인덱스 밖),(참조 없음),상태 확인 필요,F-0182,worktree 사본이나 본체 대응 경로(courses/바이브코딩/sessions/2주차/실습예제/mvp/anchor_활동기록/script.js)와 SHA-256 불일치 · 구경로 sessions/N주차 → courses/바이브코딩/sessions/N주차 매핑,worktree판과 본체판의 내용 차이 미확인 — T11 계보 확인 필요,-,-
F-0970,.claude/worktrees/harness-skill-improvement-plan-2a5f81/sessions/2주차/실습예제/mvp/anchor_활동기록/style.css,1570,45fee488230a1557c7337b95251e4b58c1045e4588419373ed3eb4b848dcb326,.css,텍스트(CSS),2주차,외부사본,커밋 없음(외부 worktree 사본·main 인덱스 밖),(참조 없음),상태 확인 필요,F-0183,worktree 사본이나 본체 대응 경로(courses/바이브코딩/sessions/2주차/실습예제/mvp/anchor_활동기록/style.css)와 SHA-256 불일치 · 구경로 sessions/N주차 → courses/바이브코딩/sessions/N주차 매핑,worktree판과 본체판의 내용 차이 미확인 — T11 계보 확인 필요,-,-
F-0971,.claude/worktrees/harness-skill-improvement-plan-2a5f81/sessions/2주차/실습예제/mvp/calc_가상예산/index.html,1394,1b1cc7c894741fa4f65084dd562ea08c1f261002820997641f1857b94e246e7d,.html,HTML(문서),2주차,외부사본,커밋 없음(외부 worktree 사본·main 인덱스 밖),./style.css(있음);./script.js(있음),상태 확인 필요,F-0184,worktree 사본이나 본체 대응 경로(courses/바이브코딩/sessions/2주차/실습예제/mvp/calc_가상예산/index.html)와 SHA-256 불일치 · 구경로 sessions/N주차 → courses/바이브코딩/sessions/N주차 매핑,worktree판과 본체판의 내용 차이 미확인 — T11 계보 확인 필요,0(section 있으나 data-slide 0건),0
F-0972,.claude/worktrees/harness-skill-improvement-plan-2a5f81/sessions/2주차/실습예제/mvp/calc_가상예산/prd.md,1331,6859b3b60433fee4a29e4b25a594b6f942740f6b0a9e36347354e4f9beac3a92,.md,텍스트(Markdown),2주차,외부사본,커밋 없음(외부 worktree 사본·main 인덱스 밖),(참조 없음),상태 확인 필요,F-0185,worktree 사본이나 본체 대응 경로(courses/바이브코딩/sessions/2주차/실습예제/mvp/calc_가상예산/prd.md)와 SHA-256 불일치 · 구경로 sessions/N주차 → courses/바이브코딩/sessions/N주차 매핑,worktree판과 본체판의 내용 차이 미확인 — T11 계보 확인 필요,-,-
F-0973,.claude/worktrees/harness-skill-improvement-plan-2a5f81/sessions/2주차/실습예제/mvp/calc_가상예산/script.js,2067,3a0ad13e72b8711b78c81c7362407d243672168ea7ad32d0dc91ff486157a183,.js,텍스트(JS),2주차,외부사본,커밋 없음(외부 worktree 사본·main 인덱스 밖),(참조 없음),상태 확인 필요,F-0186,worktree 사본이나 본체 대응 경로(courses/바이브코딩/sessions/2주차/실습예제/mvp/calc_가상예산/script.js)와 SHA-256 불일치 · 구경로 sessions/N주차 → courses/바이브코딩/sessions/N주차 매핑,worktree판과 본체판의 내용 차이 미확인 — T11 계보 확인 필요,-,-
F-0974,.claude/worktrees/harness-skill-improvement-plan-2a5f81/sessions/2주차/실습예제/mvp/calc_가상예산/style.css,1655,1cc8da88bb43e0d91cee8b5f8c4547019bd5dc3b338ff1b979edfc9f3af22957,.css,텍스트(CSS),2주차,외부사본,커밋 없음(외부 worktree 사본·main 인덱스 밖),(참조 없음),상태 확인 필요,F-0187,worktree 사본이나 본체 대응 경로(courses/바이브코딩/sessions/2주차/실습예제/mvp/calc_가상예산/style.css)와 SHA-256 불일치 · 구경로 sessions/N주차 → courses/바이브코딩/sessions/N주차 매핑,worktree판과 본체판의 내용 차이 미확인 — T11 계보 확인 필요,-,-
F-0975,.claude/worktrees/harness-skill-improvement-plan-2a5f81/sessions/2주차/실습예제/mvp/convert_단위변환/index.html,947,555e2167f7a57d37b6a8ee4363329bb9a5fa383dcb91e5ab92580dc2f696405c,.html,HTML(문서),2주차,외부사본,커밋 없음(외부 worktree 사본·main 인덱스 밖),./style.css(있음);./script.js(있음),상태 확인 필요,F-0188,worktree 사본이나 본체 대응 경로(courses/바이브코딩/sessions/2주차/실습예제/mvp/convert_단위변환/index.html)와 SHA-256 불일치 · 구경로 sessions/N주차 → courses/바이브코딩/sessions/N주차 매핑,worktree판과 본체판의 내용 차이 미확인 — T11 계보 확인 필요,0(section 있으나 data-slide 0건),0
F-0976,.claude/worktrees/harness-skill-improvement-plan-2a5f81/sessions/2주차/실습예제/mvp/convert_단위변환/prd.md,993,01e27baec3def6b971b72da43813a162865cfa6421326640f1f710c4817655c2,.md,텍스트(Markdown),2주차,외부사본,커밋 없음(외부 worktree 사본·main 인덱스 밖),(참조 없음),상태 확인 필요,F-0189,worktree 사본이나 본체 대응 경로(courses/바이브코딩/sessions/2주차/실습예제/mvp/convert_단위변환/prd.md)와 SHA-256 불일치 · 구경로 sessions/N주차 → courses/바이브코딩/sessions/N주차 매핑,worktree판과 본체판의 내용 차이 미확인 — T11 계보 확인 필요,-,-
F-0977,.claude/worktrees/harness-skill-improvement-plan-2a5f81/sessions/2주차/실습예제/mvp/convert_단위변환/script.js,703,240c5d1586e6ded775bc6efa75668577772fe56ed6e25bc5f3aba34efaccfea5,.js,텍스트(JS),2주차,외부사본,커밋 없음(외부 worktree 사본·main 인덱스 밖),(참조 없음),상태 확인 필요,F-0190,worktree 사본이나 본체 대응 경로(courses/바이브코딩/sessions/2주차/실습예제/mvp/convert_단위변환/script.js)와 SHA-256 불일치 · 구경로 sessions/N주차 → courses/바이브코딩/sessions/N주차 매핑,worktree판과 본체판의 내용 차이 미확인 — T11 계보 확인 필요,-,-
F-0978,.claude/worktrees/harness-skill-improvement-plan-2a5f81/sessions/2주차/실습예제/mvp/convert_단위변환/style.css,1295,743fa071743d934255562c1d86838054582f83d6bc257991bac2807e868e394d,.css,텍스트(CSS),2주차,외부사본,커밋 없음(외부 worktree 사본·main 인덱스 밖),(참조 없음),상태 확인 필요,F-0191,worktree 사본이나 본체 대응 경로(courses/바이브코딩/sessions/2주차/실습예제/mvp/convert_단위변환/style.css)와 SHA-256 불일치 · 구경로 sessions/N주차 → courses/바이브코딩/sessions/N주차 매핑,worktree판과 본체판의 내용 차이 미확인 — T11 계보 확인 필요,-,-
F-0979,.claude/worktrees/harness-skill-improvement-plan-2a5f81/sessions/2주차/실습예제/mvp/pick_선택추천/index.html,1163,9a839ea251a3cfaebf172d5ae5935d7dc717a3c1cc5ceca645483205c2dea312,.html,HTML(문서),2주차,외부사본,커밋 없음(외부 worktree 사본·main 인덱스 밖),./style.css(있음);./script.js(있음),상태 확인 필요,F-0192,worktree 사본이나 본체 대응 경로(courses/바이브코딩/sessions/2주차/실습예제/mvp/pick_선택추천/index.html)와 SHA-256 불일치 · 구경로 sessions/N주차 → courses/바이브코딩/sessions/N주차 매핑,worktree판과 본체판의 내용 차이 미확인 — T11 계보 확인 필요,0(section 있으나 data-slide 0건),0
F-0980,.claude/worktrees/harness-skill-improvement-plan-2a5f81/sessions/2주차/실습예제/mvp/pick_선택추천/prd.md,1180,5ffb2448636849fc138b970b8fe996c50cb689125d69fbb3e9e48b09998d704e,.md,텍스트(Markdown),2주차,외부사본,커밋 없음(외부 worktree 사본·main 인덱스 밖),(참조 없음),상태 확인 필요,F-0193,worktree 사본이나 본체 대응 경로(courses/바이브코딩/sessions/2주차/실습예제/mvp/pick_선택추천/prd.md)와 SHA-256 불일치 · 구경로 sessions/N주차 → courses/바이브코딩/sessions/N주차 매핑,worktree판과 본체판의 내용 차이 미확인 — T11 계보 확인 필요,-,-
F-0981,.claude/worktrees/harness-skill-improvement-plan-2a5f81/sessions/2주차/실습예제/mvp/pick_선택추천/script.js,2171,7aac4f8d916518dc61fac85c8440fd0d4bc5ae232f181033da6728f0947eacbf,.js,텍스트(JS),2주차,외부사본,커밋 없음(외부 worktree 사본·main 인덱스 밖),(참조 없음),상태 확인 필요,F-0194,worktree 사본이나 본체 대응 경로(courses/바이브코딩/sessions/2주차/실습예제/mvp/pick_선택추천/script.js)와 SHA-256 불일치 · 구경로 sessions/N주차 → courses/바이브코딩/sessions/N주차 매핑,worktree판과 본체판의 내용 차이 미확인 — T11 계보 확인 필요,-,-
F-0982,.claude/worktrees/harness-skill-improvement-plan-2a5f81/sessions/2주차/실습예제/mvp/pick_선택추천/style.css,1520,db0444df5a9b015ac7821a56820563933725dc03cda492672e6c728d2ac43ccf,.css,텍스트(CSS),2주차,외부사본,커밋 없음(외부 worktree 사본·main 인덱스 밖),(참조 없음),상태 확인 필요,F-0195,worktree 사본이나 본체 대응 경로(courses/바이브코딩/sessions/2주차/실습예제/mvp/pick_선택추천/style.css)와 SHA-256 불일치 · 구경로 sessions/N주차 → courses/바이브코딩/sessions/N주차 매핑,worktree판과 본체판의 내용 차이 미확인 — T11 계보 확인 필요,-,-
F-0983,.claude/worktrees/harness-skill-improvement-plan-2a5f81/sessions/2주차/실습예제/mvp/timer_집중타이머/index.html,868,aae1848f4fe5204bc0eadcf2f4319d8534797111b89b2c17a69be4d60e2f1385,.html,HTML(문서),2주차,외부사본,커밋 없음(외부 worktree 사본·main 인덱스 밖),./style.css(있음);./script.js(있음),상태 확인 필요,F-0196,worktree 사본이나 본체 대응 경로(courses/바이브코딩/sessions/2주차/실습예제/mvp/timer_집중타이머/index.html)와 SHA-256 불일치 · 구경로 sessions/N주차 → courses/바이브코딩/sessions/N주차 매핑,worktree판과 본체판의 내용 차이 미확인 — T11 계보 확인 필요,0(section 있으나 data-slide 0건),0
F-0984,.claude/worktrees/harness-skill-improvement-plan-2a5f81/sessions/2주차/실습예제/mvp/timer_집중타이머/prd.md,1065,01dc20f094eea3135ea9bdfd7aa8fbf4974ea0bb45ed8505ad5b29b52a77d344,.md,텍스트(Markdown),2주차,외부사본,커밋 없음(외부 worktree 사본·main 인덱스 밖),(참조 없음),상태 확인 필요,F-0197,worktree 사본이나 본체 대응 경로(courses/바이브코딩/sessions/2주차/실습예제/mvp/timer_집중타이머/prd.md)와 SHA-256 불일치 · 구경로 sessions/N주차 → courses/바이브코딩/sessions/N주차 매핑,worktree판과 본체판의 내용 차이 미확인 — T11 계보 확인 필요,-,-
F-0985,.claude/worktrees/harness-skill-improvement-plan-2a5f81/sessions/2주차/실습예제/mvp/timer_집중타이머/script.js,1446,b28766f3b394fe5c0d3b6d995a9173be3c187e36d889be3c4b122ae1385918a4,.js,텍스트(JS),2주차,외부사본,커밋 없음(외부 worktree 사본·main 인덱스 밖),(참조 없음),상태 확인 필요,F-0198,worktree 사본이나 본체 대응 경로(courses/바이브코딩/sessions/2주차/실습예제/mvp/timer_집중타이머/script.js)와 SHA-256 불일치 · 구경로 sessions/N주차 → courses/바이브코딩/sessions/N주차 매핑,worktree판과 본체판의 내용 차이 미확인 — T11 계보 확인 필요,-,-
F-0986,.claude/worktrees/harness-skill-improvement-plan-2a5f81/sessions/2주차/실습예제/mvp/timer_집중타이머/style.css,1468,887694a792db88c02636f10d7d02483b1e458bfedea8f9b11078300ca64020c5,.css,텍스트(CSS),2주차,외부사본,커밋 없음(외부 worktree 사본·main 인덱스 밖),(참조 없음),상태 확인 필요,F-0199,worktree 사본이나 본체 대응 경로(courses/바이브코딩/sessions/2주차/실습예제/mvp/timer_집중타이머/style.css)와 SHA-256 불일치 · 구경로 sessions/N주차 → courses/바이브코딩/sessions/N주차 매핑,worktree판과 본체판의 내용 차이 미확인 — T11 계보 확인 필요,-,-
F-0987,.claude/worktrees/harness-skill-improvement-plan-2a5f81/sessions/2주차/실습예제/이탈재현/case_abspath/broken/index.html,1438,eea3d76202252b92f00c3731dcb064448e2129ff1ee721f84e7691d5944927aa,.html,HTML(문서),2주차,외부사본,커밋 없음(외부 worktree 사본·main 인덱스 밖),file:///C:/Users/lecture/Desktop/앵커공유/style.css(없음);file:///C:/Users/lecture/Pictures/앵커로고.png(없음);./script.js(있음),상태 확인 필요,F-0200,worktree 사본이나 본체 대응 경로(courses/바이브코딩/sessions/2주차/실습예제/이탈재현/case_abspath/broken/index.html)와 SHA-256 불일치 · 구경로 sessions/N주차 → courses/바이브코딩/sessions/N주차 매핑,worktree판과 본체판의 내용 차이 미확인 — T11 계보 확인 필요,0(section 태그 자체 없음),0
F-0988,.claude/worktrees/harness-skill-improvement-plan-2a5f81/sessions/2주차/실습예제/이탈재현/case_abspath/broken/script.js,838,1b8b1843ff47d2d43f037f9e3232a32f53c24e61d43db362a59332a23f062f7c,.js,텍스트(JS),2주차,외부사본,커밋 없음(외부 worktree 사본·main 인덱스 밖),(참조 없음),상태 확인 필요,F-0201,worktree 사본이나 본체 대응 경로(courses/바이브코딩/sessions/2주차/실습예제/이탈재현/case_abspath/broken/script.js)와 SHA-256 불일치 · 구경로 sessions/N주차 → courses/바이브코딩/sessions/N주차 매핑,worktree판과 본체판의 내용 차이 미확인 — T11 계보 확인 필요,-,-
F-0989,.claude/worktrees/harness-skill-improvement-plan-2a5f81/sessions/2주차/실습예제/이탈재현/case_abspath/broken/설명.md,2194,86dfda568685769273fa6b16a445e89f612b5186be2966c769552534bb5cd422,.md,텍스트(Markdown),2주차,외부사본,커밋 없음(외부 worktree 사본·main 인덱스 밖),assets/logo.svg(없음),상태 확인 필요,F-0202,worktree 사본이나 본체 대응 경로(courses/바이브코딩/sessions/2주차/실습예제/이탈재현/case_abspath/broken/설명.md)와 SHA-256 불일치 · 구경로 sessions/N주차 → courses/바이브코딩/sessions/N주차 매핑,worktree판과 본체판의 내용 차이 미확인 — T11 계보 확인 필요,-,-
F-0990,.claude/worktrees/harness-skill-improvement-plan-2a5f81/sessions/2주차/실습예제/이탈재현/case_abspath/fixed/assets/logo.svg,327,21b194cf558b1557f2d8767f0f1773821c7a18bc82ea4a958790c149e54697b1,.svg,SVG,2주차,외부사본,커밋 없음(외부 worktree 사본·main 인덱스 밖),(참조 없음),상태 확인 필요,F-0203,worktree 사본이나 본체 대응 경로(courses/바이브코딩/sessions/2주차/실습예제/이탈재현/case_abspath/fixed/assets/logo.svg)와 SHA-256 불일치 · 구경로 sessions/N주차 → courses/바이브코딩/sessions/N주차 매핑,worktree판과 본체판의 내용 차이 미확인 — T11 계보 확인 필요,-,-
F-0991,.claude/worktrees/harness-skill-improvement-plan-2a5f81/sessions/2주차/실습예제/이탈재현/case_abspath/fixed/index.html,1045,8f061b56cf4da2e8b42fec447ef9912c1a696846b3d04a6e542d57bccd06d3f6,.html,HTML(문서),2주차,외부사본,커밋 없음(외부 worktree 사본·main 인덱스 밖),./style.css(있음);assets/logo.svg(있음);./script.js(있음),상태 확인 필요,F-0204,worktree 사본이나 본체 대응 경로(courses/바이브코딩/sessions/2주차/실습예제/이탈재현/case_abspath/fixed/index.html)와 SHA-256 불일치 · 구경로 sessions/N주차 → courses/바이브코딩/sessions/N주차 매핑,worktree판과 본체판의 내용 차이 미확인 — T11 계보 확인 필요,0(section 태그 자체 없음),0
F-0992,.claude/worktrees/harness-skill-improvement-plan-2a5f81/sessions/2주차/실습예제/이탈재현/case_abspath/fixed/script.js,838,1b8b1843ff47d2d43f037f9e3232a32f53c24e61d43db362a59332a23f062f7c,.js,텍스트(JS),2주차,외부사본,커밋 없음(외부 worktree 사본·main 인덱스 밖),(참조 없음),상태 확인 필요,F-0205,worktree 사본이나 본체 대응 경로(courses/바이브코딩/sessions/2주차/실습예제/이탈재현/case_abspath/fixed/script.js)와 SHA-256 불일치 · 구경로 sessions/N주차 → courses/바이브코딩/sessions/N주차 매핑,worktree판과 본체판의 내용 차이 미확인 — T11 계보 확인 필요,-,-
F-0993,.claude/worktrees/harness-skill-improvement-plan-2a5f81/sessions/2주차/실습예제/이탈재현/case_abspath/fixed/style.css,1169,ffcf9f9c0f8d717485ca304632a3949299fa85c2ba0b45538b11745f625918e2,.css,텍스트(CSS),2주차,외부사본,커밋 없음(외부 worktree 사본·main 인덱스 밖),(참조 없음),상태 확인 필요,F-0206,worktree 사본이나 본체 대응 경로(courses/바이브코딩/sessions/2주차/실습예제/이탈재현/case_abspath/fixed/style.css)와 SHA-256 불일치 · 구경로 sessions/N주차 → courses/바이브코딩/sessions/N주차 매핑,worktree판과 본체판의 내용 차이 미확인 — T11 계보 확인 필요,-,-
F-0994,.claude/worktrees/harness-skill-improvement-plan-2a5f81/sessions/2주차/실습예제/이탈재현/case_fetch/broken/data.json,67,b1a2c63a4842b221b293e00a7c19876d24d755bc0bf731bedcdbe56e1e9034e9,.json,JSON,2주차,외부사본,커밋 없음(외부 worktree 사본·main 인덱스 밖),(참조 없음),상태 확인 필요,F-0207,worktree 사본이나 본체 대응 경로(courses/바이브코딩/sessions/2주차/실습예제/이탈재현/case_fetch/broken/data.json)와 SHA-256 불일치 · 구경로 sessions/N주차 → courses/바이브코딩/sessions/N주차 매핑,worktree판과 본체판의 내용 차이 미확인 — T11 계보 확인 필요,-,-
F-0995,.claude/worktrees/harness-skill-improvement-plan-2a5f81/sessions/2주차/실습예제/이탈재현/case_fetch/broken/index.html,737,5e981d72fd35b20cb4ebeab45f39fa5b20833e45fa178edcec0188e42d772810,.html,HTML(문서),2주차,외부사본,커밋 없음(외부 worktree 사본·main 인덱스 밖),./style.css(있음);./script.js(있음),상태 확인 필요,F-0208,worktree 사본이나 본체 대응 경로(courses/바이브코딩/sessions/2주차/실습예제/이탈재현/case_fetch/broken/index.html)와 SHA-256 불일치 · 구경로 sessions/N주차 → courses/바이브코딩/sessions/N주차 매핑,worktree판과 본체판의 내용 차이 미확인 — T11 계보 확인 필요,0(section 태그 자체 없음),0
F-0996,.claude/worktrees/harness-skill-improvement-plan-2a5f81/sessions/2주차/실습예제/이탈재현/case_fetch/broken/script.js,1358,b2352d5897fbed33e55228b179aea5c55331805fcbeb00b2231f810d1fc608d8,.js,텍스트(JS),2주차,외부사본,커밋 없음(외부 worktree 사본·main 인덱스 밖),(참조 없음),상태 확인 필요,F-0209,worktree 사본이나 본체 대응 경로(courses/바이브코딩/sessions/2주차/실습예제/이탈재현/case_fetch/broken/script.js)와 SHA-256 불일치 · 구경로 sessions/N주차 → courses/바이브코딩/sessions/N주차 매핑,worktree판과 본체판의 내용 차이 미확인 — T11 계보 확인 필요,-,-
F-0997,.claude/worktrees/harness-skill-improvement-plan-2a5f81/sessions/2주차/실습예제/이탈재현/case_fetch/broken/style.css,1033,2f0c7f84b9b0c86f75a091959ccbc35c84df66fb28fff9b145098dfa2cff3265,.css,텍스트(CSS),2주차,외부사본,커밋 없음(외부 worktree 사본·main 인덱스 밖),(참조 없음),상태 확인 필요,F-0210,worktree 사본이나 본체 대응 경로(courses/바이브코딩/sessions/2주차/실습예제/이탈재현/case_fetch/broken/style.css)와 SHA-256 불일치 · 구경로 sessions/N주차 → courses/바이브코딩/sessions/N주차 매핑,worktree판과 본체판의 내용 차이 미확인 — T11 계보 확인 필요,-,-
F-0998,.claude/worktrees/harness-skill-improvement-plan-2a5f81/sessions/2주차/실습예제/이탈재현/case_fetch/broken/설명.md,1831,00fa59ae3466304236aadb82ee0e92fb0fd331ff582993fae2250b7c48242cb1,.md,텍스트(Markdown),2주차,외부사본,커밋 없음(외부 worktree 사본·main 인덱스 밖),(참조 없음),상태 확인 필요,F-0211,worktree 사본이나 본체 대응 경로(courses/바이브코딩/sessions/2주차/실습예제/이탈재현/case_fetch/broken/설명.md)와 SHA-256 불일치 · 구경로 sessions/N주차 → courses/바이브코딩/sessions/N주차 매핑,worktree판과 본체판의 내용 차이 미확인 — T11 계보 확인 필요,-,-
F-0999,.claude/worktrees/harness-skill-improvement-plan-2a5f81/sessions/2주차/실습예제/이탈재현/case_fetch/fixed/index.html,737,5e981d72fd35b20cb4ebeab45f39fa5b20833e45fa178edcec0188e42d772810,.html,HTML(문서),2주차,외부사본,커밋 없음(외부 worktree 사본·main 인덱스 밖),./style.css(있음);./script.js(있음),상태 확인 필요,F-0212,worktree 사본이나 본체 대응 경로(courses/바이브코딩/sessions/2주차/실습예제/이탈재현/case_fetch/fixed/index.html)와 SHA-256 불일치 · 구경로 sessions/N주차 → courses/바이브코딩/sessions/N주차 매핑,worktree판과 본체판의 내용 차이 미확인 — T11 계보 확인 필요,0(section 태그 자체 없음),0
F-1000,.claude/worktrees/harness-skill-improvement-plan-2a5f81/sessions/2주차/실습예제/이탈재현/case_fetch/fixed/script.js,940,3423f14fa2f5e37fc8c7b08dbf90acb620bd0761d64162c31f50dc6dad819353,.js,텍스트(JS),2주차,외부사본,커밋 없음(외부 worktree 사본·main 인덱스 밖),(참조 없음),상태 확인 필요,F-0213,worktree 사본이나 본체 대응 경로(courses/바이브코딩/sessions/2주차/실습예제/이탈재현/case_fetch/fixed/script.js)와 SHA-256 불일치 · 구경로 sessions/N주차 → courses/바이브코딩/sessions/N주차 매핑,worktree판과 본체판의 내용 차이 미확인 — T11 계보 확인 필요,-,-
F-1001,.claude/worktrees/harness-skill-improvement-plan-2a5f81/sessions/2주차/실습예제/이탈재현/case_fetch/fixed/style.css,1033,2f0c7f84b9b0c86f75a091959ccbc35c84df66fb28fff9b145098dfa2cff3265,.css,텍스트(CSS),2주차,외부사본,커밋 없음(외부 worktree 사본·main 인덱스 밖),(참조 없음),상태 확인 필요,F-0214,worktree 사본이나 본체 대응 경로(courses/바이브코딩/sessions/2주차/실습예제/이탈재현/case_fetch/fixed/style.css)와 SHA-256 불일치 · 구경로 sessions/N주차 → courses/바이브코딩/sessions/N주차 매핑,worktree판과 본체판의 내용 차이 미확인 — T11 계보 확인 필요,-,-
F-1002,.claude/worktrees/harness-skill-improvement-plan-2a5f81/sessions/2주차/실습예제/이탈재현/case_filename/broken/index.html,851,314eceff4608b8d8777033a4d534b91084b65e037c4b1171d49f218a0a64d643,.html,HTML(문서),2주차,외부사본,커밋 없음(외부 worktree 사본·main 인덱스 밖),./style.css(없음);./script.js(있음),상태 확인 필요,F-0215,worktree 사본이나 본체 대응 경로(courses/바이브코딩/sessions/2주차/실습예제/이탈재현/case_filename/broken/index.html)와 SHA-256 불일치 · 구경로 sessions/N주차 → courses/바이브코딩/sessions/N주차 매핑,worktree판과 본체판의 내용 차이 미확인 — T11 계보 확인 필요,0(section 태그 자체 없음),0
F-1003,.claude/worktrees/harness-skill-improvement-plan-2a5f81/sessions/2주차/실습예제/이탈재현/case_filename/broken/script.js,838,1b8b1843ff47d2d43f037f9e3232a32f53c24e61d43db362a59332a23f062f7c,.js,텍스트(JS),2주차,외부사본,커밋 없음(외부 worktree 사본·main 인덱스 밖),(참조 없음),상태 확인 필요,F-0216,worktree 사본이나 본체 대응 경로(courses/바이브코딩/sessions/2주차/실습예제/이탈재현/case_filename/broken/script.js)와 SHA-256 불일치 · 구경로 sessions/N주차 → courses/바이브코딩/sessions/N주차 매핑,worktree판과 본체판의 내용 차이 미확인 — T11 계보 확인 필요,-,-
F-1004,.claude/worktrees/harness-skill-improvement-plan-2a5f81/sessions/2주차/실습예제/이탈재현/case_filename/broken/styles.css,1156,bc901d7af999c72bf4a94da87fb4308404a9b2a5c6d8ea577c6e1d5b26ffb730,.css,텍스트(CSS),2주차,외부사본,커밋 없음(외부 worktree 사본·main 인덱스 밖),(참조 없음),상태 확인 필요,F-0217,worktree 사본이나 본체 대응 경로(courses/바이브코딩/sessions/2주차/실습예제/이탈재현/case_filename/broken/styles.css)와 SHA-256 불일치 · 구경로 sessions/N주차 → courses/바이브코딩/sessions/N주차 매핑,worktree판과 본체판의 내용 차이 미확인 — T11 계보 확인 필요,-,-
F-1005,.claude/worktrees/harness-skill-improvement-plan-2a5f81/sessions/2주차/실습예제/이탈재현/case_filename/broken/설명.md,1724,087a0ca30c56dea5e7ec17f0eaac3a67f6e0c42b187393899d7ea52c582779e7,.md,텍스트(Markdown),2주차,외부사본,커밋 없음(외부 worktree 사본·main 인덱스 밖),(참조 없음),상태 확인 필요,F-0218,worktree 사본이나 본체 대응 경로(courses/바이브코딩/sessions/2주차/실습예제/이탈재현/case_filename/broken/설명.md)와 SHA-256 불일치 · 구경로 sessions/N주차 → courses/바이브코딩/sessions/N주차 매핑,worktree판과 본체판의 내용 차이 미확인 — T11 계보 확인 필요,-,-
F-1006,.claude/worktrees/harness-skill-improvement-plan-2a5f81/sessions/2주차/실습예제/이탈재현/case_filename/fixed/index.html,825,3d0240d68a205cd341d4d18cb46b35dc1593c05350cff7fb36ca8b28f4b7d945,.html,HTML(문서),2주차,외부사본,커밋 없음(외부 worktree 사본·main 인덱스 밖),./style.css(있음);./script.js(있음),상태 확인 필요,F-0219,worktree 사본이나 본체 대응 경로(courses/바이브코딩/sessions/2주차/실습예제/이탈재현/case_filename/fixed/index.html)와 SHA-256 불일치 · 구경로 sessions/N주차 → courses/바이브코딩/sessions/N주차 매핑,worktree판과 본체판의 내용 차이 미확인 — T11 계보 확인 필요,0(section 태그 자체 없음),0
F-1007,.claude/worktrees/harness-skill-improvement-plan-2a5f81/sessions/2주차/실습예제/이탈재현/case_filename/fixed/script.js,838,1b8b1843ff47d2d43f037f9e3232a32f53c24e61d43db362a59332a23f062f7c,.js,텍스트(JS),2주차,외부사본,커밋 없음(외부 worktree 사본·main 인덱스 밖),(참조 없음),상태 확인 필요,F-0220,worktree 사본이나 본체 대응 경로(courses/바이브코딩/sessions/2주차/실습예제/이탈재현/case_filename/fixed/script.js)와 SHA-256 불일치 · 구경로 sessions/N주차 → courses/바이브코딩/sessions/N주차 매핑,worktree판과 본체판의 내용 차이 미확인 — T11 계보 확인 필요,-,-
F-1008,.claude/worktrees/harness-skill-improvement-plan-2a5f81/sessions/2주차/실습예제/이탈재현/case_filename/fixed/style.css,1033,2f0c7f84b9b0c86f75a091959ccbc35c84df66fb28fff9b145098dfa2cff3265,.css,텍스트(CSS),2주차,외부사본,커밋 없음(외부 worktree 사본·main 인덱스 밖),(참조 없음),상태 확인 필요,F-0221,worktree 사본이나 본체 대응 경로(courses/바이브코딩/sessions/2주차/실습예제/이탈재현/case_filename/fixed/style.css)와 SHA-256 불일치 · 구경로 sessions/N주차 → courses/바이브코딩/sessions/N주차 매핑,worktree판과 본체판의 내용 차이 미확인 — T11 계보 확인 필요,-,-
F-1009,.claude/worktrees/harness-skill-improvement-plan-2a5f81/sessions/2주차/실습예제/이탈재현/case_module/broken/data.js,255,cf21ea605a432bec9e113fe94e2f26917e5c4e0f718c8fb1140458ddf09ff907,.js,텍스트(JS),2주차,외부사본,커밋 없음(외부 worktree 사본·main 인덱스 밖),(참조 없음),상태 확인 필요,F-0222,worktree 사본이나 본체 대응 경로(courses/바이브코딩/sessions/2주차/실습예제/이탈재현/case_module/broken/data.js)와 SHA-256 불일치 · 구경로 sessions/N주차 → courses/바이브코딩/sessions/N주차 매핑,worktree판과 본체판의 내용 차이 미확인 — T11 계보 확인 필요,-,-
F-1010,.claude/worktrees/harness-skill-improvement-plan-2a5f81/sessions/2주차/실습예제/이탈재현/case_module/broken/index.html,861,512da397b1696d6c67af4ae2ee2f7048bbf4783e52fa60a593111c8f942d15f7,.html,HTML(문서),2주차,외부사본,커밋 없음(외부 worktree 사본·main 인덱스 밖),./style.css(있음);./script.js(있음),상태 확인 필요,F-0223,worktree 사본이나 본체 대응 경로(courses/바이브코딩/sessions/2주차/실습예제/이탈재현/case_module/broken/index.html)와 SHA-256 불일치 · 구경로 sessions/N주차 → courses/바이브코딩/sessions/N주차 매핑,worktree판과 본체판의 내용 차이 미확인 — T11 계보 확인 필요,0(section 태그 자체 없음),0
F-1011,.claude/worktrees/harness-skill-improvement-plan-2a5f81/sessions/2주차/실습예제/이탈재현/case_module/broken/script.js,1067,bf1c30d4bae8799f6d02b9da68dc8c69c9ea1bd6205eacc4f4bcca1ff5b25671,.js,텍스트(JS),2주차,외부사본,커밋 없음(외부 worktree 사본·main 인덱스 밖),(참조 없음),상태 확인 필요,F-0224,worktree 사본이나 본체 대응 경로(courses/바이브코딩/sessions/2주차/실습예제/이탈재현/case_module/broken/script.js)와 SHA-256 불일치 · 구경로 sessions/N주차 → courses/바이브코딩/sessions/N주차 매핑,worktree판과 본체판의 내용 차이 미확인 — T11 계보 확인 필요,-,-
F-1012,.claude/worktrees/harness-skill-improvement-plan-2a5f81/sessions/2주차/실습예제/이탈재현/case_module/broken/style.css,1033,2f0c7f84b9b0c86f75a091959ccbc35c84df66fb28fff9b145098dfa2cff3265,.css,텍스트(CSS),2주차,외부사본,커밋 없음(외부 worktree 사본·main 인덱스 밖),(참조 없음),상태 확인 필요,F-0225,worktree 사본이나 본체 대응 경로(courses/바이브코딩/sessions/2주차/실습예제/이탈재현/case_module/broken/style.css)와 SHA-256 불일치 · 구경로 sessions/N주차 → courses/바이브코딩/sessions/N주차 매핑,worktree판과 본체판의 내용 차이 미확인 — T11 계보 확인 필요,-,-
F-1013,.claude/worktrees/harness-skill-improvement-plan-2a5f81/sessions/2주차/실습예제/이탈재현/case_module/broken/설명.md,1862,c450ec3da45552171c666b08a1f4ae01c8eddc7753114dbb9800ce50a095321d,.md,텍스트(Markdown),2주차,외부사본,커밋 없음(외부 worktree 사본·main 인덱스 밖),./script.js(있음),상태 확인 필요,F-0226,worktree 사본이나 본체 대응 경로(courses/바이브코딩/sessions/2주차/실습예제/이탈재현/case_module/broken/설명.md)와 SHA-256 불일치 · 구경로 sessions/N주차 → courses/바이브코딩/sessions/N주차 매핑,worktree판과 본체판의 내용 차이 미확인 — T11 계보 확인 필요,-,-
F-1014,.claude/worktrees/harness-skill-improvement-plan-2a5f81/sessions/2주차/실습예제/이탈재현/case_module/fixed/index.html,814,e7f96bd8f23bdc891ffeee007085516e10cf72c96a1f2574f3f40138afa73899,.html,HTML(문서),2주차,외부사본,커밋 없음(외부 worktree 사본·main 인덱스 밖),./style.css(있음);./script.js(있음),상태 확인 필요,F-0227,worktree 사본이나 본체 대응 경로(courses/바이브코딩/sessions/2주차/실습예제/이탈재현/case_module/fixed/index.html)와 SHA-256 불일치 · 구경로 sessions/N주차 → courses/바이브코딩/sessions/N주차 매핑,worktree판과 본체판의 내용 차이 미확인 — T11 계보 확인 필요,0(section 태그 자체 없음),0
F-1015,.claude/worktrees/harness-skill-improvement-plan-2a5f81/sessions/2주차/실습예제/이탈재현/case_module/fixed/script.js,930,0f63520ab5e29a7e43e19edf169705831c0722be12f28baa1bcaeae0727bf2d3,.js,텍스트(JS),2주차,외부사본,커밋 없음(외부 worktree 사본·main 인덱스 밖),(참조 없음),상태 확인 필요,F-0228,worktree 사본이나 본체 대응 경로(courses/바이브코딩/sessions/2주차/실습예제/이탈재현/case_module/fixed/script.js)와 SHA-256 불일치 · 구경로 sessions/N주차 → courses/바이브코딩/sessions/N주차 매핑,worktree판과 본체판의 내용 차이 미확인 — T11 계보 확인 필요,-,-
F-1016,.claude/worktrees/harness-skill-improvement-plan-2a5f81/sessions/2주차/실습예제/이탈재현/case_module/fixed/style.css,1033,2f0c7f84b9b0c86f75a091959ccbc35c84df66fb28fff9b145098dfa2cff3265,.css,텍스트(CSS),2주차,외부사본,커밋 없음(외부 worktree 사본·main 인덱스 밖),(참조 없음),상태 확인 필요,F-0229,worktree 사본이나 본체 대응 경로(courses/바이브코딩/sessions/2주차/실습예제/이탈재현/case_module/fixed/style.css)와 SHA-256 불일치 · 구경로 sessions/N주차 → courses/바이브코딩/sessions/N주차 매핑,worktree판과 본체판의 내용 차이 미확인 — T11 계보 확인 필요,-,-
F-1017,.claude/worktrees/harness-skill-improvement-plan-2a5f81/sessions/2주차/실습예제/이탈재현/case_subfolder/broken/pages/index.html,968,92cedfa6203608af50bcd3eeaa60c425e87cc9b0b2fd8aa43837812806d88adb,.html,HTML(문서),2주차,외부사본,커밋 없음(외부 worktree 사본·main 인덱스 밖),../style.css(없음);../script.js(없음),상태 확인 필요,F-0230,worktree 사본이나 본체 대응 경로(courses/바이브코딩/sessions/2주차/실습예제/이탈재현/case_subfolder/broken/pages/index.html)와 SHA-256 불일치 · 구경로 sessions/N주차 → courses/바이브코딩/sessions/N주차 매핑,worktree판과 본체판의 내용 차이 미확인 — T11 계보 확인 필요,0(section 태그 자체 없음),0
F-1018,.claude/worktrees/harness-skill-improvement-plan-2a5f81/sessions/2주차/실습예제/이탈재현/case_subfolder/broken/pages/script.js,952,d7f8dc655fbe1d3d3a0507fb0f5e6fbcde9a52fd0207cf2af9d589a39223b4ec,.js,텍스트(JS),2주차,외부사본,커밋 없음(외부 worktree 사본·main 인덱스 밖),(참조 없음),상태 확인 필요,F-0231,worktree 사본이나 본체 대응 경로(courses/바이브코딩/sessions/2주차/실습예제/이탈재현/case_subfolder/broken/pages/script.js)와 SHA-256 불일치 · 구경로 sessions/N주차 → courses/바이브코딩/sessions/N주차 매핑,worktree판과 본체판의 내용 차이 미확인 — T11 계보 확인 필요,-,-
F-1019,.claude/worktrees/harness-skill-improvement-plan-2a5f81/sessions/2주차/실습예제/이탈재현/case_subfolder/broken/pages/style.css,1033,2f0c7f84b9b0c86f75a091959ccbc35c84df66fb28fff9b145098dfa2cff3265,.css,텍스트(CSS),2주차,외부사본,커밋 없음(외부 worktree 사본·main 인덱스 밖),(참조 없음),상태 확인 필요,F-0232,worktree 사본이나 본체 대응 경로(courses/바이브코딩/sessions/2주차/실습예제/이탈재현/case_subfolder/broken/pages/style.css)와 SHA-256 불일치 · 구경로 sessions/N주차 → courses/바이브코딩/sessions/N주차 매핑,worktree판과 본체판의 내용 차이 미확인 — T11 계보 확인 필요,-,-
F-1020,.claude/worktrees/harness-skill-improvement-plan-2a5f81/sessions/2주차/실습예제/이탈재현/case_subfolder/broken/설명.md,1981,35c74c126054d87b43676a95066c54a30eb4c6a06be5c7ec156bbb4bc4cfabd2,.md,텍스트(Markdown),2주차,외부사본,커밋 없음(외부 worktree 사본·main 인덱스 밖),(참조 없음),상태 확인 필요,F-0233,worktree 사본이나 본체 대응 경로(courses/바이브코딩/sessions/2주차/실습예제/이탈재현/case_subfolder/broken/설명.md)와 SHA-256 불일치 · 구경로 sessions/N주차 → courses/바이브코딩/sessions/N주차 매핑,worktree판과 본체판의 내용 차이 미확인 — T11 계보 확인 필요,-,-
F-1021,.claude/worktrees/harness-skill-improvement-plan-2a5f81/sessions/2주차/실습예제/이탈재현/case_subfolder/fixed/index.html,853,7c317870fd0a93a6ff9fc286729fc1aa835919dbd30856f9b1a17f2f72025a20,.html,HTML(문서),2주차,외부사본,커밋 없음(외부 worktree 사본·main 인덱스 밖),./style.css(있음);./script.js(있음),상태 확인 필요,F-0234,worktree 사본이나 본체 대응 경로(courses/바이브코딩/sessions/2주차/실습예제/이탈재현/case_subfolder/fixed/index.html)와 SHA-256 불일치 · 구경로 sessions/N주차 → courses/바이브코딩/sessions/N주차 매핑,worktree판과 본체판의 내용 차이 미확인 — T11 계보 확인 필요,0(section 태그 자체 없음),0
F-1022,.claude/worktrees/harness-skill-improvement-plan-2a5f81/sessions/2주차/실습예제/이탈재현/case_subfolder/fixed/script.js,838,1b8b1843ff47d2d43f037f9e3232a32f53c24e61d43db362a59332a23f062f7c,.js,텍스트(JS),2주차,외부사본,커밋 없음(외부 worktree 사본·main 인덱스 밖),(참조 없음),상태 확인 필요,F-0235,worktree 사본이나 본체 대응 경로(courses/바이브코딩/sessions/2주차/실습예제/이탈재현/case_subfolder/fixed/script.js)와 SHA-256 불일치 · 구경로 sessions/N주차 → courses/바이브코딩/sessions/N주차 매핑,worktree판과 본체판의 내용 차이 미확인 — T11 계보 확인 필요,-,-
F-1023,.claude/worktrees/harness-skill-improvement-plan-2a5f81/sessions/2주차/실습예제/이탈재현/case_subfolder/fixed/style.css,1033,2f0c7f84b9b0c86f75a091959ccbc35c84df66fb28fff9b145098dfa2cff3265,.css,텍스트(CSS),2주차,외부사본,커밋 없음(외부 worktree 사본·main 인덱스 밖),(참조 없음),상태 확인 필요,F-0236,worktree 사본이나 본체 대응 경로(courses/바이브코딩/sessions/2주차/실습예제/이탈재현/case_subfolder/fixed/style.css)와 SHA-256 불일치 · 구경로 sessions/N주차 → courses/바이브코딩/sessions/N주차 매핑,worktree판과 본체판의 내용 차이 미확인 — T11 계보 확인 필요,-,-
F-1024,.claude/worktrees/harness-skill-improvement-plan-2a5f81/sessions/2주차/자료/2주차_개념KB.md,208602,51071adf1ac5715cf2a7bfce29bba46921099db0ba95abd6eca22148c883e26b,.md,텍스트(Markdown),2주차,외부사본,커밋 없음(외부 worktree 사본·main 인덱스 밖),./style.css(없음);./script.js(없음),상태 확인 필요,F-0238,worktree 사본이나 본체 대응 경로(courses/바이브코딩/sessions/2주차/자료/2주차_개념KB.md)와 SHA-256 불일치 · 구경로 sessions/N주차 → courses/바이브코딩/sessions/N주차 매핑,worktree판과 본체판의 내용 차이 미확인 — T11 계보 확인 필요,-,-
F-1025,.claude/worktrees/harness-skill-improvement-plan-2a5f81/sessions/2주차/자료/2주차_결정요청사항.md,18001,4695268ae9544079040c6dc1f821c5c8636f19460d0dbb4a15f7199d275a7295,.md,텍스트(Markdown),2주차,외부사본,커밋 없음(외부 worktree 사본·main 인덱스 밖),(참조 없음),상태 확인 필요,F-0239,worktree 사본이나 본체 대응 경로(courses/바이브코딩/sessions/2주차/자료/2주차_결정요청사항.md)와 SHA-256 불일치 · 구경로 sessions/N주차 → courses/바이브코딩/sessions/N주차 매핑,worktree판과 본체판의 내용 차이 미확인 — T11 계보 확인 필요,-,-
F-1026,.claude/worktrees/harness-skill-improvement-plan-2a5f81/sessions/2주차/자료/2주차_실습안_검증결과.md,80489,b4c54df4759717421e734ac9818ec9006cfd6ea09f70b15727f4df0b76ee05ff,.md,텍스트(Markdown),2주차,외부사본,커밋 없음(외부 worktree 사본·main 인덱스 밖),(참조 없음),상태 확인 필요,F-0241,worktree 사본이나 본체 대응 경로(courses/바이브코딩/sessions/2주차/자료/2주차_실습안_검증결과.md)와 SHA-256 불일치 · 구경로 sessions/N주차 → courses/바이브코딩/sessions/N주차 매핑,worktree판과 본체판의 내용 차이 미확인 — T11 계보 확인 필요,-,-
F-1027,.claude/worktrees/harness-skill-improvement-plan-2a5f81/sessions/2주차/자료/2주차_출처레지스트리.md,97064,c870f63de0bf0d1cd0dfc52fdf110bacc1597e1c34ee39b76436aa7613074acc,.md,텍스트(Markdown),2주차,외부사본,커밋 없음(외부 worktree 사본·main 인덱스 밖),main.css(없음),상태 확인 필요,F-0245,worktree 사본이나 본체 대응 경로(courses/바이브코딩/sessions/2주차/자료/2주차_출처레지스트리.md)와 SHA-256 불일치 · 구경로 sessions/N주차 → courses/바이브코딩/sessions/N주차 매핑,worktree판과 본체판의 내용 차이 미확인 — T11 계보 확인 필요,-,-
F-1028,.claude/worktrees/harness-skill-improvement-plan-2a5f81/sessions/2주차/자료/2주차_콘텐츠리서치_결과.md,26660,8f272debbdef9c2a522cec6f020e4d6f8197dad5f2e3533cf4472156d99bfe43,.md,텍스트(Markdown),2주차,외부사본,커밋 없음(외부 worktree 사본·main 인덱스 밖),(참조 없음),상태 확인 필요,F-0247,worktree 사본이나 본체 대응 경로(courses/바이브코딩/sessions/2주차/자료/2주차_콘텐츠리서치_결과.md)와 SHA-256 불일치 · 구경로 sessions/N주차 → courses/바이브코딩/sessions/N주차 매핑,worktree판과 본체판의 내용 차이 미확인 — T11 계보 확인 필요,-,-
F-1029,.claude/worktrees/harness-skill-improvement-plan-2a5f81/sessions/2주차/자료/실측/2주차_앱조작_사람입력.md,7088,1e6c29ea38793dd83d56f91158b74b3136855619a9f9057f974fbf9e69a7efcc,.md,텍스트(Markdown),2주차,외부사본,커밋 없음(외부 worktree 사본·main 인덱스 밖),(참조 없음),상태 확인 필요,F-0295,worktree 사본이나 본체 대응 경로(courses/바이브코딩/sessions/2주차/자료/실측/2주차_앱조작_사람입력.md)와 SHA-256 불일치 · 구경로 sessions/N주차 → courses/바이브코딩/sessions/N주차 매핑,worktree판과 본체판의 내용 차이 미확인 — T11 계보 확인 필요,-,-
F-1030,.claude/worktrees/harness-skill-improvement-plan-2a5f81/sessions/README.md,7047,312878c2d47c441a3fba1145828b1d5915c2201d990f340784305f7889685d3f,.md,텍스트(Markdown),구경로공통,외부사본,커밋 없음(외부 worktree 사본·main 인덱스 밖),../references/이미지-에셋-manifest.schema.json(있음);../skills/README.md(있음),상태 확인 필요,F-0344,worktree 사본이나 본체 대응 경로(sessions/README.md)와 SHA-256 불일치 · 구경로 sessions/N주차 → courses/바이브코딩/sessions/N주차 매핑,worktree판과 본체판의 내용 차이 미확인 — T11 계보 확인 필요,-,-
F-1031,.claude/worktrees/harness-skill-improvement-plan-2a5f81/sessions/_template/README.md,2370,55b4016e647d0ff1116e46a9993516ff4cfabc757f281be9f7864127ce133018,.md,텍스트(Markdown),템플릿(주차없음),외부사본,커밋 없음(외부 worktree 사본·main 인덱스 밖),../README.md(있음),상태 확인 필요,F-0345,worktree 사본이나 본체 대응 경로(sessions/_template/README.md)와 SHA-256 불일치 · 구경로 sessions/N주차 → courses/바이브코딩/sessions/N주차 매핑,worktree판과 본체판의 내용 차이 미확인 — T11 계보 확인 필요,-,-
F-1032,.claude/worktrees/harness-skill-improvement-plan-2a5f81/sessions/_template/강의덱.초안/README.md,1206,633dac37ef0380a3952884f5a619819f419195e53e756fad19d975bf07f7a7b8,.md,텍스트(Markdown),템플릿(주차없음),외부사본,커밋 없음(외부 worktree 사본·main 인덱스 밖),(참조 없음),상태 확인 필요,F-0347,worktree 사본이나 본체 대응 경로(sessions/_template/강의덱.초안/README.md)와 SHA-256 불일치 · 구경로 sessions/N주차 → courses/바이브코딩/sessions/N주차 매핑,worktree판과 본체판의 내용 차이 미확인 — T11 계보 확인 필요,-,-
F-1033,.claude/worktrees/harness-skill-improvement-plan-2a5f81/sessions/_template/강의덱.초안/part-01.html,1763,afbe0f2b8e669abadd5a5d7271c89fe6ff1d252f8dbb4c947765128df56c1430,.html,HTML(조각),템플릿(주차없음),외부사본,커밋 없음(외부 worktree 사본·main 인덱스 밖),(참조 없음),상태 확인 필요,F-0348,worktree 사본이나 본체 대응 경로(sessions/_template/강의덱.초안/part-01.html)와 SHA-256 불일치 · 구경로 sessions/N주차 → courses/바이브코딩/sessions/N주차 매핑,worktree판과 본체판의 내용 차이 미확인 — T11 계보 확인 필요,1,1
F-1034,.claude/worktrees/harness-skill-improvement-plan-2a5f81/sessions/_template/강의덱.초안/shell.html,23971,f008c10d67a5c26feb14eca86ba2e39dfc8ef7182af7ac33abf7278a4881c8b2,.html,HTML(문서),템플릿(주차없음),외부사본,커밋 없음(외부 worktree 사본·main 인덱스 밖),../../kit/styles/deck.css(있음);../../kit/styles/legibility.css(있음);../../kit/styles/patterns.css(있음);자료/images/asset-001.png(없음);자료/images/asset-002.png(없음),상태 확인 필요,F-0349,worktree 사본이나 본체 대응 경로(sessions/_template/강의덱.초안/shell.html)와 SHA-256 불일치 · 구경로 sessions/N주차 → courses/바이브코딩/sessions/N주차 매핑,worktree판과 본체판의 내용 차이 미확인 — T11 계보 확인 필요,4,6
F-1035,.claude/worktrees/harness-skill-improvement-plan-2a5f81/sessions/_template/자료/개념KB.md,8516,04c2b5c53d01835761cace8deed6ec9d79528967a13b9d8f382bf7efdcf89748,.md,텍스트(Markdown),템플릿(주차없음),외부사본,커밋 없음(외부 worktree 사본·main 인덱스 밖),(참조 없음),상태 확인 필요,F-0350,worktree 사본이나 본체 대응 경로(sessions/_template/자료/개념KB.md)와 SHA-256 불일치 · 구경로 sessions/N주차 → courses/바이브코딩/sessions/N주차 매핑,worktree판과 본체판의 내용 차이 미확인 — T11 계보 확인 필요,-,-
F-1036,.claude/worktrees/harness-skill-improvement-plan-2a5f81/sessions/_template/자료/리서치_리뷰.html,29212,d7171f17d1afa46816afdd0fa4a33ce5103c9885a08f425c0272f2aed4b55b22,.html,HTML(조각),템플릿(주차없음),외부사본,커밋 없음(외부 worktree 사본·main 인덱스 밖),(참조 없음),중복본,F-0351,worktree 사본 · 본체 대응 경로(sessions/_template/자료/리서치_리뷰.html)와 SHA-256 일치 · 구경로 sessions/N주차 → courses/바이브코딩/sessions/N주차 매핑,-,0(section 있으나 data-slide 0건),0
F-1037,.claude/worktrees/harness-skill-improvement-plan-2a5f81/sessions/_template/자료/이미지-에셋.json,178,7ed674876e348f6577944b0caf515641a0e088fc55dd5cbb2f8b53c4282b2c81,.json,JSON,템플릿(주차없음),외부사본,커밋 없음(외부 worktree 사본·main 인덱스 밖),(참조 없음),상태 확인 필요,F-0352,worktree 사본이나 본체 대응 경로(sessions/_template/자료/이미지-에셋.json)와 SHA-256 불일치 · 구경로 sessions/N주차 → courses/바이브코딩/sessions/N주차 매핑,worktree판과 본체판의 내용 차이 미확인 — T11 계보 확인 필요,-,-
F-1038,.claude/worktrees/harness-skill-improvement-plan-2a5f81/sessions/_template/자료/이미지-프롬프트.md,994,573b50205bac4ff9f685a7ab7a5436e5138cbc889a02306f1a78df68ff57242e,.md,텍스트(Markdown),템플릿(주차없음),외부사본,커밋 없음(외부 worktree 사본·main 인덱스 밖),(참조 없음),상태 확인 필요,F-0353,worktree 사본이나 본체 대응 경로(sessions/_template/자료/이미지-프롬프트.md)와 SHA-256 불일치 · 구경로 sessions/N주차 → courses/바이브코딩/sessions/N주차 매핑,worktree판과 본체판의 내용 차이 미확인 — T11 계보 확인 필요,-,-
F-1039,.claude/worktrees/harness-skill-improvement-plan-2a5f81/sessions/_template/콘텐츠_리뷰.html,22028,b273a12f91401e02590adf60eef2cbf3a85bfd2907867d4cfd81565239fddaf7,.html,HTML(조각),템플릿(주차없음),외부사본,커밋 없음(외부 worktree 사본·main 인덱스 밖),(참조 없음),상태 확인 필요,F-0354,worktree 사본이나 본체 대응 경로(sessions/_template/콘텐츠_리뷰.html)와 SHA-256 불일치 · 구경로 sessions/N주차 → courses/바이브코딩/sessions/N주차 매핑,worktree판과 본체판의 내용 차이 미확인 — T11 계보 확인 필요,0(section 있으나 data-slide 0건),0
F-1040,.claude/worktrees/harness-skill-improvement-plan-2a5f81/sessions/바이브코딩_커리큘럼_기준안.md,30652,b7b2fe1120d8e736a584f5a56da71e9648e1518ef77b09e275171894a27800bd,.md,텍스트(Markdown),구경로공통,외부사본,커밋 없음(외부 worktree 사본·main 인덱스 밖),(참조 없음),상태 확인 필요,F-0342,worktree 사본이나 본체 대응 경로(courses/바이브코딩/커리큘럼_기준안.md)와 SHA-256 불일치 · 구경로 sessions/N주차 → courses/바이브코딩/sessions/N주차 매핑,worktree판과 본체판의 내용 차이 미확인 — T11 계보 확인 필요,-,-
