order_id,order_date,order_status,customer_id,customer_type,age_group,region,category,product_name,brand,quantity,unit_price_krw,cost_per_unit_krw,discount_rate,shipping_fee_krw,payment_method,delivery_days,rating,returned,return_reason,order_month,net_revenue_krw,cost_total_krw,margin_krw,delivery_metric_included,source_line
ORD00001,2025-05-12,Completed,C0447,Returning,55+,Incheon,Electronics,Smart Watch,Pulse,3,99000,47000,0,0,Mobile Pay,4,5,No,,2025-05,297000,141000,156000,Yes,2
ORD00002,2025-12-13,Completed,C0125,Returning,55+,Incheon,Food,Protein Bar Pack,FitBite,2,28000,12000,0.05,3000,Card,5,5,No,,2025-12,53200,24000,29200,Yes,3
ORD00003,2025-08-27,Completed,C0832,VIP,35-44,Daejeon,Home,Cotton Towel Set,SoftDay,3,24000,10000,0.15,3000,Mobile Pay,1,5,No,,2025-08,61200,30000,31200,Yes,4
ORD00004,2025-09-29,Completed,C0599,New,45-54,Jeju,Fashion,Canvas Sneakers,Walkon,4,59000,26000,0.25,3000,Virtual Account,4,5,No,,2025-09,177000,104000,73000,Yes,5
ORD00005,2025-01-22,Completed,C0121,New,18-24,Gangwon,Food,Coffee Bean 1kg,BeanRoot,3,32000,15000,0,0,Card,2,5,No,,2025-01,96000,45000,51000,Yes,6
ORD00006,2025-03-01,Completed,C0028,VIP,18-24,Daejeon,Food,Protein Bar Pack,FitBite,3,28000,12000,0.2,3000,Bank Transfer,4,5,No,,2025-03,67200,36000,31200,Yes,7
ORD00007,2025-03-16,Completed,C0511,Returning,55+,Gwangju,Food,Gift Snack Box,HappyBox,4,33000,14000,0,3000,Mobile Pay,1,4,No,,2025-03,132000,56000,76000,Yes,8
ORD00008,2025-03-16,Completed,C0675,Returning,35-44,Seoul,Beauty,Hydrating Serum,PureLab,3,22000,9000,0.25,3000,Virtual Account,1,5,No,,2025-03,49500,27000,22500,Yes,9
ORD00010,2025-04-25,Completed,C0519,VIP,25-34,Gangwon,Fashion,Oversized Hoodie,Northline,3,45000,21000,0,3000,Mobile Pay,5,4,No,,2025-04,135000,63000,72000,Yes,11
ORD00011,2025-12-28,Completed,C0196,Returning,25-34,Daegu,Pet,Pet Bed,ComfyPaws,2,47000,20000,0,3000,Virtual Account,4,4,No,,2025-12,94000,40000,54000,Yes,12
ORD00012,2025-10-23,Completed,C0218,New,25-34,Daegu,Electronics,Smart Watch,Pulse,3,99000,47000,0.1,3000,Card,5,4,No,,2025-10,267300,141000,126300,Yes,13
ORD00013,2025-06-18,Completed,C0647,Returning,25-34,Daegu,Home,Desk Lamp,Lumen,1,39000,16000,0.2,3000,Mobile Pay,4,4,No,,2025-06,31200,16000,15200,Yes,14
ORD00014,2025-07-01,Completed,C0158,VIP,45-54,Daejeon,Pet,Pet Bed,ComfyPaws,3,47000,20000,0,3000,Mobile Pay,1,5,No,,2025-07,141000,60000,81000,Yes,15
ORD00015,2025-06-15,Completed,C0518,VIP,55+,Busan,Beauty,Lip Tint,Mellow,2,14000,5000,0,3000,Mobile Pay,1,5,No,,2025-06,28000,10000,18000,Yes,16
ORD00017,2025-09-08,Completed,C0193,Returning,55+,Jeju,Electronics,Smart Watch,Pulse,2,99000,47000,0,0,Bank Transfer,2,4,No,,2025-09,198000,94000,104000,Yes,18
ORD00018,2025-01-09,Completed,C0579,Returning,55+,Gyeonggi,Home,Desk Lamp,Lumen,4,39000,16000,0.1,3000,Bank Transfer,3,4,No,,2025-01,140400,64000,76400,Yes,19
ORD00019,2025-09-02,Completed,C0159,New,35-44,Incheon,Home,Storage Box Set,NeatHome,3,29000,12000,0,0,Mobile Pay,5,5,No,,2025-09,87000,36000,51000,Yes,20
ORD00020,2025-06-17,Completed,C0566,Returning,25-34,Gangwon,Food,Coffee Bean 1kg,BeanRoot,3,32000,15000,0,0,Mobile Pay,3,4,No,,2025-06,96000,45000,51000,Yes,21
ORD00021,2025-01-16,Completed,C0209,New,55+,Gwangju,Pet,Pet Bed,ComfyPaws,1,47000,20000,0,3000,Bank Transfer,2,4,No,,2025-01,47000,20000,27000,Yes,22
ORD00022,2025-08-18,Completed,C0281,Returning,25-34,Gwangju,Home,Desk Lamp,Lumen,1,39000,16000,0.2,0,Mobile Pay,4,4,No,,2025-08,31200,16000,15200,Yes,23
ORD00023,2025-12-25,Completed,C0534,VIP,45-54,Seoul,Pet,Cat Toy Bundle,PawJoy,1,19000,8000,0,3000,Bank Transfer,2,5,No,,2025-12,19000,8000,11000,Yes,24
ORD00024,2025-11-08,Completed,C0335,New,35-44,Daejeon,Beauty,Lip Tint,Mellow,3,14000,5000,0.15,3000,Card,4,4,No,,2025-11,35700,15000,20700,Yes,25
ORD00025,2025-10-21,Completed,C0665,Returning,35-44,Gyeonggi,Home,Desk Lamp,Lumen,4,39000,16000,0,0,Bank Transfer,2,5,No,,2025-10,156000,64000,92000,Yes,26
ORD00026,2025-08-15,Completed,C0590,New,45-54,Daegu,Food,Protein Bar Pack,FitBite,2,28000,12000,0,0,Bank Transfer,2,5,No,,2025-08,56000,24000,32000,Yes,27
ORD00027,2025-04-18,Completed,C0575,VIP,45-54,Incheon,Fashion,Crossbody Bag,Morrow,4,43000,18000,0.15,3000,Card,3,5,No,,2025-04,146200,72000,74200,Yes,28
ORD00028,2025-03-14,Completed,C0798,New,55+,Busan,Fashion,Canvas Sneakers,Walkon,2,59000,26000,0.2,3000,Bank Transfer,3,4,No,,2025-03,94400,52000,42400,Yes,29
ORD00029,2025-01-30,Completed,C0672,New,18-24,Gyeonggi,Pet,Pet Bed,ComfyPaws,4,47000,20000,0,0,Card,1,5,No,,2025-01,188000,80000,108000,Yes,30
ORD00030,2025-01-04,Completed,C0632,Returning,35-44,Gwangju,Food,Gift Snack Box,HappyBox,4,33000,14000,0.25,3000,Virtual Account,5,5,No,,2025-01,99000,56000,43000,Yes,31
ORD00031,2025-08-09,Completed,C0114,New,18-24,Busan,Beauty,Lip Tint,Mellow,2,14000,5000,0.1,3000,Virtual Account,5,5,No,,2025-08,25200,10000,15200,Yes,32
ORD00032,2025-11-03,Completed,C0608,New,18-24,Gyeonggi,Electronics,Wireless Earbuds,Nova,4,49000,24000,0.2,0,Virtual Account,3,5,No,,2025-11,156800,96000,60800,Yes,33
ORD00033,2025-07-30,Completed,C0538,VIP,18-24,Daegu,Electronics,Wireless Earbuds,Nova,3,49000,24000,0,3000,Bank Transfer,3,4,No,,2025-07,147000,72000,75000,Yes,34
ORD00034,2025-12-05,Completed,C0850,Returning,18-24,Gyeonggi,Electronics,Bluetooth Speaker,Soundly,4,65000,31000,0,3000,Bank Transfer,3,5,No,,2025-12,260000,124000,136000,Yes,35
ORD00035,2025-01-14,Completed,C0279,New,25-34,Daejeon,Fashion,Canvas Sneakers,Walkon,2,59000,26000,0,0,Virtual Account,2,4,No,,2025-01,118000,52000,66000,Yes,36
ORD00036,2025-08-16,Completed,C0217,New,18-24,Busan,Electronics,Bluetooth Speaker,Soundly,2,65000,31000,0,3000,Card,2,5,No,,2025-08,130000,62000,68000,Yes,37
ORD00037,2025-12-23,Completed,C0755,New,35-44,Gwangju,Pet,Dog Treats 1kg,Barkly,3,25000,11000,0,3000,Bank Transfer,5,4,No,,2025-12,75000,33000,42000,Yes,38
ORD00038,2025-04-18,Completed,C0115,Returning,55+,Jeju,Food,Coffee Bean 1kg,BeanRoot,1,32000,15000,0.1,3000,Mobile Pay,9,3,No,,2025-04,28800,15000,13800,Yes,39
ORD00039,2025-05-05,Completed,C0032,Returning,35-44,Daegu,Electronics,Smart Watch,Pulse,1,99000,47000,0.05,3000,Virtual Account,1,5,No,,2025-05,94050,47000,47050,Yes,40
ORD00040,2025-02-18,Completed,C0143,Returning,45-54,Gangwon,Pet,Pet Bed,ComfyPaws,3,47000,20000,0.25,3000,Virtual Account,4,5,No,,2025-02,105750,60000,45750,Yes,41
ORD00041,2025-05-02,Completed,C0538,New,55+,Gyeonggi,Beauty,Hydrating Serum,PureLab,2,22000,9000,0,0,Mobile Pay,1,5,No,,2025-05,44000,18000,26000,Yes,42
ORD00042,2025-11-18,Completed,C0242,VIP,18-24,Daejeon,Electronics,Smart Watch,Pulse,4,99000,47000,0.2,3000,Card,1,5,No,,2025-11,316800,188000,128800,Yes,43
ORD00043,2025-09-25,Completed,C0675,Returning,55+,Gangwon,Home,Storage Box Set,NeatHome,2,29000,12000,0.1,3000,Bank Transfer,3,4,No,,2025-09,52200,24000,28200,Yes,44
ORD00044,2025-06-23,Completed,C0581,Returning,45-54,Gangwon,Food,Coffee Bean 1kg,BeanRoot,1,32000,15000,0.1,3000,Card,5,5,No,,2025-06,28800,15000,13800,Yes,45
ORD00045,2025-07-22,Completed,C0080,VIP,45-54,Daejeon,Electronics,Wireless Earbuds,Nova,2,49000,24000,0.25,3000,Card,1,5,No,,2025-07,73500,48000,25500,Yes,46
ORD00046,2025-10-08,Completed,C0817,New,18-24,Gyeonggi,Electronics,Smart Watch,Pulse,2,99000,47000,0,3000,Virtual Account,2,4,No,,2025-10,198000,94000,104000,Yes,47
ORD00047,2025-11-10,Completed,C0491,Returning,45-54,Daejeon,Home,Storage Box Set,NeatHome,4,29000,12000,0.2,0,Mobile Pay,1,3,Yes,Late delivery,2025-11,92800,48000,44800,Yes,48
ORD00048,2025-09-22,Completed,C0359,New,35-44,Gwangju,Food,Gift Snack Box,HappyBox,2,33000,14000,0,3000,Virtual Account,1,4,No,,2025-09,66000,28000,38000,Yes,49
ORD00049,2025-07-16,Completed,C0371,New,35-44,Jeju,Food,Gift Snack Box,HappyBox,1,33000,14000,0.2,3000,Card,7,2,Yes,Damaged item,2025-07,26400,14000,12400,Yes,50
ORD00050,2025-03-23,Completed,C0617,VIP,25-34,Gwangju,Fashion,Oversized Hoodie,Northline,2,45000,21000,0,0,Card,4,5,No,,2025-03,90000,42000,48000,Yes,51
ORD00051,2025-04-13,Completed,C0656,New,25-34,Daejeon,Home,Cotton Towel Set,SoftDay,1,24000,10000,0.15,3000,Virtual Account,5,4,No,,2025-04,20400,10000,10400,Yes,52
ORD00052,2025-05-29,Completed,C0420,Returning,35-44,Gwangju,Pet,Cat Toy Bundle,PawJoy,2,19000,8000,0.15,0,Bank Transfer,2,5,No,,2025-05,32300,16000,16300,Yes,53
ORD00054,2025-11-15,Completed,C0301,Returning,18-24,Gangwon,Beauty,Lip Tint,Mellow,3,14000,5000,0.05,3000,Virtual Account,2,5,No,,2025-11,39900,15000,24900,Yes,55
ORD00055,2025-09-26,Completed,C0407,Returning,35-44,Daejeon,Beauty,Sunscreen SPF50,Glow,2,18000,7000,0,3000,Card,2,4,No,,2025-09,36000,14000,22000,Yes,56
ORD00056,2025-06-09,Completed,C0099,VIP,35-44,Gangwon,Fashion,Canvas Sneakers,Walkon,4,59000,26000,0.1,3000,Virtual Account,5,4,No,,2025-06,212400,104000,108400,Yes,57
ORD00057,2025-05-26,Completed,C0138,New,25-34,Daegu,Fashion,Canvas Sneakers,Walkon,4,59000,26000,0,3000,Virtual Account,4,4,No,,2025-05,236000,104000,132000,Yes,58
ORD00058,2025-09-21,Completed,C0431,Returning,45-54,Gwangju,Home,Storage Box Set,NeatHome,4,29000,12000,0,0,Virtual Account,1,5,No,,2025-09,116000,48000,68000,Yes,59
ORD00059,2025-10-11,Completed,C0738,Returning,35-44,Daejeon,Home,Storage Box Set,NeatHome,4,29000,12000,0,3000,Virtual Account,2,5,No,,2025-10,116000,48000,68000,Yes,60
ORD00060,2025-12-15,Completed,C0690,Returning,55+,Incheon,Electronics,Smart Watch,Pulse,3,99000,47000,0,3000,Mobile Pay,3,5,No,,2025-12,297000,141000,156000,Yes,61
ORD00061,2025-09-15,Completed,C0283,New,18-24,Gangwon,Home,Storage Box Set,NeatHome,2,29000,12000,0,3000,Card,6,3,No,,2025-09,58000,24000,34000,Yes,62
ORD00062,2025-09-17,Completed,C0072,New,25-34,Gwangju,Food,Gift Snack Box,HappyBox,1,33000,14000,0,3000,Virtual Account,4,5,No,,2025-09,33000,14000,19000,Yes,63
ORD00063,2025-09-28,Completed,C0114,Returning,25-34,Gangwon,Fashion,Oversized Hoodie,Northline,1,45000,21000,0,3000,Card,5,5,No,,2025-09,45000,21000,24000,Yes,64
ORD00064,2025-10-13,Completed,C0501,Returning,45-54,Incheon,Beauty,Lip Tint,Mellow,2,14000,5000,0,3000,Virtual Account,1,4,No,,2025-10,28000,10000,18000,Yes,65
ORD00066,2025-11-11,Completed,C0536,New,45-54,Jeju,Food,Coffee Bean 1kg,BeanRoot,1,32000,15000,0,3000,Bank Transfer,2,5,No,,2025-11,32000,15000,17000,Yes,67
ORD00067,2025-11-02,Completed,C0628,Returning,25-34,Gwangju,Pet,Pet Bed,ComfyPaws,2,47000,20000,0,0,Mobile Pay,2,5,No,,2025-11,94000,40000,54000,Yes,68
ORD00068,2025-02-26,Completed,C0464,New,45-54,Gyeonggi,Electronics,Smart Watch,Pulse,2,99000,47000,0,3000,Card,3,5,No,,2025-02,198000,94000,104000,Yes,69
ORD00070,2025-01-13,Completed,C0105,New,18-24,Gangwon,Electronics,Smart Watch,Pulse,3,99000,47000,0,3000,Virtual Account,9,3,No,,2025-01,297000,141000,156000,Yes,71
ORD00071,2025-10-29,Completed,C0524,New,35-44,Seoul,Food,Coffee Bean 1kg,BeanRoot,3,32000,15000,0,3000,Virtual Account,1,,No,,2025-10,96000,45000,51000,Yes,72
ORD00072,2025-11-29,Completed,C0754,New,35-44,Seoul,Electronics,Bluetooth Speaker,Soundly,4,65000,31000,0,3000,Bank Transfer,1,4,No,,2025-11,260000,124000,136000,Yes,73
ORD00073,2025-03-16,Completed,C0085,New,18-24,Daejeon,Pet,Pet Bed,ComfyPaws,2,47000,20000,0,0,Mobile Pay,5,5,No,,2025-03,94000,40000,54000,Yes,74
ORD00074,2025-10-14,Completed,C0375,Returning,25-34,Daegu,Beauty,Sunscreen SPF50,Glow,1,18000,7000,0.1,3000,Mobile Pay,5,4,No,,2025-10,16200,7000,9200,Yes,75
ORD00075,2025-11-29,Completed,C0485,New,55+,Daegu,Home,Storage Box Set,NeatHome,3,29000,12000,0.15,0,Virtual Account,2,5,No,,2025-11,73950,36000,37950,Yes,76
ORD00076,2025-10-01,Completed,C0569,Returning,18-24,Busan,Pet,Pet Bed,ComfyPaws,3,47000,20000,0,3000,Card,2,5,No,,2025-10,141000,60000,81000,Yes,77
ORD00077,2025-06-11,Completed,C0821,Returning,45-54,Daegu,Food,Gift Snack Box,HappyBox,2,33000,14000,0,3000,Virtual Account,2,5,No,,2025-06,66000,28000,38000,Yes,78
ORD00078,2025-10-31,Completed,C0559,VIP,55+,Gangwon,Beauty,Lip Tint,Mellow,1,14000,5000,0,3000,Bank Transfer,6,3,No,,2025-10,14000,5000,9000,Yes,79
ORD00079,2025-11-13,Completed,C0159,Returning,18-24,Incheon,Beauty,Sunscreen SPF50,Glow,1,18000,7000,0,3000,Bank Transfer,1,4,No,,2025-11,18000,7000,11000,Yes,80
ORD00080,2025-09-19,Completed,C0839,Returning,55+,Gangwon,Pet,Cat Toy Bundle,PawJoy,3,19000,8000,0,0,Mobile Pay,2,4,No,,2025-09,57000,24000,33000,Yes,81
ORD00081,2025-10-17,Completed,C0491,VIP,25-34,Gwangju,Beauty,Lip Tint,Mellow,3,14000,5000,0.05,3000,Bank Transfer,4,5,No,,2025-10,39900,15000,24900,Yes,82
ORD00082,2025-09-24,Completed,C0610,VIP,18-24,Gyeonggi,Fashion,Crossbody Bag,Morrow,1,43000,18000,0,0,Bank Transfer,3,4,No,,2025-09,43000,18000,25000,Yes,83
ORD00083,2025-09-06,Completed,C0083,New,18-24,Daejeon,Home,Desk Lamp,Lumen,3,39000,16000,0,3000,Mobile Pay,2,3,Yes,Late delivery,2025-09,117000,48000,69000,Yes,84
ORD00084,2025-01-26,Completed,C0211,Returning,55+,Gangwon,Pet,Pet Bed,ComfyPaws,1,47000,20000,0,3000,Card,3,5,No,,2025-01,47000,20000,27000,Yes,85
ORD00085,2025-08-26,Completed,C0344,New,55+,Gyeonggi,Food,Coffee Bean 1kg,BeanRoot,1,32000,15000,0.1,3000,Bank Transfer,3,5,No,,2025-08,28800,15000,13800,Yes,86
ORD00086,2025-11-28,Completed,C0187,New,25-34,Gyeonggi,Food,Gift Snack Box,HappyBox,3,33000,14000,0,3000,Card,4,5,No,,2025-11,99000,42000,57000,Yes,87
ORD00087,2025-10-15,Completed,C0172,New,35-44,Gyeonggi,Beauty,Hydrating Serum,PureLab,1,22000,9000,0,3000,Card,2,4,No,,2025-10,22000,9000,13000,Yes,88
ORD00088,2025-03-22,Completed,C0697,New,25-34,Gwangju,Food,Protein Bar Pack,FitBite,1,28000,12000,0.2,3000,Card,4,4,No,,2025-03,22400,12000,10400,Yes,89
ORD00089,2025-10-08,Completed,C0428,New,45-54,Gyeonggi,Pet,Cat Toy Bundle,PawJoy,4,19000,8000,0,3000,Bank Transfer,2,5,No,,2025-10,76000,32000,44000,Yes,90
ORD00090,2025-02-11,Completed,C0476,Returning,55+,Incheon,Electronics,Bluetooth Speaker,Soundly,1,65000,31000,0,3000,Card,3,,No,,2025-02,65000,31000,34000,Yes,91
ORD00091,2025-05-14,Completed,C0491,VIP,35-44,Jeju,Electronics,Wireless Earbuds,Nova,3,49000,24000,0,3000,Mobile Pay,5,5,No,,2025-05,147000,72000,75000,Yes,92
ORD00092,2025-05-03,Completed,C0763,New,25-34,Busan,Food,Protein Bar Pack,FitBite,2,28000,12000,0,3000,Bank Transfer,3,5,No,,2025-05,56000,24000,32000,Yes,93
ORD00093,2025-07-31,Completed,C0040,Returning,55+,Daegu,Food,Coffee Bean 1kg,BeanRoot,3,32000,15000,0,3000,Virtual Account,4,4,No,,2025-07,96000,45000,51000,Yes,94
ORD00094,2025-11-14,Completed,C0283,VIP,55+,Daegu,Fashion,Oversized Hoodie,Northline,2,45000,21000,0,3000,Card,5,5,No,,2025-11,90000,42000,48000,Yes,95
ORD00095,2025-11-15,Completed,C0143,New,18-24,Daejeon,Fashion,Crossbody Bag,Morrow,3,43000,18000,0,3000,Bank Transfer,5,4,No,,2025-11,129000,54000,75000,Yes,96
ORD00096,2025-12-24,Completed,C0126,New,55+,Seoul,Pet,Pet Bed,ComfyPaws,4,47000,20000,0.25,3000,Virtual Account,5,5,No,,2025-12,141000,80000,61000,Yes,97
ORD00098,2025-06-08,Completed,C0450,Returning,35-44,Jeju,Fashion,Crossbody Bag,Morrow,4,43000,18000,0,3000,Virtual Account,1,5,No,,2025-06,172000,72000,100000,Yes,99
ORD00099,2025-09-15,Completed,C0293,New,18-24,Jeju,Pet,Dog Treats 1kg,Barkly,3,25000,11000,0.25,3000,Mobile Pay,6,3,No,,2025-09,56250,33000,23250,Yes,100
ORD00100,2025-09-10,Completed,C0406,Returning,25-34,Jeju,Pet,Pet Bed,ComfyPaws,1,47000,20000,0,0,Bank Transfer,3,5,No,,2025-09,47000,20000,27000,Yes,101
ORD00101,2025-09-12,Completed,C0615,Returning,18-24,Gwangju,Pet,Pet Bed,ComfyPaws,2,47000,20000,0,0,Bank Transfer,3,4,No,,2025-09,94000,40000,54000,Yes,102
ORD00102,2025-11-13,Completed,C0848,Returning,35-44,Daejeon,Fashion,Oversized Hoodie,Northline,1,45000,21000,0,3000,Card,1,5,No,,2025-11,45000,21000,24000,Yes,103
ORD00103,2025-02-13,Completed,C0449,Returning,18-24,Busan,Home,Desk Lamp,Lumen,2,39000,16000,0,0,Mobile Pay,5,4,No,,2025-02,78000,32000,46000,Yes,104
ORD00104,2025-06-05,Completed,C0299,Returning,45-54,Busan,Food,Coffee Bean 1kg,BeanRoot,3,32000,15000,0,0,Bank Transfer,5,5,No,,2025-06,96000,45000,51000,Yes,105
ORD00105,2025-04-26,Completed,C0624,New,35-44,Gangwon,Beauty,Lip Tint,Mellow,4,14000,5000,0.2,3000,Virtual Account,1,5,No,,2025-04,44800,20000,24800,Yes,106
ORD00106,2025-12-23,Completed,C0101,Returning,18-24,Gwangju,Beauty,Lip Tint,Mellow,2,14000,5000,0,0,Bank Transfer,2,5,No,,2025-12,28000,10000,18000,Yes,107
ORD00107,2025-06-05,Completed,C0337,VIP,45-54,Daejeon,Pet,Dog Treats 1kg,Barkly,1,25000,11000,0,0,Card,5,4,No,,2025-06,25000,11000,14000,Yes,108
ORD00108,2025-05-16,Completed,C0105,New,18-24,Jeju,Fashion,Oversized Hoodie,Northline,3,45000,21000,0,3000,Virtual Account,6,4,No,,2025-05,135000,63000,72000,Yes,109
ORD00109,2025-07-01,Completed,C0196,VIP,35-44,Daejeon,Home,Desk Lamp,Lumen,1,39000,16000,0.25,3000,Bank Transfer,1,,No,,2025-07,29250,16000,13250,Yes,110
ORD00110,2025-01-24,Completed,C0767,New,55+,Gangwon,Electronics,Bluetooth Speaker,Soundly,2,65000,31000,0.15,3000,Mobile Pay,6,3,No,,2025-01,110500,62000,48500,Yes,111
ORD00111,2025-08-08,Completed,C0418,Returning,18-24,Incheon,Fashion,Oversized Hoodie,Northline,4,45000,21000,0.2,3000,Bank Transfer,2,5,No,,2025-08,144000,84000,60000,Yes,112
ORD00114,2025-02-19,Completed,C0521,New,35-44,Daejeon,Pet,Cat Toy Bundle,PawJoy,2,19000,8000,0,3000,Mobile Pay,1,5,No,,2025-02,38000,16000,22000,Yes,115
ORD00115,2025-10-03,Completed,C0300,New,18-24,Busan,Electronics,Wireless Earbuds,Nova,4,49000,24000,0,0,Bank Transfer,3,5,No,,2025-10,196000,96000,100000,Yes,116
ORD00116,2025-04-14,Completed,C0234,New,35-44,Incheon,Beauty,Hydrating Serum,PureLab,3,22000,9000,0.05,3000,Card,3,4,No,,2025-04,62700,27000,35700,Yes,117
ORD00118,2025-09-08,Completed,C0246,VIP,55+,Gwangju,Home,Desk Lamp,Lumen,4,39000,16000,0,3000,Card,5,5,No,,2025-09,156000,64000,92000,Yes,119
ORD00119,2025-02-08,Completed,C0248,New,25-34,Daejeon,Fashion,Crossbody Bag,Morrow,4,43000,18000,0,0,Mobile Pay,3,4,No,,2025-02,172000,72000,100000,Yes,120
ORD00120,2025-05-01,Completed,C0103,New,35-44,Gangwon,Electronics,Smart Watch,Pulse,4,99000,47000,0,3000,Bank Transfer,7,4,No,,2025-05,396000,188000,208000,Yes,121
ORD00121,2025-05-14,Completed,C0649,VIP,55+,Busan,Beauty,Lip Tint,Mellow,3,14000,5000,0,0,Card,4,4,No,,2025-05,42000,15000,27000,Yes,122
ORD00122,2025-03-24,Completed,C0759,New,45-54,Busan,Fashion,Crossbody Bag,Morrow,4,43000,18000,0,3000,Bank Transfer,4,5,No,,2025-03,172000,72000,100000,Yes,123
ORD00123,2025-11-28,Completed,C0812,VIP,35-44,Busan,Food,Coffee Bean 1kg,BeanRoot,4,32000,15000,0,3000,Mobile Pay,2,,No,,2025-11,128000,60000,68000,Yes,124
ORD00124,2025-08-06,Completed,C0315,Returning,25-34,Gwangju,Food,Gift Snack Box,HappyBox,1,33000,14000,0,0,Bank Transfer,3,4,No,,2025-08,33000,14000,19000,Yes,125
ORD00125,2025-01-11,Completed,C0547,New,18-24,Gangwon,Fashion,Oversized Hoodie,Northline,2,45000,21000,0,3000,Card,9,4,No,,2025-01,90000,42000,48000,Yes,126
ORD00126,2025-12-30,Completed,C0496,Returning,18-24,Gangwon,Beauty,Hydrating Serum,PureLab,4,22000,9000,0,0,Virtual Account,3,5,No,,2025-12,88000,36000,52000,Yes,127
ORD00127,2025-02-25,Completed,C0716,New,18-24,Gwangju,Food,Protein Bar Pack,FitBite,1,28000,12000,0.2,3000,Card,4,5,No,,2025-02,22400,12000,10400,Yes,128
ORD00128,2025-05-12,Completed,C0729,Returning,55+,Daejeon,Pet,Pet Bed,ComfyPaws,4,47000,20000,0,3000,Virtual Account,1,5,No,,2025-05,188000,80000,108000,Yes,129
ORD00129,2025-01-15,Completed,C0688,Returning,18-24,Gangwon,Beauty,Hydrating Serum,PureLab,4,22000,9000,0,3000,Card,7,4,No,,2025-01,88000,36000,52000,Yes,130
ORD00130,2025-05-27,Completed,C0769,New,18-24,Gangwon,Home,Storage Box Set,NeatHome,1,29000,12000,0,0,Bank Transfer,8,2,Yes,Wrong size,2025-05,29000,12000,17000,Yes,131
ORD00131,2025-10-08,Completed,C0335,VIP,18-24,Daejeon,Beauty,Lip Tint,Mellow,3,14000,5000,0.15,3000,Bank Transfer,3,5,No,,2025-10,35700,15000,20700,Yes,132
ORD00132,2025-04-12,Completed,C0727,New,55+,Daegu,Fashion,Oversized Hoodie,Northline,1,45000,21000,0,3000,Virtual Account,5,4,No,,2025-04,45000,21000,24000,Yes,133
ORD00133,2025-11-04,Completed,C0738,New,35-44,Jeju,Home,Storage Box Set,NeatHome,3,29000,12000,0,3000,Mobile Pay,5,4,No,,2025-11,87000,36000,51000,Yes,134
ORD00134,2025-07-18,Completed,C0072,VIP,35-44,Gyeonggi,Home,Storage Box Set,NeatHome,4,29000,12000,0,3000,Card,2,5,No,,2025-07,116000,48000,68000,Yes,135
ORD00135,2025-10-23,Completed,C0283,VIP,18-24,Jeju,Pet,Cat Toy Bundle,PawJoy,1,19000,8000,0,3000,Card,7,3,No,,2025-10,19000,8000,11000,Yes,136
ORD00137,2025-12-26,Completed,C0117,VIP,25-34,Daegu,Pet,Cat Toy Bundle,PawJoy,1,19000,8000,0.15,0,Virtual Account,5,5,No,,2025-12,16150,8000,8150,Yes,138
ORD00138,2025-01-06,Completed,C0023,Returning,25-34,Jeju,Electronics,Bluetooth Speaker,Soundly,4,65000,31000,0.1,3000,Mobile Pay,9,4,No,,2025-01,234000,124000,110000,Yes,139
ORD00139,2025-06-07,Completed,C0434,New,55+,Busan,Food,Gift Snack Box,HappyBox,3,33000,14000,0,0,Card,5,4,No,,2025-06,99000,42000,57000,Yes,140
ORD00140,2025-12-09,Completed,C0344,VIP,55+,Gwangju,Fashion,Canvas Sneakers,Walkon,1,59000,26000,0,3000,Card,2,5,No,,2025-12,59000,26000,33000,Yes,141
ORD00141,2025-03-02,Completed,C0837,New,35-44,Daegu,Beauty,Sunscreen SPF50,Glow,1,18000,7000,0,3000,Card,5,4,No,,2025-03,18000,7000,11000,Yes,142
ORD00142,2025-08-11,Completed,C0399,Returning,45-54,Daejeon,Pet,Pet Bed,ComfyPaws,2,47000,20000,0.25,3000,Mobile Pay,3,5,No,,2025-08,70500,40000,30500,Yes,143
ORD00143,2025-06-21,Completed,C0264,VIP,45-54,Gangwon,Home,Storage Box Set,NeatHome,1,29000,12000,0,3000,Card,1,4,No,,2025-06,29000,12000,17000,Yes,144
ORD00144,2025-01-30,Completed,C0414,VIP,25-34,Gangwon,Fashion,Canvas Sneakers,Walkon,3,59000,26000,0,3000,Virtual Account,1,5,No,,2025-01,177000,78000,99000,Yes,145
ORD00145,2025-01-08,Completed,C0236,New,55+,Gwangju,Pet,Cat Toy Bundle,PawJoy,1,19000,8000,0,3000,Virtual Account,4,5,No,,2025-01,19000,8000,11000,Yes,146
ORD00146,2025-12-18,Completed,C0179,Returning,18-24,Gangwon,Pet,Cat Toy Bundle,PawJoy,2,19000,8000,0.15,3000,Mobile Pay,5,4,No,,2025-12,32300,16000,16300,Yes,147
ORD00147,2025-06-30,Completed,C0191,VIP,55+,Gyeonggi,Home,Desk Lamp,Lumen,4,39000,16000,0.2,3000,Bank Transfer,3,4,No,,2025-06,124800,64000,60800,Yes,148
ORD00148,2025-07-06,Completed,C0346,New,35-44,Gwangju,Electronics,Wireless Earbuds,Nova,2,49000,24000,0,3000,Mobile Pay,1,4,No,,2025-07,98000,48000,50000,Yes,149
ORD00149,2025-09-01,Completed,C0517,New,18-24,Gyeonggi,Beauty,Lip Tint,Mellow,4,14000,5000,0,3000,Card,5,4,No,,2025-09,56000,20000,36000,Yes,150
ORD00150,2025-02-03,Completed,C0181,New,45-54,Gwangju,Home,Storage Box Set,NeatHome,1,29000,12000,0,3000,Virtual Account,2,4,No,,2025-02,29000,12000,17000,Yes,151
ORD00151,2025-01-08,Completed,C0505,New,45-54,Jeju,Electronics,Wireless Earbuds,Nova,1,49000,24000,0,0,Mobile Pay,7,4,No,,2025-01,49000,24000,25000,Yes,152
ORD00152,2025-06-07,Completed,C0405,New,55+,Busan,Home,Desk Lamp,Lumen,3,39000,16000,0.05,3000,Mobile Pay,2,5,No,,2025-06,111150,48000,63150,Yes,153
ORD00153,2025-07-03,Completed,C0584,Returning,45-54,Daejeon,Home,Cotton Towel Set,SoftDay,3,24000,10000,0.25,3000,Card,3,5,No,,2025-07,54000,30000,24000,Yes,154
ORD00154,2025-10-28,Completed,C0745,VIP,18-24,Incheon,Home,Storage Box Set,NeatHome,2,29000,12000,0,3000,Card,2,5,No,,2025-10,58000,24000,34000,Yes,155
ORD00155,2025-11-07,Completed,C0331,Returning,45-54,Busan,Fashion,Canvas Sneakers,Walkon,1,59000,26000,0.2,3000,Mobile Pay,3,5,No,,2025-11,47200,26000,21200,Yes,156
ORD00156,2025-03-16,Completed,C0710,Returning,18-24,Incheon,Home,Cotton Towel Set,SoftDay,2,24000,10000,0.15,3000,Card,4,,No,,2025-03,40800,20000,20800,Yes,157
ORD00158,2025-09-20,Completed,C0215,VIP,45-54,Seoul,Beauty,Hydrating Serum,PureLab,2,22000,9000,0,3000,Bank Transfer,4,,No,,2025-09,44000,18000,26000,Yes,159
ORD00159,2025-07-07,Completed,C0150,Returning,25-34,Incheon,Food,Protein Bar Pack,FitBite,3,28000,12000,0,3000,Card,4,5,No,,2025-07,84000,36000,48000,Yes,160
ORD00160,2025-02-19,Completed,C0239,New,18-24,Gangwon,Pet,Dog Treats 1kg,Barkly,3,25000,11000,0,3000,Virtual Account,2,5,No,,2025-02,75000,33000,42000,Yes,161
ORD00162,2025-05-22,Completed,C0709,New,25-34,Incheon,Electronics,Bluetooth Speaker,Soundly,2,65000,31000,0,3000,Card,2,4,No,,2025-05,130000,62000,68000,Yes,163
ORD00163,2025-10-31,Completed,C0152,VIP,55+,Gyeonggi,Beauty,Hydrating Serum,PureLab,1,22000,9000,0,3000,Virtual Account,4,4,No,,2025-10,22000,9000,13000,Yes,164
ORD00164,2025-01-17,Completed,C0547,VIP,55+,Busan,Electronics,Wireless Earbuds,Nova,3,49000,24000,0.1,3000,Card,3,4,No,,2025-01,132300,72000,60300,Yes,165
ORD00165,2025-08-12,Completed,C0229,New,35-44,Jeju,Fashion,Canvas Sneakers,Walkon,2,59000,26000,0,3000,Bank Transfer,2,5,No,,2025-08,118000,52000,66000,Yes,166
ORD00166,2025-04-24,Completed,C0463,Returning,25-34,Gyeonggi,Beauty,Sunscreen SPF50,Glow,3,18000,7000,0,3000,Virtual Account,4,5,No,,2025-04,54000,21000,33000,Yes,167
ORD00167,2025-09-26,Completed,C0160,Returning,25-34,Gangwon,Pet,Cat Toy Bundle,PawJoy,1,19000,8000,0,0,Mobile Pay,5,5,No,,2025-09,19000,8000,11000,Yes,168
ORD00168,2025-04-23,Completed,C0746,Returning,18-24,Seoul,Fashion,Oversized Hoodie,Northline,1,45000,21000,0.2,0,Mobile Pay,5,5,No,,2025-04,36000,21000,15000,Yes,169
ORD00169,2025-10-27,Completed,C0347,New,55+,Daejeon,Beauty,Sunscreen SPF50,Glow,1,18000,7000,0,0,Mobile Pay,3,5,No,,2025-10,18000,7000,11000,Yes,170
ORD00170,2025-02-16,Completed,C0221,New,45-54,Daegu,Food,Protein Bar Pack,FitBite,3,28000,12000,0.05,0,Card,2,5,No,,2025-02,79800,36000,43800,Yes,171
ORD00171,2025-03-18,Completed,C0044,New,25-34,Incheon,Electronics,Wireless Earbuds,Nova,4,49000,24000,0,3000,Bank Transfer,1,4,No,,2025-03,196000,96000,100000,Yes,172
ORD00172,2025-02-13,Completed,C0785,Returning,45-54,Daejeon,Electronics,Smart Watch,Pulse,3,99000,47000,0,3000,Bank Transfer,3,5,No,,2025-02,297000,141000,156000,Yes,173
ORD00173,2025-02-25,Completed,C0365,Returning,35-44,Seoul,Beauty,Hydrating Serum,PureLab,4,22000,9000,0,0,Virtual Account,1,4,No,,2025-02,88000,36000,52000,Yes,174
ORD00174,2025-10-30,Completed,C0602,Returning,18-24,Busan,Pet,Pet Bed,ComfyPaws,1,47000,20000,0,0,Virtual Account,3,5,No,,2025-10,47000,20000,27000,Yes,175
ORD00175,2025-03-12,Completed,C0127,VIP,25-34,Gangwon,Beauty,Sunscreen SPF50,Glow,1,18000,7000,0.05,3000,Card,6,3,No,,2025-03,17100,7000,10100,Yes,176
ORD00176,2025-03-08,Completed,C0435,Returning,55+,Gwangju,Home,Storage Box Set,NeatHome,1,29000,12000,0,0,Bank Transfer,4,5,No,,2025-03,29000,12000,17000,Yes,177
ORD00177,2025-03-31,Completed,C0590,New,25-34,Busan,Pet,Dog Treats 1kg,Barkly,1,25000,11000,0.25,0,Card,2,5,No,,2025-03,18750,11000,7750,Yes,178
ORD00178,2025-07-18,Completed,C0790,VIP,45-54,Gyeonggi,Fashion,Oversized Hoodie,Northline,1,45000,21000,0,0,Mobile Pay,1,4,No,,2025-07,45000,21000,24000,Yes,179
ORD00179,2025-02-26,Completed,C0278,VIP,55+,Gangwon,Pet,Cat Toy Bundle,PawJoy,2,19000,8000,0,3000,Mobile Pay,9,4,No,,2025-02,38000,16000,22000,Yes,180
ORD00180,2025-10-18,Completed,C0498,Returning,25-34,Daejeon,Electronics,Bluetooth Speaker,Soundly,1,65000,31000,0.1,0,Card,4,5,No,,2025-10,58500,31000,27500,Yes,181
ORD00182,2025-10-28,Completed,C0179,Returning,45-54,Gwangju,Home,Storage Box Set,NeatHome,2,29000,12000,0,3000,Mobile Pay,5,5,No,,2025-10,58000,24000,34000,Yes,183
ORD00183,2025-04-23,Completed,C0464,New,55+,Gwangju,Food,Protein Bar Pack,FitBite,3,28000,12000,0,3000,Bank Transfer,2,5,No,,2025-04,84000,36000,48000,Yes,184
ORD00184,2025-12-19,Completed,C0457,Returning,25-34,Busan,Food,Protein Bar Pack,FitBite,4,28000,12000,0.05,0,Bank Transfer,5,3,Yes,Late delivery,2025-12,106400,48000,58400,Yes,185
ORD00186,2025-03-04,Completed,C0169,Returning,35-44,Daejeon,Beauty,Sunscreen SPF50,Glow,4,18000,7000,0,3000,Card,1,5,No,,2025-03,72000,28000,44000,Yes,187
ORD00188,2025-11-22,Completed,C0239,Returning,25-34,Daejeon,Beauty,Lip Tint,Mellow,1,14000,5000,0,0,Card,1,4,No,,2025-11,14000,5000,9000,Yes,189
ORD00189,2025-05-26,Completed,C0581,Returning,25-34,Gangwon,Fashion,Oversized Hoodie,Northline,1,45000,21000,0.2,3000,Virtual Account,5,5,No,,2025-05,36000,21000,15000,Yes,190
ORD00190,2025-11-13,Completed,C0119,Returning,18-24,Incheon,Pet,Dog Treats 1kg,Barkly,3,25000,11000,0,3000,Mobile Pay,4,5,No,,2025-11,75000,33000,42000,Yes,191
ORD00191,2025-11-11,Completed,C0447,Returning,25-34,Daejeon,Electronics,Smart Watch,Pulse,4,99000,47000,0,3000,Mobile Pay,4,4,No,,2025-11,396000,188000,208000,Yes,192
ORD00193,2025-03-30,Completed,C0606,New,25-34,Gyeonggi,Beauty,Hydrating Serum,PureLab,1,22000,9000,0,3000,Card,2,5,No,,2025-03,22000,9000,13000,Yes,194
ORD00194,2025-11-20,Completed,C0079,Returning,55+,Incheon,Home,Desk Lamp,Lumen,4,39000,16000,0,3000,Card,5,5,No,,2025-11,156000,64000,92000,Yes,195
ORD00195,2025-09-08,Completed,C0483,New,55+,Busan,Pet,Pet Bed,ComfyPaws,1,47000,20000,0.25,0,Mobile Pay,1,5,No,,2025-09,35250,20000,15250,Yes,196
ORD00196,2025-08-15,Completed,C0184,VIP,18-24,Busan,Home,Storage Box Set,NeatHome,4,29000,12000,0.1,3000,Card,2,4,No,,2025-08,104400,48000,56400,Yes,197
ORD00197,2025-03-02,Completed,C0834,Returning,45-54,Gwangju,Electronics,Bluetooth Speaker,Soundly,1,65000,31000,0.1,3000,Virtual Account,4,5,No,,2025-03,58500,31000,27500,Yes,198
ORD00199,2025-10-30,Completed,C0466,VIP,55+,Incheon,Beauty,Sunscreen SPF50,Glow,4,18000,7000,0,0,Bank Transfer,3,4,No,,2025-10,72000,28000,44000,Yes,200
ORD00200,2025-01-06,Completed,C0487,New,55+,Gangwon,Electronics,Smart Watch,Pulse,1,99000,47000,0,3000,Mobile Pay,2,5,No,,2025-01,99000,47000,52000,Yes,201
ORD00201,2025-03-11,Completed,C0270,Returning,35-44,Jeju,Beauty,Lip Tint,Mellow,3,14000,5000,0,3000,Virtual Account,6,2,Yes,Wrong size,2025-03,42000,15000,27000,Yes,202
ORD00202,2025-11-08,Completed,C0518,VIP,18-24,Gangwon,Beauty,Sunscreen SPF50,Glow,3,18000,7000,0,3000,Bank Transfer,1,5,No,,2025-11,54000,21000,33000,Yes,203
ORD00203,2025-11-20,Completed,C0750,New,25-34,Gwangju,Home,Cotton Towel Set,SoftDay,3,24000,10000,0.1,0,Card,4,4,No,,2025-11,64800,30000,34800,Yes,204
ORD00204,2025-01-12,Completed,C0047,VIP,25-34,Gyeonggi,Pet,Pet Bed,ComfyPaws,4,47000,20000,0,3000,Virtual Account,2,,No,,2025-01,188000,80000,108000,Yes,205
ORD00205,2025-07-29,Completed,C0781,New,55+,Daegu,Beauty,Lip Tint,Mellow,2,14000,5000,0,0,Bank Transfer,2,4,No,,2025-07,28000,10000,18000,Yes,206
ORD00206,2025-04-11,Completed,C0254,New,35-44,Gangwon,Home,Desk Lamp,Lumen,4,39000,16000,0.25,3000,Virtual Account,4,5,No,,2025-04,117000,64000,53000,Yes,207
ORD00207,2025-07-16,Completed,C0601,Returning,25-34,Gangwon,Pet,Dog Treats 1kg,Barkly,4,25000,11000,0,3000,Card,4,4,No,,2025-07,100000,44000,56000,Yes,208
ORD00208,2025-11-21,Completed,C0511,New,45-54,Gwangju,Food,Protein Bar Pack,FitBite,2,28000,12000,0,3000,Bank Transfer,3,4,No,,2025-11,56000,24000,32000,Yes,209
ORD00209,2025-06-25,Completed,C0584,Returning,55+,Seoul,Food,Gift Snack Box,HappyBox,1,33000,14000,0.15,0,Bank Transfer,2,5,No,,2025-06,28050,14000,14050,Yes,210
ORD00210,2025-11-13,Completed,C0633,Returning,18-24,Busan,Beauty,Sunscreen SPF50,Glow,1,18000,7000,0.05,0,Virtual Account,2,4,No,,2025-11,17100,7000,10100,Yes,211
ORD00211,2025-01-18,Completed,C0802,New,35-44,Gangwon,Fashion,Canvas Sneakers,Walkon,2,59000,26000,0,3000,Mobile Pay,7,3,No,,2025-01,118000,52000,66000,Yes,212
ORD00212,2025-11-01,Completed,C0411,Returning,35-44,Seoul,Home,Desk Lamp,Lumen,4,39000,16000,0,3000,Mobile Pay,3,4,No,,2025-11,156000,64000,92000,Yes,213
ORD00213,2025-03-30,Completed,C0420,New,25-34,Gangwon,Fashion,Crossbody Bag,Morrow,3,43000,18000,0.15,3000,Card,3,5,No,,2025-03,109650,54000,55650,Yes,214
ORD00214,2025-05-29,Completed,C0236,Returning,35-44,Gyeonggi,Beauty,Hydrating Serum,PureLab,2,22000,9000,0,3000,Card,2,5,No,,2025-05,44000,18000,26000,Yes,215
ORD00215,2025-02-08,Completed,C0619,Returning,25-34,Gangwon,Fashion,Crossbody Bag,Morrow,1,43000,18000,0.15,3000,Mobile Pay,8,3,No,,2025-02,36550,18000,18550,Yes,216
ORD00216,2025-03-11,Completed,C0190,Returning,45-54,Daejeon,Electronics,Smart Watch,Pulse,4,99000,47000,0.05,3000,Card,1,4,No,,2025-03,376200,188000,188200,Yes,217
ORD00217,2025-01-25,Completed,C0523,Returning,18-24,Seoul,Electronics,Wireless Earbuds,Nova,2,49000,24000,0.1,3000,Card,2,4,Yes,Damaged item,2025-01,88200,48000,40200,Yes,218
ORD00218,2025-04-20,Completed,C0419,New,35-44,Seoul,Food,Coffee Bean 1kg,BeanRoot,3,32000,15000,0,3000,Bank Transfer,3,4,No,,2025-04,96000,45000,51000,Yes,219
ORD00219,2025-09-24,Completed,C0833,New,45-54,Daejeon,Fashion,Crossbody Bag,Morrow,2,43000,18000,0,3000,Card,4,4,No,,2025-09,86000,36000,50000,Yes,220
ORD00220,2025-04-25,Completed,C0271,VIP,45-54,Busan,Pet,Dog Treats 1kg,Barkly,4,25000,11000,0,3000,Card,5,5,No,,2025-04,100000,44000,56000,Yes,221
ORD00221,2025-09-22,Completed,C0206,Returning,55+,Busan,Electronics,Bluetooth Speaker,Soundly,4,65000,31000,0,3000,Mobile Pay,1,5,No,,2025-09,260000,124000,136000,Yes,222
ORD00222,2025-05-08,Completed,C0695,New,55+,Gangwon,Electronics,Bluetooth Speaker,Soundly,1,65000,31000,0,3000,Mobile Pay,9,4,No,,2025-05,65000,31000,34000,Yes,223
ORD00223,2025-03-14,Completed,C0628,Returning,35-44,Jeju,Electronics,Smart Watch,Pulse,3,99000,47000,0,0,Mobile Pay,2,5,No,,2025-03,297000,141000,156000,Yes,224
ORD00224,2025-05-28,Completed,C0691,Returning,55+,Gyeonggi,Food,Coffee Bean 1kg,BeanRoot,4,32000,15000,0,3000,Virtual Account,1,5,No,,2025-05,128000,60000,68000,Yes,225
ORD00225,2025-05-27,Completed,C0365,New,35-44,Incheon,Home,Storage Box Set,NeatHome,2,29000,12000,0,3000,Virtual Account,3,4,No,,2025-05,58000,24000,34000,Yes,226
ORD00227,2025-06-11,Completed,C0002,Returning,25-34,Busan,Food,Coffee Bean 1kg,BeanRoot,3,32000,15000,0.15,3000,Bank Transfer,2,5,No,,2025-06,81600,45000,36600,Yes,228
ORD00228,2025-09-20,Completed,C0501,VIP,18-24,Gwangju,Beauty,Lip Tint,Mellow,4,14000,5000,0,0,Bank Transfer,5,5,No,,2025-09,56000,20000,36000,Yes,229
ORD00229,2025-10-24,Completed,C0149,VIP,45-54,Incheon,Fashion,Oversized Hoodie,Northline,2,45000,21000,0.05,3000,Card,4,5,No,,2025-10,85500,42000,43500,Yes,230
ORD00230,2025-05-17,Completed,C0813,New,25-34,Daegu,Fashion,Crossbody Bag,Morrow,1,43000,18000,0,3000,Virtual Account,1,5,No,,2025-05,43000,18000,25000,Yes,231
ORD00231,2025-06-11,Completed,C0058,VIP,45-54,Gwangju,Home,Storage Box Set,NeatHome,4,29000,12000,0,0,Card,2,4,No,,2025-06,116000,48000,68000,Yes,232
ORD00232,2025-10-11,Completed,C0565,New,35-44,Gwangju,Home,Desk Lamp,Lumen,3,39000,16000,0,0,Mobile Pay,2,5,No,,2025-10,117000,48000,69000,Yes,233
ORD00234,2025-09-11,Completed,C0148,New,55+,Gyeonggi,Fashion,Crossbody Bag,Morrow,3,43000,18000,0.2,3000,Card,5,3,Yes,Wrong size,2025-09,103200,54000,49200,Yes,235
ORD00235,2025-09-23,Completed,C0728,Returning,45-54,Daejeon,Electronics,Bluetooth Speaker,Soundly,4,65000,31000,0,3000,Mobile Pay,3,3,Yes,Different from description,2025-09,260000,124000,136000,Yes,236
ORD00236,2025-07-20,Completed,C0427,New,45-54,Gyeonggi,Home,Desk Lamp,Lumen,1,39000,16000,0.15,3000,Card,3,4,No,,2025-07,33150,16000,17150,Yes,237
ORD00237,2025-09-05,Completed,C0170,Returning,55+,Seoul,Home,Desk Lamp,Lumen,2,39000,16000,0,3000,Virtual Account,2,5,No,,2025-09,78000,32000,46000,Yes,238
ORD00238,2025-03-01,Completed,C0572,VIP,35-44,Gangwon,Fashion,Canvas Sneakers,Walkon,2,59000,26000,0,3000,Virtual Account,5,5,No,,2025-03,118000,52000,66000,Yes,239
ORD00239,2025-01-23,Completed,C0170,Returning,25-34,Gyeonggi,Food,Gift Snack Box,HappyBox,4,33000,14000,0.05,0,Bank Transfer,3,5,No,,2025-01,125400,56000,69400,Yes,240
ORD00240,2025-11-08,Completed,C0471,Returning,18-24,Jeju,Electronics,Bluetooth Speaker,Soundly,4,65000,31000,0,3000,Card,5,4,No,,2025-11,260000,124000,136000,Yes,241
ORD00241,2025-12-26,Completed,C0058,Returning,25-34,Jeju,Home,Desk Lamp,Lumen,4,39000,16000,0,3000,Bank Transfer,4,5,No,,2025-12,156000,64000,92000,Yes,242
ORD00243,2025-09-02,Completed,C0144,New,55+,Incheon,Home,Desk Lamp,Lumen,4,39000,16000,0.05,3000,Mobile Pay,1,5,No,,2025-09,148200,64000,84200,Yes,244
ORD00244,2025-08-18,Completed,C0840,Returning,55+,Gwangju,Home,Storage Box Set,NeatHome,3,29000,12000,0,3000,Virtual Account,3,5,No,,2025-08,87000,36000,51000,Yes,245
ORD00245,2025-12-22,Completed,C0722,VIP,25-34,Incheon,Electronics,Wireless Earbuds,Nova,4,49000,24000,0,3000,Card,5,5,No,,2025-12,196000,96000,100000,Yes,246
ORD00246,2025-11-18,Completed,C0455,Returning,35-44,Daejeon,Electronics,Wireless Earbuds,Nova,1,49000,24000,0,0,Virtual Account,5,5,No,,2025-11,49000,24000,25000,Yes,247
ORD00247,2025-10-08,Completed,C0232,Returning,55+,Daejeon,Beauty,Sunscreen SPF50,Glow,1,18000,7000,0,0,Virtual Account,3,4,No,,2025-10,18000,7000,11000,Yes,248
ORD00248,2025-01-24,Completed,C0707,Returning,55+,Busan,Fashion,Canvas Sneakers,Walkon,3,59000,26000,0,3000,Bank Transfer,2,4,No,,2025-01,177000,78000,99000,Yes,249
ORD00249,2025-02-09,Completed,C0546,Returning,35-44,Gwangju,Food,Protein Bar Pack,FitBite,4,28000,12000,0,3000,Mobile Pay,3,4,No,,2025-02,112000,48000,64000,Yes,250
ORD00250,2025-06-27,Completed,C0070,Returning,55+,Gwangju,Home,Desk Lamp,Lumen,2,39000,16000,0.2,3000,Card,2,5,No,,2025-06,62400,32000,30400,Yes,251
ORD00251,2025-07-06,Completed,C0071,New,25-34,Gwangju,Home,Desk Lamp,Lumen,4,39000,16000,0,3000,Mobile Pay,2,5,No,,2025-07,156000,64000,92000,Yes,252
ORD00252,2025-11-12,Completed,C0648,Returning,35-44,Incheon,Electronics,Smart Watch,Pulse,4,99000,47000,0,3000,Virtual Account,2,5,No,,2025-11,396000,188000,208000,Yes,253
ORD00253,2025-07-06,Completed,C0844,VIP,35-44,Daegu,Food,Coffee Bean 1kg,BeanRoot,2,32000,15000,0.25,3000,Virtual Account,5,4,No,,2025-07,48000,30000,18000,Yes,254
ORD00254,2025-06-03,Completed,C0238,Returning,35-44,Busan,Home,Storage Box Set,NeatHome,4,29000,12000,0,3000,Card,2,4,No,,2025-06,116000,48000,68000,Yes,255
ORD00256,2025-09-15,Completed,C0607,VIP,35-44,Daegu,Food,Gift Snack Box,HappyBox,3,33000,14000,0,3000,Virtual Account,2,5,No,,2025-09,99000,42000,57000,Yes,257
ORD00257,2025-10-19,Completed,C0820,Returning,18-24,Seoul,Beauty,Hydrating Serum,PureLab,1,22000,9000,0,3000,Bank Transfer,5,5,No,,2025-10,22000,9000,13000,Yes,258
ORD00259,2025-07-01,Completed,C0355,Returning,35-44,Jeju,Food,Protein Bar Pack,FitBite,4,28000,12000,0,3000,Bank Transfer,3,5,No,,2025-07,112000,48000,64000,Yes,260
ORD00260,2025-11-03,Completed,C0511,Returning,45-54,Daejeon,Food,Gift Snack Box,HappyBox,4,33000,14000,0,3000,Bank Transfer,1,5,No,,2025-11,132000,56000,76000,Yes,261
ORD00261,2025-08-20,Completed,C0454,New,25-34,Daegu,Home,Storage Box Set,NeatHome,2,29000,12000,0,0,Card,2,5,No,,2025-08,58000,24000,34000,Yes,262
ORD00262,2025-12-22,Completed,C0044,New,18-24,Jeju,Fashion,Oversized Hoodie,Northline,3,45000,21000,0.15,3000,Virtual Account,5,4,No,,2025-12,114750,63000,51750,Yes,263
ORD00263,2025-12-03,Completed,C0178,New,45-54,Busan,Food,Gift Snack Box,HappyBox,3,33000,14000,0.05,3000,Card,3,5,No,,2025-12,94050,42000,52050,Yes,264
ORD00264,2025-07-20,Completed,C0345,New,18-24,Gyeonggi,Beauty,Hydrating Serum,PureLab,1,22000,9000,0.2,0,Mobile Pay,4,5,No,,2025-07,17600,9000,8600,Yes,265
ORD00267,2025-11-17,Completed,C0251,Returning,45-54,Daegu,Electronics,Wireless Earbuds,Nova,2,49000,24000,0,3000,Mobile Pay,2,,No,,2025-11,98000,48000,50000,Yes,268
ORD00268,2025-02-02,Completed,C0319,VIP,55+,Busan,Fashion,Crossbody Bag,Morrow,2,43000,18000,0.05,3000,Bank Transfer,2,5,No,,2025-02,81700,36000,45700,Yes,269
ORD00269,2025-08-16,Completed,C0472,New,18-24,Jeju,Pet,Dog Treats 1kg,Barkly,2,25000,11000,0.25,3000,Virtual Account,1,5,No,,2025-08,37500,22000,15500,Yes,270
ORD00270,2025-01-06,Completed,C0084,Returning,55+,Gwangju,Pet,Dog Treats 1kg,Barkly,1,25000,11000,0.1,0,Card,5,,No,,2025-01,22500,11000,11500,Yes,271
ORD00271,2025-12-13,Completed,C0297,Returning,55+,Daegu,Electronics,Bluetooth Speaker,Soundly,1,65000,31000,0,3000,Bank Transfer,2,5,No,,2025-12,65000,31000,34000,Yes,272
ORD00272,2025-09-18,Completed,C0469,Returning,25-34,Gangwon,Pet,Pet Bed,ComfyPaws,4,47000,20000,0.1,0,Mobile Pay,3,5,No,,2025-09,169200,80000,89200,Yes,273
ORD00273,2025-12-02,Completed,C0588,VIP,18-24,Gangwon,Fashion,Oversized Hoodie,Northline,2,45000,21000,0,3000,Bank Transfer,1,5,No,,2025-12,90000,42000,48000,Yes,274
ORD00274,2025-07-12,Completed,C0250,Returning,55+,Jeju,Electronics,Bluetooth Speaker,Soundly,1,65000,31000,0,0,Virtual Account,6,4,No,,2025-07,65000,31000,34000,Yes,275
ORD00275,2025-06-18,Completed,C0194,VIP,25-34,Seoul,Beauty,Hydrating Serum,PureLab,4,22000,9000,0.2,3000,Mobile Pay,1,5,No,,2025-06,70400,36000,34400,Yes,276
ORD00277,2025-09-11,Completed,C0045,VIP,45-54,Daejeon,Beauty,Hydrating Serum,PureLab,2,22000,9000,0,3000,Virtual Account,2,4,No,,2025-09,44000,18000,26000,Yes,278
ORD00278,2025-03-01,Completed,C0839,Returning,18-24,Jeju,Fashion,Oversized Hoodie,Northline,2,45000,21000,0.1,3000,Mobile Pay,2,4,No,,2025-03,81000,42000,39000,Yes,279
ORD00279,2025-08-23,Completed,C0237,VIP,55+,Daegu,Electronics,Smart Watch,Pulse,2,99000,47000,0.25,0,Mobile Pay,5,5,No,,2025-08,148500,94000,54500,Yes,280
ORD00280,2025-09-11,Completed,C0555,Returning,55+,Busan,Fashion,Canvas Sneakers,Walkon,4,59000,26000,0,3000,Card,4,4,No,,2025-09,236000,104000,132000,Yes,281
ORD00281,2025-10-23,Completed,C0512,Returning,55+,Gangwon,Fashion,Crossbody Bag,Morrow,3,43000,18000,0.1,0,Virtual Account,7,4,No,,2025-10,116100,54000,62100,Yes,282
ORD00282,2025-08-26,Completed,C0338,Returning,18-24,Daegu,Fashion,Canvas Sneakers,Walkon,3,59000,26000,0,0,Bank Transfer,4,5,No,,2025-08,177000,78000,99000,Yes,283
ORD00283,2025-02-27,Completed,C0561,New,45-54,Gwangju,Fashion,Oversized Hoodie,Northline,2,45000,21000,0,0,Bank Transfer,3,4,No,,2025-02,90000,42000,48000,Yes,284
ORD00284,2025-08-01,Completed,C0513,Returning,35-44,Gwangju,Home,Desk Lamp,Lumen,3,39000,16000,0.25,3000,Bank Transfer,2,4,No,,2025-08,87750,48000,39750,Yes,285
ORD00285,2025-11-29,Completed,C0585,New,45-54,Jeju,Beauty,Hydrating Serum,PureLab,2,22000,9000,0,3000,Virtual Account,1,5,No,,2025-11,44000,18000,26000,Yes,286
ORD00286,2025-11-28,Completed,C0410,Returning,35-44,Jeju,Pet,Pet Bed,ComfyPaws,2,47000,20000,0,0,Virtual Account,9,2,Yes,Different from description,2025-11,94000,40000,54000,Yes,287
ORD00287,2025-08-18,Completed,C0627,New,25-34,Jeju,Food,Gift Snack Box,HappyBox,2,33000,14000,0,3000,Mobile Pay,5,5,No,,2025-08,66000,28000,38000,Yes,288
ORD00288,2025-06-08,Completed,C0836,Returning,55+,Incheon,Home,Storage Box Set,NeatHome,3,29000,12000,0,3000,Mobile Pay,3,4,No,,2025-06,87000,36000,51000,Yes,289
ORD00289,2025-12-06,Completed,C0003,Returning,25-34,Busan,Food,Coffee Bean 1kg,BeanRoot,2,32000,15000,0.1,0,Bank Transfer,4,4,No,,2025-12,57600,30000,27600,Yes,290
ORD00290,2025-07-28,Completed,C0403,VIP,25-34,Seoul,Fashion,Canvas Sneakers,Walkon,3,59000,26000,0.1,3000,Card,2,5,No,,2025-07,159300,78000,81300,Yes,291
ORD00291,2025-03-14,Completed,C0136,New,18-24,Gangwon,Fashion,Oversized Hoodie,Northline,1,45000,21000,0,3000,Bank Transfer,8,3,No,,2025-03,45000,21000,24000,Yes,292
ORD00292,2025-01-29,Completed,C0610,New,45-54,Gangwon,Electronics,Bluetooth Speaker,Soundly,2,65000,31000,0.05,3000,Card,8,4,No,,2025-01,123500,62000,61500,Yes,293
ORD00293,2025-09-25,Completed,C0753,VIP,18-24,Gangwon,Beauty,Sunscreen SPF50,Glow,3,18000,7000,0,3000,Bank Transfer,5,5,No,,2025-09,54000,21000,33000,Yes,294
ORD00294,2025-02-15,Completed,C0675,New,25-34,Gyeonggi,Home,Desk Lamp,Lumen,2,39000,16000,0,3000,Virtual Account,1,5,No,,2025-02,78000,32000,46000,Yes,295
ORD00295,2025-03-24,Completed,C0452,Returning,45-54,Busan,Pet,Cat Toy Bundle,PawJoy,1,19000,8000,0,0,Mobile Pay,3,5,No,,2025-03,19000,8000,11000,Yes,296
ORD00296,2025-02-15,Completed,C0444,New,45-54,Jeju,Electronics,Smart Watch,Pulse,3,99000,47000,0,0,Mobile Pay,9,4,No,,2025-02,297000,141000,156000,Yes,297
ORD00297,2025-11-14,Completed,C0555,Returning,55+,Busan,Electronics,Smart Watch,Pulse,1,99000,47000,0,3000,Virtual Account,2,4,No,,2025-11,99000,47000,52000,Yes,298
ORD00298,2025-06-20,Completed,C0724,Returning,55+,Daegu,Beauty,Lip Tint,Mellow,2,14000,5000,0.05,3000,Card,3,5,No,,2025-06,26600,10000,16600,Yes,299
ORD00300,2025-06-14,Completed,C0802,VIP,35-44,Gyeonggi,Food,Gift Snack Box,HappyBox,3,33000,14000,0.05,0,Bank Transfer,4,4,No,,2025-06,94050,42000,52050,Yes,301
ORD00301,2025-05-30,Completed,C0422,New,35-44,Seoul,Food,Coffee Bean 1kg,BeanRoot,4,32000,15000,0,3000,Bank Transfer,3,5,No,,2025-05,128000,60000,68000,Yes,302
ORD00302,2025-06-01,Completed,C0584,Returning,55+,Seoul,Beauty,Sunscreen SPF50,Glow,2,18000,7000,0.15,3000,Bank Transfer,5,4,No,,2025-06,30600,14000,16600,Yes,303
ORD00304,2025-12-25,Completed,C0682,Returning,25-34,Gwangju,Food,Coffee Bean 1kg,BeanRoot,3,32000,15000,0,0,Virtual Account,5,4,No,,2025-12,96000,45000,51000,Yes,305
ORD00305,2025-03-04,Completed,C0181,New,35-44,Daejeon,Electronics,Smart Watch,Pulse,2,99000,47000,0,0,Card,2,5,No,,2025-03,198000,94000,104000,Yes,306
ORD00306,2025-03-11,Completed,C0802,Returning,18-24,Gyeonggi,Pet,Cat Toy Bundle,PawJoy,3,19000,8000,0,3000,Card,5,4,No,,2025-03,57000,24000,33000,Yes,307
ORD00307,2025-10-29,Completed,C0537,New,45-54,Gyeonggi,Beauty,Hydrating Serum,PureLab,1,22000,9000,0.15,3000,Virtual Account,1,5,No,,2025-10,18700,9000,9700,Yes,308
ORD00308,2025-01-17,Completed,C0654,Returning,45-54,Daegu,Electronics,Bluetooth Speaker,Soundly,2,65000,31000,0.25,0,Mobile Pay,1,4,No,,2025-01,97500,62000,35500,Yes,309
ORD00309,2025-09-08,Completed,C0795,New,18-24,Daegu,Fashion,Crossbody Bag,Morrow,4,43000,18000,0,3000,Virtual Account,2,5,No,,2025-09,172000,72000,100000,Yes,310
ORD00310,2025-05-31,Completed,C0145,Returning,25-34,Jeju,Electronics,Smart Watch,Pulse,4,99000,47000,0,3000,Mobile Pay,7,3,No,,2025-05,396000,188000,208000,Yes,311
ORD00311,2025-07-25,Completed,C0366,Returning,25-34,Gyeonggi,Fashion,Canvas Sneakers,Walkon,3,59000,26000,0.25,3000,Mobile Pay,3,4,No,,2025-07,132750,78000,54750,Yes,312
ORD00312,2025-07-30,Completed,C0552,New,55+,Gyeonggi,Pet,Cat Toy Bundle,PawJoy,4,19000,8000,0,3000,Virtual Account,5,,No,,2025-07,76000,32000,44000,Yes,313
ORD00313,2025-08-03,Completed,C0138,Returning,45-54,Gangwon,Electronics,Wireless Earbuds,Nova,1,49000,24000,0,0,Virtual Account,3,4,No,,2025-08,49000,24000,25000,Yes,314
ORD00314,2025-10-27,Completed,C0561,New,25-34,Busan,Food,Protein Bar Pack,FitBite,4,28000,12000,0,0,Virtual Account,5,5,No,,2025-10,112000,48000,64000,Yes,315
ORD00316,2025-02-10,Completed,C0365,Returning,45-54,Daejeon,Electronics,Wireless Earbuds,Nova,3,49000,24000,0.25,0,Mobile Pay,1,4,No,,2025-02,110250,72000,38250,Yes,317
ORD00317,2025-01-27,Completed,C0537,Returning,45-54,Daejeon,Beauty,Lip Tint,Mellow,2,14000,5000,0.2,0,Mobile Pay,3,5,No,,2025-01,22400,10000,12400,Yes,318
ORD00318,2025-09-21,Completed,C0347,New,35-44,Incheon,Fashion,Crossbody Bag,Morrow,1,43000,18000,0.2,0,Mobile Pay,5,4,No,,2025-09,34400,18000,16400,Yes,319
ORD00319,2025-08-26,Completed,C0028,VIP,35-44,Daejeon,Beauty,Sunscreen SPF50,Glow,3,18000,7000,0.15,3000,Mobile Pay,3,5,No,,2025-08,45900,21000,24900,Yes,320
ORD00320,2025-09-25,Completed,C0045,New,55+,Seoul,Home,Desk Lamp,Lumen,2,39000,16000,0,0,Virtual Account,2,5,No,,2025-09,78000,32000,46000,Yes,321
ORD00321,2025-03-08,Completed,C0850,Returning,45-54,Daegu,Home,Cotton Towel Set,SoftDay,1,24000,10000,0.1,0,Mobile Pay,1,4,No,,2025-03,21600,10000,11600,Yes,322
ORD00322,2025-06-11,Completed,C0534,Returning,55+,Gangwon,Food,Coffee Bean 1kg,BeanRoot,3,32000,15000,0.05,0,Card,6,4,No,,2025-06,91200,45000,46200,Yes,323
ORD00323,2025-06-01,Completed,C0416,New,55+,Gangwon,Pet,Pet Bed,ComfyPaws,2,47000,20000,0,0,Mobile Pay,7,4,No,,2025-06,94000,40000,54000,Yes,324
ORD00324,2025-09-07,Completed,C0147,VIP,55+,Incheon,Home,Storage Box Set,NeatHome,4,29000,12000,0.1,0,Bank Transfer,1,4,No,,2025-09,104400,48000,56400,Yes,325
ORD00325,2025-07-26,Completed,C0717,VIP,18-24,Jeju,Home,Storage Box Set,NeatHome,2,29000,12000,0.2,3000,Bank Transfer,2,5,No,,2025-07,46400,24000,22400,Yes,326
ORD00326,2025-04-19,Completed,C0832,New,18-24,Gyeonggi,Beauty,Hydrating Serum,PureLab,2,22000,9000,0,0,Card,3,5,No,,2025-04,44000,18000,26000,Yes,327
ORD00327,2025-08-01,Completed,C0754,New,25-34,Gyeonggi,Fashion,Oversized Hoodie,Northline,3,45000,21000,0,3000,Mobile Pay,2,5,No,,2025-08,135000,63000,72000,Yes,328
ORD00328,2025-04-25,Completed,C0619,Returning,45-54,Gwangju,Home,Desk Lamp,Lumen,2,39000,16000,0,0,Mobile Pay,3,5,No,,2025-04,78000,32000,46000,Yes,329
ORD00329,2025-11-03,Completed,C0304,Returning,25-34,Daejeon,Home,Desk Lamp,Lumen,1,39000,16000,0,0,Card,1,4,No,,2025-11,39000,16000,23000,Yes,330
ORD00330,2025-11-20,Completed,C0207,New,55+,Incheon,Fashion,Crossbody Bag,Morrow,4,43000,18000,0.15,0,Mobile Pay,2,5,No,,2025-11,146200,72000,74200,Yes,331
ORD00331,2025-08-09,Completed,C0215,New,35-44,Gwangju,Beauty,Hydrating Serum,PureLab,3,22000,9000,0,3000,Virtual Account,4,5,No,,2025-08,66000,27000,39000,Yes,332
ORD00333,2025-10-04,Completed,C0812,Returning,18-24,Busan,Electronics,Smart Watch,Pulse,3,99000,47000,0.2,3000,Card,2,5,No,,2025-10,237600,141000,96600,Yes,334
ORD00334,2025-02-16,Completed,C0042,Returning,55+,Gangwon,Fashion,Canvas Sneakers,Walkon,1,59000,26000,0,3000,Card,2,4,No,,2025-02,59000,26000,33000,Yes,335
ORD00335,2025-05-12,Completed,C0072,VIP,55+,Gyeonggi,Pet,Dog Treats 1kg,Barkly,1,25000,11000,0.15,3000,Card,1,5,No,,2025-05,21250,11000,10250,Yes,336
ORD00336,2025-11-29,Completed,C0296,Returning,55+,Jeju,Electronics,Bluetooth Speaker,Soundly,2,65000,31000,0.1,3000,Virtual Account,6,3,No,,2025-11,117000,62000,55000,Yes,337
ORD00337,2025-03-20,Completed,C0170,Returning,25-34,Gangwon,Food,Gift Snack Box,HappyBox,1,33000,14000,0,3000,Bank Transfer,9,3,No,,2025-03,33000,14000,19000,Yes,338
ORD00338,2025-12-03,Completed,C0346,New,35-44,Gangwon,Food,Gift Snack Box,HappyBox,2,33000,14000,0.25,0,Virtual Account,5,4,No,,2025-12,49500,28000,21500,Yes,339
ORD00339,2025-10-30,Completed,C0662,Returning,25-34,Seoul,Food,Protein Bar Pack,FitBite,4,28000,12000,0,3000,Bank Transfer,4,4,No,,2025-10,112000,48000,64000,Yes,340
ORD00340,2025-03-02,Completed,C0682,New,35-44,Busan,Food,Protein Bar Pack,FitBite,2,28000,12000,0,3000,Card,1,5,No,,2025-03,56000,24000,32000,Yes,341
ORD00341,2025-10-03,Completed,C0479,Returning,45-54,Busan,Food,Gift Snack Box,HappyBox,3,33000,14000,0,3000,Virtual Account,5,4,No,,2025-10,99000,42000,57000,Yes,342
ORD00342,2025-06-07,Completed,C0459,VIP,18-24,Gwangju,Beauty,Hydrating Serum,PureLab,3,22000,9000,0,3000,Mobile Pay,4,4,No,,2025-06,66000,27000,39000,Yes,343
ORD00343,2025-08-25,Completed,C0089,New,45-54,Busan,Beauty,Sunscreen SPF50,Glow,4,18000,7000,0,3000,Virtual Account,1,5,No,,2025-08,72000,28000,44000,Yes,344
ORD00344,2025-03-24,Completed,C0138,Returning,25-34,Daegu,Beauty,Sunscreen SPF50,Glow,4,18000,7000,0,3000,Mobile Pay,5,4,No,,2025-03,72000,28000,44000,Yes,345
ORD00345,2025-06-20,Completed,C0449,Returning,35-44,Gwangju,Pet,Dog Treats 1kg,Barkly,2,25000,11000,0,3000,Virtual Account,3,5,No,,2025-06,50000,22000,28000,Yes,346
ORD00346,2025-01-15,Completed,C0826,New,45-54,Gwangju,Beauty,Hydrating Serum,PureLab,3,22000,9000,0.1,3000,Bank Transfer,3,3,Yes,Changed mind,2025-01,59400,27000,32400,Yes,347
ORD00347,2025-12-14,Completed,C0270,VIP,25-34,Daejeon,Home,Storage Box Set,NeatHome,1,29000,12000,0,3000,Virtual Account,3,5,No,,2025-12,29000,12000,17000,Yes,348
ORD00348,2025-06-14,Completed,C0537,Returning,45-54,Busan,Food,Gift Snack Box,HappyBox,2,33000,14000,0,3000,Card,1,4,No,,2025-06,66000,28000,38000,Yes,349
ORD00349,2025-08-15,Completed,C0818,VIP,35-44,Daejeon,Beauty,Lip Tint,Mellow,2,14000,5000,0,3000,Virtual Account,2,5,No,,2025-08,28000,10000,18000,Yes,350
ORD00350,2025-05-20,Completed,C0167,VIP,55+,Daejeon,Beauty,Hydrating Serum,PureLab,4,22000,9000,0.2,3000,Virtual Account,3,5,No,,2025-05,70400,36000,34400,Yes,351
ORD00352,2025-03-11,Completed,C0457,Returning,45-54,Gangwon,Electronics,Smart Watch,Pulse,4,99000,47000,0,0,Virtual Account,9,3,No,,2025-03,396000,188000,208000,Yes,353
ORD00353,2025-03-05,Completed,C0103,Returning,35-44,Gwangju,Beauty,Hydrating Serum,PureLab,1,22000,9000,0.05,0,Virtual Account,1,5,No,,2025-03,20900,9000,11900,Yes,354
ORD00354,2025-12-07,Completed,C0640,VIP,55+,Seoul,Electronics,Wireless Earbuds,Nova,2,49000,24000,0,0,Card,1,5,No,,2025-12,98000,48000,50000,Yes,355
ORD00355,2025-04-09,Completed,C0520,New,18-24,Gyeonggi,Fashion,Canvas Sneakers,Walkon,1,59000,26000,0.25,3000,Mobile Pay,3,5,No,,2025-04,44250,26000,18250,Yes,356
ORD00357,2025-03-06,Completed,C0447,VIP,55+,Gwangju,Food,Protein Bar Pack,FitBite,2,28000,12000,0.15,0,Card,3,4,No,,2025-03,47600,24000,23600,Yes,358
ORD00358,2025-02-04,Completed,C0782,New,18-24,Daejeon,Food,Coffee Bean 1kg,BeanRoot,3,32000,15000,0,3000,Bank Transfer,2,4,No,,2025-02,96000,45000,51000,Yes,359
ORD00359,2025-02-11,Completed,C0374,New,55+,Gwangju,Beauty,Lip Tint,Mellow,2,14000,5000,0,0,Virtual Account,4,4,No,,2025-02,28000,10000,18000,Yes,360
ORD00360,2025-12-09,Completed,C0001,Returning,18-24,Gangwon,Food,Coffee Bean 1kg,BeanRoot,3,32000,15000,0.05,3000,Mobile Pay,8,4,No,,2025-12,91200,45000,46200,Yes,361
ORD00361,2025-09-18,Completed,C0402,New,55+,Daegu,Electronics,Wireless Earbuds,Nova,2,49000,24000,0,3000,Card,3,3,Yes,Damaged item,2025-09,98000,48000,50000,Yes,362
ORD00362,2025-10-22,Completed,C0512,Returning,18-24,Gwangju,Fashion,Canvas Sneakers,Walkon,1,59000,26000,0,3000,Bank Transfer,2,5,No,,2025-10,59000,26000,33000,Yes,363
ORD00363,2025-01-11,Completed,C0165,New,25-34,Gangwon,Fashion,Canvas Sneakers,Walkon,4,59000,26000,0,3000,Card,9,4,No,,2025-01,236000,104000,132000,Yes,364
ORD00365,2025-01-03,Completed,C0228,Returning,18-24,Gangwon,Electronics,Wireless Earbuds,Nova,3,49000,24000,0,3000,Mobile Pay,3,5,No,,2025-01,147000,72000,75000,Yes,366
ORD00366,2025-09-28,Completed,C0443,New,45-54,Busan,Food,Gift Snack Box,HappyBox,4,33000,14000,0,3000,Bank Transfer,4,4,No,,2025-09,132000,56000,76000,Yes,367
ORD00367,2025-03-02,Completed,C0379,Returning,25-34,Incheon,Pet,Dog Treats 1kg,Barkly,4,25000,11000,0,3000,Card,5,5,No,,2025-03,100000,44000,56000,Yes,368
ORD00368,2025-11-24,Completed,C0454,Returning,55+,Gwangju,Home,Cotton Towel Set,SoftDay,3,24000,10000,0,0,Mobile Pay,1,5,No,,2025-11,72000,30000,42000,Yes,369
ORD00369,2025-03-06,Completed,C0029,Returning,45-54,Incheon,Food,Coffee Bean 1kg,BeanRoot,4,32000,15000,0,0,Mobile Pay,3,5,No,,2025-03,128000,60000,68000,Yes,370
ORD00370,2025-04-06,Completed,C0768,New,18-24,Gangwon,Food,Protein Bar Pack,FitBite,3,28000,12000,0.15,3000,Card,6,4,No,,2025-04,71400,36000,35400,Yes,371
ORD00371,2025-12-11,Completed,C0279,Returning,25-34,Daegu,Pet,Dog Treats 1kg,Barkly,2,25000,11000,0.1,3000,Bank Transfer,2,4,No,,2025-12,45000,22000,23000,Yes,372
ORD00372,2025-09-07,Completed,C0462,New,35-44,Daegu,Beauty,Hydrating Serum,PureLab,3,22000,9000,0.2,3000,Virtual Account,3,4,No,,2025-09,52800,27000,25800,Yes,373
ORD00373,2025-04-28,Completed,C0376,Returning,35-44,Daegu,Food,Gift Snack Box,HappyBox,3,33000,14000,0,3000,Mobile Pay,5,5,No,,2025-04,99000,42000,57000,Yes,374
ORD00374,2025-04-08,Completed,C0418,Returning,35-44,Gyeonggi,Home,Storage Box Set,NeatHome,1,29000,12000,0,3000,Virtual Account,5,4,No,,2025-04,29000,12000,17000,Yes,375
ORD00375,2025-12-20,Completed,C0424,New,45-54,Seoul,Food,Gift Snack Box,HappyBox,2,33000,14000,0.05,3000,Virtual Account,5,5,No,,2025-12,62700,28000,34700,Yes,376
ORD00376,2025-12-18,Completed,C0142,New,45-54,Jeju,Fashion,Oversized Hoodie,Northline,2,45000,21000,0,0,Bank Transfer,2,5,No,,2025-12,90000,42000,48000,Yes,377
ORD00377,2025-09-01,Completed,C0137,Returning,18-24,Incheon,Home,Desk Lamp,Lumen,3,39000,16000,0.2,0,Card,3,5,No,,2025-09,93600,48000,45600,Yes,378
ORD00378,2025-02-11,Completed,C0368,VIP,45-54,Gwangju,Fashion,Crossbody Bag,Morrow,4,43000,18000,0,0,Virtual Account,5,5,No,,2025-02,172000,72000,100000,Yes,379
ORD00379,2025-08-03,Completed,C0777,Returning,18-24,Busan,Electronics,Smart Watch,Pulse,1,99000,47000,0,0,Bank Transfer,4,3,Yes,Late delivery,2025-08,99000,47000,52000,Yes,380
ORD00380,2025-08-30,Completed,C0801,Returning,45-54,Daejeon,Home,Cotton Towel Set,SoftDay,2,24000,10000,0,0,Card,3,5,No,,2025-08,48000,20000,28000,Yes,381
ORD00381,2025-02-20,Completed,C0095,New,25-34,Incheon,Fashion,Canvas Sneakers,Walkon,4,59000,26000,0,3000,Bank Transfer,3,5,No,,2025-02,236000,104000,132000,Yes,382
ORD00382,2025-01-13,Completed,C0051,Returning,35-44,Daegu,Food,Gift Snack Box,HappyBox,2,33000,14000,0,0,Virtual Account,5,4,No,,2025-01,66000,28000,38000,Yes,383
ORD00383,2025-07-23,Completed,C0412,Returning,35-44,Daejeon,Food,Gift Snack Box,HappyBox,3,33000,14000,0.2,3000,Mobile Pay,2,5,No,,2025-07,79200,42000,37200,Yes,384
ORD00384,2025-12-11,Completed,C0136,New,45-54,Incheon,Electronics,Smart Watch,Pulse,2,99000,47000,0,3000,Card,1,3,Yes,Changed mind,2025-12,198000,94000,104000,Yes,385
ORD00385,2025-05-09,Completed,C0734,Returning,25-34,Jeju,Electronics,Wireless Earbuds,Nova,3,49000,24000,0,0,Bank Transfer,1,5,No,,2025-05,147000,72000,75000,Yes,386
ORD00386,2025-08-13,Completed,C0139,Returning,35-44,Gangwon,Beauty,Hydrating Serum,PureLab,1,22000,9000,0,0,Mobile Pay,8,3,No,,2025-08,22000,9000,13000,Yes,387
ORD00387,2025-03-11,Completed,C0432,New,25-34,Daegu,Electronics,Smart Watch,Pulse,4,99000,47000,0,0,Virtual Account,2,4,No,,2025-03,396000,188000,208000,Yes,388
ORD00388,2025-01-06,Completed,C0452,New,55+,Seoul,Food,Gift Snack Box,HappyBox,4,33000,14000,0,0,Bank Transfer,2,5,No,,2025-01,132000,56000,76000,Yes,389
ORD00389,2025-08-02,Completed,C0368,Returning,18-24,Incheon,Beauty,Hydrating Serum,PureLab,2,22000,9000,0,3000,Mobile Pay,1,4,No,,2025-08,44000,18000,26000,Yes,390
ORD00390,2025-10-11,Completed,C0485,New,35-44,Daejeon,Fashion,Oversized Hoodie,Northline,4,45000,21000,0,3000,Bank Transfer,1,4,No,,2025-10,180000,84000,96000,Yes,391
ORD00391,2025-01-08,Completed,C0299,New,45-54,Incheon,Food,Coffee Bean 1kg,BeanRoot,1,32000,15000,0,3000,Virtual Account,5,4,No,,2025-01,32000,15000,17000,Yes,392
ORD00392,2025-02-17,Completed,C0736,VIP,55+,Gwangju,Beauty,Hydrating Serum,PureLab,4,22000,9000,0.1,3000,Card,2,4,No,,2025-02,79200,36000,43200,Yes,393
ORD00393,2025-06-28,Completed,C0327,Returning,25-34,Daejeon,Electronics,Smart Watch,Pulse,3,99000,47000,0,3000,Bank Transfer,5,5,No,,2025-06,297000,141000,156000,Yes,394
ORD00394,2025-07-15,Completed,C0710,VIP,18-24,Gwangju,Home,Desk Lamp,Lumen,3,39000,16000,0,3000,Bank Transfer,2,4,No,,2025-07,117000,48000,69000,Yes,395
ORD00395,2025-02-09,Completed,C0321,New,18-24,Busan,Electronics,Bluetooth Speaker,Soundly,2,65000,31000,0.05,3000,Virtual Account,1,5,No,,2025-02,123500,62000,61500,Yes,396
ORD00396,2025-09-17,Completed,C0404,Returning,18-24,Incheon,Home,Storage Box Set,NeatHome,3,29000,12000,0,0,Bank Transfer,4,4,No,,2025-09,87000,36000,51000,Yes,397
ORD00397,2025-04-29,Completed,C0141,New,25-34,Jeju,Fashion,Oversized Hoodie,Northline,1,45000,21000,0.15,0,Card,7,4,No,,2025-04,38250,21000,17250,Yes,398
ORD00398,2025-04-13,Completed,C0617,New,55+,Busan,Home,Desk Lamp,Lumen,1,39000,16000,0,3000,Card,2,5,No,,2025-04,39000,16000,23000,Yes,399
ORD00399,2025-12-27,Completed,C0362,New,55+,Seoul,Pet,Pet Bed,ComfyPaws,2,47000,20000,0,0,Mobile Pay,3,4,No,,2025-12,94000,40000,54000,Yes,400
ORD00400,2025-08-14,Completed,C0171,Returning,45-54,Gangwon,Home,Cotton Towel Set,SoftDay,2,24000,10000,0,3000,Mobile Pay,8,2,Yes,Late delivery,2025-08,48000,20000,28000,Yes,401
ORD00401,2025-01-12,Completed,C0692,New,45-54,Gwangju,Electronics,Bluetooth Speaker,Soundly,1,65000,31000,0,3000,Virtual Account,2,5,No,,2025-01,65000,31000,34000,Yes,402
ORD00402,2025-03-22,Completed,C0335,Returning,55+,Seoul,Electronics,Bluetooth Speaker,Soundly,2,65000,31000,0,3000,Bank Transfer,2,5,No,,2025-03,130000,62000,68000,Yes,403
ORD00403,2025-11-06,Completed,C0588,Returning,25-34,Gwangju,Electronics,Wireless Earbuds,Nova,1,49000,24000,0,3000,Mobile Pay,4,5,No,,2025-11,49000,24000,25000,Yes,404
ORD00404,2025-01-14,Completed,C0492,Returning,25-34,Seoul,Beauty,Hydrating Serum,PureLab,3,22000,9000,0,3000,Bank Transfer,5,5,No,,2025-01,66000,27000,39000,Yes,405
ORD00405,2025-05-16,Completed,C0250,VIP,55+,Seoul,Electronics,Wireless Earbuds,Nova,3,49000,24000,0,3000,Virtual Account,3,4,No,,2025-05,147000,72000,75000,Yes,406
ORD00406,2025-08-16,Completed,C0601,Returning,35-44,Gyeonggi,Beauty,Hydrating Serum,PureLab,2,22000,9000,0.1,0,Card,4,5,No,,2025-08,39600,18000,21600,Yes,407
ORD00407,2025-02-22,Completed,C0693,VIP,55+,Gangwon,Pet,Pet Bed,ComfyPaws,2,47000,20000,0,0,Virtual Account,4,4,No,,2025-02,94000,40000,54000,Yes,408
ORD00409,2025-06-18,Completed,C0675,Returning,35-44,Gyeonggi,Home,Desk Lamp,Lumen,3,39000,16000,0,3000,Bank Transfer,1,4,No,,2025-06,117000,48000,69000,Yes,410
ORD00410,2025-01-18,Completed,C0834,New,18-24,Daejeon,Food,Gift Snack Box,HappyBox,4,33000,14000,0,3000,Virtual Account,1,4,No,,2025-01,132000,56000,76000,Yes,411
ORD00411,2025-06-07,Completed,C0185,VIP,45-54,Daegu,Home,Storage Box Set,NeatHome,2,29000,12000,0,3000,Card,4,4,No,,2025-06,58000,24000,34000,Yes,412
ORD00412,2025-01-22,Completed,C0048,New,35-44,Daegu,Food,Protein Bar Pack,FitBite,4,28000,12000,0.1,3000,Bank Transfer,1,5,No,,2025-01,100800,48000,52800,Yes,413
ORD00413,2025-02-08,Completed,C0286,New,25-34,Jeju,Pet,Cat Toy Bundle,PawJoy,2,19000,8000,0,3000,Virtual Account,8,4,No,,2025-02,38000,16000,22000,Yes,414
ORD00414,2025-01-19,Completed,C0174,Returning,18-24,Gwangju,Electronics,Wireless Earbuds,Nova,3,49000,24000,0,0,Mobile Pay,3,5,No,,2025-01,147000,72000,75000,Yes,415
ORD00415,2025-11-24,Completed,C0190,Returning,25-34,Incheon,Electronics,Bluetooth Speaker,Soundly,3,65000,31000,0.05,3000,Virtual Account,1,4,No,,2025-11,185250,93000,92250,Yes,416
ORD00416,2025-07-05,Completed,C0733,New,25-34,Incheon,Fashion,Crossbody Bag,Morrow,2,43000,18000,0,3000,Virtual Account,4,5,No,,2025-07,86000,36000,50000,Yes,417
ORD00417,2025-03-02,Completed,C0525,New,55+,Daegu,Food,Protein Bar Pack,FitBite,3,28000,12000,0,3000,Mobile Pay,4,4,No,,2025-03,84000,36000,48000,Yes,418
ORD00418,2025-09-13,Completed,C0232,Returning,35-44,Incheon,Beauty,Lip Tint,Mellow,2,14000,5000,0.15,3000,Card,4,4,No,,2025-09,23800,10000,13800,Yes,419
ORD00419,2025-01-14,Completed,C0108,VIP,45-54,Gwangju,Food,Gift Snack Box,HappyBox,3,33000,14000,0.05,3000,Mobile Pay,1,5,No,,2025-01,94050,42000,52050,Yes,420
ORD00420,2025-11-15,Completed,C0264,Returning,45-54,Daejeon,Home,Storage Box Set,NeatHome,1,29000,12000,0,3000,Bank Transfer,1,5,No,,2025-11,29000,12000,17000,Yes,421
ORD00421,2025-08-27,Completed,C0165,New,55+,Gyeonggi,Food,Protein Bar Pack,FitBite,2,28000,12000,0,3000,Card,5,5,No,,2025-08,56000,24000,32000,Yes,422
ORD00422,2025-09-27,Completed,C0019,VIP,35-44,Gwangju,Electronics,Wireless Earbuds,Nova,2,49000,24000,0.2,0,Virtual Account,2,4,No,,2025-09,78400,48000,30400,Yes,423
ORD00424,2025-03-30,Completed,C0088,Returning,35-44,Daejeon,Home,Storage Box Set,NeatHome,2,29000,12000,0.15,0,Mobile Pay,4,5,No,,2025-03,49300,24000,25300,Yes,425
ORD00426,2025-12-07,Completed,C0487,Returning,45-54,Gwangju,Food,Coffee Bean 1kg,BeanRoot,1,32000,15000,0.2,0,Mobile Pay,1,4,Yes,Wrong size,2025-12,25600,15000,10600,Yes,427
ORD00427,2025-09-18,Completed,C0774,Returning,35-44,Jeju,Beauty,Lip Tint,Mellow,1,14000,5000,0,3000,Bank Transfer,7,3,No,,2025-09,14000,5000,9000,Yes,428
ORD00429,2025-03-30,Completed,C0079,VIP,25-34,Gwangju,Fashion,Crossbody Bag,Morrow,4,43000,18000,0,3000,Mobile Pay,3,5,No,,2025-03,172000,72000,100000,Yes,430
ORD00430,2025-05-08,Completed,C0021,Returning,45-54,Incheon,Beauty,Lip Tint,Mellow,3,14000,5000,0,0,Virtual Account,1,5,No,,2025-05,42000,15000,27000,Yes,431
ORD00431,2025-09-09,Completed,C0079,Returning,18-24,Jeju,Beauty,Sunscreen SPF50,Glow,3,18000,7000,0.2,3000,Mobile Pay,8,4,No,,2025-09,43200,21000,22200,Yes,432
ORD00432,2025-12-06,Completed,C0714,VIP,18-24,Seoul,Pet,Cat Toy Bundle,PawJoy,1,19000,8000,0.05,3000,Virtual Account,5,4,No,,2025-12,18050,8000,10050,Yes,433
ORD00433,2025-09-12,Completed,C0253,Returning,45-54,Jeju,Electronics,Bluetooth Speaker,Soundly,3,65000,31000,0.1,3000,Virtual Account,4,5,No,,2025-09,175500,93000,82500,Yes,434
ORD00434,2025-04-04,Completed,C0560,New,18-24,Incheon,Electronics,Smart Watch,Pulse,4,99000,47000,0,3000,Virtual Account,45,5,No,,2025-04,396000,188000,208000,No,435
ORD00435,2025-01-29,Completed,C0149,VIP,35-44,Incheon,Beauty,Lip Tint,Mellow,4,14000,5000,0,3000,Virtual Account,2,5,No,,2025-01,56000,20000,36000,Yes,436
ORD00436,2025-10-03,Completed,C0797,Returning,35-44,Daegu,Home,Cotton Towel Set,SoftDay,4,24000,10000,0,3000,Mobile Pay,2,5,No,,2025-10,96000,40000,56000,Yes,437
ORD00437,2025-11-15,Completed,C0072,New,18-24,Busan,Beauty,Hydrating Serum,PureLab,1,22000,9000,0,3000,Virtual Account,2,5,No,,2025-11,22000,9000,13000,Yes,438
ORD00438,2025-05-18,Completed,C0245,Returning,55+,Busan,Electronics,Bluetooth Speaker,Soundly,1,65000,31000,0,3000,Virtual Account,3,5,No,,2025-05,65000,31000,34000,Yes,439
ORD00440,2025-12-30,Completed,C0282,Returning,45-54,Gyeonggi,Electronics,Wireless Earbuds,Nova,1,49000,24000,0.2,3000,Card,2,5,No,,2025-12,39200,24000,15200,Yes,441
ORD00441,2025-12-06,Completed,C0827,New,55+,Jeju,Electronics,Smart Watch,Pulse,3,99000,47000,0.1,3000,Mobile Pay,2,4,No,,2025-12,267300,141000,126300,Yes,442
ORD00442,2025-11-06,Completed,C0819,New,55+,Daegu,Food,Protein Bar Pack,FitBite,2,28000,12000,0,0,Mobile Pay,5,4,No,,2025-11,56000,24000,32000,Yes,443
ORD00443,2025-07-13,Completed,C0278,Returning,45-54,Daejeon,Beauty,Sunscreen SPF50,Glow,1,18000,7000,0,3000,Virtual Account,3,4,No,,2025-07,18000,7000,11000,Yes,444
ORD00444,2025-06-10,Completed,C0330,Returning,55+,Busan,Home,Desk Lamp,Lumen,3,39000,16000,0.2,3000,Mobile Pay,4,5,No,,2025-06,93600,48000,45600,Yes,445
ORD00445,2025-12-15,Completed,C0474,Returning,25-34,Incheon,Food,Coffee Bean 1kg,BeanRoot,1,32000,15000,0.25,3000,Mobile Pay,3,4,No,,2025-12,24000,15000,9000,Yes,446
ORD00446,2025-08-13,Completed,C0461,VIP,35-44,Gyeonggi,Pet,Cat Toy Bundle,PawJoy,4,19000,8000,0,3000,Card,2,5,No,,2025-08,76000,32000,44000,Yes,447
ORD00447,2025-03-12,Completed,C0823,Returning,25-34,Incheon,Electronics,Wireless Earbuds,Nova,1,49000,24000,0,0,Bank Transfer,2,5,No,,2025-03,49000,24000,25000,Yes,448
ORD00448,2025-10-24,Completed,C0361,Returning,45-54,Gyeonggi,Home,Desk Lamp,Lumen,3,39000,16000,0,3000,Mobile Pay,4,4,No,,2025-10,117000,48000,69000,Yes,449
ORD00449,2025-10-23,Completed,C0606,New,45-54,Gwangju,Home,Storage Box Set,NeatHome,2,29000,12000,0.25,0,Mobile Pay,2,5,No,,2025-10,43500,24000,19500,Yes,450
ORD00451,2025-07-24,Completed,C0534,Returning,18-24,Jeju,Fashion,Oversized Hoodie,Northline,1,45000,21000,0,3000,Card,2,5,No,,2025-07,45000,21000,24000,Yes,452
ORD00452,2025-01-06,Completed,C0630,Returning,18-24,Daejeon,Fashion,Canvas Sneakers,Walkon,3,59000,26000,0,0,Card,1,5,No,,2025-01,177000,78000,99000,Yes,453
ORD00453,2025-02-22,Completed,C0255,New,35-44,Incheon,Food,Gift Snack Box,HappyBox,2,33000,14000,0,3000,Card,5,4,No,,2025-02,66000,28000,38000,Yes,454
ORD00454,2025-01-24,Completed,C0217,Returning,25-34,Gyeonggi,Food,Protein Bar Pack,FitBite,4,28000,12000,0,3000,Mobile Pay,4,5,No,,2025-01,112000,48000,64000,Yes,455
ORD00455,2025-10-03,Completed,C0153,Returning,25-34,Busan,Beauty,Hydrating Serum,PureLab,4,22000,9000,0,3000,Mobile Pay,3,5,No,,2025-10,88000,36000,52000,Yes,456
ORD00456,2025-10-04,Completed,C0542,Returning,25-34,Jeju,Food,Protein Bar Pack,FitBite,4,28000,12000,0,3000,Mobile Pay,1,5,No,,2025-10,112000,48000,64000,Yes,457
ORD00458,2025-04-24,Completed,C0062,VIP,35-44,Incheon,Food,Coffee Bean 1kg,BeanRoot,3,32000,15000,0,0,Mobile Pay,2,3,Yes,Wrong size,2025-04,96000,45000,51000,Yes,459
ORD00459,2025-07-23,Completed,C0598,Returning,18-24,Gangwon,Food,Gift Snack Box,HappyBox,4,33000,14000,0.2,0,Mobile Pay,2,5,No,,2025-07,105600,56000,49600,Yes,460
ORD00460,2025-02-22,Completed,C0705,VIP,25-34,Gangwon,Food,Protein Bar Pack,FitBite,1,28000,12000,0.05,3000,Mobile Pay,8,3,No,,2025-02,26600,12000,14600,Yes,461
ORD00461,2025-10-27,Completed,C0097,VIP,35-44,Gyeonggi,Home,Cotton Towel Set,SoftDay,4,24000,10000,0,0,Card,2,3,Yes,Wrong size,2025-10,96000,40000,56000,Yes,462
ORD00463,2025-10-07,Completed,C0201,Returning,18-24,Gyeonggi,Fashion,Canvas Sneakers,Walkon,4,59000,26000,0,3000,Virtual Account,4,5,No,,2025-10,236000,104000,132000,Yes,464
ORD00464,2025-04-18,Completed,C0073,Returning,25-34,Gangwon,Electronics,Bluetooth Speaker,Soundly,1,65000,31000,0,0,Mobile Pay,4,5,No,,2025-04,65000,31000,34000,Yes,465
ORD00465,2025-01-25,Completed,C0407,Returning,18-24,Jeju,Fashion,Crossbody Bag,Morrow,1,43000,18000,0,0,Mobile Pay,2,5,No,,2025-01,43000,18000,25000,Yes,466
ORD00467,2025-10-15,Completed,C0832,VIP,35-44,Gwangju,Home,Desk Lamp,Lumen,1,39000,16000,0.25,3000,Bank Transfer,3,4,No,,2025-10,29250,16000,13250,Yes,468
ORD00468,2025-04-06,Completed,C0017,Returning,55+,Jeju,Fashion,Canvas Sneakers,Walkon,2,59000,26000,0,3000,Virtual Account,9,4,No,,2025-04,118000,52000,66000,Yes,469
ORD00469,2025-08-21,Completed,C0173,New,35-44,Gwangju,Pet,Cat Toy Bundle,PawJoy,3,19000,8000,0,3000,Bank Transfer,3,5,No,,2025-08,57000,24000,33000,Yes,470
ORD00470,2025-04-23,Completed,C0622,New,35-44,Gyeonggi,Fashion,Oversized Hoodie,Northline,1,45000,21000,0,3000,Bank Transfer,3,4,No,,2025-04,45000,21000,24000,Yes,471
ORD00472,2025-11-26,Completed,C0283,New,25-34,Daegu,Electronics,Wireless Earbuds,Nova,1,49000,24000,0.1,3000,Mobile Pay,5,,No,,2025-11,44100,24000,20100,Yes,473
ORD00473,2025-01-16,Completed,C0118,Returning,35-44,Daejeon,Food,Protein Bar Pack,FitBite,3,28000,12000,0,3000,Virtual Account,3,5,No,,2025-01,84000,36000,48000,Yes,474
ORD00474,2025-08-06,Completed,C0015,VIP,25-34,Incheon,Electronics,Smart Watch,Pulse,3,99000,47000,0,3000,Virtual Account,1,4,No,,2025-08,297000,141000,156000,Yes,475
ORD00476,2025-10-29,Completed,C0439,New,45-54,Daegu,Beauty,Lip Tint,Mellow,4,14000,5000,0,3000,Bank Transfer,2,4,No,,2025-10,56000,20000,36000,Yes,477
ORD00478,2025-09-16,Completed,C0575,Returning,55+,Seoul,Home,Storage Box Set,NeatHome,3,29000,12000,0,0,Virtual Account,4,4,No,,2025-09,87000,36000,51000,Yes,479
ORD00479,2025-06-14,Completed,C0604,Returning,25-34,Daegu,Fashion,Canvas Sneakers,Walkon,1,59000,26000,0.05,3000,Mobile Pay,1,4,Yes,Damaged item,2025-06,56050,26000,30050,Yes,480
ORD00480,2025-07-05,Completed,C0038,New,18-24,Seoul,Food,Coffee Bean 1kg,BeanRoot,3,32000,15000,0,3000,Card,2,5,No,,2025-07,96000,45000,51000,Yes,481
ORD00481,2025-03-10,Completed,C0498,Returning,35-44,Gyeonggi,Fashion,Canvas Sneakers,Walkon,3,59000,26000,0,0,Card,2,5,No,,2025-03,177000,78000,99000,Yes,482
ORD00482,2025-02-16,Completed,C0322,New,55+,Gangwon,Electronics,Bluetooth Speaker,Soundly,4,65000,31000,0,3000,Card,7,4,No,,2025-02,260000,124000,136000,Yes,483
ORD00483,2025-05-23,Completed,C0415,Returning,35-44,Seoul,Fashion,Canvas Sneakers,Walkon,2,59000,26000,0,3000,Mobile Pay,4,,No,,2025-05,118000,52000,66000,Yes,484
ORD00484,2025-01-06,Completed,C0289,New,25-34,Gyeonggi,Electronics,Bluetooth Speaker,Soundly,2,65000,31000,0.2,3000,Card,3,4,No,,2025-01,104000,62000,42000,Yes,485
ORD00485,2025-02-27,Completed,C0466,Returning,45-54,Seoul,Beauty,Sunscreen SPF50,Glow,2,18000,7000,0,0,Virtual Account,3,4,No,,2025-02,36000,14000,22000,Yes,486
ORD00487,2025-09-08,Completed,C0659,Returning,18-24,Jeju,Electronics,Bluetooth Speaker,Soundly,1,65000,31000,0,0,Card,5,5,No,,2025-09,65000,31000,34000,Yes,488
ORD00488,2025-05-08,Completed,C0299,VIP,45-54,Daegu,Food,Protein Bar Pack,FitBite,1,28000,12000,0,0,Mobile Pay,2,5,No,,2025-05,28000,12000,16000,Yes,489
ORD00489,2025-08-17,Completed,C0353,Returning,18-24,Gangwon,Food,Coffee Bean 1kg,BeanRoot,2,32000,15000,0,3000,Virtual Account,5,4,No,,2025-08,64000,30000,34000,Yes,490
ORD00490,2025-03-04,Completed,C0555,Returning,45-54,Gyeonggi,Home,Desk Lamp,Lumen,2,39000,16000,0,3000,Bank Transfer,4,4,No,,2025-03,78000,32000,46000,Yes,491
ORD00491,2025-04-29,Completed,C0274,Returning,55+,Gwangju,Fashion,Crossbody Bag,Morrow,4,43000,18000,0.2,3000,Bank Transfer,2,4,No,,2025-04,137600,72000,65600,Yes,492
ORD00492,2025-02-10,Completed,C0668,Returning,35-44,Gyeonggi,Home,Storage Box Set,NeatHome,4,29000,12000,0,3000,Bank Transfer,2,4,No,,2025-02,116000,48000,68000,Yes,493
ORD00493,2025-02-01,Completed,C0822,Returning,35-44,Busan,Home,Cotton Towel Set,SoftDay,4,24000,10000,0,3000,Card,2,5,No,,2025-02,96000,40000,56000,Yes,494
ORD00494,2025-12-22,Completed,C0695,New,18-24,Seoul,Home,Cotton Towel Set,SoftDay,4,24000,10000,0,3000,Virtual Account,2,5,No,,2025-12,96000,40000,56000,Yes,495
ORD00495,2025-06-02,Completed,C0489,Returning,45-54,Incheon,Home,Desk Lamp,Lumen,2,39000,16000,0.15,0,Card,5,5,No,,2025-06,66300,32000,34300,Yes,496
ORD00497,2025-02-19,Completed,C0607,Returning,25-34,Incheon,Beauty,Lip Tint,Mellow,4,14000,5000,0.1,0,Bank Transfer,4,5,No,,2025-02,50400,20000,30400,Yes,498
ORD00498,2025-08-21,Completed,C0053,Returning,25-34,Seoul,Fashion,Oversized Hoodie,Northline,3,45000,21000,0,3000,Card,3,4,Yes,Late delivery,2025-08,135000,63000,72000,Yes,499
ORD00499,2025-12-20,Completed,C0368,Returning,55+,Incheon,Electronics,Wireless Earbuds,Nova,1,49000,24000,0.15,3000,Card,5,4,No,,2025-12,41650,24000,17650,Yes,500
ORD00500,2025-01-31,Completed,C0196,Returning,55+,Incheon,Electronics,Bluetooth Speaker,Soundly,3,65000,31000,0,0,Bank Transfer,3,5,No,,2025-01,195000,93000,102000,Yes,501
ORD00501,2025-03-06,Completed,C0319,New,45-54,Gyeonggi,Electronics,Wireless Earbuds,Nova,4,49000,24000,0,3000,Virtual Account,1,5,No,,2025-03,196000,96000,100000,Yes,502
ORD00502,2025-06-01,Completed,C0831,New,45-54,Gyeonggi,Pet,Cat Toy Bundle,PawJoy,3,19000,8000,0,3000,Bank Transfer,3,5,No,,2025-06,57000,24000,33000,Yes,503
ORD00504,2025-05-23,Completed,C0737,Returning,25-34,Daegu,Electronics,Smart Watch,Pulse,2,99000,47000,0,3000,Bank Transfer,1,5,No,,2025-05,198000,94000,104000,Yes,505
ORD00505,2025-06-17,Completed,C0787,Returning,45-54,Busan,Beauty,Hydrating Serum,PureLab,3,22000,9000,0,0,Bank Transfer,4,5,No,,2025-06,66000,27000,39000,Yes,506
ORD00506,2025-09-15,Completed,C0101,Returning,45-54,Seoul,Fashion,Crossbody Bag,Morrow,4,43000,18000,0,3000,Card,1,,No,,2025-09,172000,72000,100000,Yes,507
ORD00507,2025-01-09,Completed,C0373,New,18-24,Busan,Electronics,Wireless Earbuds,Nova,1,49000,24000,0,3000,Mobile Pay,5,5,No,,2025-01,49000,24000,25000,Yes,508
ORD00508,2025-11-24,Completed,C0177,Returning,55+,Daegu,Electronics,Wireless Earbuds,Nova,4,49000,24000,0,3000,Virtual Account,2,5,No,,2025-11,196000,96000,100000,Yes,509
ORD00509,2025-02-15,Completed,C0548,VIP,55+,Gwangju,Beauty,Lip Tint,Mellow,2,14000,5000,0,0,Virtual Account,5,4,Yes,Different from description,2025-02,28000,10000,18000,Yes,510
ORD00511,2025-04-21,Completed,C0809,Returning,25-34,Daejeon,Pet,Dog Treats 1kg,Barkly,1,25000,11000,0,0,Mobile Pay,3,5,No,,2025-04,25000,11000,14000,Yes,512
ORD00512,2025-09-05,Completed,C0441,New,55+,Busan,Pet,Pet Bed,ComfyPaws,1,47000,20000,0.25,0,Card,2,5,No,,2025-09,35250,20000,15250,Yes,513
ORD00513,2025-10-18,Completed,C0398,Returning,55+,Daejeon,Food,Coffee Bean 1kg,BeanRoot,1,32000,15000,0.2,0,Virtual Account,3,4,No,,2025-10,25600,15000,10600,Yes,514
ORD00514,2025-07-27,Completed,C0168,New,55+,Daegu,Food,Coffee Bean 1kg,BeanRoot,2,32000,15000,0,3000,Card,5,5,No,,2025-07,64000,30000,34000,Yes,515
ORD00515,2025-12-11,Completed,C0130,New,18-24,Daejeon,Electronics,Wireless Earbuds,Nova,4,49000,24000,0,0,Mobile Pay,2,5,No,,2025-12,196000,96000,100000,Yes,516
ORD00516,2025-02-28,Completed,C0383,VIP,18-24,Daegu,Electronics,Wireless Earbuds,Nova,2,49000,24000,0.15,0,Bank Transfer,3,5,No,,2025-02,83300,48000,35300,Yes,517
ORD00518,2025-08-12,Completed,C0520,New,25-34,Gyeonggi,Fashion,Crossbody Bag,Morrow,3,43000,18000,0,3000,Mobile Pay,2,5,No,,2025-08,129000,54000,75000,Yes,519
ORD00519,2025-02-19,Completed,C0799,New,35-44,Gangwon,Food,Protein Bar Pack,FitBite,4,28000,12000,0.15,3000,Card,5,5,No,,2025-02,95200,48000,47200,Yes,520
ORD00520,2025-07-09,Completed,C0171,Returning,55+,Seoul,Home,Desk Lamp,Lumen,1,39000,16000,0,3000,Mobile Pay,5,4,No,,2025-07,39000,16000,23000,Yes,521
ORD00521,2025-06-26,Completed,C0495,VIP,18-24,Gangwon,Food,Protein Bar Pack,FitBite,1,28000,12000,0,3000,Card,9,4,No,,2025-06,28000,12000,16000,Yes,522
ORD00522,2025-08-25,Completed,C0460,New,25-34,Daejeon,Home,Desk Lamp,Lumen,2,39000,16000,0.15,0,Bank Transfer,3,5,No,,2025-08,66300,32000,34300,Yes,523
ORD00523,2025-01-02,Completed,C0079,New,55+,Daejeon,Fashion,Crossbody Bag,Morrow,2,43000,18000,0,0,Card,3,4,No,,2025-01,86000,36000,50000,Yes,524
ORD00524,2025-09-26,Completed,C0383,New,35-44,Gwangju,Electronics,Bluetooth Speaker,Soundly,3,65000,31000,0,0,Virtual Account,1,5,No,,2025-09,195000,93000,102000,Yes,525
ORD00525,2025-08-08,Completed,C0581,New,45-54,Seoul,Beauty,Lip Tint,Mellow,4,14000,5000,0.05,0,Card,5,5,No,,2025-08,53200,20000,33200,Yes,526
ORD00526,2025-06-18,Completed,C0256,VIP,18-24,Gangwon,Fashion,Canvas Sneakers,Walkon,4,59000,26000,0,3000,Card,7,4,No,,2025-06,236000,104000,132000,Yes,527
ORD00527,2025-01-14,Completed,C0448,VIP,35-44,Gyeonggi,Food,Gift Snack Box,HappyBox,4,33000,14000,0,0,Bank Transfer,3,4,No,,2025-01,132000,56000,76000,Yes,528
ORD00528,2025-01-25,Completed,C0582,VIP,35-44,Daejeon,Beauty,Hydrating Serum,PureLab,4,22000,9000,0.25,3000,Bank Transfer,1,5,No,,2025-01,66000,36000,30000,Yes,529
ORD00529,2025-03-21,Completed,C0363,Returning,35-44,Gangwon,Food,Gift Snack Box,HappyBox,4,33000,14000,0,3000,Bank Transfer,6,4,No,,2025-03,132000,56000,76000,Yes,530
ORD00530,2025-09-11,Completed,C0570,Returning,35-44,Daegu,Electronics,Smart Watch,Pulse,2,99000,47000,0,3000,Card,2,5,No,,2025-09,198000,94000,104000,Yes,531
ORD00531,2025-07-20,Completed,C0481,Returning,18-24,Daejeon,Beauty,Sunscreen SPF50,Glow,3,18000,7000,0,3000,Mobile Pay,5,5,No,,2025-07,54000,21000,33000,Yes,532
ORD00532,2025-04-27,Completed,C0435,VIP,45-54,Jeju,Home,Cotton Towel Set,SoftDay,1,24000,10000,0,3000,Mobile Pay,7,4,No,,2025-04,24000,10000,14000,Yes,533
ORD00533,2025-09-26,Completed,C0178,Returning,45-54,Jeju,Beauty,Hydrating Serum,PureLab,2,22000,9000,0.15,0,Virtual Account,6,4,No,,2025-09,37400,18000,19400,Yes,534
ORD00534,2025-03-18,Completed,C0594,VIP,55+,Daegu,Fashion,Oversized Hoodie,Northline,2,45000,21000,0.2,3000,Bank Transfer,5,4,No,,2025-03,72000,42000,30000,Yes,535
ORD00535,2025-03-14,Completed,C0620,Returning,18-24,Daegu,Food,Protein Bar Pack,FitBite,2,28000,12000,0,3000,Bank Transfer,2,5,No,,2025-03,56000,24000,32000,Yes,536
ORD00536,2025-04-13,Completed,C0644,New,18-24,Gyeonggi,Food,Coffee Bean 1kg,BeanRoot,3,32000,15000,0,0,Bank Transfer,1,4,No,,2025-04,96000,45000,51000,Yes,537
ORD00537,2025-02-04,Completed,C0334,Returning,35-44,Daejeon,Beauty,Lip Tint,Mellow,3,14000,5000,0.1,3000,Virtual Account,4,5,No,,2025-02,37800,15000,22800,Yes,538
ORD00538,2025-01-01,Completed,C0182,VIP,18-24,Daejeon,Home,Desk Lamp,Lumen,1,39000,16000,0.1,0,Mobile Pay,3,5,No,,2025-01,35100,16000,19100,Yes,539
ORD00539,2025-02-13,Completed,C0618,New,35-44,Seoul,Pet,Pet Bed,ComfyPaws,2,47000,20000,0.25,3000,Card,1,5,No,,2025-02,70500,40000,30500,Yes,540
ORD00540,2025-09-21,Completed,C0705,Returning,45-54,Seoul,Electronics,Bluetooth Speaker,Soundly,4,65000,31000,0,3000,Mobile Pay,1,4,No,,2025-09,260000,124000,136000,Yes,541
ORD00541,2025-03-31,Completed,C0276,New,25-34,Gangwon,Electronics,Bluetooth Speaker,Soundly,2,65000,31000,0.15,0,Virtual Account,2,5,No,,2025-03,110500,62000,48500,Yes,542
ORD00543,2025-12-10,Completed,C0217,Returning,55+,Gyeonggi,Electronics,Bluetooth Speaker,Soundly,3,65000,31000,0,3000,Virtual Account,1,4,No,,2025-12,195000,93000,102000,Yes,544
ORD00544,2025-05-14,Completed,C0405,New,45-54,Incheon,Pet,Cat Toy Bundle,PawJoy,3,19000,8000,0.15,0,Virtual Account,2,4,No,,2025-05,48450,24000,24450,Yes,545
ORD00545,2025-07-11,Completed,C0020,New,35-44,Daegu,Home,Storage Box Set,NeatHome,1,29000,12000,0,3000,Card,4,4,No,,2025-07,29000,12000,17000,Yes,546
ORD00546,2025-07-06,Completed,C0304,VIP,55+,Daejeon,Electronics,Bluetooth Speaker,Soundly,2,65000,31000,0,0,Bank Transfer,1,5,No,,2025-07,130000,62000,68000,Yes,547
ORD00548,2025-01-21,Completed,C0001,VIP,18-24,Seoul,Pet,Cat Toy Bundle,PawJoy,1,19000,8000,0,3000,Bank Transfer,3,4,No,,2025-01,19000,8000,11000,Yes,549
ORD00549,2025-10-09,Completed,C0296,VIP,45-54,Gwangju,Pet,Dog Treats 1kg,Barkly,4,25000,11000,0,0,Bank Transfer,2,4,No,,2025-10,100000,44000,56000,Yes,550
ORD00550,2025-03-18,Completed,C0347,New,18-24,Incheon,Home,Desk Lamp,Lumen,2,39000,16000,0,3000,Card,5,5,No,,2025-03,78000,32000,46000,Yes,551
ORD00551,2025-08-26,Completed,C0600,New,35-44,Daejeon,Home,Cotton Towel Set,SoftDay,2,24000,10000,0,3000,Bank Transfer,3,5,No,,2025-08,48000,20000,28000,Yes,552
ORD00552,2025-09-11,Completed,C0670,New,35-44,Daejeon,Electronics,Smart Watch,Pulse,1,99000,47000,0.2,3000,Card,4,5,No,,2025-09,79200,47000,32200,Yes,553
ORD00553,2025-12-12,Completed,C0258,Returning,35-44,Daegu,Electronics,Bluetooth Speaker,Soundly,1,65000,31000,0,3000,Card,3,5,No,,2025-12,65000,31000,34000,Yes,554
ORD00554,2025-02-12,Completed,C0329,New,18-24,Daejeon,Beauty,Lip Tint,Mellow,4,14000,5000,0.1,0,Bank Transfer,1,5,No,,2025-02,50400,20000,30400,Yes,555
ORD00555,2025-07-14,Completed,C0378,Returning,25-34,Seoul,Food,Coffee Bean 1kg,BeanRoot,3,32000,15000,0.15,3000,Mobile Pay,2,4,No,,2025-07,81600,45000,36600,Yes,556
ORD00556,2025-07-16,Completed,C0753,Returning,45-54,Daejeon,Pet,Dog Treats 1kg,Barkly,3,25000,11000,0,0,Bank Transfer,4,5,No,,2025-07,75000,33000,42000,Yes,557
ORD00557,2025-05-24,Completed,C0142,New,25-34,Incheon,Fashion,Crossbody Bag,Morrow,4,43000,18000,0.2,0,Mobile Pay,2,5,No,,2025-05,137600,72000,65600,Yes,558
ORD00558,2025-05-08,Completed,C0214,New,18-24,Seoul,Food,Protein Bar Pack,FitBite,4,28000,12000,0,3000,Mobile Pay,5,5,No,,2025-05,112000,48000,64000,Yes,559
ORD00559,2025-01-14,Completed,C0833,New,45-54,Daegu,Home,Cotton Towel Set,SoftDay,4,24000,10000,0,3000,Mobile Pay,5,5,No,,2025-01,96000,40000,56000,Yes,560
ORD00560,2025-05-17,Completed,C0602,Returning,45-54,Seoul,Fashion,Canvas Sneakers,Walkon,4,59000,26000,0,3000,Card,4,5,No,,2025-05,236000,104000,132000,Yes,561
ORD00561,2025-09-04,Completed,C0257,VIP,18-24,Jeju,Beauty,Lip Tint,Mellow,3,14000,5000,0,3000,Card,2,5,No,,2025-09,42000,15000,27000,Yes,562
ORD00562,2025-02-10,Completed,C0131,Returning,18-24,Gangwon,Electronics,Bluetooth Speaker,Soundly,3,65000,31000,0,3000,Virtual Account,7,4,No,,2025-02,195000,93000,102000,Yes,563
ORD00563,2025-08-08,Completed,C0162,New,18-24,Daejeon,Electronics,Bluetooth Speaker,Soundly,2,65000,31000,0.25,0,Virtual Account,2,,No,,2025-08,97500,62000,35500,Yes,564
ORD00564,2025-04-24,Completed,C0249,Returning,35-44,Daegu,Food,Gift Snack Box,HappyBox,3,33000,14000,0.05,3000,Card,1,5,No,,2025-04,94050,42000,52050,Yes,565
ORD00565,2025-11-13,Completed,C0064,New,25-34,Busan,Fashion,Canvas Sneakers,Walkon,1,59000,26000,0,3000,Bank Transfer,4,5,No,,2025-11,59000,26000,33000,Yes,566
ORD00566,2025-05-06,Completed,C0310,New,18-24,Gwangju,Fashion,Oversized Hoodie,Northline,4,45000,21000,0.2,3000,Virtual Account,5,5,No,,2025-05,144000,84000,60000,Yes,567
ORD00567,2025-09-24,Completed,C0287,Returning,45-54,Busan,Beauty,Hydrating Serum,PureLab,4,22000,9000,0.15,3000,Card,2,4,No,,2025-09,74800,36000,38800,Yes,568
ORD00568,2025-12-21,Completed,C0651,Returning,45-54,Gangwon,Home,Desk Lamp,Lumen,1,39000,16000,0,3000,Bank Transfer,6,4,No,,2025-12,39000,16000,23000,Yes,569
ORD00569,2025-05-30,Completed,C0570,New,35-44,Incheon,Electronics,Bluetooth Speaker,Soundly,4,65000,31000,0,3000,Card,2,4,No,,2025-05,260000,124000,136000,Yes,570
ORD00570,2025-03-21,Completed,C0157,New,25-34,Gwangju,Pet,Cat Toy Bundle,PawJoy,1,19000,8000,0.1,3000,Card,2,,No,,2025-03,17100,8000,9100,Yes,571
ORD00571,2025-08-07,Completed,C0633,Returning,35-44,Daejeon,Electronics,Smart Watch,Pulse,3,99000,47000,0,0,Mobile Pay,4,4,No,,2025-08,297000,141000,156000,Yes,572
ORD00572,2025-08-23,Completed,C0271,New,25-34,Daejeon,Home,Storage Box Set,NeatHome,2,29000,12000,0.25,3000,Virtual Account,4,5,No,,2025-08,43500,24000,19500,Yes,573
ORD00573,2025-11-03,Completed,C0399,New,35-44,Seoul,Electronics,Bluetooth Speaker,Soundly,3,65000,31000,0,3000,Mobile Pay,2,4,No,,2025-11,195000,93000,102000,Yes,574
ORD00574,2025-08-10,Completed,C0436,New,18-24,Jeju,Beauty,Hydrating Serum,PureLab,4,22000,9000,0.2,0,Virtual Account,6,3,No,,2025-08,70400,36000,34400,Yes,575
ORD00575,2025-10-26,Completed,C0106,New,55+,Daejeon,Electronics,Smart Watch,Pulse,1,99000,47000,0.1,3000,Card,1,4,No,,2025-10,89100,47000,42100,Yes,576
ORD00576,2025-12-15,Completed,C0397,New,55+,Gyeonggi,Fashion,Oversized Hoodie,Northline,4,45000,21000,0,3000,Card,2,4,No,,2025-12,180000,84000,96000,Yes,577
ORD00577,2025-01-08,Completed,C0414,New,45-54,Gangwon,Food,Protein Bar Pack,FitBite,4,28000,12000,0.2,3000,Virtual Account,2,5,No,,2025-01,89600,48000,41600,Yes,578
ORD00578,2025-03-15,Completed,C0709,VIP,35-44,Incheon,Electronics,Wireless Earbuds,Nova,4,49000,24000,0,0,Mobile Pay,1,5,No,,2025-03,196000,96000,100000,Yes,579
ORD00579,2025-12-12,Completed,C0016,New,45-54,Incheon,Food,Protein Bar Pack,FitBite,1,28000,12000,0,3000,Mobile Pay,1,5,No,,2025-12,28000,12000,16000,Yes,580
ORD00580,2025-01-28,Completed,C0693,Returning,45-54,Jeju,Electronics,Bluetooth Speaker,Soundly,4,65000,31000,0,3000,Card,8,3,No,,2025-01,260000,124000,136000,Yes,581
ORD00581,2025-12-16,Completed,C0234,New,45-54,Seoul,Beauty,Sunscreen SPF50,Glow,1,18000,7000,0,0,Card,2,4,No,,2025-12,18000,7000,11000,Yes,582
ORD00582,2025-03-15,Completed,C0516,Returning,45-54,Seoul,Home,Desk Lamp,Lumen,2,39000,16000,0.15,3000,Mobile Pay,5,4,No,,2025-03,66300,32000,34300,Yes,583
ORD00583,2025-12-07,Completed,C0827,New,18-24,Busan,Food,Protein Bar Pack,FitBite,2,28000,12000,0.25,3000,Bank Transfer,2,5,No,,2025-12,42000,24000,18000,Yes,584
ORD00584,2025-12-08,Completed,C0284,New,45-54,Gyeonggi,Pet,Pet Bed,ComfyPaws,2,47000,20000,0,0,Bank Transfer,3,4,Yes,Wrong size,2025-12,94000,40000,54000,Yes,585
ORD00585,2025-07-18,Completed,C0168,New,45-54,Busan,Beauty,Hydrating Serum,PureLab,2,22000,9000,0,0,Card,3,5,No,,2025-07,44000,18000,26000,Yes,586
ORD00586,2025-02-14,Completed,C0432,Returning,35-44,Busan,Food,Gift Snack Box,HappyBox,2,33000,14000,0.2,3000,Mobile Pay,3,5,No,,2025-02,52800,28000,24800,Yes,587
ORD00587,2025-04-10,Completed,C0367,Returning,25-34,Gangwon,Fashion,Oversized Hoodie,Northline,2,45000,21000,0,0,Bank Transfer,6,2,Yes,Wrong size,2025-04,90000,42000,48000,Yes,588
ORD00588,2025-10-29,Completed,C0556,New,55+,Gyeonggi,Food,Protein Bar Pack,FitBite,4,28000,12000,0.25,0,Card,5,4,No,,2025-10,84000,48000,36000,Yes,589
ORD00589,2025-01-20,Completed,C0777,VIP,55+,Gwangju,Electronics,Smart Watch,Pulse,1,99000,47000,0,3000,Bank Transfer,2,4,No,,2025-01,99000,47000,52000,Yes,590
ORD00590,2025-06-24,Completed,C0460,New,55+,Incheon,Beauty,Sunscreen SPF50,Glow,1,18000,7000,0.25,0,Card,3,4,No,,2025-06,13500,7000,6500,Yes,591
ORD00591,2025-04-03,Completed,C0073,New,18-24,Gwangju,Home,Storage Box Set,NeatHome,2,29000,12000,0,3000,Mobile Pay,1,5,No,,2025-04,58000,24000,34000,Yes,592
ORD00592,2025-07-26,Completed,C0210,VIP,18-24,Jeju,Home,Storage Box Set,NeatHome,4,29000,12000,0,3000,Card,5,5,No,,2025-07,116000,48000,68000,Yes,593
ORD00593,2025-05-07,Completed,C0442,New,35-44,Gwangju,Pet,Dog Treats 1kg,Barkly,4,25000,11000,0,3000,Bank Transfer,5,5,No,,2025-05,100000,44000,56000,Yes,594
ORD00594,2025-12-02,Completed,C0159,New,35-44,Jeju,Pet,Dog Treats 1kg,Barkly,2,25000,11000,0,0,Virtual Account,4,4,No,,2025-12,50000,22000,28000,Yes,595
ORD00595,2025-03-28,Completed,C0428,VIP,18-24,Gwangju,Electronics,Wireless Earbuds,Nova,2,49000,24000,0.15,3000,Mobile Pay,2,4,No,,2025-03,83300,48000,35300,Yes,596
ORD00596,2025-08-15,Completed,C0436,VIP,45-54,Gyeonggi,Electronics,Smart Watch,Pulse,3,99000,47000,0.15,3000,Card,2,5,No,,2025-08,252450,141000,111450,Yes,597
ORD00597,2025-11-30,Completed,C0269,VIP,55+,Gwangju,Home,Storage Box Set,NeatHome,2,29000,12000,0,3000,Bank Transfer,5,4,No,,2025-11,58000,24000,34000,Yes,598
ORD00598,2025-02-04,Completed,C0345,New,35-44,Daejeon,Beauty,Sunscreen SPF50,Glow,1,18000,7000,0,3000,Mobile Pay,4,,No,,2025-02,18000,7000,11000,Yes,599
ORD00600,2025-07-31,Completed,C0084,New,45-54,Seoul,Food,Protein Bar Pack,FitBite,1,28000,12000,0,3000,Mobile Pay,45,4,No,,2025-07,28000,12000,16000,No,601
ORD00601,2025-01-15,Completed,C0095,New,18-24,Jeju,Fashion,Canvas Sneakers,Walkon,4,59000,26000,0,0,Mobile Pay,1,4,No,,2025-01,236000,104000,132000,Yes,602
ORD00602,2025-09-11,Completed,C0380,Returning,35-44,Jeju,Food,Coffee Bean 1kg,BeanRoot,1,32000,15000,0.25,3000,Card,4,4,No,,2025-09,24000,15000,9000,Yes,603
ORD00603,2025-05-03,Completed,C0154,New,45-54,Daegu,Beauty,Lip Tint,Mellow,4,14000,5000,0,3000,Card,1,4,No,,2025-05,56000,20000,36000,Yes,604
ORD00604,2025-09-04,Completed,C0096,Returning,45-54,Jeju,Food,Protein Bar Pack,FitBite,2,28000,12000,0,3000,Bank Transfer,1,5,No,,2025-09,56000,24000,32000,Yes,605
ORD00605,2025-02-10,Completed,C0229,New,35-44,Gwangju,Beauty,Lip Tint,Mellow,1,14000,5000,0,3000,Virtual Account,2,4,No,,2025-02,14000,5000,9000,Yes,606
ORD00606,2025-04-02,Completed,C0160,Returning,45-54,Daegu,Food,Gift Snack Box,HappyBox,2,33000,14000,0.25,3000,Bank Transfer,2,5,No,,2025-04,49500,28000,21500,Yes,607
ORD00607,2025-04-02,Completed,C0117,New,45-54,Gangwon,Home,Storage Box Set,NeatHome,2,29000,12000,0,3000,Bank Transfer,2,5,No,,2025-04,58000,24000,34000,Yes,608
ORD00609,2025-12-27,Completed,C0795,Returning,35-44,Gangwon,Food,Protein Bar Pack,FitBite,3,28000,12000,0.15,0,Bank Transfer,1,4,No,,2025-12,71400,36000,35400,Yes,610
ORD00611,2025-05-21,Completed,C0208,New,55+,Busan,Home,Storage Box Set,NeatHome,4,29000,12000,0,3000,Mobile Pay,4,5,No,,2025-05,116000,48000,68000,Yes,612
ORD00612,2025-08-24,Completed,C0530,Returning,18-24,Seoul,Fashion,Crossbody Bag,Morrow,3,43000,18000,0.15,3000,Virtual Account,5,4,No,,2025-08,109650,54000,55650,Yes,613
ORD00613,2025-11-27,Completed,C0514,Returning,35-44,Busan,Electronics,Smart Watch,Pulse,2,99000,47000,0,3000,Card,4,5,No,,2025-11,198000,94000,104000,Yes,614
ORD00614,2025-10-05,Completed,C0372,Returning,18-24,Daegu,Food,Coffee Bean 1kg,BeanRoot,4,32000,15000,0.15,0,Bank Transfer,5,5,No,,2025-10,108800,60000,48800,Yes,615
ORD00615,2025-05-31,Completed,C0387,New,35-44,Gyeonggi,Electronics,Smart Watch,Pulse,1,99000,47000,0.15,3000,Bank Transfer,1,5,No,,2025-05,84150,47000,37150,Yes,616
ORD00616,2025-12-23,Completed,C0566,VIP,55+,Gwangju,Electronics,Wireless Earbuds,Nova,3,49000,24000,0,3000,Card,4,4,No,,2025-12,147000,72000,75000,Yes,617
ORD00617,2025-02-26,Completed,C0526,Returning,45-54,Gyeonggi,Home,Cotton Towel Set,SoftDay,3,24000,10000,0.05,0,Bank Transfer,2,,No,,2025-02,68400,30000,38400,Yes,618
ORD00618,2025-08-03,Completed,C0119,Returning,18-24,Seoul,Beauty,Hydrating Serum,PureLab,3,22000,9000,0.2,0,Card,4,4,No,,2025-08,52800,27000,25800,Yes,619
ORD00619,2025-04-29,Completed,C0677,VIP,18-24,Gangwon,Food,Protein Bar Pack,FitBite,3,28000,12000,0,3000,Card,1,5,No,,2025-04,84000,36000,48000,Yes,620
ORD00620,2025-11-16,Completed,C0392,New,18-24,Daegu,Pet,Cat Toy Bundle,PawJoy,2,19000,8000,0,0,Card,4,5,No,,2025-11,38000,16000,22000,Yes,621
ORD00621,2025-09-24,Completed,C0417,New,25-34,Gyeonggi,Beauty,Sunscreen SPF50,Glow,1,18000,7000,0,0,Virtual Account,1,5,No,,2025-09,18000,7000,11000,Yes,622
ORD00622,2025-06-30,Completed,C0085,VIP,45-54,Gangwon,Home,Storage Box Set,NeatHome,4,29000,12000,0,3000,Card,7,3,No,,2025-06,116000,48000,68000,Yes,623
ORD00623,2025-08-20,Completed,C0356,Returning,18-24,Busan,Pet,Dog Treats 1kg,Barkly,3,25000,11000,0,3000,Card,4,5,No,,2025-08,75000,33000,42000,Yes,624
ORD00624,2025-10-10,Completed,C0503,Returning,25-34,Busan,Pet,Dog Treats 1kg,Barkly,4,25000,11000,0.05,3000,Virtual Account,5,5,No,,2025-10,95000,44000,51000,Yes,625
ORD00625,2025-11-22,Completed,C0706,Returning,45-54,Incheon,Food,Coffee Bean 1kg,BeanRoot,3,32000,15000,0.2,3000,Bank Transfer,2,4,No,,2025-11,76800,45000,31800,Yes,626
ORD00626,2025-07-30,Completed,C0169,New,18-24,Daegu,Electronics,Wireless Earbuds,Nova,3,49000,24000,0,0,Bank Transfer,5,4,No,,2025-07,147000,72000,75000,Yes,627
ORD00627,2025-05-19,Completed,C0436,Returning,35-44,Incheon,Fashion,Oversized Hoodie,Northline,4,45000,21000,0,3000,Bank Transfer,3,5,No,,2025-05,180000,84000,96000,Yes,628
ORD00628,2025-02-15,Completed,C0189,New,45-54,Gangwon,Pet,Dog Treats 1kg,Barkly,1,25000,11000,0.25,3000,Virtual Account,5,4,No,,2025-02,18750,11000,7750,Yes,629
ORD00629,2025-07-15,Completed,C0283,Returning,25-34,Incheon,Home,Storage Box Set,NeatHome,3,29000,12000,0,0,Card,1,5,No,,2025-07,87000,36000,51000,Yes,630
ORD00630,2025-01-18,Completed,C0109,Returning,35-44,Gyeonggi,Food,Protein Bar Pack,FitBite,2,28000,12000,0.2,3000,Mobile Pay,1,4,No,,2025-01,44800,24000,20800,Yes,631
ORD00631,2025-11-03,Completed,C0256,VIP,25-34,Gyeonggi,Food,Gift Snack Box,HappyBox,3,33000,14000,0.15,3000,Bank Transfer,5,4,No,,2025-11,84150,42000,42150,Yes,632
ORD00632,2025-12-19,Completed,C0744,VIP,55+,Jeju,Home,Desk Lamp,Lumen,1,39000,16000,0,0,Virtual Account,4,4,No,,2025-12,39000,16000,23000,Yes,633
ORD00633,2025-04-19,Completed,C0559,New,55+,Gwangju,Beauty,Hydrating Serum,PureLab,4,22000,9000,0,3000,Mobile Pay,2,5,No,,2025-04,88000,36000,52000,Yes,634
ORD00634,2025-10-16,Completed,C0686,VIP,55+,Jeju,Beauty,Lip Tint,Mellow,2,14000,5000,0.25,3000,Card,7,4,No,,2025-10,21000,10000,11000,Yes,635
ORD00635,2025-08-18,Completed,C0440,New,35-44,Busan,Fashion,Oversized Hoodie,Northline,3,45000,21000,0,3000,Bank Transfer,5,5,No,,2025-08,135000,63000,72000,Yes,636
ORD00636,2025-11-06,Completed,C0380,New,25-34,Seoul,Electronics,Wireless Earbuds,Nova,3,49000,24000,0.1,3000,Mobile Pay,1,5,No,,2025-11,132300,72000,60300,Yes,637
ORD00637,2025-06-14,Completed,C0153,New,55+,Gangwon,Home,Storage Box Set,NeatHome,1,29000,12000,0,3000,Bank Transfer,3,,No,,2025-06,29000,12000,17000,Yes,638
ORD00638,2025-12-05,Completed,C0354,Returning,25-34,Daegu,Beauty,Hydrating Serum,PureLab,1,22000,9000,0,3000,Card,3,4,No,,2025-12,22000,9000,13000,Yes,639
ORD00639,2025-05-14,Completed,C0740,New,35-44,Seoul,Food,Protein Bar Pack,FitBite,3,28000,12000,0,0,Card,4,4,No,,2025-05,84000,36000,48000,Yes,640
ORD00640,2025-04-18,Completed,C0645,VIP,25-34,Gyeonggi,Pet,Cat Toy Bundle,PawJoy,2,19000,8000,0,3000,Virtual Account,5,4,No,,2025-04,38000,16000,22000,Yes,641
ORD00641,2025-06-25,Completed,C0439,Returning,25-34,Gangwon,Electronics,Bluetooth Speaker,Soundly,4,65000,31000,0,0,Virtual Account,2,4,No,,2025-06,260000,124000,136000,Yes,642
ORD00642,2025-04-04,Completed,C0221,Returning,35-44,Busan,Food,Gift Snack Box,HappyBox,2,33000,14000,0,3000,Bank Transfer,1,5,No,,2025-04,66000,28000,38000,Yes,643
ORD00643,2025-10-01,Completed,C0804,VIP,35-44,Incheon,Fashion,Crossbody Bag,Morrow,4,43000,18000,0.2,3000,Bank Transfer,4,4,Yes,Damaged item,2025-10,137600,72000,65600,Yes,644
ORD00644,2025-06-09,Completed,C0702,VIP,45-54,Busan,Electronics,Wireless Earbuds,Nova,3,49000,24000,0,3000,Card,4,4,No,,2025-06,147000,72000,75000,Yes,645
ORD00645,2025-12-20,Completed,C0675,Returning,18-24,Busan,Beauty,Hydrating Serum,PureLab,2,22000,9000,0,3000,Virtual Account,3,5,No,,2025-12,44000,18000,26000,Yes,646
ORD00646,2025-12-26,Completed,C0404,New,35-44,Gwangju,Fashion,Oversized Hoodie,Northline,2,45000,21000,0.25,0,Card,2,5,No,,2025-12,67500,42000,25500,Yes,647
ORD00647,2025-08-30,Completed,C0418,New,18-24,Gwangju,Beauty,Lip Tint,Mellow,2,14000,5000,0,0,Bank Transfer,4,5,No,,2025-08,28000,10000,18000,Yes,648
ORD00648,2025-11-17,Completed,C0428,New,35-44,Daegu,Electronics,Bluetooth Speaker,Soundly,2,65000,31000,0,3000,Mobile Pay,3,4,No,,2025-11,130000,62000,68000,Yes,649
ORD00650,2025-05-10,Completed,C0120,Returning,18-24,Gwangju,Pet,Pet Bed,ComfyPaws,2,47000,20000,0.25,0,Bank Transfer,1,4,No,,2025-05,70500,40000,30500,Yes,651
ORD00651,2025-01-19,Completed,C0504,Returning,45-54,Gyeonggi,Electronics,Smart Watch,Pulse,3,99000,47000,0,0,Mobile Pay,2,5,No,,2025-01,297000,141000,156000,Yes,652
ORD00652,2025-03-03,Completed,C0265,Returning,35-44,Busan,Food,Gift Snack Box,HappyBox,4,33000,14000,0,0,Bank Transfer,2,5,No,,2025-03,132000,56000,76000,Yes,653
ORD00655,2025-02-06,Completed,C0416,VIP,25-34,Daejeon,Food,Protein Bar Pack,FitBite,3,28000,12000,0,0,Mobile Pay,4,4,No,,2025-02,84000,36000,48000,Yes,656
ORD00656,2025-06-30,Completed,C0218,VIP,25-34,Gyeonggi,Fashion,Crossbody Bag,Morrow,4,43000,18000,0,3000,Card,1,5,No,,2025-06,172000,72000,100000,Yes,657
ORD00657,2025-05-11,Completed,C0685,New,35-44,Gwangju,Pet,Pet Bed,ComfyPaws,2,47000,20000,0,0,Card,3,5,No,,2025-05,94000,40000,54000,Yes,658
ORD00658,2025-11-15,Completed,C0841,Returning,35-44,Busan,Electronics,Smart Watch,Pulse,2,99000,47000,0,0,Mobile Pay,1,4,No,,2025-11,198000,94000,104000,Yes,659
ORD00659,2025-10-11,Completed,C0688,VIP,35-44,Gangwon,Pet,Pet Bed,ComfyPaws,4,47000,20000,0,3000,Card,2,5,No,,2025-10,188000,80000,108000,Yes,660
ORD00660,2025-10-12,Completed,C0334,New,18-24,Daejeon,Electronics,Wireless Earbuds,Nova,1,49000,24000,0.1,3000,Virtual Account,2,5,No,,2025-10,44100,24000,20100,Yes,661
ORD00661,2025-07-08,Completed,C0064,New,45-54,Incheon,Fashion,Crossbody Bag,Morrow,2,43000,18000,0,3000,Card,1,5,No,,2025-07,86000,36000,50000,Yes,662
ORD00662,2025-07-05,Completed,C0526,Returning,45-54,Gangwon,Fashion,Crossbody Bag,Morrow,4,43000,18000,0,3000,Virtual Account,5,5,No,,2025-07,172000,72000,100000,Yes,663
ORD00663,2025-12-30,Completed,C0643,New,18-24,Gangwon,Food,Coffee Bean 1kg,BeanRoot,1,32000,15000,0,3000,Card,1,5,No,,2025-12,32000,15000,17000,Yes,664
ORD00664,2025-10-26,Completed,C0196,Returning,25-34,Incheon,Electronics,Smart Watch,Pulse,3,99000,47000,0,3000,Bank Transfer,1,5,No,,2025-10,297000,141000,156000,Yes,665
ORD00665,2025-04-22,Completed,C0237,Returning,45-54,Daejeon,Food,Coffee Bean 1kg,BeanRoot,2,32000,15000,0.25,0,Virtual Account,4,5,No,,2025-04,48000,30000,18000,Yes,666
ORD00666,2025-06-24,Completed,C0034,Returning,18-24,Jeju,Beauty,Lip Tint,Mellow,4,14000,5000,0,3000,Card,7,4,No,,2025-06,56000,20000,36000,Yes,667
ORD00667,2025-06-10,Completed,C0157,Returning,35-44,Jeju,Fashion,Canvas Sneakers,Walkon,3,59000,26000,0,0,Virtual Account,8,4,No,,2025-06,177000,78000,99000,Yes,668
ORD00668,2025-04-24,Completed,C0560,VIP,55+,Daejeon,Beauty,Lip Tint,Mellow,2,14000,5000,0.1,3000,Mobile Pay,4,5,No,,2025-04,25200,10000,15200,Yes,669
ORD00670,2025-11-10,Completed,C0256,Returning,35-44,Jeju,Beauty,Sunscreen SPF50,Glow,1,18000,7000,0,3000,Bank Transfer,5,5,No,,2025-11,18000,7000,11000,Yes,671
ORD00672,2025-09-04,Completed,C0282,New,45-54,Seoul,Fashion,Canvas Sneakers,Walkon,4,59000,26000,0,3000,Mobile Pay,3,5,No,,2025-09,236000,104000,132000,Yes,673
ORD00673,2025-04-28,Completed,C0436,New,35-44,Daegu,Food,Gift Snack Box,HappyBox,3,33000,14000,0,3000,Mobile Pay,3,4,No,,2025-04,99000,42000,57000,Yes,674
ORD00674,2025-10-29,Completed,C0122,VIP,18-24,Gwangju,Fashion,Canvas Sneakers,Walkon,1,59000,26000,0.2,0,Card,2,,No,,2025-10,47200,26000,21200,Yes,675
ORD00675,2025-01-11,Completed,C0248,New,35-44,Incheon,Beauty,Sunscreen SPF50,Glow,2,18000,7000,0,0,Virtual Account,5,5,No,,2025-01,36000,14000,22000,Yes,676
ORD00676,2025-04-08,Completed,C0814,New,25-34,Jeju,Beauty,Lip Tint,Mellow,3,14000,5000,0.15,3000,Virtual Account,9,4,No,,2025-04,35700,15000,20700,Yes,677
ORD00677,2025-02-16,Completed,C0659,VIP,45-54,Gyeonggi,Electronics,Wireless Earbuds,Nova,3,49000,24000,0,3000,Virtual Account,4,5,No,,2025-02,147000,72000,75000,Yes,678
ORD00678,2025-06-18,Completed,C0215,Returning,55+,Daejeon,Electronics,Wireless Earbuds,Nova,1,49000,24000,0,3000,Virtual Account,4,4,No,,2025-06,49000,24000,25000,Yes,679
ORD00679,2025-06-03,Completed,C0317,VIP,45-54,Gwangju,Fashion,Canvas Sneakers,Walkon,1,59000,26000,0,3000,Bank Transfer,5,4,No,,2025-06,59000,26000,33000,Yes,680
ORD00680,2025-07-10,Completed,C0630,VIP,45-54,Gyeonggi,Home,Desk Lamp,Lumen,2,39000,16000,0,0,Bank Transfer,4,5,No,,2025-07,78000,32000,46000,Yes,681
ORD00681,2025-05-27,Completed,C0609,New,25-34,Gwangju,Beauty,Hydrating Serum,PureLab,4,22000,9000,0,3000,Virtual Account,5,4,No,,2025-05,88000,36000,52000,Yes,682
ORD00682,2025-06-04,Completed,C0082,Returning,18-24,Gangwon,Home,Desk Lamp,Lumen,1,39000,16000,0,3000,Mobile Pay,6,3,No,,2025-06,39000,16000,23000,Yes,683
ORD00684,2025-10-19,Completed,C0529,New,25-34,Gyeonggi,Pet,Cat Toy Bundle,PawJoy,4,19000,8000,0.2,0,Mobile Pay,5,5,No,,2025-10,60800,32000,28800,Yes,685
ORD00685,2025-08-09,Completed,C0314,Returning,25-34,Seoul,Food,Gift Snack Box,HappyBox,2,33000,14000,0,0,Virtual Account,4,4,No,,2025-08,66000,28000,38000,Yes,686
ORD00686,2025-10-04,Completed,C0207,New,25-34,Gangwon,Beauty,Hydrating Serum,PureLab,3,22000,9000,0,0,Mobile Pay,6,3,No,,2025-10,66000,27000,39000,Yes,687
ORD00688,2025-02-25,Completed,C0187,New,55+,Seoul,Food,Protein Bar Pack,FitBite,4,28000,12000,0.05,3000,Bank Transfer,4,5,No,,2025-02,106400,48000,58400,Yes,689
ORD00689,2025-04-30,Completed,C0541,New,18-24,Daegu,Beauty,Hydrating Serum,PureLab,2,22000,9000,0,3000,Virtual Account,5,5,No,,2025-04,44000,18000,26000,Yes,690
ORD00690,2025-01-24,Completed,C0179,Returning,55+,Gwangju,Beauty,Sunscreen SPF50,Glow,2,18000,7000,0,3000,Virtual Account,5,4,No,,2025-01,36000,14000,22000,Yes,691
ORD00691,2025-05-05,Completed,C0598,Returning,35-44,Daejeon,Home,Desk Lamp,Lumen,4,39000,16000,0,3000,Bank Transfer,4,5,No,,2025-05,156000,64000,92000,Yes,692
ORD00692,2025-09-06,Completed,C0133,Returning,25-34,Gwangju,Fashion,Oversized Hoodie,Northline,3,45000,21000,0,0,Mobile Pay,3,,No,,2025-09,135000,63000,72000,Yes,693
ORD00693,2025-06-25,Completed,C0786,VIP,35-44,Jeju,Pet,Cat Toy Bundle,PawJoy,3,19000,8000,0,0,Mobile Pay,1,5,No,,2025-06,57000,24000,33000,Yes,694
ORD00694,2025-05-20,Completed,C0435,New,25-34,Seoul,Fashion,Canvas Sneakers,Walkon,3,59000,26000,0,3000,Bank Transfer,1,5,No,,2025-05,177000,78000,99000,Yes,695
ORD00695,2025-10-11,Completed,C0239,New,35-44,Daejeon,Electronics,Smart Watch,Pulse,2,99000,47000,0,0,Card,4,4,No,,2025-10,198000,94000,104000,Yes,696
ORD00696,2025-05-03,Completed,C0759,VIP,35-44,Gwangju,Pet,Pet Bed,ComfyPaws,3,47000,20000,0,3000,Bank Transfer,1,4,No,,2025-05,141000,60000,81000,Yes,697
ORD00697,2025-01-04,Completed,C0830,New,25-34,Seoul,Food,Coffee Bean 1kg,BeanRoot,1,32000,15000,0.15,3000,Virtual Account,5,5,No,,2025-01,27200,15000,12200,Yes,698
ORD00698,2025-04-13,Completed,C0042,New,55+,Busan,Pet,Cat Toy Bundle,PawJoy,2,19000,8000,0.1,0,Virtual Account,4,4,No,,2025-04,34200,16000,18200,Yes,699
ORD00699,2025-02-05,Completed,C0813,New,35-44,Busan,Food,Protein Bar Pack,FitBite,4,28000,12000,0,3000,Mobile Pay,2,4,No,,2025-02,112000,48000,64000,Yes,700
ORD00700,2025-09-28,Completed,C0434,New,45-54,Daegu,Home,Storage Box Set,NeatHome,3,29000,12000,0,3000,Virtual Account,3,4,No,,2025-09,87000,36000,51000,Yes,701
ORD00701,2025-02-11,Completed,C0400,VIP,18-24,Busan,Food,Gift Snack Box,HappyBox,4,33000,14000,0,3000,Mobile Pay,4,4,No,,2025-02,132000,56000,76000,Yes,702
ORD00702,2025-04-16,Completed,C0235,Returning,45-54,Incheon,Pet,Pet Bed,ComfyPaws,4,47000,20000,0.15,0,Card,4,5,No,,2025-04,159800,80000,79800,Yes,703
ORD00703,2025-02-02,Completed,C0022,New,35-44,Daejeon,Fashion,Canvas Sneakers,Walkon,1,59000,26000,0.1,3000,Card,4,,No,,2025-02,53100,26000,27100,Yes,704
ORD00704,2025-02-16,Completed,C0486,New,35-44,Gangwon,Home,Storage Box Set,NeatHome,3,29000,12000,0.05,3000,Bank Transfer,1,5,No,,2025-02,82650,36000,46650,Yes,705
ORD00705,2025-12-28,Completed,C0440,Returning,55+,Gwangju,Home,Storage Box Set,NeatHome,2,29000,12000,0,3000,Bank Transfer,1,4,No,,2025-12,58000,24000,34000,Yes,706
ORD00706,2025-10-13,Completed,C0764,Returning,55+,Busan,Home,Desk Lamp,Lumen,1,39000,16000,0.05,3000,Mobile Pay,4,5,No,,2025-10,37050,16000,21050,Yes,707
ORD00707,2025-07-11,Completed,C0079,New,45-54,Jeju,Home,Cotton Towel Set,SoftDay,2,24000,10000,0,3000,Card,5,5,No,,2025-07,48000,20000,28000,Yes,708
ORD00708,2025-10-09,Completed,C0210,VIP,45-54,Gyeonggi,Beauty,Lip Tint,Mellow,2,14000,5000,0,3000,Card,3,5,No,,2025-10,28000,10000,18000,Yes,709
ORD00709,2025-07-16,Completed,C0318,Returning,45-54,Incheon,Pet,Cat Toy Bundle,PawJoy,1,19000,8000,0,0,Mobile Pay,2,5,No,,2025-07,19000,8000,11000,Yes,710
ORD00710,2025-10-18,Completed,C0518,Returning,18-24,Jeju,Home,Storage Box Set,NeatHome,2,29000,12000,0,3000,Bank Transfer,2,5,No,,2025-10,58000,24000,34000,Yes,711
ORD00711,2025-09-30,Completed,C0527,Returning,25-34,Incheon,Electronics,Bluetooth Speaker,Soundly,3,65000,31000,0,3000,Virtual Account,5,5,No,,2025-09,195000,93000,102000,Yes,712
ORD00712,2025-08-09,Completed,C0640,Returning,25-34,Busan,Home,Desk Lamp,Lumen,4,39000,16000,0,3000,Card,4,4,No,,2025-08,156000,64000,92000,Yes,713
ORD00713,2025-10-11,Completed,C0793,Returning,35-44,Gwangju,Pet,Pet Bed,ComfyPaws,4,47000,20000,0,3000,Bank Transfer,2,4,No,,2025-10,188000,80000,108000,Yes,714
ORD00714,2025-08-31,Completed,C0104,Returning,18-24,Gangwon,Fashion,Oversized Hoodie,Northline,3,45000,21000,0,3000,Card,9,3,No,,2025-08,135000,63000,72000,Yes,715
ORD00715,2025-06-20,Completed,C0052,New,35-44,Seoul,Fashion,Canvas Sneakers,Walkon,1,59000,26000,0.2,3000,Virtual Account,2,4,No,,2025-06,47200,26000,21200,Yes,716
ORD00716,2025-05-07,Completed,C0778,Returning,45-54,Seoul,Food,Gift Snack Box,HappyBox,4,33000,14000,0,3000,Card,3,5,No,,2025-05,132000,56000,76000,Yes,717
ORD00717,2025-02-04,Completed,C0593,Returning,25-34,Gangwon,Electronics,Wireless Earbuds,Nova,2,49000,24000,0,3000,Card,5,5,No,,2025-02,98000,48000,50000,Yes,718
ORD00718,2025-03-04,Completed,C0690,Returning,55+,Jeju,Electronics,Bluetooth Speaker,Soundly,4,65000,31000,0,3000,Mobile Pay,2,5,No,,2025-03,260000,124000,136000,Yes,719
ORD00719,2025-01-03,Completed,C0302,New,18-24,Incheon,Beauty,Lip Tint,Mellow,3,14000,5000,0,3000,Bank Transfer,3,4,Yes,Different from description,2025-01,42000,15000,27000,Yes,720
ORD00720,2025-09-12,Completed,C0240,VIP,45-54,Busan,Pet,Dog Treats 1kg,Barkly,3,25000,11000,0,0,Card,3,4,No,,2025-09,75000,33000,42000,Yes,721
ORD00721,2025-12-02,Completed,C0787,Returning,25-34,Seoul,Electronics,Smart Watch,Pulse,3,99000,47000,0.2,3000,Bank Transfer,5,4,No,,2025-12,237600,141000,96600,Yes,722
ORD00722,2025-08-30,Completed,C0601,Returning,45-54,Jeju,Beauty,Sunscreen SPF50,Glow,3,18000,7000,0,3000,Bank Transfer,8,4,No,,2025-08,54000,21000,33000,Yes,723
ORD00723,2025-12-04,Completed,C0237,VIP,25-34,Seoul,Electronics,Wireless Earbuds,Nova,2,49000,24000,0,3000,Card,4,4,No,,2025-12,98000,48000,50000,Yes,724
ORD00724,2025-07-11,Completed,C0220,VIP,35-44,Busan,Fashion,Crossbody Bag,Morrow,4,43000,18000,0,3000,Mobile Pay,2,5,No,,2025-07,172000,72000,100000,Yes,725
ORD00725,2025-04-12,Completed,C0190,VIP,55+,Incheon,Pet,Pet Bed,ComfyPaws,4,47000,20000,0.05,3000,Virtual Account,5,5,No,,2025-04,178600,80000,98600,Yes,726
ORD00726,2025-02-02,Completed,C0018,New,25-34,Daejeon,Pet,Pet Bed,ComfyPaws,4,47000,20000,0,0,Bank Transfer,5,4,No,,2025-02,188000,80000,108000,Yes,727
ORD00729,2025-06-26,Completed,C0766,Returning,45-54,Gangwon,Pet,Cat Toy Bundle,PawJoy,1,19000,8000,0,0,Card,3,4,No,,2025-06,19000,8000,11000,Yes,730
ORD00731,2025-07-10,Completed,C0442,New,18-24,Daejeon,Home,Storage Box Set,NeatHome,2,29000,12000,0,3000,Card,3,4,No,,2025-07,58000,24000,34000,Yes,732
ORD00732,2025-07-17,Completed,C0063,VIP,35-44,Gyeonggi,Electronics,Bluetooth Speaker,Soundly,1,65000,31000,0,3000,Mobile Pay,3,,No,,2025-07,65000,31000,34000,Yes,733
ORD00733,2025-05-14,Completed,C0071,New,25-34,Seoul,Electronics,Bluetooth Speaker,Soundly,3,65000,31000,0,3000,Virtual Account,1,5,No,,2025-05,195000,93000,102000,Yes,734
ORD00734,2025-01-08,Completed,C0398,Returning,18-24,Gangwon,Beauty,Lip Tint,Mellow,4,14000,5000,0.2,3000,Card,6,4,No,,2025-01,44800,20000,24800,Yes,735
ORD00735,2025-01-28,Completed,C0693,Returning,18-24,Incheon,Food,Protein Bar Pack,FitBite,3,28000,12000,0,3000,Mobile Pay,2,5,No,,2025-01,84000,36000,48000,Yes,736
ORD00736,2025-04-28,Completed,C0562,New,18-24,Gangwon,Fashion,Canvas Sneakers,Walkon,4,59000,26000,0,3000,Virtual Account,7,4,No,,2025-04,236000,104000,132000,Yes,737
ORD00737,2025-07-03,Completed,C0413,New,25-34,Seoul,Electronics,Smart Watch,Pulse,3,99000,47000,0,3000,Bank Transfer,4,5,No,,2025-07,297000,141000,156000,Yes,738
ORD00738,2025-03-30,Completed,C0300,VIP,18-24,Daegu,Food,Protein Bar Pack,FitBite,4,28000,12000,0,0,Virtual Account,3,5,No,,2025-03,112000,48000,64000,Yes,739
ORD00739,2025-02-17,Completed,C0574,VIP,25-34,Gwangju,Beauty,Hydrating Serum,PureLab,3,22000,9000,0,0,Card,1,4,No,,2025-02,66000,27000,39000,Yes,740
ORD00740,2025-07-18,Completed,C0122,New,35-44,Gyeonggi,Home,Desk Lamp,Lumen,2,39000,16000,0.25,3000,Mobile Pay,5,5,No,,2025-07,58500,32000,26500,Yes,741
ORD00741,2025-04-24,Completed,C0321,New,25-34,Incheon,Home,Desk Lamp,Lumen,1,39000,16000,0,3000,Bank Transfer,1,5,No,,2025-04,39000,16000,23000,Yes,742
ORD00742,2025-04-24,Completed,C0442,New,45-54,Daegu,Fashion,Crossbody Bag,Morrow,1,43000,18000,0,3000,Virtual Account,4,5,No,,2025-04,43000,18000,25000,Yes,743
ORD00743,2025-08-23,Completed,C0405,New,55+,Daegu,Electronics,Wireless Earbuds,Nova,2,49000,24000,0,3000,Virtual Account,2,4,No,,2025-08,98000,48000,50000,Yes,744
ORD00744,2025-03-17,Completed,C0009,Returning,18-24,Gwangju,Fashion,Canvas Sneakers,Walkon,4,59000,26000,0,0,Mobile Pay,4,5,No,,2025-03,236000,104000,132000,Yes,745
ORD00745,2025-05-30,Completed,C0353,Returning,45-54,Gwangju,Food,Coffee Bean 1kg,BeanRoot,1,32000,15000,0,3000,Mobile Pay,5,5,No,,2025-05,32000,15000,17000,Yes,746
ORD00746,2025-09-26,Completed,C0287,Returning,35-44,Incheon,Pet,Pet Bed,ComfyPaws,3,47000,20000,0,3000,Card,1,4,No,,2025-09,141000,60000,81000,Yes,747
ORD00747,2025-09-03,Completed,C0421,Returning,55+,Gwangju,Pet,Dog Treats 1kg,Barkly,4,25000,11000,0,3000,Mobile Pay,4,5,No,,2025-09,100000,44000,56000,Yes,748
ORD00748,2025-02-21,Completed,C0335,Returning,45-54,Gyeonggi,Pet,Dog Treats 1kg,Barkly,1,25000,11000,0,0,Card,2,,No,,2025-02,25000,11000,14000,Yes,749
ORD00749,2025-03-11,Completed,C0117,VIP,55+,Incheon,Home,Desk Lamp,Lumen,4,39000,16000,0,0,Bank Transfer,4,5,No,,2025-03,156000,64000,92000,Yes,750
ORD00750,2025-03-21,Completed,C0821,Returning,25-34,Gangwon,Fashion,Canvas Sneakers,Walkon,1,59000,26000,0,0,Card,7,3,Yes,Wrong size,2025-03,59000,26000,33000,Yes,751
ORD00751,2025-11-29,Completed,C0027,Returning,55+,Gwangju,Food,Coffee Bean 1kg,BeanRoot,1,32000,15000,0,3000,Virtual Account,4,5,No,,2025-11,32000,15000,17000,Yes,752
ORD00752,2025-07-14,Completed,C0847,New,25-34,Daegu,Electronics,Wireless Earbuds,Nova,2,49000,24000,0.15,3000,Card,1,4,No,,2025-07,83300,48000,35300,Yes,753
ORD00753,2025-12-05,Completed,C0235,New,18-24,Seoul,Fashion,Oversized Hoodie,Northline,1,45000,21000,0,3000,Virtual Account,3,4,No,,2025-12,45000,21000,24000,Yes,754
ORD00754,2025-10-27,Completed,C0522,VIP,25-34,Incheon,Beauty,Sunscreen SPF50,Glow,2,18000,7000,0,3000,Mobile Pay,4,4,No,,2025-10,36000,14000,22000,Yes,755
ORD00755,2025-03-12,Completed,C0270,New,45-54,Busan,Food,Coffee Bean 1kg,BeanRoot,1,32000,15000,0.1,3000,Mobile Pay,4,5,No,,2025-03,28800,15000,13800,Yes,756
ORD00756,2025-11-25,Completed,C0705,VIP,18-24,Gyeonggi,Food,Coffee Bean 1kg,BeanRoot,2,32000,15000,0,3000,Card,2,5,No,,2025-11,64000,30000,34000,Yes,757
ORD00757,2025-09-14,Completed,C0021,VIP,35-44,Daejeon,Pet,Dog Treats 1kg,Barkly,1,25000,11000,0.15,3000,Mobile Pay,2,,No,,2025-09,21250,11000,10250,Yes,758
ORD00758,2025-02-08,Completed,C0104,Returning,18-24,Busan,Pet,Pet Bed,ComfyPaws,4,47000,20000,0.15,3000,Virtual Account,2,4,No,,2025-02,159800,80000,79800,Yes,759
ORD00759,2025-04-14,Completed,C0369,Returning,18-24,Daejeon,Electronics,Wireless Earbuds,Nova,1,49000,24000,0.15,3000,Bank Transfer,2,5,No,,2025-04,41650,24000,17650,Yes,760
ORD00760,2025-04-03,Completed,C0814,Returning,45-54,Daegu,Home,Desk Lamp,Lumen,1,39000,16000,0,0,Card,3,5,No,,2025-04,39000,16000,23000,Yes,761
ORD00761,2025-09-12,Completed,C0345,Returning,18-24,Gangwon,Food,Protein Bar Pack,FitBite,2,28000,12000,0,0,Bank Transfer,2,5,No,,2025-09,56000,24000,32000,Yes,762
ORD00762,2025-07-03,Completed,C0543,New,25-34,Busan,Beauty,Lip Tint,Mellow,4,14000,5000,0,0,Mobile Pay,2,5,No,,2025-07,56000,20000,36000,Yes,763
ORD00763,2025-02-06,Completed,C0839,New,55+,Incheon,Fashion,Oversized Hoodie,Northline,3,45000,21000,0.2,3000,Mobile Pay,2,4,No,,2025-02,108000,63000,45000,Yes,764
ORD00764,2025-06-20,Completed,C0142,New,35-44,Gyeonggi,Beauty,Sunscreen SPF50,Glow,1,18000,7000,0,0,Mobile Pay,4,5,No,,2025-06,18000,7000,11000,Yes,765
ORD00765,2025-01-03,Completed,C0664,Returning,35-44,Seoul,Beauty,Sunscreen SPF50,Glow,1,18000,7000,0,3000,Mobile Pay,4,4,No,,2025-01,18000,7000,11000,Yes,766
ORD00766,2025-02-13,Completed,C0799,New,55+,Daejeon,Beauty,Sunscreen SPF50,Glow,4,18000,7000,0,0,Virtual Account,45,4,No,,2025-02,72000,28000,44000,No,767
ORD00767,2025-01-27,Completed,C0466,VIP,35-44,Daegu,Food,Coffee Bean 1kg,BeanRoot,2,32000,15000,0.25,0,Card,5,4,No,,2025-01,48000,30000,18000,Yes,768
ORD00768,2025-10-06,Completed,C0380,Returning,18-24,Daejeon,Fashion,Crossbody Bag,Morrow,4,43000,18000,0,3000,Card,5,3,Yes,Late delivery,2025-10,172000,72000,100000,Yes,769
ORD00769,2025-12-14,Completed,C0363,New,25-34,Daejeon,Pet,Cat Toy Bundle,PawJoy,1,19000,8000,0,3000,Bank Transfer,2,3,Yes,Changed mind,2025-12,19000,8000,11000,Yes,770
ORD00770,2025-07-10,Completed,C0562,New,55+,Seoul,Food,Coffee Bean 1kg,BeanRoot,2,32000,15000,0.05,3000,Virtual Account,4,4,No,,2025-07,60800,30000,30800,Yes,771
ORD00771,2025-08-21,Completed,C0244,New,35-44,Jeju,Pet,Dog Treats 1kg,Barkly,1,25000,11000,0.2,0,Mobile Pay,5,3,Yes,Different from description,2025-08,20000,11000,9000,Yes,772
ORD00772,2025-01-14,Completed,C0361,Returning,18-24,Incheon,Electronics,Wireless Earbuds,Nova,1,49000,24000,0,3000,Mobile Pay,1,4,No,,2025-01,49000,24000,25000,Yes,773
ORD00773,2025-12-12,Completed,C0740,New,18-24,Daegu,Electronics,Smart Watch,Pulse,2,99000,47000,0.05,3000,Virtual Account,2,5,No,,2025-12,188100,94000,94100,Yes,774
ORD00774,2025-12-14,Completed,C0420,Returning,35-44,Gwangju,Home,Desk Lamp,Lumen,3,39000,16000,0,0,Card,3,5,No,,2025-12,117000,48000,69000,Yes,775
ORD00775,2025-03-16,Completed,C0358,Returning,35-44,Gwangju,Beauty,Lip Tint,Mellow,2,14000,5000,0,3000,Card,1,4,No,,2025-03,28000,10000,18000,Yes,776
ORD00776,2025-01-19,Completed,C0060,Returning,55+,Seoul,Food,Gift Snack Box,HappyBox,2,33000,14000,0,3000,Mobile Pay,5,4,No,,2025-01,66000,28000,38000,Yes,777
ORD00777,2025-08-12,Completed,C0468,New,35-44,Gangwon,Home,Cotton Towel Set,SoftDay,2,24000,10000,0,0,Bank Transfer,8,4,No,,2025-08,48000,20000,28000,Yes,778
ORD00778,2025-03-22,Completed,C0470,New,18-24,Daejeon,Fashion,Oversized Hoodie,Northline,1,45000,21000,0,3000,Bank Transfer,2,4,No,,2025-03,45000,21000,24000,Yes,779
ORD00779,2025-05-17,Completed,C0080,New,55+,Seoul,Home,Desk Lamp,Lumen,1,39000,16000,0,3000,Virtual Account,3,5,No,,2025-05,39000,16000,23000,Yes,780
ORD00780,2025-08-27,Completed,C0141,New,35-44,Jeju,Home,Desk Lamp,Lumen,1,39000,16000,0.2,3000,Card,7,3,No,,2025-08,31200,16000,15200,Yes,781
ORD00781,2025-05-13,Completed,C0111,Returning,35-44,Gyeonggi,Electronics,Wireless Earbuds,Nova,2,49000,24000,0,0,Virtual Account,3,,No,,2025-05,98000,48000,50000,Yes,782
ORD00783,2025-07-20,Completed,C0668,Returning,55+,Gwangju,Food,Coffee Bean 1kg,BeanRoot,2,32000,15000,0,3000,Mobile Pay,2,4,No,,2025-07,64000,30000,34000,Yes,784
ORD00784,2025-07-08,Completed,C0493,New,45-54,Seoul,Electronics,Wireless Earbuds,Nova,1,49000,24000,0.05,3000,Bank Transfer,2,5,No,,2025-07,46550,24000,22550,Yes,785
ORD00785,2025-06-27,Completed,C0217,Returning,55+,Daejeon,Pet,Dog Treats 1kg,Barkly,4,25000,11000,0,0,Virtual Account,5,5,No,,2025-06,100000,44000,56000,Yes,786
ORD00786,2025-05-30,Completed,C0680,Returning,18-24,Seoul,Pet,Pet Bed,ComfyPaws,1,47000,20000,0,0,Virtual Account,1,5,No,,2025-05,47000,20000,27000,Yes,787
ORD00787,2025-08-08,Completed,C0678,New,55+,Jeju,Fashion,Oversized Hoodie,Northline,3,45000,21000,0,3000,Virtual Account,7,3,Yes,Different from description,2025-08,135000,63000,72000,Yes,788
ORD00788,2025-04-27,Completed,C0016,Returning,25-34,Daejeon,Fashion,Crossbody Bag,Morrow,4,43000,18000,0,3000,Mobile Pay,5,5,No,,2025-04,172000,72000,100000,Yes,789
ORD00789,2025-11-02,Completed,C0139,New,45-54,Busan,Beauty,Hydrating Serum,PureLab,4,22000,9000,0,0,Bank Transfer,4,4,No,,2025-11,88000,36000,52000,Yes,790
ORD00790,2025-07-27,Completed,C0598,Returning,18-24,Gwangju,Home,Storage Box Set,NeatHome,1,29000,12000,0,3000,Virtual Account,1,4,No,,2025-07,29000,12000,17000,Yes,791
ORD00792,2025-04-14,Completed,C0713,New,18-24,Gwangju,Fashion,Crossbody Bag,Morrow,3,43000,18000,0,3000,Virtual Account,5,3,Yes,Late delivery,2025-04,129000,54000,75000,Yes,793
ORD00793,2025-10-30,Completed,C0113,Returning,45-54,Gyeonggi,Electronics,Wireless Earbuds,Nova,2,49000,24000,0,3000,Card,2,5,No,,2025-10,98000,48000,50000,Yes,794
ORD00794,2025-03-22,Completed,C0122,Returning,18-24,Incheon,Pet,Pet Bed,ComfyPaws,2,47000,20000,0,3000,Virtual Account,5,5,No,,2025-03,94000,40000,54000,Yes,795
ORD00795,2025-06-04,Completed,C0506,New,55+,Gangwon,Electronics,Smart Watch,Pulse,4,99000,47000,0,3000,Mobile Pay,5,4,No,,2025-06,396000,188000,208000,Yes,796
ORD00796,2025-03-18,Completed,C0204,Returning,45-54,Daegu,Electronics,Smart Watch,Pulse,3,99000,47000,0,3000,Card,1,5,No,,2025-03,297000,141000,156000,Yes,797
ORD00797,2025-08-23,Completed,C0685,Returning,45-54,Jeju,Pet,Cat Toy Bundle,PawJoy,1,19000,8000,0,3000,Bank Transfer,5,4,No,,2025-08,19000,8000,11000,Yes,798
ORD00798,2025-04-12,Completed,C0119,Returning,35-44,Gyeonggi,Food,Coffee Bean 1kg,BeanRoot,1,32000,15000,0,3000,Bank Transfer,5,5,No,,2025-04,32000,15000,17000,Yes,799
ORD00800,2025-10-25,Completed,C0756,Returning,25-34,Gangwon,Beauty,Lip Tint,Mellow,1,14000,5000,0.15,3000,Virtual Account,3,5,No,,2025-10,11900,5000,6900,Yes,801
ORD00801,2025-05-10,Completed,C0578,Returning,55+,Seoul,Fashion,Crossbody Bag,Morrow,3,43000,18000,0.25,3000,Bank Transfer,3,5,No,,2025-05,96750,54000,42750,Yes,802
ORD00802,2025-11-24,Completed,C0221,New,45-54,Gangwon,Beauty,Hydrating Serum,PureLab,4,22000,9000,0,3000,Mobile Pay,5,5,No,,2025-11,88000,36000,52000,Yes,803
ORD00803,2025-02-02,Completed,C0162,VIP,35-44,Incheon,Pet,Dog Treats 1kg,Barkly,4,25000,11000,0,3000,Card,4,5,No,,2025-02,100000,44000,56000,Yes,804
ORD00804,2025-08-14,Completed,C0135,Returning,35-44,Seoul,Fashion,Crossbody Bag,Morrow,4,43000,18000,0,3000,Virtual Account,5,5,No,,2025-08,172000,72000,100000,Yes,805
ORD00805,2025-01-20,Completed,C0365,Returning,45-54,Daejeon,Fashion,Canvas Sneakers,Walkon,4,59000,26000,0.05,3000,Mobile Pay,2,4,No,,2025-01,224200,104000,120200,Yes,806
ORD00806,2025-06-07,Completed,C0069,VIP,45-54,Jeju,Fashion,Crossbody Bag,Morrow,1,43000,18000,0.05,0,Virtual Account,9,3,No,,2025-06,40850,18000,22850,Yes,807
ORD00807,2025-08-11,Completed,C0784,New,45-54,Gyeonggi,Home,Desk Lamp,Lumen,2,39000,16000,0.2,3000,Bank Transfer,5,3,Yes,Late delivery,2025-08,62400,32000,30400,Yes,808
ORD00808,2025-04-15,Completed,C0819,New,45-54,Seoul,Fashion,Oversized Hoodie,Northline,2,45000,21000,0.2,0,Card,3,4,No,,2025-04,72000,42000,30000,Yes,809
ORD00810,2025-10-12,Completed,C0267,New,25-34,Jeju,Beauty,Lip Tint,Mellow,3,14000,5000,0.1,3000,Virtual Account,7,3,Yes,Wrong size,2025-10,37800,15000,22800,Yes,811
ORD00811,2025-04-07,Completed,C0400,Returning,25-34,Seoul,Fashion,Crossbody Bag,Morrow,3,43000,18000,0.05,3000,Mobile Pay,5,5,No,,2025-04,122550,54000,68550,Yes,812
ORD00812,2025-08-03,Completed,C0694,New,25-34,Gwangju,Electronics,Smart Watch,Pulse,3,99000,47000,0,3000,Virtual Account,4,5,No,,2025-08,297000,141000,156000,Yes,813
ORD00813,2025-04-05,Completed,C0241,Returning,45-54,Gyeonggi,Home,Desk Lamp,Lumen,4,39000,16000,0.25,0,Bank Transfer,4,5,No,,2025-04,117000,64000,53000,Yes,814
ORD00814,2025-10-23,Completed,C0655,Returning,55+,Jeju,Fashion,Oversized Hoodie,Northline,4,45000,21000,0.05,0,Card,6,3,No,,2025-10,171000,84000,87000,Yes,815
ORD00815,2025-08-23,Completed,C0251,Returning,45-54,Gangwon,Electronics,Wireless Earbuds,Nova,1,49000,24000,0,3000,Mobile Pay,2,5,No,,2025-08,49000,24000,25000,Yes,816
ORD00816,2025-12-02,Completed,C0727,New,35-44,Gyeonggi,Pet,Dog Treats 1kg,Barkly,2,25000,11000,0,0,Bank Transfer,5,4,No,,2025-12,50000,22000,28000,Yes,817
ORD00817,2025-10-14,Completed,C0029,VIP,25-34,Gyeonggi,Electronics,Smart Watch,Pulse,2,99000,47000,0,3000,Card,1,5,No,,2025-10,198000,94000,104000,Yes,818
ORD00818,2025-05-11,Completed,C0462,New,35-44,Daejeon,Electronics,Smart Watch,Pulse,2,99000,47000,0,0,Mobile Pay,5,5,No,,2025-05,198000,94000,104000,Yes,819
ORD00819,2025-05-20,Completed,C0240,Returning,45-54,Busan,Beauty,Sunscreen SPF50,Glow,3,18000,7000,0,0,Virtual Account,3,4,No,,2025-05,54000,21000,33000,Yes,820
ORD00820,2025-05-22,Completed,C0599,VIP,55+,Gangwon,Fashion,Oversized Hoodie,Northline,4,45000,21000,0.15,3000,Bank Transfer,3,4,Yes,Wrong size,2025-05,153000,84000,69000,Yes,821
ORD00821,2025-07-29,Completed,C0619,Returning,45-54,Daejeon,Pet,Cat Toy Bundle,PawJoy,4,19000,8000,0,0,Mobile Pay,1,5,No,,2025-07,76000,32000,44000,Yes,822
ORD00822,2025-12-27,Completed,C0154,New,45-54,Seoul,Food,Protein Bar Pack,FitBite,4,28000,12000,0,3000,Bank Transfer,5,5,No,,2025-12,112000,48000,64000,Yes,823
ORD00823,2025-06-28,Completed,C0711,VIP,25-34,Busan,Pet,Cat Toy Bundle,PawJoy,3,19000,8000,0.05,3000,Card,4,4,No,,2025-06,54150,24000,30150,Yes,824
ORD00824,2025-11-21,Completed,C0391,Returning,35-44,Daegu,Pet,Pet Bed,ComfyPaws,3,47000,20000,0,3000,Bank Transfer,4,4,No,,2025-11,141000,60000,81000,Yes,825
ORD00825,2025-06-06,Completed,C0261,New,55+,Gangwon,Pet,Cat Toy Bundle,PawJoy,1,19000,8000,0.25,3000,Virtual Account,1,5,No,,2025-06,14250,8000,6250,Yes,826
ORD00826,2025-05-12,Completed,C0671,VIP,25-34,Seoul,Home,Storage Box Set,NeatHome,1,29000,12000,0,3000,Bank Transfer,3,4,No,,2025-05,29000,12000,17000,Yes,827
ORD00827,2025-06-19,Completed,C0257,Returning,45-54,Gwangju,Home,Storage Box Set,NeatHome,3,29000,12000,0.05,3000,Mobile Pay,2,5,No,,2025-06,82650,36000,46650,Yes,828
ORD00828,2025-08-12,Completed,C0654,New,55+,Gangwon,Pet,Cat Toy Bundle,PawJoy,3,19000,8000,0.25,0,Virtual Account,7,3,No,,2025-08,42750,24000,18750,Yes,829
ORD00829,2025-12-26,Completed,C0462,New,45-54,Incheon,Electronics,Wireless Earbuds,Nova,4,49000,24000,0,0,Bank Transfer,5,5,No,,2025-12,196000,96000,100000,Yes,830
ORD00830,2025-05-22,Completed,C0748,Returning,25-34,Daejeon,Home,Cotton Towel Set,SoftDay,1,24000,10000,0,3000,Card,5,5,No,,2025-05,24000,10000,14000,Yes,831
ORD00831,2025-05-05,Completed,C0807,Returning,35-44,Jeju,Home,Storage Box Set,NeatHome,3,29000,12000,0,3000,Virtual Account,9,3,No,,2025-05,87000,36000,51000,Yes,832
ORD00832,2025-09-05,Completed,C0143,VIP,55+,Gyeonggi,Home,Desk Lamp,Lumen,2,39000,16000,0,3000,Card,1,5,No,,2025-09,78000,32000,46000,Yes,833
ORD00833,2025-06-10,Completed,C0141,Returning,25-34,Seoul,Home,Desk Lamp,Lumen,3,39000,16000,0,3000,Card,4,5,No,,2025-06,117000,48000,69000,Yes,834
ORD00834,2025-02-05,Completed,C0461,Returning,35-44,Jeju,Electronics,Wireless Earbuds,Nova,3,49000,24000,0,3000,Mobile Pay,8,3,No,,2025-02,147000,72000,75000,Yes,835
ORD00835,2025-08-15,Completed,C0123,Returning,25-34,Busan,Home,Cotton Towel Set,SoftDay,2,24000,10000,0,3000,Card,4,5,No,,2025-08,48000,20000,28000,Yes,836
ORD00837,2025-10-10,Completed,C0114,Returning,35-44,Busan,Fashion,Oversized Hoodie,Northline,4,45000,21000,0.2,0,Virtual Account,5,5,No,,2025-10,144000,84000,60000,Yes,838
ORD00838,2025-12-18,Completed,C0209,Returning,25-34,Daegu,Electronics,Wireless Earbuds,Nova,2,49000,24000,0.1,0,Virtual Account,1,4,No,,2025-12,88200,48000,40200,Yes,839
ORD00839,2025-04-23,Completed,C0418,New,35-44,Jeju,Pet,Pet Bed,ComfyPaws,2,47000,20000,0,3000,Virtual Account,4,5,No,,2025-04,94000,40000,54000,Yes,840
ORD00840,2025-04-24,Completed,C0152,VIP,45-54,Daejeon,Food,Protein Bar Pack,FitBite,1,28000,12000,0,3000,Bank Transfer,5,4,No,,2025-04,28000,12000,16000,Yes,841
ORD00841,2025-03-11,Completed,C0035,Returning,55+,Daejeon,Electronics,Smart Watch,Pulse,3,99000,47000,0.2,0,Card,2,5,No,,2025-03,237600,141000,96600,Yes,842
ORD00842,2025-01-23,Completed,C0421,VIP,55+,Busan,Food,Gift Snack Box,HappyBox,3,33000,14000,0,3000,Bank Transfer,2,4,No,,2025-01,99000,42000,57000,Yes,843
ORD00843,2025-03-11,Completed,C0303,Returning,25-34,Jeju,Electronics,Bluetooth Speaker,Soundly,4,65000,31000,0,3000,Card,5,5,No,,2025-03,260000,124000,136000,Yes,844
ORD00844,2025-02-05,Completed,C0202,New,35-44,Gangwon,Food,Coffee Bean 1kg,BeanRoot,3,32000,15000,0,3000,Card,9,4,No,,2025-02,96000,45000,51000,Yes,845
ORD00845,2025-02-04,Completed,C0470,New,35-44,Seoul,Food,Gift Snack Box,HappyBox,2,33000,14000,0,3000,Virtual Account,2,4,No,,2025-02,66000,28000,38000,Yes,846
ORD00846,2025-01-29,Completed,C0505,Returning,18-24,Gyeonggi,Food,Coffee Bean 1kg,BeanRoot,4,32000,15000,0.15,3000,Card,1,4,No,,2025-01,108800,60000,48800,Yes,847
ORD00847,2025-08-22,Completed,C0058,New,35-44,Gyeonggi,Food,Coffee Bean 1kg,BeanRoot,3,32000,15000,0,0,Mobile Pay,5,5,No,,2025-08,96000,45000,51000,Yes,848
ORD00848,2025-11-27,Completed,C0043,Returning,18-24,Seoul,Beauty,Sunscreen SPF50,Glow,4,18000,7000,0,0,Virtual Account,2,4,No,,2025-11,72000,28000,44000,Yes,849
ORD00850,2025-10-05,Completed,C0081,VIP,18-24,Gangwon,Electronics,Bluetooth Speaker,Soundly,4,65000,31000,0,0,Bank Transfer,7,3,No,,2025-10,260000,124000,136000,Yes,851
ORD00851,2025-04-25,Completed,C0374,Returning,45-54,Incheon,Electronics,Smart Watch,Pulse,1,99000,47000,0,3000,Bank Transfer,2,4,No,,2025-04,99000,47000,52000,Yes,852
ORD00853,2025-07-06,Completed,C0532,Returning,18-24,Gyeonggi,Food,Protein Bar Pack,FitBite,2,28000,12000,0,3000,Card,4,5,No,,2025-07,56000,24000,32000,Yes,854
ORD00854,2025-12-23,Completed,C0247,New,25-34,Daegu,Fashion,Crossbody Bag,Morrow,2,43000,18000,0.2,3000,Card,2,5,No,,2025-12,68800,36000,32800,Yes,855
ORD00855,2025-08-27,Completed,C0336,Returning,35-44,Gyeonggi,Home,Desk Lamp,Lumen,4,39000,16000,0.2,3000,Virtual Account,3,4,No,,2025-08,124800,64000,60800,Yes,856
ORD00856,2025-07-27,Completed,C0690,Returning,35-44,Gangwon,Home,Desk Lamp,Lumen,4,39000,16000,0.05,3000,Card,5,5,No,,2025-07,148200,64000,84200,Yes,857
ORD00857,2025-04-18,Completed,C0733,New,45-54,Incheon,Electronics,Wireless Earbuds,Nova,2,49000,24000,0,3000,Card,3,4,No,,2025-04,98000,48000,50000,Yes,858
ORD00858,2025-02-19,Completed,C0379,Returning,25-34,Seoul,Beauty,Lip Tint,Mellow,2,14000,5000,0.2,3000,Mobile Pay,3,5,No,,2025-02,22400,10000,12400,Yes,859
ORD00859,2025-05-14,Completed,C0712,Returning,35-44,Busan,Home,Cotton Towel Set,SoftDay,3,24000,10000,0,3000,Mobile Pay,2,5,No,,2025-05,72000,30000,42000,Yes,860
ORD00860,2025-10-22,Completed,C0828,New,25-34,Incheon,Food,Coffee Bean 1kg,BeanRoot,1,32000,15000,0,3000,Virtual Account,3,5,No,,2025-10,32000,15000,17000,Yes,861
ORD00861,2025-03-31,Completed,C0020,New,55+,Incheon,Pet,Dog Treats 1kg,Barkly,2,25000,11000,0,0,Bank Transfer,5,5,No,,2025-03,50000,22000,28000,Yes,862
ORD00862,2025-02-01,Completed,C0110,Returning,25-34,Daegu,Electronics,Bluetooth Speaker,Soundly,3,65000,31000,0.2,0,Card,3,4,No,,2025-02,156000,93000,63000,Yes,863
ORD00863,2025-08-26,Completed,C0189,Returning,45-54,Gyeonggi,Food,Coffee Bean 1kg,BeanRoot,4,32000,15000,0.2,3000,Bank Transfer,5,5,No,,2025-08,102400,60000,42400,Yes,864
ORD00864,2025-08-29,Completed,C0753,New,35-44,Gwangju,Fashion,Crossbody Bag,Morrow,1,43000,18000,0.15,3000,Mobile Pay,5,5,No,,2025-08,36550,18000,18550,Yes,865
ORD00865,2025-06-07,Completed,C0792,Returning,18-24,Gangwon,Pet,Dog Treats 1kg,Barkly,3,25000,11000,0,3000,Bank Transfer,3,4,No,,2025-06,75000,33000,42000,Yes,866
ORD00866,2025-09-22,Completed,C0255,Returning,25-34,Gwangju,Home,Cotton Towel Set,SoftDay,2,24000,10000,0,0,Bank Transfer,3,5,No,,2025-09,48000,20000,28000,Yes,867
ORD00867,2025-06-27,Completed,C0063,VIP,35-44,Daegu,Home,Storage Box Set,NeatHome,2,29000,12000,0.2,3000,Bank Transfer,5,5,No,,2025-06,46400,24000,22400,Yes,868
ORD00868,2025-07-06,Completed,C0311,Returning,35-44,Seoul,Fashion,Oversized Hoodie,Northline,1,45000,21000,0.15,3000,Mobile Pay,3,4,No,,2025-07,38250,21000,17250,Yes,869
ORD00869,2025-10-07,Completed,C0321,New,55+,Gangwon,Pet,Pet Bed,ComfyPaws,3,47000,20000,0,3000,Virtual Account,6,3,No,,2025-10,141000,60000,81000,Yes,870
ORD00870,2025-02-07,Completed,C0335,VIP,45-54,Gwangju,Pet,Dog Treats 1kg,Barkly,2,25000,11000,0,3000,Card,5,4,No,,2025-02,50000,22000,28000,Yes,871
ORD00871,2025-03-06,Completed,C0297,Returning,45-54,Incheon,Fashion,Canvas Sneakers,Walkon,1,59000,26000,0,3000,Mobile Pay,3,4,No,,2025-03,59000,26000,33000,Yes,872
ORD00872,2025-01-20,Completed,C0237,New,55+,Gwangju,Beauty,Hydrating Serum,PureLab,2,22000,9000,0.2,3000,Mobile Pay,2,5,No,,2025-01,35200,18000,17200,Yes,873
ORD00873,2025-05-12,Completed,C0711,Returning,35-44,Daejeon,Electronics,Smart Watch,Pulse,4,99000,47000,0,3000,Card,1,4,No,,2025-05,396000,188000,208000,Yes,874
ORD00874,2025-03-17,Completed,C0227,VIP,25-34,Gwangju,Pet,Dog Treats 1kg,Barkly,4,25000,11000,0,3000,Card,4,4,No,,2025-03,100000,44000,56000,Yes,875
ORD00876,2025-03-25,Completed,C0135,New,45-54,Busan,Food,Coffee Bean 1kg,BeanRoot,4,32000,15000,0,3000,Bank Transfer,5,4,No,,2025-03,128000,60000,68000,Yes,877
ORD00877,2025-12-19,Completed,C0518,New,25-34,Daegu,Food,Gift Snack Box,HappyBox,1,33000,14000,0,3000,Mobile Pay,2,4,No,,2025-12,33000,14000,19000,Yes,878
ORD00878,2025-01-06,Completed,C0152,Returning,35-44,Busan,Food,Protein Bar Pack,FitBite,3,28000,12000,0.05,3000,Mobile Pay,2,5,No,,2025-01,79800,36000,43800,Yes,879
ORD00879,2025-06-24,Completed,C0245,Returning,45-54,Gangwon,Pet,Pet Bed,ComfyPaws,3,47000,20000,0,3000,Card,6,4,No,,2025-06,141000,60000,81000,Yes,880
ORD00880,2025-09-25,Completed,C0558,Returning,25-34,Gyeonggi,Electronics,Bluetooth Speaker,Soundly,3,65000,31000,0,3000,Bank Transfer,2,,No,,2025-09,195000,93000,102000,Yes,881
ORD00881,2025-05-04,Completed,C0380,New,45-54,Busan,Home,Cotton Towel Set,SoftDay,3,24000,10000,0,3000,Mobile Pay,5,5,No,,2025-05,72000,30000,42000,Yes,882
ORD00882,2025-11-30,Completed,C0011,New,18-24,Busan,Fashion,Oversized Hoodie,Northline,3,45000,21000,0.25,3000,Virtual Account,4,5,No,,2025-11,101250,63000,38250,Yes,883
ORD00883,2025-01-30,Completed,C0402,New,25-34,Busan,Beauty,Lip Tint,Mellow,2,14000,5000,0,0,Card,3,4,No,,2025-01,28000,10000,18000,Yes,884
ORD00884,2025-12-21,Completed,C0408,VIP,45-54,Seoul,Electronics,Bluetooth Speaker,Soundly,2,65000,31000,0,3000,Card,4,4,No,,2025-12,130000,62000,68000,Yes,885
ORD00885,2025-09-09,Completed,C0369,New,18-24,Jeju,Food,Gift Snack Box,HappyBox,4,33000,14000,0,3000,Mobile Pay,6,4,No,,2025-09,132000,56000,76000,Yes,886
ORD00887,2025-10-27,Completed,C0565,VIP,45-54,Jeju,Home,Desk Lamp,Lumen,3,39000,16000,0.2,3000,Mobile Pay,1,4,No,,2025-10,93600,48000,45600,Yes,888
ORD00888,2025-07-31,Completed,C0093,VIP,25-34,Seoul,Electronics,Bluetooth Speaker,Soundly,1,65000,31000,0,3000,Mobile Pay,5,5,No,,2025-07,65000,31000,34000,Yes,889
ORD00889,2025-09-18,Completed,C0819,Returning,45-54,Gyeonggi,Pet,Pet Bed,ComfyPaws,2,47000,20000,0,3000,Bank Transfer,4,4,No,,2025-09,94000,40000,54000,Yes,890
ORD00890,2025-10-17,Completed,C0483,New,18-24,Daejeon,Electronics,Bluetooth Speaker,Soundly,3,65000,31000,0,3000,Card,5,4,No,,2025-10,195000,93000,102000,Yes,891
ORD00892,2025-07-06,Completed,C0127,New,55+,Gwangju,Beauty,Lip Tint,Mellow,1,14000,5000,0,3000,Card,5,4,No,,2025-07,14000,5000,9000,Yes,893
ORD00893,2025-12-20,Completed,C0529,New,55+,Busan,Beauty,Lip Tint,Mellow,2,14000,5000,0,3000,Bank Transfer,1,4,No,,2025-12,28000,10000,18000,Yes,894
ORD00894,2025-07-23,Completed,C0843,Returning,55+,Gangwon,Pet,Dog Treats 1kg,Barkly,2,25000,11000,0.1,3000,Card,2,5,No,,2025-07,45000,22000,23000,Yes,895
ORD00895,2025-06-03,Completed,C0846,New,18-24,Gyeonggi,Pet,Pet Bed,ComfyPaws,3,47000,20000,0,0,Bank Transfer,4,4,No,,2025-06,141000,60000,81000,Yes,896
ORD00896,2025-01-30,Completed,C0423,VIP,55+,Daejeon,Electronics,Smart Watch,Pulse,1,99000,47000,0,3000,Card,2,4,No,,2025-01,99000,47000,52000,Yes,897
ORD00897,2025-06-01,Completed,C0217,New,35-44,Gwangju,Beauty,Lip Tint,Mellow,4,14000,5000,0,3000,Virtual Account,3,5,No,,2025-06,56000,20000,36000,Yes,898
ORD00898,2025-11-29,Completed,C0130,New,25-34,Daegu,Fashion,Canvas Sneakers,Walkon,3,59000,26000,0,0,Mobile Pay,2,4,No,,2025-11,177000,78000,99000,Yes,899
ORD00899,2025-04-12,Completed,C0295,Returning,25-34,Seoul,Food,Coffee Bean 1kg,BeanRoot,3,32000,15000,0,3000,Bank Transfer,3,5,No,,2025-04,96000,45000,51000,Yes,900
ORD00900,2025-09-21,Completed,C0569,New,25-34,Busan,Home,Cotton Towel Set,SoftDay,2,24000,10000,0,3000,Mobile Pay,5,5,No,,2025-09,48000,20000,28000,Yes,901
ORD00901,2025-10-24,Completed,C0327,Returning,45-54,Incheon,Electronics,Bluetooth Speaker,Soundly,2,65000,31000,0.1,3000,Virtual Account,1,5,No,,2025-10,117000,62000,55000,Yes,902
ORD00903,2025-10-05,Completed,C0321,VIP,18-24,Incheon,Electronics,Smart Watch,Pulse,2,99000,47000,0,0,Mobile Pay,3,5,No,,2025-10,198000,94000,104000,Yes,904
ORD00904,2025-08-19,Completed,C0205,New,25-34,Jeju,Pet,Dog Treats 1kg,Barkly,2,25000,11000,0,0,Bank Transfer,5,4,No,,2025-08,50000,22000,28000,Yes,905
ORD00905,2025-03-14,Completed,C0763,Returning,35-44,Daejeon,Food,Protein Bar Pack,FitBite,2,28000,12000,0.15,3000,Card,3,4,No,,2025-03,47600,24000,23600,Yes,906
ORD00906,2025-12-24,Completed,C0652,New,35-44,Daegu,Fashion,Canvas Sneakers,Walkon,4,59000,26000,0,3000,Virtual Account,5,5,No,,2025-12,236000,104000,132000,Yes,907
ORD00907,2025-10-25,Completed,C0566,Returning,55+,Gwangju,Electronics,Bluetooth Speaker,Soundly,3,65000,31000,0,0,Card,2,5,No,,2025-10,195000,93000,102000,Yes,908
ORD00908,2025-10-18,Completed,C0446,New,35-44,Gyeonggi,Electronics,Smart Watch,Pulse,3,99000,47000,0,3000,Mobile Pay,1,4,No,,2025-10,297000,141000,156000,Yes,909
ORD00909,2025-05-10,Completed,C0058,New,18-24,Jeju,Home,Cotton Towel Set,SoftDay,4,24000,10000,0.05,0,Card,7,4,No,,2025-05,91200,40000,51200,Yes,910
ORD00910,2025-01-31,Completed,C0716,New,25-34,Seoul,Food,Protein Bar Pack,FitBite,1,28000,12000,0,0,Bank Transfer,1,4,No,,2025-01,28000,12000,16000,Yes,911
ORD00911,2025-07-25,Completed,C0037,Returning,55+,Jeju,Beauty,Hydrating Serum,PureLab,1,22000,9000,0,3000,Virtual Account,3,5,No,,2025-07,22000,9000,13000,Yes,912
ORD00913,2025-04-10,Completed,C0817,Returning,55+,Daejeon,Beauty,Lip Tint,Mellow,1,14000,5000,0.25,3000,Mobile Pay,3,4,No,,2025-04,10500,5000,5500,Yes,914
ORD00914,2025-03-06,Completed,C0578,Returning,35-44,Seoul,Food,Coffee Bean 1kg,BeanRoot,2,32000,15000,0.2,3000,Bank Transfer,5,4,No,,2025-03,51200,30000,21200,Yes,915
ORD00915,2025-01-25,Completed,C0375,New,45-54,Seoul,Electronics,Wireless Earbuds,Nova,2,49000,24000,0,3000,Bank Transfer,4,4,No,,2025-01,98000,48000,50000,Yes,916
ORD00916,2025-08-08,Completed,C0673,New,25-34,Incheon,Pet,Dog Treats 1kg,Barkly,3,25000,11000,0.2,0,Card,1,5,No,,2025-08,60000,33000,27000,Yes,917
ORD00917,2025-01-22,Completed,C0028,VIP,35-44,Seoul,Electronics,Wireless Earbuds,Nova,2,49000,24000,0.25,0,Virtual Account,5,5,No,,2025-01,73500,48000,25500,Yes,918
ORD00918,2025-09-28,Completed,C0567,Returning,35-44,Gangwon,Food,Gift Snack Box,HappyBox,2,33000,14000,0,3000,Mobile Pay,5,5,No,,2025-09,66000,28000,38000,Yes,919
ORD00919,2025-03-01,Completed,C0340,VIP,18-24,Gyeonggi,Beauty,Lip Tint,Mellow,1,14000,5000,0,3000,Virtual Account,3,5,No,,2025-03,14000,5000,9000,Yes,920
ORD00920,2025-06-13,Completed,C0369,New,45-54,Gwangju,Pet,Cat Toy Bundle,PawJoy,1,19000,8000,0,3000,Mobile Pay,4,4,No,,2025-06,19000,8000,11000,Yes,921
ORD00921,2025-12-22,Completed,C0094,Returning,18-24,Daejeon,Beauty,Hydrating Serum,PureLab,4,22000,9000,0,0,Mobile Pay,3,4,No,,2025-12,88000,36000,52000,Yes,922
ORD00922,2025-07-31,Completed,C0188,New,35-44,Daegu,Home,Desk Lamp,Lumen,4,39000,16000,0.2,3000,Bank Transfer,1,5,No,,2025-07,124800,64000,60800,Yes,923
ORD00923,2025-08-17,Completed,C0347,Returning,18-24,Busan,Home,Desk Lamp,Lumen,2,39000,16000,0,3000,Card,5,4,No,,2025-08,78000,32000,46000,Yes,924
ORD00924,2025-09-07,Completed,C0315,New,25-34,Daejeon,Electronics,Bluetooth Speaker,Soundly,2,65000,31000,0,3000,Mobile Pay,3,4,No,,2025-09,130000,62000,68000,Yes,925
ORD00925,2025-03-17,Completed,C0766,Returning,25-34,Gwangju,Beauty,Hydrating Serum,PureLab,4,22000,9000,0.2,3000,Virtual Account,1,5,No,,2025-03,70400,36000,34400,Yes,926
ORD00926,2025-01-29,Completed,C0777,New,18-24,Incheon,Food,Coffee Bean 1kg,BeanRoot,2,32000,15000,0,0,Mobile Pay,2,5,No,,2025-01,64000,30000,34000,Yes,927
ORD00927,2025-11-04,Completed,C0485,Returning,18-24,Jeju,Food,Gift Snack Box,HappyBox,1,33000,14000,0,3000,Bank Transfer,4,4,No,,2025-11,33000,14000,19000,Yes,928
ORD00928,2025-12-03,Completed,C0451,Returning,45-54,Gwangju,Home,Desk Lamp,Lumen,4,39000,16000,0,3000,Bank Transfer,3,5,No,,2025-12,156000,64000,92000,Yes,929
ORD00929,2025-08-24,Completed,C0421,VIP,55+,Gwangju,Pet,Pet Bed,ComfyPaws,3,47000,20000,0,3000,Bank Transfer,2,4,No,,2025-08,141000,60000,81000,Yes,930
ORD00930,2025-07-24,Completed,C0731,New,18-24,Gwangju,Fashion,Canvas Sneakers,Walkon,1,59000,26000,0.15,3000,Bank Transfer,1,4,No,,2025-07,50150,26000,24150,Yes,931
ORD00931,2025-04-10,Completed,C0636,New,25-34,Incheon,Electronics,Smart Watch,Pulse,3,99000,47000,0.2,3000,Bank Transfer,1,4,No,,2025-04,237600,141000,96600,Yes,932
ORD00932,2025-04-13,Completed,C0694,New,35-44,Daejeon,Beauty,Lip Tint,Mellow,2,14000,5000,0.25,0,Bank Transfer,45,5,No,,2025-04,21000,10000,11000,No,933
ORD00933,2025-10-11,Completed,C0400,Returning,45-54,Busan,Pet,Cat Toy Bundle,PawJoy,1,19000,8000,0,3000,Virtual Account,3,4,No,,2025-10,19000,8000,11000,Yes,934
ORD00934,2025-05-11,Completed,C0733,Returning,45-54,Busan,Electronics,Wireless Earbuds,Nova,1,49000,24000,0.05,3000,Card,5,4,No,,2025-05,46550,24000,22550,Yes,935
ORD00935,2025-12-16,Completed,C0033,Returning,55+,Gyeonggi,Food,Protein Bar Pack,FitBite,1,28000,12000,0,3000,Virtual Account,4,4,No,,2025-12,28000,12000,16000,Yes,936
ORD00936,2025-09-01,Completed,C0838,Returning,55+,Gyeonggi,Electronics,Wireless Earbuds,Nova,1,49000,24000,0.15,0,Mobile Pay,2,5,No,,2025-09,41650,24000,17650,Yes,937
ORD00937,2025-01-21,Completed,C0583,New,18-24,Incheon,Pet,Pet Bed,ComfyPaws,4,47000,20000,0,0,Bank Transfer,5,5,No,,2025-01,188000,80000,108000,Yes,938
ORD00938,2025-03-17,Completed,C0541,New,55+,Busan,Electronics,Bluetooth Speaker,Soundly,1,65000,31000,0,0,Card,5,4,No,,2025-03,65000,31000,34000,Yes,939
ORD00939,2025-10-18,Completed,C0279,New,35-44,Gangwon,Beauty,Hydrating Serum,PureLab,2,22000,9000,0.2,3000,Card,4,4,No,,2025-10,35200,18000,17200,Yes,940
ORD00940,2025-07-03,Completed,C0265,Returning,55+,Gangwon,Home,Cotton Towel Set,SoftDay,2,24000,10000,0.25,0,Mobile Pay,3,5,No,,2025-07,36000,20000,16000,Yes,941
ORD00941,2025-05-18,Completed,C0471,Returning,35-44,Gwangju,Food,Protein Bar Pack,FitBite,1,28000,12000,0.25,3000,Mobile Pay,2,5,No,,2025-05,21000,12000,9000,Yes,942
ORD00942,2025-06-28,Completed,C0249,VIP,45-54,Daegu,Electronics,Bluetooth Speaker,Soundly,4,65000,31000,0.1,3000,Bank Transfer,3,5,No,,2025-06,234000,124000,110000,Yes,943
ORD00943,2025-11-11,Completed,C0390,VIP,45-54,Gwangju,Electronics,Bluetooth Speaker,Soundly,4,65000,31000,0,0,Virtual Account,5,5,No,,2025-11,260000,124000,136000,Yes,944
ORD00944,2025-03-07,Completed,C0716,Returning,25-34,Gwangju,Home,Cotton Towel Set,SoftDay,4,24000,10000,0.2,3000,Card,5,5,No,,2025-03,76800,40000,36800,Yes,945
ORD00945,2025-12-22,Completed,C0477,VIP,55+,Gangwon,Electronics,Wireless Earbuds,Nova,4,49000,24000,0.1,3000,Bank Transfer,5,5,No,,2025-12,176400,96000,80400,Yes,946
ORD00946,2025-11-06,Completed,C0474,New,35-44,Gangwon,Home,Cotton Towel Set,SoftDay,1,24000,10000,0,3000,Mobile Pay,9,3,Yes,Different from description,2025-11,24000,10000,14000,Yes,947
ORD00947,2025-12-30,Completed,C0316,Returning,55+,Daejeon,Electronics,Wireless Earbuds,Nova,2,49000,24000,0,3000,Card,2,4,No,,2025-12,98000,48000,50000,Yes,948
ORD00948,2025-06-01,Completed,C0051,VIP,25-34,Daegu,Electronics,Bluetooth Speaker,Soundly,1,65000,31000,0,0,Bank Transfer,1,4,No,,2025-06,65000,31000,34000,Yes,949
ORD00949,2025-10-04,Completed,C0745,Returning,25-34,Daejeon,Electronics,Wireless Earbuds,Nova,1,49000,24000,0,3000,Card,4,5,No,,2025-10,49000,24000,25000,Yes,950
ORD00950,2025-04-03,Completed,C0614,Returning,18-24,Gwangju,Food,Protein Bar Pack,FitBite,2,28000,12000,0,0,Bank Transfer,1,5,No,,2025-04,56000,24000,32000,Yes,951
ORD00951,2025-11-13,Completed,C0446,VIP,55+,Gangwon,Beauty,Lip Tint,Mellow,2,14000,5000,0.2,3000,Virtual Account,6,3,No,,2025-11,22400,10000,12400,Yes,952
ORD00952,2025-01-24,Completed,C0719,New,55+,Seoul,Pet,Cat Toy Bundle,PawJoy,3,19000,8000,0,3000,Virtual Account,2,5,No,,2025-01,57000,24000,33000,Yes,953
ORD00953,2025-03-08,Completed,C0064,VIP,35-44,Jeju,Fashion,Canvas Sneakers,Walkon,3,59000,26000,0,3000,Mobile Pay,7,4,No,,2025-03,177000,78000,99000,Yes,954
ORD00954,2025-12-22,Completed,C0538,New,45-54,Gyeonggi,Pet,Pet Bed,ComfyPaws,4,47000,20000,0,3000,Bank Transfer,1,3,Yes,Different from description,2025-12,188000,80000,108000,Yes,955
ORD00955,2025-03-30,Completed,C0021,Returning,35-44,Busan,Beauty,Hydrating Serum,PureLab,3,22000,9000,0.05,3000,Virtual Account,3,4,No,,2025-03,62700,27000,35700,Yes,956
ORD00956,2025-10-07,Completed,C0254,VIP,25-34,Gyeonggi,Home,Storage Box Set,NeatHome,1,29000,12000,0.15,3000,Bank Transfer,2,4,No,,2025-10,24650,12000,12650,Yes,957
ORD00957,2025-03-19,Completed,C0584,New,55+,Busan,Pet,Dog Treats 1kg,Barkly,1,25000,11000,0.2,0,Bank Transfer,1,4,No,,2025-03,20000,11000,9000,Yes,958
ORD00958,2025-11-29,Completed,C0428,VIP,35-44,Seoul,Electronics,Smart Watch,Pulse,2,99000,47000,0,3000,Mobile Pay,4,4,No,,2025-11,198000,94000,104000,Yes,959
ORD00959,2025-01-03,Completed,C0118,Returning,45-54,Busan,Electronics,Wireless Earbuds,Nova,3,49000,24000,0.25,0,Bank Transfer,1,4,No,,2025-01,110250,72000,38250,Yes,960
ORD00960,2025-06-22,Completed,C0660,Returning,18-24,Gwangju,Beauty,Lip Tint,Mellow,2,14000,5000,0,3000,Virtual Account,1,,No,,2025-06,28000,10000,18000,Yes,961
ORD00962,2025-10-01,Completed,C0429,New,18-24,Gwangju,Beauty,Lip Tint,Mellow,3,14000,5000,0,0,Bank Transfer,2,4,No,,2025-10,42000,15000,27000,Yes,963
ORD00963,2025-08-08,Completed,C0716,Returning,55+,Daegu,Electronics,Bluetooth Speaker,Soundly,3,65000,31000,0,3000,Virtual Account,4,4,No,,2025-08,195000,93000,102000,Yes,964
ORD00964,2025-06-13,Completed,C0330,VIP,35-44,Gangwon,Beauty,Sunscreen SPF50,Glow,4,18000,7000,0.15,0,Mobile Pay,9,2,Yes,Late delivery,2025-06,61200,28000,33200,Yes,965
ORD00965,2025-08-24,Completed,C0110,New,35-44,Gangwon,Fashion,Canvas Sneakers,Walkon,3,59000,26000,0,3000,Virtual Account,4,4,No,,2025-08,177000,78000,99000,Yes,966
ORD00966,2025-06-24,Completed,C0732,Returning,18-24,Gyeonggi,Electronics,Wireless Earbuds,Nova,2,49000,24000,0.05,3000,Virtual Account,1,4,No,,2025-06,93100,48000,45100,Yes,967
ORD00967,2025-07-25,Completed,C0568,Returning,25-34,Busan,Home,Cotton Towel Set,SoftDay,3,24000,10000,0.15,3000,Card,4,4,No,,2025-07,61200,30000,31200,Yes,968
ORD00968,2025-02-16,Completed,C0251,Returning,45-54,Incheon,Food,Coffee Bean 1kg,BeanRoot,3,32000,15000,0.05,3000,Card,1,5,No,,2025-02,91200,45000,46200,Yes,969
ORD00969,2025-08-22,Completed,C0402,Returning,45-54,Jeju,Electronics,Bluetooth Speaker,Soundly,2,65000,31000,0,3000,Virtual Account,5,5,No,,2025-08,130000,62000,68000,Yes,970
ORD00970,2025-11-26,Completed,C0400,Returning,55+,Jeju,Food,Protein Bar Pack,FitBite,1,28000,12000,0,3000,Virtual Account,7,4,No,,2025-11,28000,12000,16000,Yes,971
ORD00971,2025-06-09,Completed,C0519,Returning,25-34,Gangwon,Fashion,Oversized Hoodie,Northline,4,45000,21000,0.15,0,Mobile Pay,7,2,Yes,Damaged item,2025-06,153000,84000,69000,Yes,972
ORD00972,2025-05-13,Completed,C0839,Returning,55+,Gwangju,Food,Coffee Bean 1kg,BeanRoot,1,32000,15000,0.15,3000,Mobile Pay,4,5,No,,2025-05,27200,15000,12200,Yes,973
ORD00974,2025-11-07,Completed,C0112,Returning,25-34,Seoul,Pet,Dog Treats 1kg,Barkly,4,25000,11000,0,3000,Mobile Pay,3,5,No,,2025-11,100000,44000,56000,Yes,975
ORD00975,2025-09-12,Completed,C0050,New,18-24,Gyeonggi,Fashion,Crossbody Bag,Morrow,2,43000,18000,0.15,0,Virtual Account,3,,Yes,Wrong size,2025-09,73100,36000,37100,Yes,976
ORD00976,2025-01-13,Completed,C0089,New,25-34,Seoul,Fashion,Oversized Hoodie,Northline,4,45000,21000,0.15,3000,Virtual Account,4,5,No,,2025-01,153000,84000,69000,Yes,977
ORD00977,2025-07-10,Completed,C0667,New,55+,Busan,Food,Protein Bar Pack,FitBite,2,28000,12000,0,0,Mobile Pay,4,4,No,,2025-07,56000,24000,32000,Yes,978
ORD00978,2025-01-10,Completed,C0005,VIP,45-54,Busan,Pet,Pet Bed,ComfyPaws,4,47000,20000,0.1,0,Bank Transfer,2,5,No,,2025-01,169200,80000,89200,Yes,979
ORD00979,2025-11-14,Completed,C0475,VIP,25-34,Daejeon,Fashion,Canvas Sneakers,Walkon,3,59000,26000,0,3000,Card,2,4,No,,2025-11,177000,78000,99000,Yes,980
ORD00980,2025-05-21,Completed,C0734,Returning,35-44,Seoul,Home,Storage Box Set,NeatHome,1,29000,12000,0,3000,Card,5,4,No,,2025-05,29000,12000,17000,Yes,981
ORD00981,2025-01-12,Completed,C0720,New,18-24,Gangwon,Electronics,Smart Watch,Pulse,1,99000,47000,0.1,3000,Virtual Account,5,4,No,,2025-01,89100,47000,42100,Yes,982
ORD00982,2025-05-11,Completed,C0611,Returning,35-44,Daejeon,Food,Protein Bar Pack,FitBite,1,28000,12000,0,0,Bank Transfer,4,4,No,,2025-05,28000,12000,16000,Yes,983
ORD00983,2025-10-16,Completed,C0682,New,35-44,Busan,Pet,Pet Bed,ComfyPaws,1,47000,20000,0,0,Bank Transfer,4,4,No,,2025-10,47000,20000,27000,Yes,984
ORD00984,2025-02-17,Completed,C0140,Returning,18-24,Gangwon,Beauty,Lip Tint,Mellow,3,14000,5000,0,3000,Mobile Pay,5,4,No,,2025-02,42000,15000,27000,Yes,985
ORD00985,2025-11-12,Completed,C0068,Returning,55+,Busan,Electronics,Bluetooth Speaker,Soundly,4,65000,31000,0.25,3000,Bank Transfer,4,4,No,,2025-11,195000,124000,71000,Yes,986
ORD00986,2025-05-03,Completed,C0039,Returning,35-44,Jeju,Home,Desk Lamp,Lumen,3,39000,16000,0.05,3000,Bank Transfer,1,4,No,,2025-05,111150,48000,63150,Yes,987
ORD00987,2025-08-17,Completed,C0528,New,35-44,Jeju,Home,Storage Box Set,NeatHome,4,29000,12000,0,3000,Virtual Account,3,4,No,,2025-08,116000,48000,68000,Yes,988
ORD00988,2025-06-23,Completed,C0026,VIP,45-54,Busan,Pet,Pet Bed,ComfyPaws,2,47000,20000,0,3000,Virtual Account,4,4,No,,2025-06,94000,40000,54000,Yes,989
ORD00989,2025-06-18,Completed,C0592,New,25-34,Daejeon,Pet,Pet Bed,ComfyPaws,2,47000,20000,0,3000,Mobile Pay,3,5,No,,2025-06,94000,40000,54000,Yes,990
ORD00990,2025-09-25,Completed,C0255,VIP,18-24,Busan,Pet,Cat Toy Bundle,PawJoy,1,19000,8000,0.05,3000,Bank Transfer,3,4,No,,2025-09,18050,8000,10050,Yes,991
ORD00991,2025-11-05,Completed,C0188,New,35-44,Gyeonggi,Pet,Pet Bed,ComfyPaws,4,47000,20000,0,0,Bank Transfer,1,5,No,,2025-11,188000,80000,108000,Yes,992
ORD00992,2025-06-18,Completed,C0111,New,18-24,Jeju,Fashion,Canvas Sneakers,Walkon,1,59000,26000,0,3000,Virtual Account,4,5,No,,2025-06,59000,26000,33000,Yes,993
ORD00993,2025-06-08,Completed,C0400,New,45-54,Jeju,Beauty,Lip Tint,Mellow,1,14000,5000,0.25,3000,Virtual Account,4,5,No,,2025-06,10500,5000,5500,Yes,994
ORD00994,2025-03-20,Completed,C0368,Returning,25-34,Gwangju,Fashion,Crossbody Bag,Morrow,4,43000,18000,0.25,3000,Card,3,3,Yes,Late delivery,2025-03,129000,72000,57000,Yes,995
ORD00997,2025-12-11,Completed,C0320,Returning,35-44,Daegu,Fashion,Crossbody Bag,Morrow,1,43000,18000,0,3000,Bank Transfer,4,5,No,,2025-12,43000,18000,25000,Yes,998
ORD00998,2025-11-09,Completed,C0584,New,35-44,Seoul,Food,Protein Bar Pack,FitBite,3,28000,12000,0.15,3000,Card,5,5,No,,2025-11,71400,36000,35400,Yes,999
ORD00999,2025-11-07,Completed,C0693,New,25-34,Daejeon,Food,Protein Bar Pack,FitBite,2,28000,12000,0,3000,Bank Transfer,2,5,No,,2025-11,56000,24000,32000,Yes,1000
ORD01000,2025-02-09,Completed,C0023,VIP,55+,Incheon,Pet,Pet Bed,ComfyPaws,3,47000,20000,0,3000,Mobile Pay,1,4,No,,2025-02,141000,60000,81000,Yes,1001
ORD01001,2025-03-30,Completed,C0468,New,25-34,Jeju,Pet,Cat Toy Bundle,PawJoy,2,19000,8000,0.2,3000,Mobile Pay,8,3,No,,2025-03,30400,16000,14400,Yes,1002
ORD01002,2025-12-19,Completed,C0559,New,25-34,Gwangju,Electronics,Wireless Earbuds,Nova,3,49000,24000,0,3000,Card,1,5,No,,2025-12,147000,72000,75000,Yes,1003
ORD01004,2025-09-03,Completed,C0497,Returning,55+,Daejeon,Pet,Cat Toy Bundle,PawJoy,2,19000,8000,0.05,3000,Mobile Pay,4,5,No,,2025-09,36100,16000,20100,Yes,1005
ORD01005,2025-11-24,Completed,C0663,Returning,18-24,Busan,Electronics,Wireless Earbuds,Nova,4,49000,24000,0,3000,Mobile Pay,5,4,No,,2025-11,196000,96000,100000,Yes,1006
ORD01006,2025-10-05,Completed,C0565,New,45-54,Busan,Food,Protein Bar Pack,FitBite,4,28000,12000,0,3000,Mobile Pay,2,5,No,,2025-10,112000,48000,64000,Yes,1007
ORD01007,2025-04-10,Completed,C0579,VIP,25-34,Daegu,Electronics,Bluetooth Speaker,Soundly,4,65000,31000,0.15,3000,Bank Transfer,5,5,No,,2025-04,221000,124000,97000,Yes,1008
ORD01008,2025-03-23,Completed,C0115,VIP,18-24,Gyeonggi,Food,Gift Snack Box,HappyBox,2,33000,14000,0.2,3000,Virtual Account,3,5,No,,2025-03,52800,28000,24800,Yes,1009
ORD01009,2025-09-23,Completed,C0019,Returning,18-24,Gangwon,Beauty,Hydrating Serum,PureLab,3,22000,9000,0,3000,Mobile Pay,2,4,No,,2025-09,66000,27000,39000,Yes,1010
ORD01010,2025-02-27,Completed,C0848,Returning,45-54,Seoul,Beauty,Hydrating Serum,PureLab,4,22000,9000,0,3000,Bank Transfer,1,5,No,,2025-02,88000,36000,52000,Yes,1011
ORD01011,2025-10-23,Completed,C0404,Returning,25-34,Gwangju,Pet,Dog Treats 1kg,Barkly,2,25000,11000,0.05,3000,Bank Transfer,2,5,No,,2025-10,47500,22000,25500,Yes,1012
ORD01012,2025-11-03,Completed,C0377,Returning,18-24,Seoul,Food,Gift Snack Box,HappyBox,2,33000,14000,0.05,3000,Virtual Account,3,5,No,,2025-11,62700,28000,34700,Yes,1013
ORD01013,2025-10-28,Completed,C0381,Returning,55+,Gangwon,Fashion,Oversized Hoodie,Northline,2,45000,21000,0,0,Mobile Pay,2,5,No,,2025-10,90000,42000,48000,Yes,1014
ORD01014,2025-10-14,Completed,C0785,New,18-24,Busan,Pet,Pet Bed,ComfyPaws,4,47000,20000,0.05,3000,Virtual Account,4,4,No,,2025-10,178600,80000,98600,Yes,1015
ORD01015,2025-06-21,Completed,C0320,Returning,25-34,Gyeonggi,Electronics,Bluetooth Speaker,Soundly,4,65000,31000,0.25,3000,Mobile Pay,3,5,No,,2025-06,195000,124000,71000,Yes,1016
ORD01016,2025-01-21,Completed,C0440,Returning,45-54,Daejeon,Food,Coffee Bean 1kg,BeanRoot,4,32000,15000,0,3000,Mobile Pay,2,5,No,,2025-01,128000,60000,68000,Yes,1017
ORD01017,2025-05-26,Completed,C0780,Returning,18-24,Daegu,Fashion,Crossbody Bag,Morrow,3,43000,18000,0,0,Mobile Pay,2,5,No,,2025-05,129000,54000,75000,Yes,1018
ORD01018,2025-10-20,Completed,C0078,New,18-24,Daejeon,Home,Cotton Towel Set,SoftDay,3,24000,10000,0.2,3000,Card,4,5,No,,2025-10,57600,30000,27600,Yes,1019
ORD01019,2025-05-29,Completed,C0087,New,18-24,Daegu,Food,Protein Bar Pack,FitBite,2,28000,12000,0,3000,Mobile Pay,5,5,No,,2025-05,56000,24000,32000,Yes,1020
ORD01020,2025-12-13,Completed,C0175,Returning,18-24,Seoul,Beauty,Sunscreen SPF50,Glow,3,18000,7000,0,3000,Mobile Pay,3,4,No,,2025-12,54000,21000,33000,Yes,1021
ORD01021,2025-02-24,Completed,C0615,VIP,35-44,Incheon,Fashion,Crossbody Bag,Morrow,2,43000,18000,0,0,Mobile Pay,5,5,No,,2025-02,86000,36000,50000,Yes,1022
ORD01022,2025-09-03,Completed,C0723,VIP,55+,Seoul,Fashion,Oversized Hoodie,Northline,3,45000,21000,0,3000,Virtual Account,2,4,No,,2025-09,135000,63000,72000,Yes,1023
ORD01024,2025-07-29,Completed,C0302,New,25-34,Gyeonggi,Beauty,Sunscreen SPF50,Glow,1,18000,7000,0,0,Bank Transfer,1,5,No,,2025-07,18000,7000,11000,Yes,1025
ORD01025,2025-06-29,Completed,C0596,New,55+,Jeju,Home,Cotton Towel Set,SoftDay,3,24000,10000,0,3000,Bank Transfer,8,4,No,,2025-06,72000,30000,42000,Yes,1026
ORD01026,2025-08-27,Completed,C0488,Returning,45-54,Daegu,Pet,Cat Toy Bundle,PawJoy,2,19000,8000,0.1,3000,Mobile Pay,1,4,No,,2025-08,34200,16000,18200,Yes,1027
ORD01027,2025-10-12,Completed,C0706,New,25-34,Gwangju,Pet,Cat Toy Bundle,PawJoy,4,19000,8000,0,3000,Bank Transfer,5,5,No,,2025-10,76000,32000,44000,Yes,1028
ORD01028,2025-09-14,Completed,C0729,New,35-44,Daegu,Home,Desk Lamp,Lumen,3,39000,16000,0,3000,Bank Transfer,3,4,No,,2025-09,117000,48000,69000,Yes,1029
ORD01029,2025-08-25,Completed,C0060,Returning,55+,Jeju,Pet,Pet Bed,ComfyPaws,1,47000,20000,0,0,Card,3,5,No,,2025-08,47000,20000,27000,Yes,1030
ORD01030,2025-07-19,Completed,C0216,Returning,25-34,Gwangju,Pet,Pet Bed,ComfyPaws,3,47000,20000,0,3000,Mobile Pay,3,5,No,,2025-07,141000,60000,81000,Yes,1031
ORD01031,2025-08-10,Completed,C0744,New,45-54,Daegu,Home,Storage Box Set,NeatHome,1,29000,12000,0,0,Card,1,4,No,,2025-08,29000,12000,17000,Yes,1032
ORD01032,2025-02-16,Completed,C0294,Returning,25-34,Gangwon,Electronics,Wireless Earbuds,Nova,3,49000,24000,0,3000,Virtual Account,9,3,No,,2025-02,147000,72000,75000,Yes,1033
ORD01033,2025-08-23,Completed,C0577,VIP,25-34,Daejeon,Electronics,Wireless Earbuds,Nova,4,49000,24000,0,0,Card,4,5,No,,2025-08,196000,96000,100000,Yes,1034
ORD01034,2025-10-27,Completed,C0028,New,35-44,Seoul,Food,Coffee Bean 1kg,BeanRoot,4,32000,15000,0.25,3000,Bank Transfer,2,4,No,,2025-10,96000,60000,36000,Yes,1035
ORD01035,2025-04-25,Completed,C0206,New,18-24,Busan,Pet,Cat Toy Bundle,PawJoy,1,19000,8000,0,3000,Mobile Pay,4,5,No,,2025-04,19000,8000,11000,Yes,1036
ORD01036,2025-06-13,Completed,C0096,Returning,35-44,Gwangju,Pet,Cat Toy Bundle,PawJoy,3,19000,8000,0.25,3000,Card,3,5,No,,2025-06,42750,24000,18750,Yes,1037
ORD01038,2025-05-30,Completed,C0389,New,55+,Seoul,Fashion,Canvas Sneakers,Walkon,4,59000,26000,0.2,3000,Virtual Account,5,5,No,,2025-05,188800,104000,84800,Yes,1039
ORD01039,2025-05-21,Completed,C0533,VIP,35-44,Incheon,Fashion,Oversized Hoodie,Northline,3,45000,21000,0,3000,Mobile Pay,5,3,Yes,Different from description,2025-05,135000,63000,72000,Yes,1040
ORD01040,2025-01-28,Completed,C0545,Returning,18-24,Gwangju,Home,Cotton Towel Set,SoftDay,2,24000,10000,0,3000,Virtual Account,3,5,No,,2025-01,48000,20000,28000,Yes,1041
ORD01041,2025-05-03,Completed,C0830,Returning,18-24,Daejeon,Beauty,Lip Tint,Mellow,4,14000,5000,0.2,0,Card,1,5,No,,2025-05,44800,20000,24800,Yes,1042
ORD01042,2025-04-03,Completed,C0220,Returning,25-34,Gwangju,Home,Storage Box Set,NeatHome,3,29000,12000,0,3000,Card,4,4,No,,2025-04,87000,36000,51000,Yes,1043
ORD01043,2025-09-22,Completed,C0755,Returning,25-34,Gwangju,Electronics,Smart Watch,Pulse,4,99000,47000,0.25,3000,Virtual Account,1,5,No,,2025-09,297000,188000,109000,Yes,1044
ORD01044,2025-08-20,Completed,C0277,New,55+,Seoul,Home,Cotton Towel Set,SoftDay,1,24000,10000,0,3000,Virtual Account,5,5,No,,2025-08,24000,10000,14000,Yes,1045
ORD01045,2025-12-02,Completed,C0411,New,25-34,Gyeonggi,Beauty,Lip Tint,Mellow,1,14000,5000,0.05,3000,Bank Transfer,3,4,No,,2025-12,13300,5000,8300,Yes,1046
ORD01046,2025-09-26,Completed,C0345,New,25-34,Daegu,Beauty,Sunscreen SPF50,Glow,2,18000,7000,0,3000,Mobile Pay,5,4,No,,2025-09,36000,14000,22000,Yes,1047
ORD01047,2025-07-28,Completed,C0001,New,18-24,Daegu,Beauty,Lip Tint,Mellow,4,14000,5000,0,3000,Mobile Pay,3,5,No,,2025-07,56000,20000,36000,Yes,1048
ORD01048,2025-07-03,Completed,C0291,Returning,35-44,Seoul,Fashion,Crossbody Bag,Morrow,1,43000,18000,0.2,0,Virtual Account,2,4,No,,2025-07,34400,18000,16400,Yes,1049
ORD01049,2025-02-26,Completed,C0061,New,35-44,Gangwon,Home,Storage Box Set,NeatHome,1,29000,12000,0,0,Bank Transfer,7,3,No,,2025-02,29000,12000,17000,Yes,1050
ORD01050,2025-08-11,Completed,C0123,New,35-44,Gangwon,Home,Storage Box Set,NeatHome,2,29000,12000,0.15,3000,Virtual Account,6,,Yes,Late delivery,2025-08,49300,24000,25300,Yes,1051
ORD01051,2025-03-31,Completed,C0017,Returning,55+,Daejeon,Home,Storage Box Set,NeatHome,3,29000,12000,0,0,Card,3,5,No,,2025-03,87000,36000,51000,Yes,1052
ORD01052,2025-05-15,Completed,C0245,VIP,25-34,Seoul,Electronics,Wireless Earbuds,Nova,2,49000,24000,0,3000,Mobile Pay,1,5,No,,2025-05,98000,48000,50000,Yes,1053
ORD01053,2025-06-27,Completed,C0585,Returning,35-44,Seoul,Food,Gift Snack Box,HappyBox,1,33000,14000,0,3000,Bank Transfer,3,5,No,,2025-06,33000,14000,19000,Yes,1054
ORD01054,2025-05-21,Completed,C0025,VIP,35-44,Daegu,Fashion,Canvas Sneakers,Walkon,1,59000,26000,0.25,3000,Card,3,5,No,,2025-05,44250,26000,18250,Yes,1055
ORD01055,2025-05-02,Completed,C0776,New,35-44,Gyeonggi,Beauty,Hydrating Serum,PureLab,3,22000,9000,0,3000,Virtual Account,2,4,No,,2025-05,66000,27000,39000,Yes,1056
ORD01056,2025-05-25,Completed,C0817,Returning,35-44,Gwangju,Food,Gift Snack Box,HappyBox,3,33000,14000,0,3000,Mobile Pay,5,4,No,,2025-05,99000,42000,57000,Yes,1057
ORD01058,2025-07-28,Completed,C0102,Returning,55+,Daegu,Home,Cotton Towel Set,SoftDay,1,24000,10000,0,3000,Virtual Account,5,3,Yes,Wrong size,2025-07,24000,10000,14000,Yes,1059
ORD01059,2025-09-08,Completed,C0681,New,45-54,Incheon,Food,Protein Bar Pack,FitBite,2,28000,12000,0,3000,Virtual Account,1,4,No,,2025-09,56000,24000,32000,Yes,1060
ORD01060,2025-06-07,Completed,C0682,VIP,18-24,Gangwon,Pet,Pet Bed,ComfyPaws,3,47000,20000,0,0,Bank Transfer,5,5,No,,2025-06,141000,60000,81000,Yes,1061
ORD01061,2025-01-12,Completed,C0309,VIP,55+,Jeju,Electronics,Wireless Earbuds,Nova,1,49000,24000,0,0,Virtual Account,7,3,No,,2025-01,49000,24000,25000,Yes,1062
ORD01062,2025-07-15,Completed,C0720,New,55+,Incheon,Pet,Dog Treats 1kg,Barkly,4,25000,11000,0,0,Mobile Pay,1,5,No,,2025-07,100000,44000,56000,Yes,1063
ORD01063,2025-08-21,Completed,C0065,New,35-44,Daejeon,Electronics,Wireless Earbuds,Nova,1,49000,24000,0.2,0,Card,5,4,No,,2025-08,39200,24000,15200,Yes,1064
ORD01064,2025-07-08,Completed,C0125,New,18-24,Jeju,Food,Gift Snack Box,HappyBox,3,33000,14000,0,3000,Virtual Account,3,4,No,,2025-07,99000,42000,57000,Yes,1065
ORD01066,2025-01-07,Completed,C0180,Returning,55+,Daejeon,Food,Protein Bar Pack,FitBite,3,28000,12000,0,0,Card,2,4,No,,2025-01,84000,36000,48000,Yes,1067
ORD01067,2025-02-15,Completed,C0424,New,35-44,Seoul,Pet,Cat Toy Bundle,PawJoy,3,19000,8000,0.2,3000,Mobile Pay,5,5,No,,2025-02,45600,24000,21600,Yes,1068
ORD01068,2025-11-08,Completed,C0297,New,25-34,Gwangju,Electronics,Wireless Earbuds,Nova,2,49000,24000,0,3000,Bank Transfer,3,5,No,,2025-11,98000,48000,50000,Yes,1069
ORD01069,2025-06-03,Completed,C0392,VIP,18-24,Daegu,Home,Cotton Towel Set,SoftDay,3,24000,10000,0,0,Bank Transfer,3,5,No,,2025-06,72000,30000,42000,Yes,1070
ORD01070,2025-02-22,Completed,C0836,Returning,45-54,Gangwon,Fashion,Canvas Sneakers,Walkon,3,59000,26000,0,3000,Bank Transfer,3,5,No,,2025-02,177000,78000,99000,Yes,1071
ORD01071,2025-08-21,Completed,C0400,Returning,45-54,Gangwon,Food,Coffee Bean 1kg,BeanRoot,4,32000,15000,0.25,3000,Bank Transfer,4,5,No,,2025-08,96000,60000,36000,Yes,1072
ORD01072,2025-12-29,Completed,C0730,Returning,25-34,Seoul,Pet,Pet Bed,ComfyPaws,2,47000,20000,0.15,3000,Bank Transfer,5,4,No,,2025-12,79900,40000,39900,Yes,1073
ORD01073,2025-06-27,Completed,C0245,Returning,18-24,Incheon,Food,Gift Snack Box,HappyBox,4,33000,14000,0,3000,Mobile Pay,3,5,No,,2025-06,132000,56000,76000,Yes,1074
ORD01074,2025-01-08,Completed,C0724,New,45-54,Seoul,Beauty,Sunscreen SPF50,Glow,2,18000,7000,0,3000,Mobile Pay,4,4,No,,2025-01,36000,14000,22000,Yes,1075
ORD01075,2025-04-29,Completed,C0404,New,18-24,Gyeonggi,Electronics,Bluetooth Speaker,Soundly,4,65000,31000,0,3000,Mobile Pay,5,4,No,,2025-04,260000,124000,136000,Yes,1076
ORD01076,2025-02-27,Completed,C0671,VIP,45-54,Incheon,Pet,Cat Toy Bundle,PawJoy,2,19000,8000,0.1,0,Mobile Pay,5,4,No,,2025-02,34200,16000,18200,Yes,1077
ORD01077,2025-04-24,Completed,C0543,Returning,18-24,Daegu,Home,Storage Box Set,NeatHome,2,29000,12000,0,3000,Bank Transfer,5,5,No,,2025-04,58000,24000,34000,Yes,1078
ORD01078,2025-02-05,Completed,C0538,New,45-54,Gwangju,Beauty,Hydrating Serum,PureLab,2,22000,9000,0,0,Bank Transfer,3,4,No,,2025-02,44000,18000,26000,Yes,1079
ORD01079,2025-05-18,Completed,C0263,VIP,25-34,Incheon,Fashion,Crossbody Bag,Morrow,1,43000,18000,0.1,3000,Mobile Pay,3,5,No,,2025-05,38700,18000,20700,Yes,1080
ORD01080,2025-11-08,Completed,C0815,Returning,25-34,Incheon,Food,Coffee Bean 1kg,BeanRoot,4,32000,15000,0.15,0,Card,1,5,No,,2025-11,108800,60000,48800,Yes,1081
ORD01081,2025-12-01,Completed,C0352,New,55+,Gwangju,Pet,Dog Treats 1kg,Barkly,4,25000,11000,0,0,Bank Transfer,4,4,No,,2025-12,100000,44000,56000,Yes,1082
ORD01082,2025-12-22,Completed,C0738,VIP,35-44,Gangwon,Home,Desk Lamp,Lumen,4,39000,16000,0,3000,Virtual Account,1,5,No,,2025-12,156000,64000,92000,Yes,1083
ORD01083,2025-03-31,Completed,C0222,Returning,25-34,Jeju,Fashion,Crossbody Bag,Morrow,1,43000,18000,0.05,0,Bank Transfer,2,4,No,,2025-03,40850,18000,22850,Yes,1084
ORD01084,2025-01-03,Completed,C0108,Returning,45-54,Gyeonggi,Electronics,Wireless Earbuds,Nova,4,49000,24000,0,3000,Virtual Account,4,5,No,,2025-01,196000,96000,100000,Yes,1085
ORD01085,2025-01-09,Completed,C0485,VIP,18-24,Gyeonggi,Food,Protein Bar Pack,FitBite,3,28000,12000,0,3000,Mobile Pay,5,4,No,,2025-01,84000,36000,48000,Yes,1086
ORD01086,2025-03-20,Completed,C0396,Returning,25-34,Gangwon,Electronics,Smart Watch,Pulse,4,99000,47000,0,3000,Card,2,5,No,,2025-03,396000,188000,208000,Yes,1087
ORD01087,2025-02-21,Completed,C0474,Returning,18-24,Incheon,Pet,Pet Bed,ComfyPaws,1,47000,20000,0,3000,Card,3,,No,,2025-02,47000,20000,27000,Yes,1088
ORD01088,2025-07-25,Completed,C0668,New,55+,Gwangju,Electronics,Bluetooth Speaker,Soundly,4,65000,31000,0,3000,Virtual Account,3,4,No,,2025-07,260000,124000,136000,Yes,1089
ORD01089,2025-01-22,Completed,C0843,VIP,18-24,Incheon,Home,Desk Lamp,Lumen,3,39000,16000,0,3000,Bank Transfer,4,5,No,,2025-01,117000,48000,69000,Yes,1090
ORD01090,2025-01-18,Completed,C0488,VIP,45-54,Daegu,Electronics,Wireless Earbuds,Nova,2,49000,24000,0,3000,Virtual Account,1,5,No,,2025-01,98000,48000,50000,Yes,1091
ORD01091,2025-12-27,Completed,C0524,VIP,35-44,Seoul,Home,Storage Box Set,NeatHome,2,29000,12000,0,3000,Card,3,4,No,,2025-12,58000,24000,34000,Yes,1092
ORD01092,2025-12-15,Completed,C0482,New,25-34,Daejeon,Fashion,Canvas Sneakers,Walkon,4,59000,26000,0,3000,Card,5,4,Yes,Damaged item,2025-12,236000,104000,132000,Yes,1093
ORD01093,2025-12-02,Completed,C0827,New,25-34,Jeju,Food,Coffee Bean 1kg,BeanRoot,3,32000,15000,0,3000,Mobile Pay,5,5,No,,2025-12,96000,45000,51000,Yes,1094
ORD01094,2025-07-09,Completed,C0309,New,45-54,Busan,Food,Coffee Bean 1kg,BeanRoot,4,32000,15000,0,0,Virtual Account,3,4,No,,2025-07,128000,60000,68000,Yes,1095
ORD01096,2025-07-18,Completed,C0313,New,55+,Busan,Electronics,Smart Watch,Pulse,4,99000,47000,0,0,Mobile Pay,2,5,No,,2025-07,396000,188000,208000,Yes,1097
ORD01097,2025-12-06,Completed,C0250,New,25-34,Daejeon,Electronics,Wireless Earbuds,Nova,1,49000,24000,0.2,3000,Mobile Pay,2,5,No,,2025-12,39200,24000,15200,Yes,1098
ORD01098,2025-03-26,Completed,C0660,VIP,55+,Jeju,Electronics,Wireless Earbuds,Nova,4,49000,24000,0.15,3000,Mobile Pay,3,4,No,,2025-03,166600,96000,70600,Yes,1099
ORD01099,2025-01-14,Completed,C0513,Returning,35-44,Gyeonggi,Fashion,Canvas Sneakers,Walkon,1,59000,26000,0,3000,Card,3,4,No,,2025-01,59000,26000,33000,Yes,1100
ORD01100,2025-10-10,Completed,C0387,Returning,45-54,Daejeon,Food,Coffee Bean 1kg,BeanRoot,2,32000,15000,0,3000,Bank Transfer,4,5,No,,2025-10,64000,30000,34000,Yes,1101
ORD01101,2025-05-03,Completed,C0241,VIP,18-24,Seoul,Beauty,Sunscreen SPF50,Glow,4,18000,7000,0,3000,Virtual Account,1,4,Yes,Different from description,2025-05,72000,28000,44000,Yes,1102
ORD01102,2025-10-18,Completed,C0280,New,18-24,Gyeonggi,Pet,Pet Bed,ComfyPaws,3,47000,20000,0,3000,Mobile Pay,2,5,No,,2025-10,141000,60000,81000,Yes,1103
ORD01103,2025-09-21,Completed,C0796,VIP,35-44,Incheon,Beauty,Sunscreen SPF50,Glow,4,18000,7000,0,3000,Card,5,5,No,,2025-09,72000,28000,44000,Yes,1104
ORD01104,2025-04-16,Completed,C0815,Returning,18-24,Gyeonggi,Electronics,Bluetooth Speaker,Soundly,4,65000,31000,0,3000,Mobile Pay,5,4,No,,2025-04,260000,124000,136000,Yes,1105
ORD01105,2025-05-07,Completed,C0029,New,18-24,Daejeon,Home,Storage Box Set,NeatHome,2,29000,12000,0,3000,Mobile Pay,4,4,No,,2025-05,58000,24000,34000,Yes,1106
ORD01106,2025-09-08,Completed,C0717,Returning,55+,Incheon,Home,Cotton Towel Set,SoftDay,3,24000,10000,0,3000,Bank Transfer,2,4,No,,2025-09,72000,30000,42000,Yes,1107
ORD01107,2025-07-14,Completed,C0045,Returning,35-44,Jeju,Electronics,Bluetooth Speaker,Soundly,1,65000,31000,0.05,3000,Virtual Account,2,,No,,2025-07,61750,31000,30750,Yes,1108
ORD01108,2025-01-23,Completed,C0158,Returning,35-44,Gangwon,Home,Cotton Towel Set,SoftDay,4,24000,10000,0,0,Card,2,5,No,,2025-01,96000,40000,56000,Yes,1109
ORD01109,2025-06-09,Completed,C0258,Returning,55+,Daegu,Fashion,Oversized Hoodie,Northline,2,45000,21000,0,3000,Card,2,5,No,,2025-06,90000,42000,48000,Yes,1110
ORD01110,2025-06-02,Completed,C0355,Returning,55+,Incheon,Home,Storage Box Set,NeatHome,1,29000,12000,0.1,3000,Card,4,5,No,,2025-06,26100,12000,14100,Yes,1111
ORD01111,2025-06-03,Completed,C0728,Returning,25-34,Busan,Electronics,Wireless Earbuds,Nova,1,49000,24000,0,3000,Bank Transfer,3,5,No,,2025-06,49000,24000,25000,Yes,1112
ORD01112,2025-08-26,Completed,C0134,New,55+,Daejeon,Home,Storage Box Set,NeatHome,1,29000,12000,0,0,Bank Transfer,3,,No,,2025-08,29000,12000,17000,Yes,1113
ORD01113,2025-08-03,Completed,C0098,New,55+,Incheon,Fashion,Oversized Hoodie,Northline,3,45000,21000,0.2,0,Virtual Account,2,4,No,,2025-08,108000,63000,45000,Yes,1114
ORD01114,2025-12-15,Completed,C0585,VIP,45-54,Gangwon,Food,Protein Bar Pack,FitBite,1,28000,12000,0.25,3000,Mobile Pay,5,5,No,,2025-12,21000,12000,9000,Yes,1115
ORD01115,2025-09-12,Completed,C0024,New,45-54,Daejeon,Beauty,Hydrating Serum,PureLab,3,22000,9000,0,3000,Card,2,4,No,,2025-09,66000,27000,39000,Yes,1116
ORD01116,2025-10-29,Completed,C0377,New,35-44,Daegu,Food,Gift Snack Box,HappyBox,2,33000,14000,0.2,3000,Virtual Account,4,5,No,,2025-10,52800,28000,24800,Yes,1117
ORD01117,2025-07-13,Completed,C0428,New,45-54,Seoul,Food,Protein Bar Pack,FitBite,4,28000,12000,0.05,3000,Mobile Pay,5,5,No,,2025-07,106400,48000,58400,Yes,1118
ORD01118,2025-09-02,Completed,C0136,VIP,25-34,Gwangju,Home,Cotton Towel Set,SoftDay,2,24000,10000,0.2,0,Virtual Account,3,5,No,,2025-09,38400,20000,18400,Yes,1119
ORD01119,2025-01-15,Completed,C0255,New,25-34,Seoul,Electronics,Wireless Earbuds,Nova,4,49000,24000,0,0,Mobile Pay,2,5,No,,2025-01,196000,96000,100000,Yes,1120
ORD01120,2025-09-23,Completed,C0165,New,55+,Daegu,Home,Cotton Towel Set,SoftDay,1,24000,10000,0,0,Card,2,5,No,,2025-09,24000,10000,14000,Yes,1121
ORD01121,2025-11-22,Completed,C0278,New,35-44,Jeju,Food,Coffee Bean 1kg,BeanRoot,3,32000,15000,0,3000,Virtual Account,5,5,No,,2025-11,96000,45000,51000,Yes,1122
ORD01122,2025-01-01,Completed,C0568,New,25-34,Daegu,Pet,Pet Bed,ComfyPaws,1,47000,20000,0,3000,Card,3,4,No,,2025-01,47000,20000,27000,Yes,1123
ORD01123,2025-04-14,Completed,C0388,VIP,18-24,Daegu,Home,Cotton Towel Set,SoftDay,2,24000,10000,0,0,Virtual Account,5,5,No,,2025-04,48000,20000,28000,Yes,1124
ORD01124,2025-02-19,Completed,C0102,Returning,55+,Busan,Pet,Dog Treats 1kg,Barkly,3,25000,11000,0.2,0,Bank Transfer,3,5,No,,2025-02,60000,33000,27000,Yes,1125
ORD01125,2025-02-08,Completed,C0084,Returning,45-54,Seoul,Electronics,Wireless Earbuds,Nova,3,49000,24000,0,3000,Mobile Pay,3,4,No,,2025-02,147000,72000,75000,Yes,1126
ORD01126,2025-02-27,Completed,C0752,New,25-34,Daegu,Electronics,Wireless Earbuds,Nova,4,49000,24000,0,3000,Card,1,5,No,,2025-02,196000,96000,100000,Yes,1127
ORD01127,2025-06-11,Completed,C0003,New,55+,Busan,Food,Protein Bar Pack,FitBite,4,28000,12000,0,3000,Card,5,4,No,,2025-06,112000,48000,64000,Yes,1128
ORD01128,2025-03-17,Completed,C0242,Returning,35-44,Daegu,Fashion,Canvas Sneakers,Walkon,4,59000,26000,0,3000,Virtual Account,4,4,No,,2025-03,236000,104000,132000,Yes,1129
ORD01129,2025-06-09,Completed,C0099,Returning,35-44,Daejeon,Fashion,Canvas Sneakers,Walkon,1,59000,26000,0,3000,Card,5,5,No,,2025-06,59000,26000,33000,Yes,1130
ORD01131,2025-07-30,Completed,C0304,VIP,25-34,Daejeon,Electronics,Smart Watch,Pulse,1,99000,47000,0,3000,Bank Transfer,5,4,No,,2025-07,99000,47000,52000,Yes,1132
ORD01132,2025-01-14,Completed,C0233,Returning,55+,Jeju,Food,Coffee Bean 1kg,BeanRoot,2,32000,15000,0,0,Mobile Pay,4,4,No,,2025-01,64000,30000,34000,Yes,1133
ORD01133,2025-12-18,Completed,C0813,New,25-34,Gyeonggi,Electronics,Bluetooth Speaker,Soundly,4,65000,31000,0,3000,Virtual Account,4,4,No,,2025-12,260000,124000,136000,Yes,1134
ORD01134,2025-04-18,Completed,C0025,Returning,55+,Gangwon,Home,Desk Lamp,Lumen,1,39000,16000,0,3000,Virtual Account,6,4,No,,2025-04,39000,16000,23000,Yes,1135
ORD01135,2025-12-01,Completed,C0675,New,25-34,Gangwon,Pet,Cat Toy Bundle,PawJoy,2,19000,8000,0,3000,Mobile Pay,6,4,No,,2025-12,38000,16000,22000,Yes,1136
ORD01136,2025-04-06,Completed,C0820,Returning,18-24,Jeju,Pet,Dog Treats 1kg,Barkly,1,25000,11000,0,3000,Virtual Account,6,4,No,,2025-04,25000,11000,14000,Yes,1137
ORD01138,2025-11-09,Completed,C0361,Returning,25-34,Gyeonggi,Beauty,Lip Tint,Mellow,3,14000,5000,0.05,3000,Virtual Account,3,5,No,,2025-11,39900,15000,24900,Yes,1139
ORD01139,2025-12-23,Completed,C0128,New,45-54,Busan,Fashion,Oversized Hoodie,Northline,3,45000,21000,0,3000,Card,2,5,No,,2025-12,135000,63000,72000,Yes,1140
ORD01140,2025-11-28,Completed,C0605,Returning,55+,Jeju,Electronics,Wireless Earbuds,Nova,3,49000,24000,0,3000,Virtual Account,9,3,No,,2025-11,147000,72000,75000,Yes,1141
ORD01141,2025-05-27,Completed,C0251,New,35-44,Daegu,Fashion,Canvas Sneakers,Walkon,2,59000,26000,0,3000,Virtual Account,3,5,No,,2025-05,118000,52000,66000,Yes,1142
ORD01142,2025-03-11,Completed,C0844,Returning,35-44,Gwangju,Fashion,Crossbody Bag,Morrow,4,43000,18000,0.15,3000,Virtual Account,2,5,No,,2025-03,146200,72000,74200,Yes,1143
ORD01143,2025-09-16,Completed,C0265,VIP,45-54,Incheon,Beauty,Sunscreen SPF50,Glow,4,18000,7000,0,3000,Card,5,5,No,,2025-09,72000,28000,44000,Yes,1144
ORD01144,2025-01-16,Completed,C0014,Returning,55+,Daegu,Pet,Cat Toy Bundle,PawJoy,4,19000,8000,0,0,Virtual Account,1,5,No,,2025-01,76000,32000,44000,Yes,1145
ORD01145,2025-02-14,Completed,C0495,New,55+,Seoul,Beauty,Sunscreen SPF50,Glow,4,18000,7000,0,3000,Bank Transfer,1,5,No,,2025-02,72000,28000,44000,Yes,1146
ORD01146,2025-06-23,Completed,C0061,VIP,35-44,Gyeonggi,Home,Storage Box Set,NeatHome,2,29000,12000,0.1,0,Virtual Account,1,4,No,,2025-06,52200,24000,28200,Yes,1147
ORD01147,2025-08-01,Completed,C0732,Returning,18-24,Daejeon,Pet,Cat Toy Bundle,PawJoy,1,19000,8000,0,3000,Virtual Account,5,4,No,,2025-08,19000,8000,11000,Yes,1148
ORD01148,2025-02-11,Completed,C0060,Returning,18-24,Jeju,Beauty,Lip Tint,Mellow,2,14000,5000,0,3000,Bank Transfer,9,3,No,,2025-02,28000,10000,18000,Yes,1149
ORD01149,2025-12-25,Completed,C0688,New,35-44,Busan,Beauty,Hydrating Serum,PureLab,4,22000,9000,0,3000,Mobile Pay,3,5,No,,2025-12,88000,36000,52000,Yes,1150
ORD01151,2025-05-27,Completed,C0439,New,25-34,Jeju,Fashion,Oversized Hoodie,Northline,4,45000,21000,0.1,0,Bank Transfer,2,4,No,,2025-05,162000,84000,78000,Yes,1152
ORD01152,2025-01-21,Completed,C0352,Returning,18-24,Jeju,Beauty,Lip Tint,Mellow,4,14000,5000,0.05,3000,Mobile Pay,9,3,No,,2025-01,53200,20000,33200,Yes,1153
ORD01153,2025-03-01,Completed,C0729,Returning,25-34,Busan,Electronics,Wireless Earbuds,Nova,3,49000,24000,0.2,3000,Virtual Account,2,5,No,,2025-03,117600,72000,45600,Yes,1154
ORD01154,2025-11-15,Completed,C0722,New,18-24,Jeju,Pet,Dog Treats 1kg,Barkly,4,25000,11000,0,3000,Virtual Account,5,4,No,,2025-11,100000,44000,56000,Yes,1155
ORD01155,2025-02-06,Completed,C0719,New,18-24,Gangwon,Food,Protein Bar Pack,FitBite,4,28000,12000,0,3000,Card,1,5,No,,2025-02,112000,48000,64000,Yes,1156
ORD01158,2025-02-27,Completed,C0745,New,45-54,Gwangju,Fashion,Canvas Sneakers,Walkon,3,59000,26000,0.2,0,Card,3,4,No,,2025-02,141600,78000,63600,Yes,1159
ORD01159,2025-05-23,Completed,C0535,New,55+,Daejeon,Beauty,Sunscreen SPF50,Glow,1,18000,7000,0,3000,Mobile Pay,3,4,No,,2025-05,18000,7000,11000,Yes,1160
ORD01160,2025-06-29,Completed,C0189,Returning,25-34,Jeju,Food,Protein Bar Pack,FitBite,4,28000,12000,0,3000,Bank Transfer,1,5,No,,2025-06,112000,48000,64000,Yes,1161
ORD01161,2025-12-04,Completed,C0018,New,45-54,Seoul,Electronics,Wireless Earbuds,Nova,2,49000,24000,0.1,3000,Bank Transfer,3,5,No,,2025-12,88200,48000,40200,Yes,1162
ORD01162,2025-01-10,Completed,C0090,Returning,45-54,Gangwon,Electronics,Wireless Earbuds,Nova,3,49000,24000,0,3000,Mobile Pay,7,4,No,,2025-01,147000,72000,75000,Yes,1163
ORD01164,2025-05-17,Completed,C0659,Returning,45-54,Gangwon,Food,Protein Bar Pack,FitBite,1,28000,12000,0.25,3000,Mobile Pay,9,3,No,,2025-05,21000,12000,9000,Yes,1165
ORD01165,2025-10-30,Completed,C0806,VIP,18-24,Gwangju,Beauty,Lip Tint,Mellow,1,14000,5000,0.15,3000,Card,3,5,No,,2025-10,11900,5000,6900,Yes,1166
ORD01166,2025-03-08,Completed,C0345,Returning,55+,Busan,Fashion,Canvas Sneakers,Walkon,3,59000,26000,0,3000,Virtual Account,1,5,No,,2025-03,177000,78000,99000,Yes,1167
ORD01167,2025-04-03,Completed,C0264,Returning,45-54,Daegu,Home,Desk Lamp,Lumen,3,39000,16000,0,3000,Bank Transfer,1,4,No,,2025-04,117000,48000,69000,Yes,1168
ORD01168,2025-02-10,Completed,C0573,Returning,18-24,Gyeonggi,Food,Protein Bar Pack,FitBite,3,28000,12000,0,3000,Card,4,4,No,,2025-02,84000,36000,48000,Yes,1169
ORD01169,2025-03-08,Completed,C0009,New,25-34,Gyeonggi,Beauty,Hydrating Serum,PureLab,3,22000,9000,0,3000,Mobile Pay,4,5,No,,2025-03,66000,27000,39000,Yes,1170
ORD01170,2025-08-02,Completed,C0774,Returning,25-34,Gwangju,Food,Protein Bar Pack,FitBite,1,28000,12000,0,0,Mobile Pay,1,4,No,,2025-08,28000,12000,16000,Yes,1171
ORD01171,2025-07-30,Completed,C0087,Returning,35-44,Gwangju,Pet,Dog Treats 1kg,Barkly,4,25000,11000,0,3000,Card,1,5,No,,2025-07,100000,44000,56000,Yes,1172
ORD01172,2025-11-25,Completed,C0654,New,25-34,Gangwon,Pet,Dog Treats 1kg,Barkly,2,25000,11000,0,0,Mobile Pay,8,4,No,,2025-11,50000,22000,28000,Yes,1173
ORD01173,2025-08-14,Completed,C0351,Returning,55+,Gangwon,Pet,Dog Treats 1kg,Barkly,4,25000,11000,0.05,0,Bank Transfer,5,5,No,,2025-08,95000,44000,51000,Yes,1174
ORD01174,2025-04-10,Completed,C0647,VIP,35-44,Daejeon,Fashion,Oversized Hoodie,Northline,3,45000,21000,0.25,3000,Virtual Account,5,5,No,,2025-04,101250,63000,38250,Yes,1175
ORD01175,2025-02-04,Completed,C0642,Returning,55+,Incheon,Fashion,Canvas Sneakers,Walkon,4,59000,26000,0,3000,Virtual Account,4,4,No,,2025-02,236000,104000,132000,Yes,1176
ORD01176,2025-12-22,Completed,C0004,New,25-34,Incheon,Electronics,Wireless Earbuds,Nova,3,49000,24000,0.1,3000,Bank Transfer,3,5,No,,2025-12,132300,72000,60300,Yes,1177
ORD01177,2025-03-07,Completed,C0170,Returning,25-34,Daejeon,Food,Coffee Bean 1kg,BeanRoot,1,32000,15000,0,3000,Card,5,5,No,,2025-03,32000,15000,17000,Yes,1178
ORD01178,2025-02-15,Completed,C0421,VIP,45-54,Gangwon,Food,Gift Snack Box,HappyBox,1,33000,14000,0,0,Card,8,4,No,,2025-02,33000,14000,19000,Yes,1179
ORD01179,2025-02-16,Completed,C0265,New,45-54,Daegu,Pet,Dog Treats 1kg,Barkly,2,25000,11000,0,3000,Card,2,4,No,,2025-02,50000,22000,28000,Yes,1180
ORD01181,2025-11-14,Completed,C0223,New,45-54,Daejeon,Electronics,Bluetooth Speaker,Soundly,2,65000,31000,0,0,Mobile Pay,3,4,No,,2025-11,130000,62000,68000,Yes,1182
ORD01182,2025-06-15,Completed,C0223,Returning,55+,Jeju,Food,Coffee Bean 1kg,BeanRoot,1,32000,15000,0,3000,Virtual Account,4,5,No,,2025-06,32000,15000,17000,Yes,1183
ORD01183,2025-08-30,Completed,C0845,New,35-44,Seoul,Pet,Pet Bed,ComfyPaws,4,47000,20000,0,0,Mobile Pay,1,5,No,,2025-08,188000,80000,108000,Yes,1184
ORD01184,2025-10-25,Completed,C0512,VIP,35-44,Daegu,Electronics,Smart Watch,Pulse,3,99000,47000,0.15,3000,Bank Transfer,2,4,No,,2025-10,252450,141000,111450,Yes,1185
ORD01185,2025-04-21,Completed,C0209,Returning,25-34,Seoul,Home,Storage Box Set,NeatHome,2,29000,12000,0.1,3000,Mobile Pay,4,5,No,,2025-04,52200,24000,28200,Yes,1186
ORD01186,2025-01-11,Completed,C0050,Returning,25-34,Gangwon,Pet,Cat Toy Bundle,PawJoy,1,19000,8000,0.25,3000,Bank Transfer,7,3,No,,2025-01,14250,8000,6250,Yes,1187
ORD01187,2025-12-13,Completed,C0260,New,25-34,Jeju,Home,Cotton Towel Set,SoftDay,3,24000,10000,0,3000,Virtual Account,9,4,No,,2025-12,72000,30000,42000,Yes,1188
ORD01188,2025-01-20,Completed,C0578,Returning,35-44,Gyeonggi,Fashion,Canvas Sneakers,Walkon,2,59000,26000,0,0,Bank Transfer,1,4,No,,2025-01,118000,52000,66000,Yes,1189
ORD01189,2025-03-05,Completed,C0634,Returning,45-54,Jeju,Fashion,Crossbody Bag,Morrow,1,43000,18000,0,3000,Card,6,3,No,,2025-03,43000,18000,25000,Yes,1190
ORD01190,2025-09-16,Completed,C0172,Returning,45-54,Seoul,Food,Coffee Bean 1kg,BeanRoot,3,32000,15000,0,0,Virtual Account,5,5,No,,2025-09,96000,45000,51000,Yes,1191
ORD01191,2025-01-23,Completed,C0839,New,35-44,Incheon,Beauty,Lip Tint,Mellow,1,14000,5000,0,3000,Card,3,4,No,,2025-01,14000,5000,9000,Yes,1192
ORD01192,2025-03-01,Completed,C0527,Returning,45-54,Daegu,Electronics,Bluetooth Speaker,Soundly,4,65000,31000,0,0,Virtual Account,1,4,No,,2025-03,260000,124000,136000,Yes,1193
ORD01193,2025-03-23,Completed,C0592,VIP,18-24,Gwangju,Pet,Cat Toy Bundle,PawJoy,1,19000,8000,0,3000,Mobile Pay,5,4,No,,2025-03,19000,8000,11000,Yes,1194
ORD01194,2025-03-03,Completed,C0795,New,55+,Gangwon,Fashion,Canvas Sneakers,Walkon,1,59000,26000,0.25,3000,Mobile Pay,8,3,No,,2025-03,44250,26000,18250,Yes,1195
ORD01195,2025-05-14,Completed,C0541,New,35-44,Gyeonggi,Electronics,Smart Watch,Pulse,1,99000,47000,0,3000,Bank Transfer,5,5,No,,2025-05,99000,47000,52000,Yes,1196
ORD01196,2025-11-04,Completed,C0688,VIP,45-54,Jeju,Electronics,Wireless Earbuds,Nova,1,49000,24000,0,0,Card,9,4,No,,2025-11,49000,24000,25000,Yes,1197
ORD01198,2025-08-15,Completed,C0425,New,55+,Gangwon,Pet,Cat Toy Bundle,PawJoy,4,19000,8000,0.05,0,Virtual Account,5,5,No,,2025-08,72200,32000,40200,Yes,1199
ORD01199,2025-07-08,Completed,C0559,Returning,35-44,Daegu,Food,Gift Snack Box,HappyBox,1,33000,14000,0,3000,Card,1,5,No,,2025-07,33000,14000,19000,Yes,1200
ORD01200,2025-06-27,Completed,C0234,New,18-24,Jeju,Beauty,Lip Tint,Mellow,3,14000,5000,0,0,Mobile Pay,2,4,No,,2025-06,42000,15000,27000,Yes,1201
ORD01201,2025-10-16,Completed,C0764,Returning,18-24,Gyeonggi,Fashion,Crossbody Bag,Morrow,3,43000,18000,0,3000,Bank Transfer,3,3,Yes,Damaged item,2025-10,129000,54000,75000,Yes,1202
ORD01202,2025-03-31,Completed,C0670,VIP,25-34,Incheon,Food,Protein Bar Pack,FitBite,3,28000,12000,0,3000,Bank Transfer,5,5,No,,2025-03,84000,36000,48000,Yes,1203
ORD01203,2025-09-20,Completed,C0022,VIP,35-44,Seoul,Fashion,Crossbody Bag,Morrow,1,43000,18000,0,3000,Mobile Pay,2,5,No,,2025-09,43000,18000,25000,Yes,1204
ORD01204,2025-08-30,Completed,C0471,New,25-34,Gyeonggi,Pet,Dog Treats 1kg,Barkly,1,25000,11000,0,3000,Virtual Account,4,5,No,,2025-08,25000,11000,14000,Yes,1205
ORD01205,2025-02-22,Completed,C0041,VIP,55+,Busan,Food,Protein Bar Pack,FitBite,2,28000,12000,0,3000,Mobile Pay,4,4,No,,2025-02,56000,24000,32000,Yes,1206
ORD01206,2025-12-14,Completed,C0539,Returning,25-34,Gyeonggi,Food,Protein Bar Pack,FitBite,3,28000,12000,0,3000,Mobile Pay,3,5,No,,2025-12,84000,36000,48000,Yes,1207
ORD01207,2025-11-06,Completed,C0386,Returning,25-34,Seoul,Food,Protein Bar Pack,FitBite,4,28000,12000,0.25,3000,Bank Transfer,2,5,No,,2025-11,84000,48000,36000,Yes,1208
ORD01208,2025-05-11,Completed,C0037,Returning,35-44,Gangwon,Electronics,Bluetooth Speaker,Soundly,2,65000,31000,0,0,Virtual Account,8,3,No,,2025-05,130000,62000,68000,Yes,1209
ORD01209,2025-03-10,Completed,C0366,Returning,25-34,Daejeon,Pet,Dog Treats 1kg,Barkly,1,25000,11000,0,3000,Bank Transfer,3,5,No,,2025-03,25000,11000,14000,Yes,1210
ORD01210,2025-11-12,Completed,C0721,New,55+,Jeju,Pet,Pet Bed,ComfyPaws,1,47000,20000,0,3000,Card,7,2,Yes,Different from description,2025-11,47000,20000,27000,Yes,1211
ORD01211,2025-03-27,Completed,C0822,New,18-24,Gangwon,Electronics,Bluetooth Speaker,Soundly,1,65000,31000,0,3000,Card,9,4,No,,2025-03,65000,31000,34000,Yes,1212
ORD01212,2025-03-04,Completed,C0132,New,35-44,Gyeonggi,Beauty,Hydrating Serum,PureLab,1,22000,9000,0,3000,Card,2,4,No,,2025-03,22000,9000,13000,Yes,1213
ORD01213,2025-06-28,Completed,C0413,Returning,25-34,Gwangju,Home,Desk Lamp,Lumen,1,39000,16000,0,3000,Bank Transfer,5,4,No,,2025-06,39000,16000,23000,Yes,1214
ORD01215,2025-08-02,Completed,C0349,VIP,25-34,Busan,Food,Coffee Bean 1kg,BeanRoot,1,32000,15000,0,3000,Virtual Account,3,4,No,,2025-08,32000,15000,17000,Yes,1216
ORD01216,2025-07-02,Completed,C0485,New,18-24,Daejeon,Food,Protein Bar Pack,FitBite,2,28000,12000,0,3000,Bank Transfer,2,5,No,,2025-07,56000,24000,32000,Yes,1217
ORD01217,2025-09-14,Completed,C0158,Returning,25-34,Busan,Fashion,Crossbody Bag,Morrow,2,43000,18000,0.25,0,Virtual Account,3,4,Yes,Damaged item,2025-09,64500,36000,28500,Yes,1218
ORD01218,2025-10-10,Completed,C0111,Returning,35-44,Seoul,Electronics,Wireless Earbuds,Nova,1,49000,24000,0,3000,Virtual Account,5,4,No,,2025-10,49000,24000,25000,Yes,1219
ORD01219,2025-05-30,Completed,C0726,Returning,25-34,Gwangju,Pet,Cat Toy Bundle,PawJoy,4,19000,8000,0,3000,Mobile Pay,2,4,No,,2025-05,76000,32000,44000,Yes,1220
ORD01220,2025-01-29,Completed,C0250,Returning,35-44,Gyeonggi,Electronics,Wireless Earbuds,Nova,2,49000,24000,0,0,Card,4,4,No,,2025-01,98000,48000,50000,Yes,1221
ORD01221,2025-03-18,Completed,C0811,New,35-44,Busan,Food,Coffee Bean 1kg,BeanRoot,2,32000,15000,0,0,Bank Transfer,5,5,No,,2025-03,64000,30000,34000,Yes,1222
ORD01222,2025-08-29,Completed,C0110,New,25-34,Gangwon,Electronics,Bluetooth Speaker,Soundly,2,65000,31000,0,3000,Virtual Account,4,5,No,,2025-08,130000,62000,68000,Yes,1223
ORD01223,2025-10-06,Completed,C0084,Returning,55+,Gwangju,Pet,Pet Bed,ComfyPaws,2,47000,20000,0,3000,Mobile Pay,1,5,No,,2025-10,94000,40000,54000,Yes,1224
ORD01224,2025-08-26,Completed,C0507,New,45-54,Daegu,Electronics,Bluetooth Speaker,Soundly,4,65000,31000,0,3000,Virtual Account,5,5,No,,2025-08,260000,124000,136000,Yes,1225
ORD01226,2025-06-07,Completed,C0427,New,18-24,Daejeon,Food,Coffee Bean 1kg,BeanRoot,2,32000,15000,0,3000,Card,1,4,No,,2025-06,64000,30000,34000,Yes,1227
ORD01227,2025-09-20,Completed,C0739,VIP,18-24,Jeju,Pet,Pet Bed,ComfyPaws,3,47000,20000,0.1,3000,Mobile Pay,2,4,No,,2025-09,126900,60000,66900,Yes,1228
ORD01228,2025-04-23,Completed,C0168,VIP,35-44,Incheon,Food,Protein Bar Pack,FitBite,3,28000,12000,0.25,3000,Bank Transfer,1,5,No,,2025-04,63000,36000,27000,Yes,1229
ORD01229,2025-09-14,Completed,C0567,Returning,55+,Gyeonggi,Electronics,Smart Watch,Pulse,4,99000,47000,0.05,3000,Bank Transfer,5,4,No,,2025-09,376200,188000,188200,Yes,1230
ORD01230,2025-02-26,Completed,C0378,Returning,45-54,Daegu,Home,Cotton Towel Set,SoftDay,1,24000,10000,0,3000,Mobile Pay,2,5,No,,2025-02,24000,10000,14000,Yes,1231
ORD01231,2025-03-15,Completed,C0245,Returning,25-34,Daegu,Electronics,Smart Watch,Pulse,1,99000,47000,0,3000,Mobile Pay,4,4,No,,2025-03,99000,47000,52000,Yes,1232
ORD01232,2025-02-20,Completed,C0658,Returning,18-24,Daegu,Beauty,Hydrating Serum,PureLab,2,22000,9000,0,3000,Mobile Pay,3,4,No,,2025-02,44000,18000,26000,Yes,1233
ORD01233,2025-07-09,Completed,C0728,Returning,45-54,Daegu,Home,Cotton Towel Set,SoftDay,2,24000,10000,0.1,0,Mobile Pay,2,5,No,,2025-07,43200,20000,23200,Yes,1234
ORD01234,2025-05-05,Completed,C0211,Returning,55+,Daegu,Electronics,Wireless Earbuds,Nova,2,49000,24000,0.05,3000,Virtual Account,2,5,No,,2025-05,93100,48000,45100,Yes,1235
ORD01235,2025-07-21,Completed,C0309,New,45-54,Seoul,Home,Storage Box Set,NeatHome,1,29000,12000,0.2,3000,Mobile Pay,3,4,No,,2025-07,23200,12000,11200,Yes,1236
ORD01236,2025-02-10,Completed,C0729,Returning,55+,Busan,Pet,Pet Bed,ComfyPaws,1,47000,20000,0,0,Virtual Account,1,5,No,,2025-02,47000,20000,27000,Yes,1237
ORD01237,2025-04-10,Completed,C0084,Returning,45-54,Incheon,Beauty,Lip Tint,Mellow,3,14000,5000,0,0,Card,2,4,No,,2025-04,42000,15000,27000,Yes,1238
ORD01238,2025-11-05,Completed,C0515,New,35-44,Gangwon,Food,Protein Bar Pack,FitBite,3,28000,12000,0.2,3000,Virtual Account,6,4,No,,2025-11,67200,36000,31200,Yes,1239
ORD01239,2025-11-15,Completed,C0636,VIP,55+,Seoul,Fashion,Crossbody Bag,Morrow,1,43000,18000,0.2,0,Card,1,5,No,,2025-11,34400,18000,16400,Yes,1240
ORD01242,2025-06-02,Completed,C0170,Returning,25-34,Daejeon,Electronics,Wireless Earbuds,Nova,3,49000,24000,0,3000,Card,1,4,No,,2025-06,147000,72000,75000,Yes,1243
ORD01243,2025-08-24,Completed,C0589,Returning,18-24,Gangwon,Electronics,Smart Watch,Pulse,3,99000,47000,0,3000,Mobile Pay,2,5,No,,2025-08,297000,141000,156000,Yes,1244
ORD01244,2025-04-16,Completed,C0655,New,35-44,Incheon,Food,Coffee Bean 1kg,BeanRoot,2,32000,15000,0,0,Card,4,5,No,,2025-04,64000,30000,34000,Yes,1245
ORD01246,2025-08-20,Completed,C0841,Returning,18-24,Gwangju,Pet,Pet Bed,ComfyPaws,1,47000,20000,0.2,3000,Bank Transfer,5,5,No,,2025-08,37600,20000,17600,Yes,1247
ORD01247,2025-06-08,Completed,C0345,Returning,45-54,Jeju,Beauty,Sunscreen SPF50,Glow,4,18000,7000,0,3000,Mobile Pay,7,2,Yes,Damaged item,2025-06,72000,28000,44000,Yes,1248
ORD01248,2025-03-14,Completed,C0471,VIP,55+,Daegu,Food,Protein Bar Pack,FitBite,1,28000,12000,0,0,Mobile Pay,2,5,No,,2025-03,28000,12000,16000,Yes,1249
ORD01250,2025-07-04,Completed,C0711,VIP,35-44,Daejeon,Fashion,Canvas Sneakers,Walkon,4,59000,26000,0.1,0,Mobile Pay,2,5,No,,2025-07,212400,104000,108400,Yes,1251
ORD01251,2025-04-29,Completed,C0351,VIP,25-34,Jeju,Home,Desk Lamp,Lumen,4,39000,16000,0.2,3000,Mobile Pay,9,3,No,,2025-04,124800,64000,60800,Yes,1252
ORD01252,2025-05-15,Completed,C0291,Returning,18-24,Daegu,Pet,Cat Toy Bundle,PawJoy,3,19000,8000,0.05,0,Card,5,4,No,,2025-05,54150,24000,30150,Yes,1253
ORD01253,2025-02-28,Completed,C0228,Returning,55+,Jeju,Pet,Cat Toy Bundle,PawJoy,2,19000,8000,0.05,3000,Card,5,4,No,,2025-02,36100,16000,20100,Yes,1254
ORD01255,2025-05-02,Completed,C0062,VIP,45-54,Gwangju,Home,Desk Lamp,Lumen,2,39000,16000,0,0,Card,1,5,No,,2025-05,78000,32000,46000,Yes,1256
ORD01256,2025-11-08,Completed,C0600,New,25-34,Daejeon,Electronics,Smart Watch,Pulse,3,99000,47000,0,3000,Virtual Account,1,4,No,,2025-11,297000,141000,156000,Yes,1257
ORD01257,2025-09-10,Completed,C0197,New,25-34,Jeju,Home,Desk Lamp,Lumen,4,39000,16000,0,0,Card,2,5,No,,2025-09,156000,64000,92000,Yes,1258
ORD01258,2025-11-04,Completed,C0288,Returning,55+,Gwangju,Fashion,Canvas Sneakers,Walkon,4,59000,26000,0.2,3000,Bank Transfer,4,4,No,,2025-11,188800,104000,84800,Yes,1259
ORD01259,2025-07-31,Completed,C0827,Returning,25-34,Seoul,Beauty,Sunscreen SPF50,Glow,1,18000,7000,0,3000,Virtual Account,4,5,No,,2025-07,18000,7000,11000,Yes,1260
ORD01260,2025-10-02,Completed,C0079,Returning,45-54,Jeju,Pet,Dog Treats 1kg,Barkly,4,25000,11000,0.1,0,Bank Transfer,9,4,No,,2025-10,90000,44000,46000,Yes,1261
ORD01261,2025-03-12,Completed,C0323,New,35-44,Incheon,Electronics,Wireless Earbuds,Nova,1,49000,24000,0.05,3000,Card,2,5,No,,2025-03,46550,24000,22550,Yes,1262
ORD01262,2025-04-05,Completed,C0827,Returning,25-34,Gyeonggi,Fashion,Crossbody Bag,Morrow,4,43000,18000,0.05,3000,Virtual Account,5,4,No,,2025-04,163400,72000,91400,Yes,1263
ORD01263,2025-02-04,Completed,C0408,Returning,45-54,Busan,Fashion,Oversized Hoodie,Northline,1,45000,21000,0.1,0,Virtual Account,4,5,No,,2025-02,40500,21000,19500,Yes,1264
ORD01264,2025-05-28,Completed,C0805,VIP,55+,Seoul,Electronics,Bluetooth Speaker,Soundly,2,65000,31000,0,3000,Bank Transfer,5,4,No,,2025-05,130000,62000,68000,Yes,1265
ORD01265,2025-05-01,Completed,C0531,VIP,25-34,Gangwon,Fashion,Crossbody Bag,Morrow,4,43000,18000,0,3000,Bank Transfer,2,5,No,,2025-05,172000,72000,100000,Yes,1266
ORD01266,2025-06-08,Completed,C0648,Returning,25-34,Gyeonggi,Fashion,Oversized Hoodie,Northline,4,45000,21000,0.2,3000,Card,3,4,No,,2025-06,144000,84000,60000,Yes,1267
ORD01267,2025-04-19,Completed,C0190,Returning,55+,Gangwon,Electronics,Bluetooth Speaker,Soundly,3,65000,31000,0,3000,Mobile Pay,2,4,Yes,Damaged item,2025-04,195000,93000,102000,Yes,1268
ORD01268,2025-07-13,Completed,C0711,New,25-34,Daejeon,Electronics,Bluetooth Speaker,Soundly,4,65000,31000,0,3000,Card,2,4,No,,2025-07,260000,124000,136000,Yes,1269
ORD01269,2025-09-22,Completed,C0304,Returning,18-24,Gangwon,Beauty,Hydrating Serum,PureLab,3,22000,9000,0.2,3000,Virtual Account,5,4,No,,2025-09,52800,27000,25800,Yes,1270
ORD01270,2025-12-10,Completed,C0029,Returning,45-54,Daejeon,Electronics,Smart Watch,Pulse,3,99000,47000,0.25,3000,Mobile Pay,1,3,Yes,Changed mind,2025-12,222750,141000,81750,Yes,1271
ORD01271,2025-11-20,Completed,C0724,Returning,45-54,Busan,Fashion,Crossbody Bag,Morrow,1,43000,18000,0,3000,Card,4,5,No,,2025-11,43000,18000,25000,Yes,1272
ORD01272,2025-09-04,Completed,C0797,Returning,25-34,Gyeonggi,Electronics,Wireless Earbuds,Nova,1,49000,24000,0,3000,Card,2,5,No,,2025-09,49000,24000,25000,Yes,1273
ORD01273,2025-05-04,Completed,C0626,VIP,35-44,Gyeonggi,Electronics,Smart Watch,Pulse,2,99000,47000,0.2,0,Mobile Pay,1,4,No,,2025-05,158400,94000,64400,Yes,1274
ORD01275,2025-01-06,Completed,C0228,New,35-44,Jeju,Electronics,Smart Watch,Pulse,4,99000,47000,0.2,3000,Mobile Pay,1,4,No,,2025-01,316800,188000,128800,Yes,1276
ORD01276,2025-09-26,Completed,C0452,VIP,45-54,Gyeonggi,Electronics,Wireless Earbuds,Nova,2,49000,24000,0.25,3000,Card,3,4,No,,2025-09,73500,48000,25500,Yes,1277
ORD01277,2025-12-10,Completed,C0746,Returning,25-34,Jeju,Food,Coffee Bean 1kg,BeanRoot,1,32000,15000,0,0,Virtual Account,9,4,No,,2025-12,32000,15000,17000,Yes,1278
ORD01279,2025-12-09,Completed,C0779,Returning,55+,Jeju,Electronics,Smart Watch,Pulse,1,99000,47000,0,3000,Bank Transfer,4,5,No,,2025-12,99000,47000,52000,Yes,1280
ORD01280,2025-10-07,Completed,C0708,Returning,45-54,Gyeonggi,Home,Storage Box Set,NeatHome,2,29000,12000,0,3000,Card,1,3,Yes,Late delivery,2025-10,58000,24000,34000,Yes,1281
ORD01281,2025-06-15,Completed,C0189,New,55+,Seoul,Electronics,Smart Watch,Pulse,1,99000,47000,0,3000,Mobile Pay,3,5,No,,2025-06,99000,47000,52000,Yes,1282
ORD01282,2025-12-02,Completed,C0647,VIP,35-44,Busan,Pet,Pet Bed,ComfyPaws,3,47000,20000,0,3000,Mobile Pay,4,5,No,,2025-12,141000,60000,81000,Yes,1283
ORD01283,2025-08-20,Completed,C0327,New,45-54,Seoul,Food,Protein Bar Pack,FitBite,1,28000,12000,0,0,Virtual Account,2,5,No,,2025-08,28000,12000,16000,Yes,1284
ORD01284,2025-11-02,Completed,C0074,Returning,45-54,Jeju,Home,Desk Lamp,Lumen,1,39000,16000,0,3000,Virtual Account,9,3,No,,2025-11,39000,16000,23000,Yes,1285
ORD01285,2025-04-22,Completed,C0248,New,55+,Gangwon,Beauty,Sunscreen SPF50,Glow,2,18000,7000,0.1,3000,Bank Transfer,6,4,No,,2025-04,32400,14000,18400,Yes,1286
ORD01286,2025-11-11,Completed,C0815,New,25-34,Gangwon,Electronics,Bluetooth Speaker,Soundly,4,65000,31000,0,0,Virtual Account,5,3,Yes,Changed mind,2025-11,260000,124000,136000,Yes,1287
ORD01287,2025-10-13,Completed,C0310,New,18-24,Gangwon,Electronics,Bluetooth Speaker,Soundly,2,65000,31000,0,3000,Bank Transfer,4,4,No,,2025-10,130000,62000,68000,Yes,1288
ORD01288,2025-06-08,Completed,C0114,New,35-44,Busan,Pet,Pet Bed,ComfyPaws,2,47000,20000,0,3000,Bank Transfer,5,5,No,,2025-06,94000,40000,54000,Yes,1289
ORD01289,2025-10-18,Completed,C0712,New,18-24,Gyeonggi,Beauty,Sunscreen SPF50,Glow,3,18000,7000,0.2,3000,Card,3,5,No,,2025-10,43200,21000,22200,Yes,1290
ORD01290,2025-03-02,Completed,C0402,Returning,55+,Jeju,Beauty,Lip Tint,Mellow,2,14000,5000,0,3000,Card,7,2,Yes,Different from description,2025-03,28000,10000,18000,Yes,1291
ORD01291,2025-04-30,Completed,C0768,New,45-54,Seoul,Fashion,Oversized Hoodie,Northline,4,45000,21000,0.15,3000,Card,3,5,No,,2025-04,153000,84000,69000,Yes,1292
ORD01292,2025-09-04,Completed,C0234,New,18-24,Incheon,Fashion,Canvas Sneakers,Walkon,1,59000,26000,0.25,0,Mobile Pay,3,5,No,,2025-09,44250,26000,18250,Yes,1293
ORD01293,2025-12-04,Completed,C0381,Returning,18-24,Daejeon,Fashion,Oversized Hoodie,Northline,2,45000,21000,0,3000,Mobile Pay,4,4,No,,2025-12,90000,42000,48000,Yes,1294
ORD01294,2025-10-26,Completed,C0300,New,45-54,Busan,Pet,Dog Treats 1kg,Barkly,3,25000,11000,0.1,0,Card,3,4,No,,2025-10,67500,33000,34500,Yes,1295
ORD01295,2025-07-28,Completed,C0709,New,45-54,Seoul,Beauty,Sunscreen SPF50,Glow,2,18000,7000,0.05,3000,Virtual Account,1,5,No,,2025-07,34200,14000,20200,Yes,1296
ORD01296,2025-01-04,Completed,C0152,Returning,35-44,Jeju,Beauty,Lip Tint,Mellow,3,14000,5000,0,3000,Virtual Account,2,5,No,,2025-01,42000,15000,27000,Yes,1297
ORD01297,2025-12-10,Completed,C0558,New,35-44,Gwangju,Beauty,Hydrating Serum,PureLab,1,22000,9000,0.25,3000,Virtual Account,1,5,No,,2025-12,16500,9000,7500,Yes,1298
ORD01298,2025-05-14,Completed,C0238,New,35-44,Busan,Home,Cotton Towel Set,SoftDay,3,24000,10000,0,3000,Card,4,4,No,,2025-05,72000,30000,42000,Yes,1299
ORD01299,2025-08-18,Completed,C0731,VIP,35-44,Incheon,Pet,Cat Toy Bundle,PawJoy,4,19000,8000,0.25,3000,Virtual Account,4,5,No,,2025-08,57000,32000,25000,Yes,1300
ORD01301,2025-11-05,Completed,C0322,VIP,45-54,Gangwon,Beauty,Lip Tint,Mellow,3,14000,5000,0,3000,Virtual Account,6,4,No,,2025-11,42000,15000,27000,Yes,1302
ORD01302,2025-10-10,Completed,C0457,Returning,45-54,Busan,Pet,Cat Toy Bundle,PawJoy,3,19000,8000,0,0,Virtual Account,1,4,No,,2025-10,57000,24000,33000,Yes,1303
ORD01303,2025-11-13,Completed,C0574,VIP,25-34,Gwangju,Electronics,Bluetooth Speaker,Soundly,3,65000,31000,0,0,Virtual Account,4,4,No,,2025-11,195000,93000,102000,Yes,1304
ORD01304,2025-08-28,Completed,C0312,VIP,18-24,Gangwon,Beauty,Sunscreen SPF50,Glow,4,18000,7000,0,3000,Card,7,4,No,,2025-08,72000,28000,44000,Yes,1305
ORD01305,2025-03-05,Completed,C0695,New,55+,Gyeonggi,Electronics,Bluetooth Speaker,Soundly,3,65000,31000,0,0,Mobile Pay,5,4,No,,2025-03,195000,93000,102000,Yes,1306
ORD01306,2025-05-19,Completed,C0466,Returning,45-54,Daegu,Food,Gift Snack Box,HappyBox,3,33000,14000,0.1,3000,Card,2,5,No,,2025-05,89100,42000,47100,Yes,1307
ORD01307,2025-03-10,Completed,C0817,Returning,55+,Busan,Beauty,Hydrating Serum,PureLab,4,22000,9000,0,0,Virtual Account,5,,No,,2025-03,88000,36000,52000,Yes,1308
ORD01308,2025-09-25,Completed,C0322,VIP,25-34,Jeju,Pet,Pet Bed,ComfyPaws,3,47000,20000,0,3000,Virtual Account,1,4,No,,2025-09,141000,60000,81000,Yes,1309
ORD01309,2025-11-08,Completed,C0787,Returning,35-44,Jeju,Home,Storage Box Set,NeatHome,4,29000,12000,0,0,Card,9,3,Yes,Damaged item,2025-11,116000,48000,68000,Yes,1310
ORD01310,2025-12-20,Completed,C0601,New,18-24,Busan,Electronics,Smart Watch,Pulse,2,99000,47000,0,3000,Bank Transfer,5,5,No,,2025-12,198000,94000,104000,Yes,1311
ORD01311,2025-06-13,Completed,C0393,New,18-24,Gangwon,Home,Storage Box Set,NeatHome,3,29000,12000,0.1,3000,Card,7,3,No,,2025-06,78300,36000,42300,Yes,1312
ORD01312,2025-12-18,Completed,C0548,Returning,35-44,Seoul,Electronics,Bluetooth Speaker,Soundly,1,65000,31000,0,0,Mobile Pay,3,,No,,2025-12,65000,31000,34000,Yes,1313
ORD01313,2025-04-18,Completed,C0704,VIP,55+,Busan,Pet,Cat Toy Bundle,PawJoy,3,19000,8000,0,3000,Virtual Account,2,3,Yes,Changed mind,2025-04,57000,24000,33000,Yes,1314
ORD01314,2025-08-26,Completed,C0563,Returning,18-24,Gangwon,Home,Cotton Towel Set,SoftDay,3,24000,10000,0.1,3000,Bank Transfer,2,5,No,,2025-08,64800,30000,34800,Yes,1315
ORD01315,2025-08-03,Completed,C0698,Returning,45-54,Jeju,Fashion,Canvas Sneakers,Walkon,4,59000,26000,0,3000,Virtual Account,4,5,No,,2025-08,236000,104000,132000,Yes,1316
ORD01317,2025-04-10,Completed,C0716,Returning,18-24,Daejeon,Beauty,Lip Tint,Mellow,2,14000,5000,0.15,3000,Bank Transfer,5,4,No,,2025-04,23800,10000,13800,Yes,1318
ORD01318,2025-03-25,Completed,C0713,Returning,55+,Gangwon,Fashion,Canvas Sneakers,Walkon,1,59000,26000,0,0,Mobile Pay,4,4,No,,2025-03,59000,26000,33000,Yes,1319
ORD01319,2025-03-27,Completed,C0644,VIP,18-24,Incheon,Electronics,Bluetooth Speaker,Soundly,3,65000,31000,0,3000,Bank Transfer,2,4,No,,2025-03,195000,93000,102000,Yes,1320
ORD01320,2025-02-04,Completed,C0811,VIP,45-54,Gangwon,Food,Protein Bar Pack,FitBite,1,28000,12000,0.25,3000,Card,9,4,No,,2025-02,21000,12000,9000,Yes,1321
ORD01321,2025-04-13,Completed,C0551,VIP,18-24,Daejeon,Pet,Cat Toy Bundle,PawJoy,3,19000,8000,0.2,3000,Mobile Pay,4,4,No,,2025-04,45600,24000,21600,Yes,1322
ORD01322,2025-01-06,Completed,C0732,New,18-24,Gyeonggi,Home,Cotton Towel Set,SoftDay,4,24000,10000,0,3000,Card,3,5,No,,2025-01,96000,40000,56000,Yes,1323
ORD01323,2025-09-20,Completed,C0425,Returning,45-54,Daegu,Beauty,Hydrating Serum,PureLab,4,22000,9000,0,3000,Virtual Account,2,4,No,,2025-09,88000,36000,52000,Yes,1324
ORD01324,2025-06-16,Completed,C0172,VIP,18-24,Incheon,Beauty,Hydrating Serum,PureLab,2,22000,9000,0.2,3000,Mobile Pay,4,5,No,,2025-06,35200,18000,17200,Yes,1325
ORD01325,2025-05-31,Completed,C0187,VIP,55+,Seoul,Beauty,Hydrating Serum,PureLab,1,22000,9000,0,0,Card,5,5,No,,2025-05,22000,9000,13000,Yes,1326
ORD01326,2025-08-29,Completed,C0438,Returning,35-44,Incheon,Food,Protein Bar Pack,FitBite,4,28000,12000,0,0,Mobile Pay,3,5,No,,2025-08,112000,48000,64000,Yes,1327
ORD01327,2025-05-14,Completed,C0484,New,25-34,Gyeonggi,Beauty,Lip Tint,Mellow,2,14000,5000,0,3000,Mobile Pay,3,5,No,,2025-05,28000,10000,18000,Yes,1328
ORD01328,2025-07-11,Completed,C0238,New,55+,Gwangju,Home,Cotton Towel Set,SoftDay,2,24000,10000,0.05,3000,Virtual Account,3,5,No,,2025-07,45600,20000,25600,Yes,1329
ORD01329,2025-08-21,Completed,C0151,Returning,45-54,Daejeon,Home,Storage Box Set,NeatHome,4,29000,12000,0,0,Bank Transfer,4,4,No,,2025-08,116000,48000,68000,Yes,1330
ORD01330,2025-01-25,Completed,C0612,New,35-44,Busan,Food,Gift Snack Box,HappyBox,4,33000,14000,0.15,0,Bank Transfer,2,5,No,,2025-01,112200,56000,56200,Yes,1331
ORD01331,2025-09-01,Completed,C0215,Returning,25-34,Incheon,Fashion,Oversized Hoodie,Northline,2,45000,21000,0.1,3000,Bank Transfer,1,5,No,,2025-09,81000,42000,39000,Yes,1332
ORD01332,2025-09-24,Completed,C0700,Returning,35-44,Jeju,Food,Gift Snack Box,HappyBox,2,33000,14000,0,3000,Bank Transfer,5,4,No,,2025-09,66000,28000,38000,Yes,1333
ORD01333,2025-08-28,Completed,C0075,New,25-34,Daejeon,Pet,Pet Bed,ComfyPaws,3,47000,20000,0,0,Bank Transfer,5,5,No,,2025-08,141000,60000,81000,Yes,1334
ORD01334,2025-09-26,Completed,C0039,Returning,25-34,Busan,Fashion,Oversized Hoodie,Northline,3,45000,21000,0.05,0,Mobile Pay,4,4,No,,2025-09,128250,63000,65250,Yes,1335
ORD01335,2025-12-03,Completed,C0148,Returning,55+,Gyeonggi,Food,Gift Snack Box,HappyBox,4,33000,14000,0,0,Mobile Pay,1,5,No,,2025-12,132000,56000,76000,Yes,1336
ORD01337,2025-04-29,Completed,C0062,New,18-24,Gangwon,Food,Coffee Bean 1kg,BeanRoot,3,32000,15000,0.05,3000,Mobile Pay,4,5,No,,2025-04,91200,45000,46200,Yes,1338
ORD01338,2025-10-09,Completed,C0726,New,45-54,Gwangju,Home,Cotton Towel Set,SoftDay,2,24000,10000,0.05,0,Virtual Account,1,4,No,,2025-10,45600,20000,25600,Yes,1339
ORD01339,2025-10-17,Completed,C0483,Returning,55+,Busan,Food,Coffee Bean 1kg,BeanRoot,1,32000,15000,0.15,3000,Virtual Account,1,4,No,,2025-10,27200,15000,12200,Yes,1340
ORD01340,2025-11-30,Completed,C0703,Returning,55+,Jeju,Fashion,Oversized Hoodie,Northline,1,45000,21000,0,0,Bank Transfer,5,5,No,,2025-11,45000,21000,24000,Yes,1341
ORD01341,2025-02-12,Completed,C0129,New,25-34,Gangwon,Pet,Dog Treats 1kg,Barkly,3,25000,11000,0.25,0,Bank Transfer,4,4,No,,2025-02,56250,33000,23250,Yes,1342
ORD01342,2025-12-15,Completed,C0535,Returning,25-34,Incheon,Food,Coffee Bean 1kg,BeanRoot,2,32000,15000,0.1,3000,Card,4,4,No,,2025-12,57600,30000,27600,Yes,1343
ORD01344,2025-08-10,Completed,C0174,Returning,45-54,Gangwon,Electronics,Bluetooth Speaker,Soundly,1,65000,31000,0,0,Bank Transfer,3,5,No,,2025-08,65000,31000,34000,Yes,1345
ORD01346,2025-09-06,Completed,C0274,Returning,18-24,Daegu,Beauty,Sunscreen SPF50,Glow,4,18000,7000,0.15,0,Virtual Account,1,5,No,,2025-09,61200,28000,33200,Yes,1347
ORD01347,2025-12-18,Completed,C0381,New,35-44,Gangwon,Fashion,Oversized Hoodie,Northline,2,45000,21000,0.15,0,Virtual Account,6,4,No,,2025-12,76500,42000,34500,Yes,1348
ORD01348,2025-04-21,Completed,C0757,New,18-24,Daegu,Food,Gift Snack Box,HappyBox,2,33000,14000,0,3000,Bank Transfer,3,5,No,,2025-04,66000,28000,38000,Yes,1349
ORD01350,2025-02-20,Completed,C0751,Returning,35-44,Seoul,Fashion,Crossbody Bag,Morrow,2,43000,18000,0.1,0,Card,4,5,No,,2025-02,77400,36000,41400,Yes,1351
ORD01351,2025-02-02,Completed,C0083,New,45-54,Gyeonggi,Fashion,Crossbody Bag,Morrow,1,43000,18000,0,3000,Bank Transfer,5,5,No,,2025-02,43000,18000,25000,Yes,1352
ORD01352,2025-10-29,Completed,C0235,New,35-44,Busan,Home,Storage Box Set,NeatHome,4,29000,12000,0,0,Bank Transfer,1,4,No,,2025-10,116000,48000,68000,Yes,1353
ORD01353,2025-01-22,Completed,C0563,Returning,18-24,Incheon,Beauty,Hydrating Serum,PureLab,2,22000,9000,0,3000,Card,3,5,No,,2025-01,44000,18000,26000,Yes,1354
ORD01354,2025-07-07,Completed,C0672,New,55+,Incheon,Electronics,Bluetooth Speaker,Soundly,2,65000,31000,0,3000,Virtual Account,4,4,No,,2025-07,130000,62000,68000,Yes,1355
ORD01355,2025-06-09,Completed,C0720,New,25-34,Jeju,Electronics,Smart Watch,Pulse,2,99000,47000,0,3000,Bank Transfer,5,4,No,,2025-06,198000,94000,104000,Yes,1356
ORD01356,2025-03-08,Completed,C0793,Returning,55+,Gyeonggi,Home,Cotton Towel Set,SoftDay,4,24000,10000,0,0,Mobile Pay,2,5,No,,2025-03,96000,40000,56000,Yes,1357
ORD01357,2025-12-27,Completed,C0450,New,55+,Daejeon,Home,Cotton Towel Set,SoftDay,4,24000,10000,0.05,3000,Card,4,5,No,,2025-12,91200,40000,51200,Yes,1358
ORD01358,2025-02-03,Completed,C0367,Returning,35-44,Busan,Beauty,Lip Tint,Mellow,4,14000,5000,0.25,3000,Mobile Pay,1,4,No,,2025-02,42000,20000,22000,Yes,1359
ORD01359,2025-05-27,Completed,C0185,New,55+,Jeju,Fashion,Oversized Hoodie,Northline,4,45000,21000,0.05,0,Mobile Pay,5,4,No,,2025-05,171000,84000,87000,Yes,1360
ORD01360,2025-07-16,Completed,C0736,VIP,18-24,Gwangju,Electronics,Wireless Earbuds,Nova,1,49000,24000,0,3000,Virtual Account,5,5,No,,2025-07,49000,24000,25000,Yes,1361
ORD01361,2025-02-10,Completed,C0532,VIP,18-24,Gyeonggi,Pet,Cat Toy Bundle,PawJoy,3,19000,8000,0,3000,Mobile Pay,4,5,No,,2025-02,57000,24000,33000,Yes,1362
ORD01362,2025-07-03,Completed,C0772,New,45-54,Daejeon,Beauty,Sunscreen SPF50,Glow,2,18000,7000,0,0,Mobile Pay,3,5,No,,2025-07,36000,14000,22000,Yes,1363
ORD01363,2025-09-11,Completed,C0415,VIP,45-54,Seoul,Beauty,Lip Tint,Mellow,1,14000,5000,0,3000,Card,3,4,No,,2025-09,14000,5000,9000,Yes,1364
ORD01364,2025-12-07,Completed,C0071,Returning,55+,Daegu,Pet,Cat Toy Bundle,PawJoy,3,19000,8000,0,3000,Bank Transfer,3,5,No,,2025-12,57000,24000,33000,Yes,1365
ORD01365,2025-08-19,Completed,C0753,New,18-24,Seoul,Home,Storage Box Set,NeatHome,4,29000,12000,0,3000,Bank Transfer,1,4,No,,2025-08,116000,48000,68000,Yes,1366
ORD01366,2025-03-26,Completed,C0217,New,35-44,Gyeonggi,Pet,Cat Toy Bundle,PawJoy,4,19000,8000,0,3000,Virtual Account,1,5,No,,2025-03,76000,32000,44000,Yes,1367
ORD01367,2025-06-14,Completed,C0793,Returning,55+,Gyeonggi,Fashion,Canvas Sneakers,Walkon,4,59000,26000,0,0,Bank Transfer,3,5,No,,2025-06,236000,104000,132000,Yes,1368
ORD01368,2025-10-30,Completed,C0109,Returning,55+,Gangwon,Food,Coffee Bean 1kg,BeanRoot,2,32000,15000,0,3000,Card,3,,No,,2025-10,64000,30000,34000,Yes,1369
ORD01369,2025-10-25,Completed,C0509,Returning,35-44,Gyeonggi,Food,Gift Snack Box,HappyBox,4,33000,14000,0.15,0,Card,1,4,No,,2025-10,112200,56000,56200,Yes,1370
ORD01370,2025-04-26,Completed,C0839,New,55+,Daegu,Pet,Dog Treats 1kg,Barkly,1,25000,11000,0.15,0,Bank Transfer,5,4,No,,2025-04,21250,11000,10250,Yes,1371
ORD01372,2025-03-10,Completed,C0050,VIP,45-54,Incheon,Beauty,Hydrating Serum,PureLab,2,22000,9000,0,0,Card,2,5,No,,2025-03,44000,18000,26000,Yes,1373
ORD01373,2025-03-11,Completed,C0467,VIP,45-54,Seoul,Pet,Pet Bed,ComfyPaws,1,47000,20000,0,3000,Bank Transfer,3,5,No,,2025-03,47000,20000,27000,Yes,1374
ORD01374,2025-09-08,Completed,C0819,VIP,55+,Daejeon,Pet,Cat Toy Bundle,PawJoy,3,19000,8000,0,3000,Card,2,4,No,,2025-09,57000,24000,33000,Yes,1375
ORD01375,2025-08-05,Completed,C0297,VIP,45-54,Gyeonggi,Food,Coffee Bean 1kg,BeanRoot,3,32000,15000,0,3000,Card,1,5,No,,2025-08,96000,45000,51000,Yes,1376
ORD01376,2025-02-13,Completed,C0201,Returning,55+,Gyeonggi,Home,Desk Lamp,Lumen,2,39000,16000,0,3000,Virtual Account,3,5,No,,2025-02,78000,32000,46000,Yes,1377
ORD01377,2025-10-08,Completed,C0559,Returning,45-54,Gangwon,Pet,Cat Toy Bundle,PawJoy,3,19000,8000,0.1,3000,Virtual Account,3,5,No,,2025-10,51300,24000,27300,Yes,1378
ORD01378,2025-04-14,Completed,C0221,New,25-34,Gangwon,Electronics,Wireless Earbuds,Nova,2,49000,24000,0,3000,Virtual Account,4,5,No,,2025-04,98000,48000,50000,Yes,1379
ORD01379,2025-07-31,Completed,C0582,Returning,55+,Gwangju,Home,Cotton Towel Set,SoftDay,4,24000,10000,0.25,3000,Bank Transfer,1,4,No,,2025-07,72000,40000,32000,Yes,1380
ORD01380,2025-07-21,Completed,C0847,Returning,45-54,Daejeon,Food,Coffee Bean 1kg,BeanRoot,4,32000,15000,0,0,Bank Transfer,4,5,No,,2025-07,128000,60000,68000,Yes,1381
ORD01381,2025-11-21,Completed,C0747,VIP,45-54,Gwangju,Home,Cotton Towel Set,SoftDay,3,24000,10000,0,3000,Virtual Account,5,4,Yes,Damaged item,2025-11,72000,30000,42000,Yes,1382
ORD01382,2025-05-08,Completed,C0197,VIP,55+,Gangwon,Food,Protein Bar Pack,FitBite,2,28000,12000,0,0,Mobile Pay,9,4,No,,2025-05,56000,24000,32000,Yes,1383
ORD01383,2025-08-26,Completed,C0079,New,55+,Daegu,Beauty,Sunscreen SPF50,Glow,2,18000,7000,0,3000,Virtual Account,4,5,No,,2025-08,36000,14000,22000,Yes,1384
ORD01384,2025-07-17,Completed,C0011,New,25-34,Daegu,Pet,Dog Treats 1kg,Barkly,2,25000,11000,0,3000,Card,3,3,Yes,Damaged item,2025-07,50000,22000,28000,Yes,1385
ORD01385,2025-06-24,Completed,C0432,New,45-54,Jeju,Beauty,Hydrating Serum,PureLab,2,22000,9000,0.1,3000,Card,9,3,No,,2025-06,39600,18000,21600,Yes,1386
ORD01386,2025-06-22,Completed,C0770,VIP,55+,Busan,Home,Desk Lamp,Lumen,1,39000,16000,0,0,Card,5,4,No,,2025-06,39000,16000,23000,Yes,1387
ORD01387,2025-01-27,Completed,C0575,Returning,55+,Gangwon,Fashion,Canvas Sneakers,Walkon,3,59000,26000,0,3000,Virtual Account,6,3,No,,2025-01,177000,78000,99000,Yes,1388
ORD01388,2025-12-02,Completed,C0110,New,55+,Seoul,Food,Gift Snack Box,HappyBox,1,33000,14000,0.1,3000,Mobile Pay,1,4,No,,2025-12,29700,14000,15700,Yes,1389
ORD01389,2025-07-28,Completed,C0353,New,55+,Seoul,Home,Desk Lamp,Lumen,1,39000,16000,0.1,0,Virtual Account,1,4,No,,2025-07,35100,16000,19100,Yes,1390
ORD01390,2025-09-30,Completed,C0727,Returning,45-54,Gwangju,Fashion,Crossbody Bag,Morrow,2,43000,18000,0,3000,Bank Transfer,1,4,No,,2025-09,86000,36000,50000,Yes,1391
ORD01391,2025-10-11,Completed,C0615,New,25-34,Gangwon,Fashion,Oversized Hoodie,Northline,1,45000,21000,0.05,0,Bank Transfer,4,5,No,,2025-10,42750,21000,21750,Yes,1392
ORD01392,2025-10-17,Completed,C0268,New,55+,Daegu,Fashion,Oversized Hoodie,Northline,4,45000,21000,0.05,3000,Bank Transfer,4,5,No,,2025-10,171000,84000,87000,Yes,1393
ORD01393,2025-08-28,Completed,C0260,Returning,18-24,Gyeonggi,Pet,Pet Bed,ComfyPaws,4,47000,20000,0,0,Bank Transfer,2,4,Yes,Late delivery,2025-08,188000,80000,108000,Yes,1394
ORD01394,2025-12-14,Completed,C0817,New,18-24,Gyeonggi,Home,Desk Lamp,Lumen,1,39000,16000,0,3000,Virtual Account,5,5,No,,2025-12,39000,16000,23000,Yes,1395
ORD01395,2025-02-17,Completed,C0674,New,18-24,Jeju,Fashion,Crossbody Bag,Morrow,4,43000,18000,0,0,Bank Transfer,1,5,No,,2025-02,172000,72000,100000,Yes,1396
ORD01396,2025-12-30,Completed,C0672,New,25-34,Incheon,Electronics,Wireless Earbuds,Nova,3,49000,24000,0.1,3000,Bank Transfer,3,5,No,,2025-12,132300,72000,60300,Yes,1397
ORD01397,2025-04-03,Completed,C0838,Returning,55+,Gyeonggi,Fashion,Oversized Hoodie,Northline,2,45000,21000,0,3000,Mobile Pay,3,5,No,,2025-04,90000,42000,48000,Yes,1398
ORD01398,2025-11-15,Completed,C0565,Returning,25-34,Busan,Pet,Cat Toy Bundle,PawJoy,1,19000,8000,0.1,0,Card,4,5,No,,2025-11,17100,8000,9100,Yes,1399
ORD01399,2025-10-23,Completed,C0530,Returning,45-54,Daejeon,Electronics,Bluetooth Speaker,Soundly,3,65000,31000,0,0,Bank Transfer,2,5,No,,2025-10,195000,93000,102000,Yes,1400
ORD01400,2025-05-20,Completed,C0118,VIP,25-34,Busan,Beauty,Sunscreen SPF50,Glow,4,18000,7000,0,0,Card,2,5,No,,2025-05,72000,28000,44000,Yes,1401
ORD01401,2025-05-30,Completed,C0768,Returning,25-34,Gyeonggi,Fashion,Crossbody Bag,Morrow,1,43000,18000,0,3000,Card,1,5,No,,2025-05,43000,18000,25000,Yes,1402
ORD01402,2025-06-30,Completed,C0096,Returning,35-44,Busan,Electronics,Wireless Earbuds,Nova,4,49000,24000,0,3000,Virtual Account,3,5,No,,2025-06,196000,96000,100000,Yes,1403
ORD01403,2025-01-20,Completed,C0674,New,55+,Seoul,Food,Gift Snack Box,HappyBox,3,33000,14000,0,3000,Card,1,4,No,,2025-01,99000,42000,57000,Yes,1404
ORD01404,2025-12-20,Completed,C0207,New,55+,Incheon,Fashion,Canvas Sneakers,Walkon,1,59000,26000,0.15,3000,Card,3,3,Yes,Different from description,2025-12,50150,26000,24150,Yes,1405
ORD01405,2025-04-29,Completed,C0409,VIP,55+,Daegu,Food,Coffee Bean 1kg,BeanRoot,1,32000,15000,0.1,3000,Bank Transfer,2,4,No,,2025-04,28800,15000,13800,Yes,1406
ORD01406,2025-06-04,Completed,C0508,Returning,25-34,Seoul,Food,Gift Snack Box,HappyBox,4,33000,14000,0.1,0,Bank Transfer,3,4,No,,2025-06,118800,56000,62800,Yes,1407
ORD01407,2025-05-10,Completed,C0137,New,55+,Gangwon,Pet,Dog Treats 1kg,Barkly,1,25000,11000,0.25,3000,Virtual Account,4,5,No,,2025-05,18750,11000,7750,Yes,1408
ORD01408,2025-05-13,Completed,C0208,Returning,25-34,Gangwon,Electronics,Smart Watch,Pulse,2,99000,47000,0,3000,Virtual Account,3,5,No,,2025-05,198000,94000,104000,Yes,1409
ORD01409,2025-07-17,Completed,C0024,Returning,45-54,Daegu,Food,Coffee Bean 1kg,BeanRoot,2,32000,15000,0,3000,Mobile Pay,5,5,No,,2025-07,64000,30000,34000,Yes,1410
ORD01410,2025-06-21,Completed,C0589,New,45-54,Incheon,Electronics,Smart Watch,Pulse,1,99000,47000,0,0,Mobile Pay,5,5,No,,2025-06,99000,47000,52000,Yes,1411
ORD01411,2025-10-17,Completed,C0047,Returning,35-44,Incheon,Pet,Cat Toy Bundle,PawJoy,3,19000,8000,0,3000,Card,4,4,No,,2025-10,57000,24000,33000,Yes,1412
ORD01412,2025-07-04,Completed,C0090,VIP,35-44,Busan,Food,Gift Snack Box,HappyBox,4,33000,14000,0,3000,Card,5,4,No,,2025-07,132000,56000,76000,Yes,1413
ORD01413,2025-11-16,Completed,C0555,Returning,18-24,Busan,Fashion,Canvas Sneakers,Walkon,3,59000,26000,0.05,0,Bank Transfer,4,4,No,,2025-11,168150,78000,90150,Yes,1414
ORD01414,2025-08-14,Completed,C0518,Returning,45-54,Seoul,Beauty,Hydrating Serum,PureLab,1,22000,9000,0.15,0,Mobile Pay,1,4,No,,2025-08,18700,9000,9700,Yes,1415
ORD01416,2025-09-14,Completed,C0192,Returning,18-24,Gangwon,Food,Protein Bar Pack,FitBite,3,28000,12000,0,0,Bank Transfer,2,5,No,,2025-09,84000,36000,48000,Yes,1417
ORD01418,2025-08-04,Completed,C0846,Returning,45-54,Daegu,Home,Storage Box Set,NeatHome,2,29000,12000,0,0,Mobile Pay,4,5,No,,2025-08,58000,24000,34000,Yes,1419
ORD01419,2025-09-05,Completed,C0059,New,45-54,Gangwon,Fashion,Canvas Sneakers,Walkon,2,59000,26000,0.1,0,Bank Transfer,3,5,No,,2025-09,106200,52000,54200,Yes,1420
ORD01420,2025-12-13,Completed,C0066,Returning,35-44,Seoul,Food,Gift Snack Box,HappyBox,1,33000,14000,0,3000,Mobile Pay,3,4,No,,2025-12,33000,14000,19000,Yes,1421
ORD01421,2025-07-10,Completed,C0270,New,55+,Gangwon,Home,Cotton Towel Set,SoftDay,1,24000,10000,0.1,0,Bank Transfer,5,5,No,,2025-07,21600,10000,11600,Yes,1422
ORD01422,2025-05-06,Completed,C0278,Returning,25-34,Gwangju,Food,Coffee Bean 1kg,BeanRoot,1,32000,15000,0.1,0,Mobile Pay,3,4,No,,2025-05,28800,15000,13800,Yes,1423
ORD01423,2025-01-26,Completed,C0102,New,35-44,Daejeon,Electronics,Smart Watch,Pulse,4,99000,47000,0.25,0,Card,5,5,No,,2025-01,297000,188000,109000,Yes,1424
ORD01424,2025-04-16,Completed,C0669,VIP,45-54,Jeju,Beauty,Sunscreen SPF50,Glow,3,18000,7000,0,0,Mobile Pay,6,3,No,,2025-04,54000,21000,33000,Yes,1425
ORD01425,2025-05-28,Completed,C0100,VIP,45-54,Incheon,Fashion,Crossbody Bag,Morrow,3,43000,18000,0.05,0,Card,4,5,No,,2025-05,122550,54000,68550,Yes,1426
ORD01426,2025-10-29,Completed,C0334,VIP,55+,Gangwon,Pet,Pet Bed,ComfyPaws,1,47000,20000,0.15,3000,Bank Transfer,9,4,No,,2025-10,39950,20000,19950,Yes,1427
ORD01427,2025-07-28,Completed,C0145,New,55+,Seoul,Food,Coffee Bean 1kg,BeanRoot,1,32000,15000,0.2,0,Virtual Account,5,5,No,,2025-07,25600,15000,10600,Yes,1428
ORD01428,2025-06-10,Completed,C0791,VIP,25-34,Incheon,Fashion,Oversized Hoodie,Northline,3,45000,21000,0,0,Card,1,4,No,,2025-06,135000,63000,72000,Yes,1429
ORD01429,2025-11-18,Completed,C0462,Returning,55+,Daegu,Beauty,Sunscreen SPF50,Glow,4,18000,7000,0,3000,Card,1,4,No,,2025-11,72000,28000,44000,Yes,1430
ORD01430,2025-09-01,Completed,C0430,Returning,18-24,Incheon,Home,Desk Lamp,Lumen,4,39000,16000,0,0,Card,1,5,No,,2025-09,156000,64000,92000,Yes,1431
ORD01431,2025-12-07,Completed,C0796,New,18-24,Daegu,Food,Gift Snack Box,HappyBox,1,33000,14000,0,3000,Bank Transfer,3,5,No,,2025-12,33000,14000,19000,Yes,1432
ORD01432,2025-07-28,Completed,C0709,Returning,45-54,Gwangju,Home,Storage Box Set,NeatHome,4,29000,12000,0.25,3000,Card,2,,No,,2025-07,87000,48000,39000,Yes,1433
ORD01433,2025-07-29,Completed,C0673,New,18-24,Busan,Beauty,Lip Tint,Mellow,4,14000,5000,0,3000,Bank Transfer,5,5,No,,2025-07,56000,20000,36000,Yes,1434
ORD01434,2025-07-03,Completed,C0018,New,55+,Incheon,Home,Cotton Towel Set,SoftDay,2,24000,10000,0,3000,Mobile Pay,3,5,No,,2025-07,48000,20000,28000,Yes,1435
ORD01435,2025-02-10,Completed,C0218,VIP,25-34,Busan,Food,Protein Bar Pack,FitBite,3,28000,12000,0.25,0,Bank Transfer,4,5,No,,2025-02,63000,36000,27000,Yes,1436
ORD01436,2025-06-26,Completed,C0408,New,55+,Gwangju,Electronics,Bluetooth Speaker,Soundly,2,65000,31000,0.2,3000,Bank Transfer,1,4,No,,2025-06,104000,62000,42000,Yes,1437
ORD01437,2025-01-26,Completed,C0470,New,35-44,Gwangju,Home,Cotton Towel Set,SoftDay,2,24000,10000,0,3000,Card,4,5,No,,2025-01,48000,20000,28000,Yes,1438
ORD01438,2025-06-24,Completed,C0791,Returning,25-34,Daegu,Food,Protein Bar Pack,FitBite,2,28000,12000,0,3000,Card,1,5,No,,2025-06,56000,24000,32000,Yes,1439
ORD01439,2025-11-26,Completed,C0742,Returning,55+,Seoul,Beauty,Lip Tint,Mellow,4,14000,5000,0.2,3000,Mobile Pay,2,4,No,,2025-11,44800,20000,24800,Yes,1440
ORD01440,2025-05-17,Completed,C0164,New,55+,Gwangju,Electronics,Bluetooth Speaker,Soundly,2,65000,31000,0,0,Bank Transfer,3,5,No,,2025-05,130000,62000,68000,Yes,1441
ORD01441,2025-05-08,Completed,C0106,New,45-54,Gangwon,Home,Desk Lamp,Lumen,4,39000,16000,0.2,3000,Bank Transfer,2,5,No,,2025-05,124800,64000,60800,Yes,1442
ORD01442,2025-02-07,Completed,C0143,New,45-54,Busan,Pet,Cat Toy Bundle,PawJoy,2,19000,8000,0.05,3000,Bank Transfer,5,5,No,,2025-02,36100,16000,20100,Yes,1443
ORD01443,2025-06-14,Completed,C0680,VIP,55+,Gwangju,Home,Storage Box Set,NeatHome,1,29000,12000,0.2,3000,Bank Transfer,4,5,No,,2025-06,23200,12000,11200,Yes,1444
ORD01444,2025-09-24,Completed,C0291,Returning,55+,Gangwon,Fashion,Canvas Sneakers,Walkon,2,59000,26000,0,3000,Virtual Account,5,4,No,,2025-09,118000,52000,66000,Yes,1445
ORD01445,2025-04-22,Completed,C0710,Returning,25-34,Busan,Beauty,Sunscreen SPF50,Glow,1,18000,7000,0,3000,Card,3,5,No,,2025-04,18000,7000,11000,Yes,1446
ORD01446,2025-10-23,Completed,C0196,Returning,18-24,Busan,Pet,Pet Bed,ComfyPaws,4,47000,20000,0.1,3000,Bank Transfer,3,5,No,,2025-10,169200,80000,89200,Yes,1447
ORD01447,2025-12-29,Completed,C0621,New,55+,Gyeonggi,Fashion,Oversized Hoodie,Northline,4,45000,21000,0,0,Card,3,5,No,,2025-12,180000,84000,96000,Yes,1448
ORD01448,2025-11-20,Completed,C0671,New,35-44,Jeju,Pet,Dog Treats 1kg,Barkly,4,25000,11000,0.15,0,Virtual Account,9,3,No,,2025-11,85000,44000,41000,Yes,1449
ORD01449,2025-11-07,Completed,C0252,New,55+,Gangwon,Electronics,Bluetooth Speaker,Soundly,2,65000,31000,0,0,Bank Transfer,8,4,No,,2025-11,130000,62000,68000,Yes,1450
ORD01450,2025-10-31,Completed,C0349,New,45-54,Seoul,Pet,Pet Bed,ComfyPaws,3,47000,20000,0,0,Card,4,4,No,,2025-10,141000,60000,81000,Yes,1451
ORD01451,2025-10-31,Completed,C0663,New,35-44,Daejeon,Food,Protein Bar Pack,FitBite,4,28000,12000,0,3000,Virtual Account,5,5,No,,2025-10,112000,48000,64000,Yes,1452
ORD01452,2025-02-01,Completed,C0223,New,25-34,Incheon,Home,Cotton Towel Set,SoftDay,3,24000,10000,0.25,3000,Card,4,4,No,,2025-02,54000,30000,24000,Yes,1453
ORD01453,2025-05-20,Completed,C0810,New,25-34,Busan,Pet,Pet Bed,ComfyPaws,4,47000,20000,0,0,Bank Transfer,2,4,No,,2025-05,188000,80000,108000,Yes,1454
ORD01454,2025-01-29,Completed,C0186,Returning,55+,Busan,Pet,Cat Toy Bundle,PawJoy,2,19000,8000,0.1,3000,Virtual Account,5,4,Yes,Late delivery,2025-01,34200,16000,18200,Yes,1455
ORD01455,2025-12-25,Completed,C0115,New,35-44,Daegu,Pet,Dog Treats 1kg,Barkly,2,25000,11000,0,3000,Card,1,4,No,,2025-12,50000,22000,28000,Yes,1456
ORD01456,2025-04-17,Completed,C0329,Returning,35-44,Seoul,Fashion,Crossbody Bag,Morrow,4,43000,18000,0.25,0,Bank Transfer,1,5,No,,2025-04,129000,72000,57000,Yes,1457
ORD01457,2025-11-06,Completed,C0059,New,55+,Daegu,Fashion,Oversized Hoodie,Northline,1,45000,21000,0,0,Bank Transfer,2,5,No,,2025-11,45000,21000,24000,Yes,1458
ORD01458,2025-04-24,Completed,C0328,Returning,45-54,Gangwon,Electronics,Wireless Earbuds,Nova,3,49000,24000,0,3000,Card,2,5,No,,2025-04,147000,72000,75000,Yes,1459
ORD01459,2025-06-22,Completed,C0053,Returning,35-44,Daejeon,Beauty,Hydrating Serum,PureLab,4,22000,9000,0,0,Card,5,4,No,,2025-06,88000,36000,52000,Yes,1460
ORD01460,2025-02-07,Completed,C0357,VIP,25-34,Incheon,Food,Coffee Bean 1kg,BeanRoot,4,32000,15000,0.1,0,Card,3,5,No,,2025-02,115200,60000,55200,Yes,1461
ORD01461,2025-01-19,Completed,C0332,VIP,25-34,Seoul,Fashion,Oversized Hoodie,Northline,4,45000,21000,0,3000,Card,2,5,No,,2025-01,180000,84000,96000,Yes,1462
ORD01462,2025-01-16,Completed,C0160,New,45-54,Gangwon,Pet,Pet Bed,ComfyPaws,4,47000,20000,0.25,3000,Card,7,4,No,,2025-01,141000,80000,61000,Yes,1463
ORD01463,2025-05-01,Completed,C0811,New,18-24,Daegu,Food,Gift Snack Box,HappyBox,2,33000,14000,0,3000,Virtual Account,5,4,No,,2025-05,66000,28000,38000,Yes,1464
ORD01466,2025-05-15,Completed,C0564,New,45-54,Gyeonggi,Fashion,Crossbody Bag,Morrow,4,43000,18000,0.05,3000,Mobile Pay,1,5,No,,2025-05,163400,72000,91400,Yes,1467
ORD01467,2025-07-26,Completed,C0784,Returning,55+,Gangwon,Home,Desk Lamp,Lumen,1,39000,16000,0.1,0,Mobile Pay,6,4,No,,2025-07,35100,16000,19100,Yes,1468
ORD01468,2025-11-10,Completed,C0195,Returning,18-24,Busan,Food,Gift Snack Box,HappyBox,3,33000,14000,0,3000,Virtual Account,3,5,No,,2025-11,99000,42000,57000,Yes,1469
ORD01469,2025-10-05,Completed,C0721,New,25-34,Gyeonggi,Pet,Dog Treats 1kg,Barkly,3,25000,11000,0,3000,Mobile Pay,5,4,No,,2025-10,75000,33000,42000,Yes,1470
ORD01470,2025-01-12,Completed,C0330,New,18-24,Incheon,Electronics,Smart Watch,Pulse,1,99000,47000,0,3000,Card,4,5,No,,2025-01,99000,47000,52000,Yes,1471
ORD01471,2025-04-22,Completed,C0436,Returning,25-34,Jeju,Pet,Dog Treats 1kg,Barkly,1,25000,11000,0,0,Bank Transfer,6,3,Yes,Changed mind,2025-04,25000,11000,14000,Yes,1472
ORD01472,2025-12-22,Completed,C0434,VIP,35-44,Daegu,Food,Protein Bar Pack,FitBite,1,28000,12000,0.1,3000,Virtual Account,4,5,No,,2025-12,25200,12000,13200,Yes,1473
ORD01473,2025-06-16,Completed,C0586,Returning,35-44,Gwangju,Pet,Cat Toy Bundle,PawJoy,1,19000,8000,0,0,Card,5,4,No,,2025-06,19000,8000,11000,Yes,1474
ORD01474,2025-08-02,Completed,C0178,VIP,35-44,Gwangju,Home,Desk Lamp,Lumen,3,39000,16000,0,3000,Virtual Account,2,5,No,,2025-08,117000,48000,69000,Yes,1475
ORD01475,2025-12-08,Completed,C0394,New,25-34,Gwangju,Food,Protein Bar Pack,FitBite,2,28000,12000,0,0,Card,1,4,No,,2025-12,56000,24000,32000,Yes,1476
ORD01476,2025-02-10,Completed,C0597,Returning,35-44,Daejeon,Pet,Pet Bed,ComfyPaws,2,47000,20000,0,0,Mobile Pay,1,5,No,,2025-02,94000,40000,54000,Yes,1477
ORD01477,2025-05-14,Completed,C0489,New,18-24,Gangwon,Home,Storage Box Set,NeatHome,4,29000,12000,0.15,0,Virtual Account,5,5,No,,2025-05,98600,48000,50600,Yes,1478
ORD01478,2025-06-17,Completed,C0594,Returning,45-54,Gwangju,Home,Desk Lamp,Lumen,2,39000,16000,0,3000,Card,5,4,No,,2025-06,78000,32000,46000,Yes,1479
ORD01479,2025-07-14,Completed,C0227,Returning,18-24,Seoul,Food,Coffee Bean 1kg,BeanRoot,2,32000,15000,0.15,3000,Card,3,5,No,,2025-07,54400,30000,24400,Yes,1480
ORD01480,2025-12-21,Completed,C0262,Returning,25-34,Daejeon,Food,Coffee Bean 1kg,BeanRoot,3,32000,15000,0.2,3000,Mobile Pay,1,,No,,2025-12,76800,45000,31800,Yes,1481
ORD01481,2025-03-18,Completed,C0524,Returning,45-54,Incheon,Beauty,Hydrating Serum,PureLab,3,22000,9000,0.2,3000,Mobile Pay,4,4,No,,2025-03,52800,27000,25800,Yes,1482
ORD01482,2025-12-20,Completed,C0003,VIP,18-24,Busan,Beauty,Lip Tint,Mellow,2,14000,5000,0.25,3000,Bank Transfer,4,4,No,,2025-12,21000,10000,11000,Yes,1483
ORD01484,2025-12-03,Completed,C0496,New,18-24,Daejeon,Beauty,Lip Tint,Mellow,3,14000,5000,0,3000,Card,1,4,No,,2025-12,42000,15000,27000,Yes,1485
ORD01486,2025-04-19,Completed,C0612,Returning,18-24,Gyeonggi,Pet,Pet Bed,ComfyPaws,3,47000,20000,0,3000,Mobile Pay,4,4,No,,2025-04,141000,60000,81000,Yes,1487
ORD01487,2025-06-06,Completed,C0536,New,18-24,Daegu,Fashion,Canvas Sneakers,Walkon,3,59000,26000,0,0,Virtual Account,3,4,No,,2025-06,177000,78000,99000,Yes,1488
ORD01488,2025-07-13,Completed,C0618,Returning,25-34,Gangwon,Food,Protein Bar Pack,FitBite,3,28000,12000,0,0,Card,2,4,No,,2025-07,84000,36000,48000,Yes,1489
ORD01489,2025-05-27,Completed,C0420,Returning,35-44,Gangwon,Pet,Dog Treats 1kg,Barkly,2,25000,11000,0.15,3000,Card,9,4,No,,2025-05,42500,22000,20500,Yes,1490
ORD01490,2025-07-04,Completed,C0464,Returning,35-44,Gangwon,Food,Protein Bar Pack,FitBite,3,28000,12000,0,3000,Card,9,4,No,,2025-07,84000,36000,48000,Yes,1491
ORD01491,2025-02-23,Completed,C0709,Returning,45-54,Daegu,Food,Protein Bar Pack,FitBite,4,28000,12000,0,3000,Virtual Account,1,4,No,,2025-02,112000,48000,64000,Yes,1492
ORD01492,2025-02-01,Completed,C0012,Returning,18-24,Jeju,Beauty,Lip Tint,Mellow,3,14000,5000,0,0,Card,7,4,No,,2025-02,42000,15000,27000,Yes,1493
ORD01493,2025-01-23,Completed,C0163,New,45-54,Seoul,Electronics,Wireless Earbuds,Nova,3,49000,24000,0,3000,Mobile Pay,3,5,No,,2025-01,147000,72000,75000,Yes,1494
ORD01494,2025-02-16,Completed,C0844,New,55+,Gwangju,Food,Coffee Bean 1kg,BeanRoot,2,32000,15000,0,3000,Virtual Account,4,5,No,,2025-02,64000,30000,34000,Yes,1495
ORD01495,2025-10-09,Completed,C0441,Returning,55+,Gangwon,Food,Coffee Bean 1kg,BeanRoot,4,32000,15000,0,3000,Mobile Pay,1,5,No,,2025-10,128000,60000,68000,Yes,1496
ORD01496,2025-03-19,Completed,C0561,Returning,25-34,Seoul,Beauty,Hydrating Serum,PureLab,2,22000,9000,0,0,Card,2,5,No,,2025-03,44000,18000,26000,Yes,1497
ORD01497,2025-03-25,Completed,C0195,Returning,25-34,Gangwon,Beauty,Hydrating Serum,PureLab,4,22000,9000,0,0,Bank Transfer,4,4,No,,2025-03,88000,36000,52000,Yes,1498
ORD01498,2025-09-02,Completed,C0468,Returning,25-34,Gyeonggi,Beauty,Hydrating Serum,PureLab,1,22000,9000,0.2,3000,Card,1,5,No,,2025-09,17600,9000,8600,Yes,1499
ORD01499,2025-03-28,Completed,C0814,Returning,35-44,Jeju,Electronics,Bluetooth Speaker,Soundly,4,65000,31000,0.25,3000,Virtual Account,2,4,No,,2025-03,195000,124000,71000,Yes,1500
ORD01500,2025-12-26,Completed,C0548,Returning,35-44,Daejeon,Food,Protein Bar Pack,FitBite,1,28000,12000,0,0,Card,5,5,No,,2025-12,28000,12000,16000,Yes,1501
ORD01501,2025-12-24,Completed,C0848,Returning,55+,Gwangju,Food,Protein Bar Pack,FitBite,1,28000,12000,0.05,3000,Mobile Pay,5,5,No,,2025-12,26600,12000,14600,Yes,1502
ORD01502,2025-08-10,Completed,C0316,Returning,25-34,Gangwon,Beauty,Sunscreen SPF50,Glow,2,18000,7000,0.05,3000,Mobile Pay,4,4,No,,2025-08,34200,14000,20200,Yes,1503
ORD01503,2025-09-29,Completed,C0157,New,18-24,Gangwon,Food,Gift Snack Box,HappyBox,2,33000,14000,0,0,Mobile Pay,4,5,No,,2025-09,66000,28000,38000,Yes,1504
ORD01504,2025-07-10,Completed,C0433,Returning,18-24,Gangwon,Fashion,Oversized Hoodie,Northline,2,45000,21000,0,0,Card,5,5,No,,2025-07,90000,42000,48000,Yes,1505
ORD01505,2025-11-07,Completed,C0696,New,25-34,Gangwon,Home,Desk Lamp,Lumen,4,39000,16000,0.2,3000,Bank Transfer,5,4,No,,2025-11,124800,64000,60800,Yes,1506
ORD01506,2025-12-15,Completed,C0433,New,55+,Gyeonggi,Electronics,Smart Watch,Pulse,1,99000,47000,0.1,0,Bank Transfer,2,5,No,,2025-12,89100,47000,42100,Yes,1507
ORD01507,2025-03-08,Completed,C0118,New,35-44,Seoul,Food,Coffee Bean 1kg,BeanRoot,2,32000,15000,0,0,Card,2,5,No,,2025-03,64000,30000,34000,Yes,1508
ORD01508,2025-10-07,Completed,C0015,Returning,55+,Gangwon,Electronics,Bluetooth Speaker,Soundly,1,65000,31000,0,3000,Card,1,5,No,,2025-10,65000,31000,34000,Yes,1509
ORD01510,2025-04-12,Completed,C0352,VIP,55+,Gwangju,Home,Desk Lamp,Lumen,4,39000,16000,0.2,3000,Mobile Pay,1,5,No,,2025-04,124800,64000,60800,Yes,1511
ORD01511,2025-07-19,Completed,C0740,New,25-34,Seoul,Food,Protein Bar Pack,FitBite,4,28000,12000,0,3000,Mobile Pay,1,4,No,,2025-07,112000,48000,64000,Yes,1512
ORD01512,2025-04-08,Completed,C0195,Returning,55+,Busan,Fashion,Canvas Sneakers,Walkon,1,59000,26000,0,3000,Mobile Pay,2,5,No,,2025-04,59000,26000,33000,Yes,1513
ORD01513,2025-11-24,Completed,C0714,VIP,55+,Busan,Beauty,Lip Tint,Mellow,4,14000,5000,0,3000,Bank Transfer,2,5,No,,2025-11,56000,20000,36000,Yes,1514
ORD01514,2025-01-09,Completed,C0369,VIP,18-24,Seoul,Fashion,Oversized Hoodie,Northline,3,45000,21000,0,3000,Bank Transfer,4,5,No,,2025-01,135000,63000,72000,Yes,1515
ORD01515,2025-01-31,Completed,C0545,Returning,25-34,Daejeon,Electronics,Wireless Earbuds,Nova,4,49000,24000,0,3000,Mobile Pay,4,5,No,,2025-01,196000,96000,100000,Yes,1516
ORD01516,2025-07-01,Completed,C0612,VIP,35-44,Gyeonggi,Pet,Cat Toy Bundle,PawJoy,2,19000,8000,0,3000,Mobile Pay,3,4,No,,2025-07,38000,16000,22000,Yes,1517
ORD01517,2025-10-25,Completed,C0733,Returning,45-54,Gangwon,Food,Coffee Bean 1kg,BeanRoot,2,32000,15000,0,3000,Mobile Pay,1,4,No,,2025-10,64000,30000,34000,Yes,1518
ORD01518,2025-05-28,Completed,C0766,New,45-54,Daegu,Electronics,Wireless Earbuds,Nova,3,49000,24000,0,3000,Card,4,4,No,,2025-05,147000,72000,75000,Yes,1519
ORD01519,2025-03-28,Completed,C0712,New,55+,Gwangju,Home,Desk Lamp,Lumen,1,39000,16000,0,3000,Bank Transfer,3,5,No,,2025-03,39000,16000,23000,Yes,1520
ORD01520,2025-09-26,Completed,C0413,New,18-24,Daegu,Home,Cotton Towel Set,SoftDay,4,24000,10000,0,0,Mobile Pay,4,5,No,,2025-09,96000,40000,56000,Yes,1521
ORD01521,2025-01-04,Completed,C0578,Returning,25-34,Busan,Food,Gift Snack Box,HappyBox,4,33000,14000,0,3000,Virtual Account,3,5,No,,2025-01,132000,56000,76000,Yes,1522
ORD01522,2025-10-04,Completed,C0744,VIP,25-34,Seoul,Food,Gift Snack Box,HappyBox,1,33000,14000,0.05,3000,Card,3,4,No,,2025-10,31350,14000,17350,Yes,1523
ORD01523,2025-08-20,Completed,C0792,Returning,55+,Jeju,Home,Storage Box Set,NeatHome,2,29000,12000,0.15,3000,Card,6,4,No,,2025-08,49300,24000,25300,Yes,1524
ORD01524,2025-05-06,Completed,C0604,New,35-44,Gangwon,Home,Cotton Towel Set,SoftDay,1,24000,10000,0,3000,Virtual Account,1,4,No,,2025-05,24000,10000,14000,Yes,1525
ORD01525,2025-11-14,Completed,C0122,Returning,45-54,Gyeonggi,Food,Coffee Bean 1kg,BeanRoot,3,32000,15000,0,3000,Virtual Account,1,4,No,,2025-11,96000,45000,51000,Yes,1526
ORD01526,2025-04-18,Completed,C0692,New,25-34,Daejeon,Beauty,Lip Tint,Mellow,2,14000,5000,0.1,3000,Virtual Account,5,5,No,,2025-04,25200,10000,15200,Yes,1527
ORD01527,2025-10-21,Completed,C0755,Returning,45-54,Gangwon,Electronics,Smart Watch,Pulse,2,99000,47000,0,3000,Mobile Pay,8,4,No,,2025-10,198000,94000,104000,Yes,1528
ORD01528,2025-03-20,Completed,C0546,New,45-54,Seoul,Fashion,Oversized Hoodie,Northline,1,45000,21000,0.15,3000,Card,4,5,No,,2025-03,38250,21000,17250,Yes,1529
ORD01529,2025-12-23,Completed,C0562,New,18-24,Gangwon,Beauty,Hydrating Serum,PureLab,1,22000,9000,0,3000,Bank Transfer,4,4,No,,2025-12,22000,9000,13000,Yes,1530
ORD01530,2025-11-23,Completed,C0074,Returning,18-24,Gwangju,Fashion,Oversized Hoodie,Northline,1,45000,21000,0,3000,Mobile Pay,5,4,Yes,Late delivery,2025-11,45000,21000,24000,Yes,1531
ORD01531,2025-06-10,Completed,C0328,Returning,25-34,Gwangju,Beauty,Sunscreen SPF50,Glow,2,18000,7000,0,3000,Virtual Account,4,5,No,,2025-06,36000,14000,22000,Yes,1532
ORD01532,2025-08-14,Completed,C0075,New,25-34,Busan,Home,Cotton Towel Set,SoftDay,4,24000,10000,0,3000,Virtual Account,1,5,No,,2025-08,96000,40000,56000,Yes,1533
ORD01533,2025-10-23,Completed,C0120,New,35-44,Gyeonggi,Pet,Cat Toy Bundle,PawJoy,2,19000,8000,0.25,3000,Virtual Account,1,5,No,,2025-10,28500,16000,12500,Yes,1534
ORD01534,2025-04-11,Completed,C0158,New,18-24,Jeju,Electronics,Smart Watch,Pulse,3,99000,47000,0,3000,Card,9,4,No,,2025-04,297000,141000,156000,Yes,1535
ORD01535,2025-03-29,Completed,C0330,Returning,45-54,Daejeon,Electronics,Smart Watch,Pulse,4,99000,47000,0,3000,Card,3,5,No,,2025-03,396000,188000,208000,Yes,1536
ORD01536,2025-11-02,Completed,C0586,Returning,45-54,Daejeon,Electronics,Bluetooth Speaker,Soundly,1,65000,31000,0,3000,Virtual Account,3,4,No,,2025-11,65000,31000,34000,Yes,1537
ORD01537,2025-04-30,Completed,C0598,Returning,55+,Incheon,Food,Coffee Bean 1kg,BeanRoot,1,32000,15000,0.15,3000,Virtual Account,3,5,No,,2025-04,27200,15000,12200,Yes,1538
ORD01538,2025-12-25,Completed,C0038,VIP,18-24,Busan,Pet,Dog Treats 1kg,Barkly,3,25000,11000,0,3000,Virtual Account,3,5,No,,2025-12,75000,33000,42000,Yes,1539
ORD01539,2025-08-25,Completed,C0325,Returning,25-34,Gwangju,Home,Cotton Towel Set,SoftDay,4,24000,10000,0.2,3000,Bank Transfer,2,5,No,,2025-08,76800,40000,36800,Yes,1540
ORD01540,2025-03-31,Completed,C0110,VIP,25-34,Gwangju,Electronics,Bluetooth Speaker,Soundly,4,65000,31000,0,3000,Virtual Account,2,5,No,,2025-03,260000,124000,136000,Yes,1541
ORD01541,2025-03-22,Completed,C0331,Returning,35-44,Daejeon,Beauty,Sunscreen SPF50,Glow,1,18000,7000,0,3000,Bank Transfer,3,5,No,,2025-03,18000,7000,11000,Yes,1542
ORD01542,2025-09-10,Completed,C0754,New,25-34,Jeju,Home,Cotton Towel Set,SoftDay,2,24000,10000,0.05,0,Mobile Pay,5,4,No,,2025-09,45600,20000,25600,Yes,1543
ORD01543,2025-11-24,Completed,C0284,VIP,35-44,Incheon,Food,Gift Snack Box,HappyBox,2,33000,14000,0,3000,Mobile Pay,1,5,No,,2025-11,66000,28000,38000,Yes,1544
ORD01544,2025-09-19,Completed,C0435,VIP,35-44,Busan,Pet,Pet Bed,ComfyPaws,3,47000,20000,0,0,Virtual Account,1,5,No,,2025-09,141000,60000,81000,Yes,1545
ORD01545,2025-12-06,Completed,C0764,Returning,35-44,Gwangju,Beauty,Hydrating Serum,PureLab,1,22000,9000,0,3000,Virtual Account,4,4,No,,2025-12,22000,9000,13000,Yes,1546
ORD01546,2025-08-24,Completed,C0404,New,55+,Gwangju,Electronics,Smart Watch,Pulse,4,99000,47000,0,0,Bank Transfer,1,5,No,,2025-08,396000,188000,208000,Yes,1547
ORD01547,2025-09-02,Completed,C0506,Returning,55+,Gangwon,Beauty,Lip Tint,Mellow,3,14000,5000,0,3000,Mobile Pay,2,4,No,,2025-09,42000,15000,27000,Yes,1548
ORD01548,2025-10-13,Completed,C0591,New,45-54,Seoul,Food,Coffee Bean 1kg,BeanRoot,2,32000,15000,0,3000,Virtual Account,5,,No,,2025-10,64000,30000,34000,Yes,1549
ORD01549,2025-11-15,Completed,C0434,New,35-44,Busan,Electronics,Wireless Earbuds,Nova,1,49000,24000,0.15,3000,Bank Transfer,4,4,No,,2025-11,41650,24000,17650,Yes,1550
ORD01550,2025-12-23,Completed,C0244,New,25-34,Daejeon,Electronics,Smart Watch,Pulse,3,99000,47000,0.05,3000,Bank Transfer,4,5,No,,2025-12,282150,141000,141150,Yes,1551
ORD01551,2025-05-23,Completed,C0455,New,25-34,Seoul,Fashion,Crossbody Bag,Morrow,3,43000,18000,0,3000,Bank Transfer,3,5,No,,2025-05,129000,54000,75000,Yes,1552
ORD01553,2025-11-20,Completed,C0104,Returning,25-34,Gwangju,Electronics,Wireless Earbuds,Nova,3,49000,24000,0,3000,Virtual Account,5,4,No,,2025-11,147000,72000,75000,Yes,1554
ORD01554,2025-10-09,Completed,C0523,New,35-44,Incheon,Home,Storage Box Set,NeatHome,4,29000,12000,0,3000,Mobile Pay,1,5,No,,2025-10,116000,48000,68000,Yes,1555
ORD01555,2025-03-12,Completed,C0321,VIP,45-54,Daegu,Beauty,Hydrating Serum,PureLab,4,22000,9000,0,3000,Mobile Pay,4,5,No,,2025-03,88000,36000,52000,Yes,1556
ORD01556,2025-09-13,Completed,C0036,New,45-54,Gangwon,Beauty,Lip Tint,Mellow,3,14000,5000,0.15,3000,Virtual Account,7,4,No,,2025-09,35700,15000,20700,Yes,1557
ORD01557,2025-02-07,Completed,C0648,Returning,55+,Busan,Electronics,Smart Watch,Pulse,2,99000,47000,0,3000,Bank Transfer,2,4,No,,2025-02,198000,94000,104000,Yes,1558
ORD01559,2025-05-09,Completed,C0688,New,45-54,Gyeonggi,Food,Gift Snack Box,HappyBox,4,33000,14000,0,0,Card,5,4,No,,2025-05,132000,56000,76000,Yes,1560
ORD01560,2025-11-01,Completed,C0488,Returning,45-54,Gwangju,Electronics,Wireless Earbuds,Nova,1,49000,24000,0,3000,Card,2,5,No,,2025-11,49000,24000,25000,Yes,1561
ORD01561,2025-06-26,Completed,C0364,New,25-34,Jeju,Pet,Dog Treats 1kg,Barkly,3,25000,11000,0.15,0,Card,8,4,No,,2025-06,63750,33000,30750,Yes,1562
ORD01563,2025-08-31,Completed,C0019,New,45-54,Gwangju,Home,Storage Box Set,NeatHome,2,29000,12000,0,0,Bank Transfer,2,4,No,,2025-08,58000,24000,34000,Yes,1564
ORD01564,2025-07-05,Completed,C0335,VIP,35-44,Gwangju,Fashion,Oversized Hoodie,Northline,4,45000,21000,0,3000,Bank Transfer,3,3,Yes,Wrong size,2025-07,180000,84000,96000,Yes,1565
ORD01565,2025-10-08,Completed,C0658,Returning,45-54,Gyeonggi,Food,Coffee Bean 1kg,BeanRoot,4,32000,15000,0,3000,Bank Transfer,3,5,No,,2025-10,128000,60000,68000,Yes,1566
ORD01566,2025-06-08,Completed,C0744,New,25-34,Busan,Beauty,Hydrating Serum,PureLab,1,22000,9000,0.25,3000,Card,1,5,No,,2025-06,16500,9000,7500,Yes,1567
ORD01567,2025-01-30,Completed,C0582,New,25-34,Gangwon,Home,Cotton Towel Set,SoftDay,3,24000,10000,0.25,3000,Card,9,4,No,,2025-01,54000,30000,24000,Yes,1568
ORD01568,2025-08-14,Completed,C0560,Returning,55+,Busan,Pet,Cat Toy Bundle,PawJoy,2,19000,8000,0,0,Card,5,5,No,,2025-08,38000,16000,22000,Yes,1569
ORD01569,2025-10-15,Completed,C0014,New,55+,Daegu,Electronics,Bluetooth Speaker,Soundly,4,65000,31000,0,3000,Bank Transfer,3,4,No,,2025-10,260000,124000,136000,Yes,1570
ORD01571,2025-10-19,Completed,C0081,New,35-44,Daejeon,Fashion,Canvas Sneakers,Walkon,1,59000,26000,0,3000,Mobile Pay,4,3,Yes,Changed mind,2025-10,59000,26000,33000,Yes,1572
ORD01572,2025-09-09,Completed,C0068,VIP,18-24,Gyeonggi,Fashion,Canvas Sneakers,Walkon,1,59000,26000,0.25,0,Virtual Account,3,5,No,,2025-09,44250,26000,18250,Yes,1573
ORD01573,2025-03-15,Completed,C0456,New,25-34,Jeju,Fashion,Oversized Hoodie,Northline,1,45000,21000,0.2,0,Virtual Account,5,5,No,,2025-03,36000,21000,15000,Yes,1574
ORD01574,2025-04-04,Completed,C0595,Returning,18-24,Daejeon,Electronics,Bluetooth Speaker,Soundly,2,65000,31000,0,0,Card,4,5,No,,2025-04,130000,62000,68000,Yes,1575
ORD01575,2025-09-26,Completed,C0134,Returning,55+,Daejeon,Home,Desk Lamp,Lumen,4,39000,16000,0,3000,Mobile Pay,4,5,No,,2025-09,156000,64000,92000,Yes,1576
ORD01576,2025-09-03,Completed,C0404,VIP,25-34,Incheon,Electronics,Smart Watch,Pulse,2,99000,47000,0.25,0,Card,4,4,No,,2025-09,148500,94000,54500,Yes,1577
ORD01577,2025-03-19,Completed,C0828,New,25-34,Jeju,Fashion,Crossbody Bag,Morrow,1,43000,18000,0.1,0,Card,5,5,No,,2025-03,38700,18000,20700,Yes,1578
ORD01578,2025-04-17,Completed,C0516,New,55+,Gangwon,Beauty,Lip Tint,Mellow,4,14000,5000,0.2,0,Mobile Pay,5,4,No,,2025-04,44800,20000,24800,Yes,1579
ORD01579,2025-03-12,Completed,C0499,Returning,35-44,Jeju,Pet,Pet Bed,ComfyPaws,4,47000,20000,0,3000,Card,1,4,No,,2025-03,188000,80000,108000,Yes,1580
ORD01581,2025-06-22,Completed,C0073,Returning,55+,Gwangju,Beauty,Hydrating Serum,PureLab,2,22000,9000,0,3000,Card,4,5,No,,2025-06,44000,18000,26000,Yes,1582
ORD01582,2025-12-02,Completed,C0053,VIP,25-34,Jeju,Food,Gift Snack Box,HappyBox,1,33000,14000,0,0,Mobile Pay,2,5,No,,2025-12,33000,14000,19000,Yes,1583
ORD01583,2025-01-24,Completed,C0178,Returning,25-34,Jeju,Food,Coffee Bean 1kg,BeanRoot,1,32000,15000,0,0,Mobile Pay,2,5,No,,2025-01,32000,15000,17000,Yes,1584
ORD01584,2025-09-02,Completed,C0539,New,25-34,Gangwon,Fashion,Canvas Sneakers,Walkon,4,59000,26000,0,3000,Virtual Account,5,4,No,,2025-09,236000,104000,132000,Yes,1585
ORD01585,2025-06-24,Completed,C0292,New,55+,Gwangju,Food,Protein Bar Pack,FitBite,2,28000,12000,0.05,3000,Card,4,4,No,,2025-06,53200,24000,29200,Yes,1586
ORD01586,2025-01-28,Completed,C0458,Returning,18-24,Seoul,Electronics,Wireless Earbuds,Nova,1,49000,24000,0.1,0,Virtual Account,3,5,No,,2025-01,44100,24000,20100,Yes,1587
ORD01588,2025-06-22,Completed,C0159,New,18-24,Seoul,Home,Cotton Towel Set,SoftDay,4,24000,10000,0,3000,Mobile Pay,2,5,No,,2025-06,96000,40000,56000,Yes,1589
ORD01589,2025-03-20,Completed,C0413,VIP,18-24,Jeju,Home,Storage Box Set,NeatHome,4,29000,12000,0.25,3000,Card,4,4,No,,2025-03,87000,48000,39000,Yes,1590
ORD01590,2025-10-12,Completed,C0481,Returning,45-54,Seoul,Fashion,Crossbody Bag,Morrow,3,43000,18000,0,3000,Mobile Pay,1,4,No,,2025-10,129000,54000,75000,Yes,1591
ORD01591,2025-03-17,Completed,C0665,New,55+,Daegu,Pet,Dog Treats 1kg,Barkly,3,25000,11000,0,3000,Mobile Pay,1,4,No,,2025-03,75000,33000,42000,Yes,1592
ORD01592,2025-01-31,Completed,C0848,Returning,18-24,Seoul,Food,Protein Bar Pack,FitBite,1,28000,12000,0,3000,Virtual Account,3,5,No,,2025-01,28000,12000,16000,Yes,1593
ORD01593,2025-04-17,Completed,C0336,New,25-34,Gyeonggi,Beauty,Sunscreen SPF50,Glow,4,18000,7000,0,0,Virtual Account,3,5,No,,2025-04,72000,28000,44000,Yes,1594
ORD01594,2025-11-03,Completed,C0837,New,18-24,Gangwon,Food,Coffee Bean 1kg,BeanRoot,2,32000,15000,0.1,3000,Virtual Account,6,4,No,,2025-11,57600,30000,27600,Yes,1595
ORD01595,2025-07-10,Completed,C0220,Returning,35-44,Seoul,Electronics,Bluetooth Speaker,Soundly,4,65000,31000,0.1,3000,Mobile Pay,4,4,No,,2025-07,234000,124000,110000,Yes,1596
ORD01596,2025-10-03,Completed,C0473,Returning,35-44,Daegu,Food,Coffee Bean 1kg,BeanRoot,4,32000,15000,0,3000,Card,1,5,No,,2025-10,128000,60000,68000,Yes,1597
ORD01597,2025-12-02,Completed,C0662,Returning,18-24,Busan,Home,Cotton Towel Set,SoftDay,2,24000,10000,0.05,0,Card,5,5,No,,2025-12,45600,20000,25600,Yes,1598
ORD01598,2025-11-18,Completed,C0637,New,25-34,Gwangju,Beauty,Sunscreen SPF50,Glow,2,18000,7000,0,3000,Virtual Account,3,,No,,2025-11,36000,14000,22000,Yes,1599
ORD01599,2025-08-05,Completed,C0078,VIP,18-24,Jeju,Fashion,Canvas Sneakers,Walkon,3,59000,26000,0,0,Mobile Pay,5,5,No,,2025-08,177000,78000,99000,Yes,1600
ORD01600,2025-05-11,Completed,C0007,Returning,25-34,Daejeon,Electronics,Smart Watch,Pulse,2,99000,47000,0,3000,Bank Transfer,4,4,No,,2025-05,198000,94000,104000,Yes,1601
ORD01601,2025-03-12,Completed,C0134,New,45-54,Gyeonggi,Food,Protein Bar Pack,FitBite,3,28000,12000,0,0,Mobile Pay,2,4,No,,2025-03,84000,36000,48000,Yes,1602
ORD01602,2025-03-31,Completed,C0096,New,25-34,Gwangju,Pet,Pet Bed,ComfyPaws,1,47000,20000,0.2,0,Virtual Account,5,5,No,,2025-03,37600,20000,17600,Yes,1603
ORD01604,2025-06-24,Completed,C0706,Returning,25-34,Gwangju,Food,Gift Snack Box,HappyBox,2,33000,14000,0,3000,Card,4,5,No,,2025-06,66000,28000,38000,Yes,1605
ORD01605,2025-03-27,Completed,C0830,VIP,35-44,Gangwon,Home,Cotton Towel Set,SoftDay,1,24000,10000,0.25,3000,Virtual Account,4,5,No,,2025-03,18000,10000,8000,Yes,1606
ORD01606,2025-06-16,Completed,C0337,Returning,25-34,Gangwon,Electronics,Smart Watch,Pulse,4,99000,47000,0.2,3000,Bank Transfer,8,3,No,,2025-06,316800,188000,128800,Yes,1607
ORD01607,2025-12-01,Completed,C0404,Returning,18-24,Gyeonggi,Beauty,Sunscreen SPF50,Glow,3,18000,7000,0,3000,Virtual Account,5,,No,,2025-12,54000,21000,33000,Yes,1608
ORD01608,2025-03-09,Completed,C0506,New,35-44,Incheon,Food,Gift Snack Box,HappyBox,4,33000,14000,0,3000,Card,4,4,No,,2025-03,132000,56000,76000,Yes,1609
ORD01609,2025-09-28,Completed,C0833,New,18-24,Incheon,Electronics,Wireless Earbuds,Nova,1,49000,24000,0.2,0,Mobile Pay,1,5,No,,2025-09,39200,24000,15200,Yes,1610
ORD01610,2025-02-15,Completed,C0131,New,45-54,Daejeon,Fashion,Crossbody Bag,Morrow,1,43000,18000,0.15,3000,Card,1,5,No,,2025-02,36550,18000,18550,Yes,1611
ORD01611,2025-04-22,Completed,C0722,VIP,55+,Incheon,Beauty,Hydrating Serum,PureLab,4,22000,9000,0,3000,Bank Transfer,3,4,No,,2025-04,88000,36000,52000,Yes,1612
ORD01612,2025-12-27,Completed,C0169,Returning,45-54,Daejeon,Fashion,Canvas Sneakers,Walkon,2,59000,26000,0,3000,Mobile Pay,2,4,No,,2025-12,118000,52000,66000,Yes,1613
ORD01613,2025-06-27,Completed,C0837,Returning,45-54,Gyeonggi,Electronics,Smart Watch,Pulse,2,99000,47000,0.2,3000,Card,3,,Yes,Changed mind,2025-06,158400,94000,64400,Yes,1614
ORD01615,2025-04-10,Completed,C0034,VIP,35-44,Gwangju,Food,Protein Bar Pack,FitBite,4,28000,12000,0,3000,Bank Transfer,1,5,No,,2025-04,112000,48000,64000,Yes,1616
ORD01616,2025-11-05,Completed,C0070,New,25-34,Gwangju,Food,Coffee Bean 1kg,BeanRoot,3,32000,15000,0,3000,Virtual Account,3,5,No,,2025-11,96000,45000,51000,Yes,1617
ORD01618,2025-03-09,Completed,C0003,Returning,18-24,Seoul,Fashion,Crossbody Bag,Morrow,1,43000,18000,0.25,3000,Mobile Pay,1,5,No,,2025-03,32250,18000,14250,Yes,1619
ORD01619,2025-07-28,Completed,C0113,Returning,45-54,Seoul,Home,Desk Lamp,Lumen,2,39000,16000,0,3000,Bank Transfer,2,5,No,,2025-07,78000,32000,46000,Yes,1620
ORD01620,2025-10-29,Completed,C0018,Returning,55+,Seoul,Electronics,Bluetooth Speaker,Soundly,4,65000,31000,0,3000,Bank Transfer,1,5,No,,2025-10,260000,124000,136000,Yes,1621
ORD01621,2025-03-08,Completed,C0694,Returning,55+,Daejeon,Fashion,Crossbody Bag,Morrow,4,43000,18000,0,3000,Mobile Pay,5,5,No,,2025-03,172000,72000,100000,Yes,1622
ORD01622,2025-10-19,Completed,C0394,Returning,35-44,Jeju,Beauty,Lip Tint,Mellow,1,14000,5000,0.1,3000,Bank Transfer,5,5,No,,2025-10,12600,5000,7600,Yes,1623
ORD01623,2025-08-25,Completed,C0043,Returning,45-54,Daejeon,Food,Gift Snack Box,HappyBox,3,33000,14000,0.2,3000,Bank Transfer,4,5,No,,2025-08,79200,42000,37200,Yes,1624
ORD01624,2025-02-25,Completed,C0285,New,55+,Gwangju,Food,Coffee Bean 1kg,BeanRoot,2,32000,15000,0,3000,Card,1,4,No,,2025-02,64000,30000,34000,Yes,1625
ORD01625,2025-10-03,Completed,C0511,VIP,18-24,Jeju,Pet,Dog Treats 1kg,Barkly,3,25000,11000,0,0,Card,5,5,No,,2025-10,75000,33000,42000,Yes,1626
ORD01626,2025-12-10,Completed,C0288,Returning,18-24,Seoul,Food,Protein Bar Pack,FitBite,2,28000,12000,0,3000,Bank Transfer,4,5,No,,2025-12,56000,24000,32000,Yes,1627
ORD01627,2025-06-28,Completed,C0487,New,55+,Incheon,Electronics,Bluetooth Speaker,Soundly,1,65000,31000,0,3000,Card,1,5,No,,2025-06,65000,31000,34000,Yes,1628
ORD01628,2025-03-29,Completed,C0406,New,25-34,Gangwon,Electronics,Wireless Earbuds,Nova,4,49000,24000,0.1,0,Bank Transfer,1,4,No,,2025-03,176400,96000,80400,Yes,1629
ORD01629,2025-12-06,Completed,C0322,New,35-44,Jeju,Electronics,Smart Watch,Pulse,3,99000,47000,0.15,0,Card,5,5,No,,2025-12,252450,141000,111450,Yes,1630
ORD01630,2025-08-03,Completed,C0439,VIP,45-54,Gwangju,Home,Cotton Towel Set,SoftDay,3,24000,10000,0,3000,Card,3,4,No,,2025-08,72000,30000,42000,Yes,1631
ORD01631,2025-03-26,Completed,C0237,New,25-34,Gwangju,Beauty,Hydrating Serum,PureLab,4,22000,9000,0,0,Card,1,5,No,,2025-03,88000,36000,52000,Yes,1632
ORD01632,2025-07-07,Completed,C0745,Returning,25-34,Daegu,Beauty,Hydrating Serum,PureLab,3,22000,9000,0,3000,Bank Transfer,1,5,No,,2025-07,66000,27000,39000,Yes,1633
ORD01633,2025-02-22,Completed,C0348,New,18-24,Seoul,Home,Storage Box Set,NeatHome,2,29000,12000,0,3000,Mobile Pay,3,5,No,,2025-02,58000,24000,34000,Yes,1634
ORD01634,2025-08-30,Completed,C0175,VIP,18-24,Daejeon,Food,Gift Snack Box,HappyBox,1,33000,14000,0.15,3000,Card,3,4,No,,2025-08,28050,14000,14050,Yes,1635
ORD01636,2025-01-21,Completed,C0127,New,45-54,Daegu,Food,Gift Snack Box,HappyBox,1,33000,14000,0,3000,Card,5,4,No,,2025-01,33000,14000,19000,Yes,1637
ORD01637,2025-08-11,Completed,C0571,New,25-34,Gwangju,Beauty,Lip Tint,Mellow,1,14000,5000,0.25,0,Bank Transfer,2,,No,,2025-08,10500,5000,5500,Yes,1638
ORD01638,2025-08-16,Completed,C0124,Returning,55+,Incheon,Beauty,Lip Tint,Mellow,2,14000,5000,0,3000,Bank Transfer,4,5,No,,2025-08,28000,10000,18000,Yes,1639
ORD01639,2025-12-16,Completed,C0111,Returning,35-44,Daegu,Food,Protein Bar Pack,FitBite,4,28000,12000,0,0,Virtual Account,5,5,No,,2025-12,112000,48000,64000,Yes,1640
ORD01640,2025-02-02,Completed,C0718,Returning,25-34,Daegu,Beauty,Hydrating Serum,PureLab,2,22000,9000,0,3000,Mobile Pay,4,5,No,,2025-02,44000,18000,26000,Yes,1641
ORD01641,2025-10-14,Completed,C0594,New,45-54,Gyeonggi,Home,Storage Box Set,NeatHome,1,29000,12000,0.05,3000,Mobile Pay,2,4,No,,2025-10,27550,12000,15550,Yes,1642
ORD01642,2025-03-18,Completed,C0772,New,55+,Gyeonggi,Pet,Pet Bed,ComfyPaws,1,47000,20000,0.05,3000,Card,2,4,No,,2025-03,44650,20000,24650,Yes,1643
ORD01643,2025-10-13,Completed,C0785,New,18-24,Gangwon,Food,Gift Snack Box,HappyBox,4,33000,14000,0,3000,Virtual Account,3,4,No,,2025-10,132000,56000,76000,Yes,1644
ORD01645,2025-03-03,Completed,C0723,New,55+,Gangwon,Home,Storage Box Set,NeatHome,3,29000,12000,0,0,Bank Transfer,9,4,No,,2025-03,87000,36000,51000,Yes,1646
ORD01646,2025-02-07,Completed,C0790,New,18-24,Daegu,Fashion,Crossbody Bag,Morrow,2,43000,18000,0,3000,Virtual Account,3,5,No,,2025-02,86000,36000,50000,Yes,1647
ORD01648,2025-10-20,Completed,C0688,Returning,45-54,Busan,Beauty,Hydrating Serum,PureLab,2,22000,9000,0,0,Bank Transfer,1,5,No,,2025-10,44000,18000,26000,Yes,1649
ORD01649,2025-12-20,Completed,C0602,New,55+,Incheon,Home,Storage Box Set,NeatHome,3,29000,12000,0.1,0,Mobile Pay,2,4,No,,2025-12,78300,36000,42300,Yes,1650
ORD01650,2025-07-12,Completed,C0181,VIP,55+,Gangwon,Pet,Cat Toy Bundle,PawJoy,3,19000,8000,0.05,3000,Virtual Account,6,4,No,,2025-07,54150,24000,30150,Yes,1651
ORD01651,2025-10-11,Completed,C0473,VIP,25-34,Gwangju,Electronics,Bluetooth Speaker,Soundly,4,65000,31000,0,3000,Mobile Pay,3,5,No,,2025-10,260000,124000,136000,Yes,1652
ORD01652,2025-11-25,Completed,C0498,New,25-34,Daegu,Electronics,Bluetooth Speaker,Soundly,2,65000,31000,0.25,3000,Mobile Pay,1,5,No,,2025-11,97500,62000,35500,Yes,1653
ORD01653,2025-12-16,Completed,C0400,New,55+,Incheon,Home,Desk Lamp,Lumen,4,39000,16000,0,3000,Mobile Pay,2,5,No,,2025-12,156000,64000,92000,Yes,1654
ORD01655,2025-06-08,Completed,C0400,New,45-54,Incheon,Electronics,Smart Watch,Pulse,4,99000,47000,0,3000,Card,1,5,No,,2025-06,396000,188000,208000,Yes,1656
ORD01657,2025-08-03,Completed,C0015,Returning,25-34,Seoul,Home,Storage Box Set,NeatHome,2,29000,12000,0.25,3000,Virtual Account,2,5,No,,2025-08,43500,24000,19500,Yes,1658
ORD01658,2025-07-28,Completed,C0265,New,18-24,Gangwon,Beauty,Hydrating Serum,PureLab,3,22000,9000,0,3000,Card,9,4,No,,2025-07,66000,27000,39000,Yes,1659
ORD01659,2025-10-09,Completed,C0497,VIP,45-54,Daejeon,Home,Desk Lamp,Lumen,4,39000,16000,0,3000,Card,3,4,No,,2025-10,156000,64000,92000,Yes,1660
ORD01660,2025-11-23,Completed,C0288,Returning,45-54,Seoul,Home,Cotton Towel Set,SoftDay,1,24000,10000,0.25,3000,Card,4,5,No,,2025-11,18000,10000,8000,Yes,1661
ORD01661,2025-01-23,Completed,C0725,Returning,45-54,Daejeon,Food,Protein Bar Pack,FitBite,4,28000,12000,0,3000,Mobile Pay,3,4,No,,2025-01,112000,48000,64000,Yes,1662
ORD01663,2025-06-17,Completed,C0111,Returning,35-44,Gwangju,Electronics,Wireless Earbuds,Nova,4,49000,24000,0,3000,Virtual Account,2,4,No,,2025-06,196000,96000,100000,Yes,1664
ORD01664,2025-06-25,Completed,C0198,Returning,55+,Daejeon,Electronics,Smart Watch,Pulse,2,99000,47000,0,3000,Card,4,5,No,,2025-06,198000,94000,104000,Yes,1665
ORD01665,2025-12-29,Completed,C0186,New,25-34,Incheon,Electronics,Wireless Earbuds,Nova,3,49000,24000,0,3000,Mobile Pay,4,5,No,,2025-12,147000,72000,75000,Yes,1666
ORD01666,2025-03-03,Completed,C0659,New,35-44,Gyeonggi,Beauty,Lip Tint,Mellow,4,14000,5000,0,0,Card,3,5,No,,2025-03,56000,20000,36000,Yes,1667
ORD01667,2025-08-15,Completed,C0795,Returning,35-44,Seoul,Electronics,Wireless Earbuds,Nova,4,49000,24000,0.05,3000,Card,2,5,No,,2025-08,186200,96000,90200,Yes,1668
ORD01668,2025-11-20,Completed,C0692,Returning,18-24,Gwangju,Food,Coffee Bean 1kg,BeanRoot,1,32000,15000,0,3000,Card,3,4,No,,2025-11,32000,15000,17000,Yes,1669
ORD01669,2025-05-11,Completed,C0613,New,45-54,Gangwon,Food,Gift Snack Box,HappyBox,2,33000,14000,0,3000,Bank Transfer,9,4,No,,2025-05,66000,28000,38000,Yes,1670
ORD01670,2025-04-19,Completed,C0498,New,45-54,Daejeon,Beauty,Hydrating Serum,PureLab,4,22000,9000,0.25,0,Card,1,5,No,,2025-04,66000,36000,30000,Yes,1671
ORD01671,2025-03-10,Completed,C0534,New,35-44,Gangwon,Fashion,Canvas Sneakers,Walkon,2,59000,26000,0,0,Mobile Pay,4,4,No,,2025-03,118000,52000,66000,Yes,1672
ORD01672,2025-09-23,Completed,C0785,Returning,25-34,Daejeon,Beauty,Sunscreen SPF50,Glow,2,18000,7000,0,3000,Bank Transfer,3,5,No,,2025-09,36000,14000,22000,Yes,1673
ORD01673,2025-06-20,Completed,C0515,Returning,35-44,Incheon,Food,Gift Snack Box,HappyBox,2,33000,14000,0,3000,Mobile Pay,4,4,No,,2025-06,66000,28000,38000,Yes,1674
ORD01674,2025-10-28,Completed,C0747,Returning,55+,Seoul,Electronics,Smart Watch,Pulse,3,99000,47000,0,3000,Bank Transfer,1,4,No,,2025-10,297000,141000,156000,Yes,1675
ORD01675,2025-01-19,Completed,C0158,New,55+,Incheon,Electronics,Bluetooth Speaker,Soundly,2,65000,31000,0.1,3000,Virtual Account,3,4,No,,2025-01,117000,62000,55000,Yes,1676
ORD01677,2025-09-20,Completed,C0794,Returning,55+,Daejeon,Fashion,Canvas Sneakers,Walkon,2,59000,26000,0,3000,Virtual Account,5,5,No,,2025-09,118000,52000,66000,Yes,1678
ORD01679,2025-10-12,Completed,C0802,New,35-44,Jeju,Food,Protein Bar Pack,FitBite,4,28000,12000,0,3000,Virtual Account,6,3,No,,2025-10,112000,48000,64000,Yes,1680
ORD01680,2025-07-21,Completed,C0036,Returning,55+,Incheon,Food,Gift Snack Box,HappyBox,4,33000,14000,0,3000,Bank Transfer,2,5,No,,2025-07,132000,56000,76000,Yes,1681
ORD01681,2025-06-29,Completed,C0045,Returning,35-44,Daegu,Beauty,Hydrating Serum,PureLab,4,22000,9000,0,3000,Virtual Account,1,5,No,,2025-06,88000,36000,52000,Yes,1682
ORD01682,2025-06-05,Completed,C0668,VIP,45-54,Daejeon,Home,Desk Lamp,Lumen,1,39000,16000,0,3000,Mobile Pay,1,5,No,,2025-06,39000,16000,23000,Yes,1683
ORD01683,2025-10-29,Completed,C0781,New,55+,Gangwon,Pet,Dog Treats 1kg,Barkly,4,25000,11000,0,3000,Mobile Pay,9,4,No,,2025-10,100000,44000,56000,Yes,1684
ORD01684,2025-06-19,Completed,C0181,Returning,55+,Jeju,Home,Desk Lamp,Lumen,3,39000,16000,0,3000,Card,4,4,No,,2025-06,117000,48000,69000,Yes,1685
ORD01685,2025-11-08,Completed,C0242,New,18-24,Seoul,Food,Protein Bar Pack,FitBite,4,28000,12000,0,3000,Mobile Pay,1,5,No,,2025-11,112000,48000,64000,Yes,1686
ORD01686,2025-07-12,Completed,C0670,Returning,25-34,Seoul,Electronics,Smart Watch,Pulse,1,99000,47000,0.15,0,Card,4,5,No,,2025-07,84150,47000,37150,Yes,1687
ORD01687,2025-07-16,Completed,C0546,Returning,55+,Incheon,Electronics,Wireless Earbuds,Nova,4,49000,24000,0,3000,Bank Transfer,1,5,No,,2025-07,196000,96000,100000,Yes,1688
ORD01688,2025-09-10,Completed,C0114,New,18-24,Busan,Beauty,Hydrating Serum,PureLab,3,22000,9000,0,3000,Mobile Pay,2,5,No,,2025-09,66000,27000,39000,Yes,1689
ORD01689,2025-11-04,Completed,C0521,Returning,18-24,Daegu,Home,Storage Box Set,NeatHome,1,29000,12000,0,0,Bank Transfer,4,5,No,,2025-11,29000,12000,17000,Yes,1690
ORD01690,2025-12-02,Completed,C0061,New,25-34,Jeju,Food,Protein Bar Pack,FitBite,4,28000,12000,0,3000,Mobile Pay,5,4,No,,2025-12,112000,48000,64000,Yes,1691
ORD01691,2025-07-23,Completed,C0602,Returning,25-34,Busan,Fashion,Canvas Sneakers,Walkon,4,59000,26000,0,3000,Bank Transfer,5,5,No,,2025-07,236000,104000,132000,Yes,1692
ORD01693,2025-05-18,Completed,C0376,Returning,25-34,Gyeonggi,Food,Protein Bar Pack,FitBite,4,28000,12000,0,3000,Mobile Pay,4,5,No,,2025-05,112000,48000,64000,Yes,1694
ORD01694,2025-12-28,Completed,C0615,VIP,45-54,Daegu,Electronics,Bluetooth Speaker,Soundly,1,65000,31000,0,3000,Bank Transfer,3,4,No,,2025-12,65000,31000,34000,Yes,1695
ORD01696,2025-01-12,Completed,C0361,New,45-54,Daejeon,Fashion,Canvas Sneakers,Walkon,4,59000,26000,0,0,Mobile Pay,3,4,No,,2025-01,236000,104000,132000,Yes,1697
ORD01697,2025-08-11,Completed,C0415,Returning,35-44,Gangwon,Home,Storage Box Set,NeatHome,3,29000,12000,0.25,3000,Card,9,4,No,,2025-08,65250,36000,29250,Yes,1698
ORD01698,2025-08-18,Completed,C0166,VIP,45-54,Gangwon,Food,Coffee Bean 1kg,BeanRoot,3,32000,15000,0,3000,Mobile Pay,3,4,No,,2025-08,96000,45000,51000,Yes,1699
ORD01699,2025-07-31,Completed,C0319,Returning,35-44,Daegu,Electronics,Smart Watch,Pulse,2,99000,47000,0,0,Mobile Pay,1,5,No,,2025-07,198000,94000,104000,Yes,1700
ORD01700,2025-03-26,Completed,C0569,VIP,45-54,Gangwon,Food,Gift Snack Box,HappyBox,3,33000,14000,0,3000,Mobile Pay,8,3,No,,2025-03,99000,42000,57000,Yes,1701
ORD01701,2025-01-28,Completed,C0761,Returning,45-54,Daejeon,Food,Coffee Bean 1kg,BeanRoot,3,32000,15000,0,3000,Card,1,4,No,,2025-01,96000,45000,51000,Yes,1702
ORD01702,2025-08-31,Completed,C0415,New,35-44,Jeju,Beauty,Lip Tint,Mellow,1,14000,5000,0.25,3000,Card,9,4,No,,2025-08,10500,5000,5500,Yes,1703
ORD01703,2025-05-17,Completed,C0825,VIP,55+,Jeju,Pet,Dog Treats 1kg,Barkly,4,25000,11000,0,0,Virtual Account,5,5,No,,2025-05,100000,44000,56000,Yes,1704
ORD01704,2025-09-06,Completed,C0138,New,45-54,Seoul,Fashion,Crossbody Bag,Morrow,1,43000,18000,0,0,Virtual Account,2,4,No,,2025-09,43000,18000,25000,Yes,1705
ORD01705,2025-08-16,Completed,C0016,New,25-34,Gwangju,Home,Storage Box Set,NeatHome,1,29000,12000,0,3000,Card,5,,No,,2025-08,29000,12000,17000,Yes,1706
ORD01706,2025-04-11,Completed,C0805,Returning,25-34,Gwangju,Beauty,Hydrating Serum,PureLab,3,22000,9000,0,3000,Virtual Account,5,5,No,,2025-04,66000,27000,39000,Yes,1707
ORD01707,2025-01-12,Completed,C0758,Returning,18-24,Daegu,Food,Gift Snack Box,HappyBox,2,33000,14000,0.2,3000,Bank Transfer,5,5,No,,2025-01,52800,28000,24800,Yes,1708
ORD01708,2025-08-03,Completed,C0557,Returning,18-24,Daegu,Electronics,Bluetooth Speaker,Soundly,4,65000,31000,0,3000,Bank Transfer,5,5,No,,2025-08,260000,124000,136000,Yes,1709
ORD01709,2025-03-15,Completed,C0451,New,45-54,Busan,Beauty,Hydrating Serum,PureLab,3,22000,9000,0,3000,Card,5,5,No,,2025-03,66000,27000,39000,Yes,1710
ORD01711,2025-09-28,Completed,C0319,VIP,35-44,Gyeonggi,Electronics,Bluetooth Speaker,Soundly,1,65000,31000,0.15,0,Mobile Pay,5,5,No,,2025-09,55250,31000,24250,Yes,1712
ORD01712,2025-06-28,Completed,C0087,VIP,18-24,Seoul,Electronics,Smart Watch,Pulse,1,99000,47000,0.1,3000,Virtual Account,3,4,No,,2025-06,89100,47000,42100,Yes,1713
ORD01713,2025-01-23,Completed,C0715,VIP,45-54,Seoul,Fashion,Crossbody Bag,Morrow,4,43000,18000,0,3000,Virtual Account,5,5,No,,2025-01,172000,72000,100000,Yes,1714
ORD01714,2025-09-17,Completed,C0065,Returning,35-44,Gyeonggi,Pet,Dog Treats 1kg,Barkly,2,25000,11000,0,3000,Card,1,4,No,,2025-09,50000,22000,28000,Yes,1715
ORD01716,2025-06-23,Completed,C0274,Returning,45-54,Seoul,Food,Protein Bar Pack,FitBite,4,28000,12000,0,3000,Card,3,4,No,,2025-06,112000,48000,64000,Yes,1717
ORD01717,2025-01-29,Completed,C0346,VIP,55+,Daejeon,Beauty,Lip Tint,Mellow,4,14000,5000,0,3000,Card,4,5,No,,2025-01,56000,20000,36000,Yes,1718
ORD01718,2025-07-07,Completed,C0060,Returning,45-54,Incheon,Home,Storage Box Set,NeatHome,3,29000,12000,0,0,Bank Transfer,5,4,Yes,Late delivery,2025-07,87000,36000,51000,Yes,1719
ORD01719,2025-08-04,Completed,C0018,New,18-24,Jeju,Electronics,Smart Watch,Pulse,3,99000,47000,0,3000,Mobile Pay,5,4,No,,2025-08,297000,141000,156000,Yes,1720
ORD01720,2025-12-27,Completed,C0090,Returning,35-44,Daejeon,Home,Desk Lamp,Lumen,4,39000,16000,0.2,3000,Bank Transfer,1,5,No,,2025-12,124800,64000,60800,Yes,1721
ORD01721,2025-06-21,Completed,C0636,VIP,55+,Incheon,Beauty,Hydrating Serum,PureLab,4,22000,9000,0,3000,Card,5,5,No,,2025-06,88000,36000,52000,Yes,1722
ORD01722,2025-12-07,Completed,C0686,VIP,35-44,Gangwon,Food,Protein Bar Pack,FitBite,3,28000,12000,0,3000,Bank Transfer,3,5,No,,2025-12,84000,36000,48000,Yes,1723
ORD01723,2025-04-10,Completed,C0806,Returning,35-44,Gwangju,Home,Cotton Towel Set,SoftDay,4,24000,10000,0,3000,Bank Transfer,3,4,No,,2025-04,96000,40000,56000,Yes,1724
ORD01724,2025-10-10,Completed,C0571,Returning,55+,Daejeon,Fashion,Oversized Hoodie,Northline,3,45000,21000,0.25,0,Mobile Pay,2,4,No,,2025-10,101250,63000,38250,Yes,1725
ORD01725,2025-11-04,Completed,C0251,New,35-44,Seoul,Beauty,Sunscreen SPF50,Glow,2,18000,7000,0,3000,Virtual Account,5,4,No,,2025-11,36000,14000,22000,Yes,1726
ORD01726,2025-07-16,Completed,C0668,New,55+,Seoul,Food,Protein Bar Pack,FitBite,1,28000,12000,0,3000,Virtual Account,5,5,No,,2025-07,28000,12000,16000,Yes,1727
ORD01727,2025-11-14,Completed,C0402,Returning,55+,Jeju,Electronics,Smart Watch,Pulse,3,99000,47000,0.1,0,Bank Transfer,9,3,Yes,Damaged item,2025-11,267300,141000,126300,Yes,1728
ORD01728,2025-01-13,Completed,C0583,Returning,45-54,Incheon,Food,Coffee Bean 1kg,BeanRoot,3,32000,15000,0,3000,Bank Transfer,5,4,No,,2025-01,96000,45000,51000,Yes,1729
ORD01730,2025-03-26,Completed,C0320,New,35-44,Seoul,Food,Protein Bar Pack,FitBite,3,28000,12000,0,3000,Card,5,5,No,,2025-03,84000,36000,48000,Yes,1731
ORD01732,2025-05-02,Completed,C0072,Returning,55+,Jeju,Food,Gift Snack Box,HappyBox,4,33000,14000,0,0,Virtual Account,5,5,No,,2025-05,132000,56000,76000,Yes,1733
ORD01733,2025-10-08,Completed,C0683,New,45-54,Jeju,Beauty,Sunscreen SPF50,Glow,1,18000,7000,0,3000,Mobile Pay,4,4,No,,2025-10,18000,7000,11000,Yes,1734
ORD01734,2025-11-14,Completed,C0270,VIP,25-34,Daegu,Food,Gift Snack Box,HappyBox,3,33000,14000,0,0,Bank Transfer,1,4,No,,2025-11,99000,42000,57000,Yes,1735
ORD01735,2025-11-24,Completed,C0676,New,25-34,Gangwon,Food,Protein Bar Pack,FitBite,2,28000,12000,0.1,3000,Mobile Pay,3,3,Yes,Late delivery,2025-11,50400,24000,26400,Yes,1736
ORD01736,2025-05-25,Completed,C0009,VIP,55+,Incheon,Home,Cotton Towel Set,SoftDay,4,24000,10000,0,3000,Mobile Pay,2,3,Yes,Late delivery,2025-05,96000,40000,56000,Yes,1737
ORD01737,2025-05-26,Completed,C0681,Returning,18-24,Jeju,Beauty,Sunscreen SPF50,Glow,4,18000,7000,0.15,0,Bank Transfer,9,3,No,,2025-05,61200,28000,33200,Yes,1738
ORD01738,2025-06-17,Completed,C0290,VIP,45-54,Gyeonggi,Home,Cotton Towel Set,SoftDay,3,24000,10000,0.2,3000,Card,4,5,No,,2025-06,57600,30000,27600,Yes,1739
ORD01739,2025-02-19,Completed,C0788,New,45-54,Daejeon,Food,Protein Bar Pack,FitBite,1,28000,12000,0,3000,Virtual Account,4,5,No,,2025-02,28000,12000,16000,Yes,1740
ORD01740,2025-08-16,Completed,C0143,New,45-54,Gyeonggi,Pet,Cat Toy Bundle,PawJoy,1,19000,8000,0.05,3000,Mobile Pay,2,4,No,,2025-08,18050,8000,10050,Yes,1741
ORD01741,2025-12-08,Completed,C0600,Returning,25-34,Gyeonggi,Home,Desk Lamp,Lumen,4,39000,16000,0,3000,Virtual Account,2,4,No,,2025-12,156000,64000,92000,Yes,1742
ORD01742,2025-01-03,Completed,C0582,New,45-54,Seoul,Home,Cotton Towel Set,SoftDay,3,24000,10000,0.05,3000,Mobile Pay,2,4,No,,2025-01,68400,30000,38400,Yes,1743
ORD01743,2025-12-29,Completed,C0472,New,45-54,Incheon,Fashion,Crossbody Bag,Morrow,1,43000,18000,0,3000,Bank Transfer,5,3,Yes,Wrong size,2025-12,43000,18000,25000,Yes,1744
ORD01744,2025-11-05,Completed,C0365,New,45-54,Gyeonggi,Home,Desk Lamp,Lumen,1,39000,16000,0.25,3000,Card,2,4,No,,2025-11,29250,16000,13250,Yes,1745
ORD01745,2025-06-14,Completed,C0268,Returning,35-44,Daejeon,Fashion,Crossbody Bag,Morrow,3,43000,18000,0.05,3000,Card,4,4,No,,2025-06,122550,54000,68550,Yes,1746
ORD01746,2025-05-02,Completed,C0415,Returning,45-54,Incheon,Pet,Dog Treats 1kg,Barkly,4,25000,11000,0,3000,Mobile Pay,2,4,No,,2025-05,100000,44000,56000,Yes,1747
ORD01747,2025-08-14,Completed,C0279,Returning,25-34,Gwangju,Beauty,Sunscreen SPF50,Glow,3,18000,7000,0.15,0,Card,5,4,No,,2025-08,45900,21000,24900,Yes,1748
ORD01749,2025-02-05,Completed,C0703,New,45-54,Seoul,Electronics,Smart Watch,Pulse,2,99000,47000,0,3000,Bank Transfer,1,4,No,,2025-02,198000,94000,104000,Yes,1750
ORD01750,2025-12-30,Completed,C0255,Returning,25-34,Incheon,Electronics,Smart Watch,Pulse,3,99000,47000,0.2,0,Virtual Account,1,5,No,,2025-12,237600,141000,96600,Yes,1751
ORD01751,2025-02-01,Completed,C0330,New,25-34,Busan,Fashion,Crossbody Bag,Morrow,3,43000,18000,0.15,3000,Virtual Account,1,5,No,,2025-02,109650,54000,55650,Yes,1752
ORD01753,2025-08-18,Completed,C0436,Returning,35-44,Daejeon,Electronics,Wireless Earbuds,Nova,4,49000,24000,0.15,3000,Card,5,4,No,,2025-08,166600,96000,70600,Yes,1754
ORD01754,2025-03-20,Completed,C0436,Returning,45-54,Seoul,Beauty,Hydrating Serum,PureLab,2,22000,9000,0.15,3000,Virtual Account,1,5,No,,2025-03,37400,18000,19400,Yes,1755
ORD01755,2025-10-05,Completed,C0185,Returning,18-24,Gangwon,Electronics,Bluetooth Speaker,Soundly,4,65000,31000,0,3000,Virtual Account,5,4,No,,2025-10,260000,124000,136000,Yes,1756
ORD01756,2025-03-01,Completed,C0594,VIP,55+,Gangwon,Home,Cotton Towel Set,SoftDay,3,24000,10000,0,3000,Mobile Pay,2,5,No,,2025-03,72000,30000,42000,Yes,1757
ORD01757,2025-04-23,Completed,C0130,New,25-34,Incheon,Pet,Dog Treats 1kg,Barkly,4,25000,11000,0.05,3000,Mobile Pay,5,5,No,,2025-04,95000,44000,51000,Yes,1758
ORD01758,2025-09-20,Completed,C0755,Returning,45-54,Gangwon,Home,Storage Box Set,NeatHome,1,29000,12000,0,0,Card,5,4,No,,2025-09,29000,12000,17000,Yes,1759
ORD01759,2025-04-22,Completed,C0576,Returning,35-44,Gwangju,Pet,Cat Toy Bundle,PawJoy,1,19000,8000,0,0,Mobile Pay,5,4,No,,2025-04,19000,8000,11000,Yes,1760
ORD01760,2025-04-18,Completed,C0302,Returning,25-34,Gwangju,Home,Cotton Towel Set,SoftDay,1,24000,10000,0,3000,Mobile Pay,5,5,No,,2025-04,24000,10000,14000,Yes,1761
ORD01763,2025-07-04,Completed,C0831,New,18-24,Seoul,Home,Desk Lamp,Lumen,1,39000,16000,0.15,3000,Card,3,5,No,,2025-07,33150,16000,17150,Yes,1764
ORD01764,2025-12-02,Completed,C0259,New,18-24,Busan,Electronics,Smart Watch,Pulse,2,99000,47000,0,3000,Card,3,4,No,,2025-12,198000,94000,104000,Yes,1765
ORD01765,2025-02-21,Completed,C0057,Returning,25-34,Gwangju,Fashion,Oversized Hoodie,Northline,4,45000,21000,0,3000,Card,5,5,No,,2025-02,180000,84000,96000,Yes,1766
ORD01766,2025-03-24,Completed,C0193,Returning,25-34,Daegu,Beauty,Hydrating Serum,PureLab,4,22000,9000,0,3000,Card,3,4,No,,2025-03,88000,36000,52000,Yes,1767
ORD01767,2025-07-08,Completed,C0202,Returning,55+,Daejeon,Fashion,Canvas Sneakers,Walkon,2,59000,26000,0,3000,Card,1,3,Yes,Different from description,2025-07,118000,52000,66000,Yes,1768
ORD01768,2025-12-02,Completed,C0572,New,45-54,Gyeonggi,Food,Coffee Bean 1kg,BeanRoot,3,32000,15000,0.25,3000,Card,1,5,No,,2025-12,72000,45000,27000,Yes,1769
ORD01769,2025-11-07,Completed,C0033,New,35-44,Daejeon,Home,Storage Box Set,NeatHome,2,29000,12000,0.25,3000,Bank Transfer,5,5,No,,2025-11,43500,24000,19500,Yes,1770
ORD01770,2025-08-25,Completed,C0835,New,35-44,Jeju,Electronics,Bluetooth Speaker,Soundly,2,65000,31000,0.05,3000,Card,9,4,No,,2025-08,123500,62000,61500,Yes,1771
ORD01771,2025-04-26,Completed,C0663,New,25-34,Gwangju,Home,Desk Lamp,Lumen,3,39000,16000,0,3000,Card,2,5,No,,2025-04,117000,48000,69000,Yes,1772
ORD01772,2025-11-07,Completed,C0317,Returning,18-24,Incheon,Beauty,Sunscreen SPF50,Glow,4,18000,7000,0,3000,Mobile Pay,3,5,No,,2025-11,72000,28000,44000,Yes,1773
ORD01773,2025-08-24,Completed,C0375,Returning,35-44,Gangwon,Food,Protein Bar Pack,FitBite,1,28000,12000,0,3000,Bank Transfer,1,,No,,2025-08,28000,12000,16000,Yes,1774
ORD01774,2025-03-03,Completed,C0013,Returning,45-54,Gangwon,Food,Protein Bar Pack,FitBite,2,28000,12000,0,3000,Card,1,5,No,,2025-03,56000,24000,32000,Yes,1775
ORD01775,2025-07-29,Completed,C0788,Returning,18-24,Busan,Pet,Dog Treats 1kg,Barkly,3,25000,11000,0,3000,Mobile Pay,4,4,No,,2025-07,75000,33000,42000,Yes,1776
ORD01776,2025-03-21,Completed,C0256,Returning,25-34,Incheon,Pet,Dog Treats 1kg,Barkly,3,25000,11000,0,0,Virtual Account,2,4,No,,2025-03,75000,33000,42000,Yes,1777
ORD01777,2025-08-05,Completed,C0530,Returning,35-44,Gyeonggi,Home,Storage Box Set,NeatHome,3,29000,12000,0,3000,Bank Transfer,3,5,No,,2025-08,87000,36000,51000,Yes,1778
ORD01778,2025-06-21,Completed,C0143,New,18-24,Incheon,Home,Cotton Towel Set,SoftDay,3,24000,10000,0,3000,Bank Transfer,5,,No,,2025-06,72000,30000,42000,Yes,1779
ORD01779,2025-05-23,Completed,C0728,New,25-34,Jeju,Home,Storage Box Set,NeatHome,1,29000,12000,0.15,3000,Mobile Pay,5,5,No,,2025-05,24650,12000,12650,Yes,1780
ORD01780,2025-11-03,Completed,C0633,New,45-54,Gangwon,Electronics,Wireless Earbuds,Nova,1,49000,24000,0,3000,Card,4,5,No,,2025-11,49000,24000,25000,Yes,1781
ORD01781,2025-08-25,Completed,C0512,Returning,55+,Jeju,Home,Cotton Towel Set,SoftDay,4,24000,10000,0.2,3000,Mobile Pay,7,4,No,,2025-08,76800,40000,36800,Yes,1782
ORD01783,2025-09-19,Completed,C0763,Returning,18-24,Busan,Beauty,Hydrating Serum,PureLab,2,22000,9000,0,0,Bank Transfer,5,4,No,,2025-09,44000,18000,26000,Yes,1784
ORD01784,2025-07-16,Completed,C0594,New,55+,Incheon,Home,Storage Box Set,NeatHome,3,29000,12000,0.05,3000,Card,5,5,No,,2025-07,82650,36000,46650,Yes,1785
ORD01785,2025-11-09,Completed,C0338,New,18-24,Daegu,Electronics,Smart Watch,Pulse,3,99000,47000,0,3000,Bank Transfer,3,3,Yes,Changed mind,2025-11,297000,141000,156000,Yes,1786
ORD01786,2025-11-17,Completed,C0629,Returning,45-54,Gwangju,Electronics,Smart Watch,Pulse,2,99000,47000,0,3000,Card,1,5,No,,2025-11,198000,94000,104000,Yes,1787
ORD01787,2025-05-15,Completed,C0440,Returning,18-24,Daegu,Fashion,Crossbody Bag,Morrow,3,43000,18000,0.05,3000,Bank Transfer,1,4,Yes,Wrong size,2025-05,122550,54000,68550,Yes,1788
ORD01788,2025-11-23,Completed,C0381,Returning,35-44,Gwangju,Electronics,Wireless Earbuds,Nova,1,49000,24000,0.05,0,Card,5,5,No,,2025-11,46550,24000,22550,Yes,1789
ORD01789,2025-08-05,Completed,C0179,VIP,25-34,Seoul,Beauty,Sunscreen SPF50,Glow,1,18000,7000,0,3000,Mobile Pay,5,5,No,,2025-08,18000,7000,11000,Yes,1790
ORD01790,2025-10-02,Completed,C0793,New,18-24,Gangwon,Electronics,Smart Watch,Pulse,1,99000,47000,0,0,Card,1,4,No,,2025-10,99000,47000,52000,Yes,1791
ORD01791,2025-05-16,Completed,C0244,Returning,45-54,Gwangju,Electronics,Bluetooth Speaker,Soundly,3,65000,31000,0,3000,Card,2,5,No,,2025-05,195000,93000,102000,Yes,1792
ORD01792,2025-06-20,Completed,C0193,New,25-34,Incheon,Pet,Cat Toy Bundle,PawJoy,3,19000,8000,0,0,Virtual Account,4,5,No,,2025-06,57000,24000,33000,Yes,1793
ORD01793,2025-07-11,Completed,C0372,New,18-24,Daegu,Fashion,Crossbody Bag,Morrow,4,43000,18000,0,3000,Mobile Pay,2,5,No,,2025-07,172000,72000,100000,Yes,1794
ORD01794,2025-12-01,Completed,C0081,New,55+,Incheon,Home,Desk Lamp,Lumen,4,39000,16000,0,0,Card,2,4,No,,2025-12,156000,64000,92000,Yes,1795
ORD01795,2025-03-01,Completed,C0580,New,18-24,Daegu,Pet,Dog Treats 1kg,Barkly,4,25000,11000,0.2,3000,Bank Transfer,2,5,No,,2025-03,80000,44000,36000,Yes,1796
ORD01796,2025-10-01,Completed,C0207,Returning,55+,Seoul,Fashion,Canvas Sneakers,Walkon,1,59000,26000,0,3000,Bank Transfer,4,4,No,,2025-10,59000,26000,33000,Yes,1797
ORD01797,2025-09-06,Completed,C0329,New,25-34,Incheon,Pet,Dog Treats 1kg,Barkly,4,25000,11000,0,0,Virtual Account,3,4,No,,2025-09,100000,44000,56000,Yes,1798
ORD01798,2025-06-02,Completed,C0629,New,55+,Gangwon,Home,Desk Lamp,Lumen,2,39000,16000,0,0,Bank Transfer,5,5,No,,2025-06,78000,32000,46000,Yes,1799
ORD01799,2025-12-12,Completed,C0092,New,35-44,Busan,Electronics,Wireless Earbuds,Nova,2,49000,24000,0,0,Bank Transfer,1,4,No,,2025-12,98000,48000,50000,Yes,1800
ORD01800,2025-11-16,Completed,C0302,Returning,18-24,Jeju,Home,Cotton Towel Set,SoftDay,4,24000,10000,0,3000,Bank Transfer,2,5,No,,2025-11,96000,40000,56000,Yes,1801
ORD01801,2025-04-29,Completed,C0615,New,55+,Gangwon,Beauty,Hydrating Serum,PureLab,3,22000,9000,0,3000,Mobile Pay,6,4,No,,2025-04,66000,27000,39000,Yes,1802
ORD01804,2025-02-24,Completed,C0562,New,18-24,Busan,Food,Coffee Bean 1kg,BeanRoot,3,32000,15000,0,0,Mobile Pay,1,5,No,,2025-02,96000,45000,51000,Yes,1805
ORD01806,2025-07-30,Completed,C0025,Returning,25-34,Busan,Electronics,Wireless Earbuds,Nova,3,49000,24000,0,3000,Virtual Account,1,4,No,,2025-07,147000,72000,75000,Yes,1807
ORD01807,2025-11-16,Completed,C0691,New,55+,Busan,Food,Protein Bar Pack,FitBite,1,28000,12000,0,3000,Card,2,5,No,,2025-11,28000,12000,16000,Yes,1808
ORD01809,2025-05-15,Completed,C0503,VIP,55+,Gyeonggi,Home,Cotton Towel Set,SoftDay,2,24000,10000,0,0,Card,3,,No,,2025-05,48000,20000,28000,Yes,1810
ORD01810,2025-04-23,Completed,C0242,New,55+,Gwangju,Home,Desk Lamp,Lumen,3,39000,16000,0.05,0,Mobile Pay,4,4,No,,2025-04,111150,48000,63150,Yes,1811
ORD01811,2025-08-24,Completed,C0164,Returning,18-24,Incheon,Pet,Pet Bed,ComfyPaws,2,47000,20000,0,3000,Mobile Pay,4,4,No,,2025-08,94000,40000,54000,Yes,1812
ORD01812,2025-03-15,Completed,C0560,Returning,25-34,Seoul,Electronics,Bluetooth Speaker,Soundly,4,65000,31000,0,0,Bank Transfer,5,4,No,,2025-03,260000,124000,136000,Yes,1813
ORD01813,2025-12-25,Completed,C0557,New,45-54,Daejeon,Home,Desk Lamp,Lumen,3,39000,16000,0.25,3000,Card,2,5,No,,2025-12,87750,48000,39750,Yes,1814
ORD01814,2025-07-17,Completed,C0395,VIP,55+,Busan,Home,Cotton Towel Set,SoftDay,4,24000,10000,0,3000,Virtual Account,3,5,No,,2025-07,96000,40000,56000,Yes,1815
ORD01815,2025-11-13,Completed,C0479,Returning,25-34,Gwangju,Food,Protein Bar Pack,FitBite,1,28000,12000,0.25,3000,Card,4,4,No,,2025-11,21000,12000,9000,Yes,1816
ORD01816,2025-02-12,Completed,C0132,Returning,45-54,Daegu,Pet,Pet Bed,ComfyPaws,2,47000,20000,0,3000,Mobile Pay,1,4,No,,2025-02,94000,40000,54000,Yes,1817
ORD01817,2025-04-30,Completed,C0071,New,35-44,Seoul,Pet,Dog Treats 1kg,Barkly,1,25000,11000,0,0,Bank Transfer,3,5,No,,2025-04,25000,11000,14000,Yes,1818
ORD01818,2025-02-16,Completed,C0787,VIP,18-24,Incheon,Food,Protein Bar Pack,FitBite,1,28000,12000,0,3000,Virtual Account,3,4,No,,2025-02,28000,12000,16000,Yes,1819
ORD01819,2025-03-15,Completed,C0233,VIP,55+,Daejeon,Food,Coffee Bean 1kg,BeanRoot,3,32000,15000,0,3000,Card,4,4,No,,2025-03,96000,45000,51000,Yes,1820
ORD01820,2025-09-06,Completed,C0160,Returning,55+,Seoul,Home,Desk Lamp,Lumen,4,39000,16000,0,3000,Bank Transfer,3,4,No,,2025-09,156000,64000,92000,Yes,1821
ORD01821,2025-11-16,Completed,C0442,Returning,18-24,Daejeon,Food,Gift Snack Box,HappyBox,3,33000,14000,0,3000,Card,3,4,No,,2025-11,99000,42000,57000,Yes,1822
ORD01822,2025-04-22,Completed,C0271,Returning,55+,Gyeonggi,Fashion,Oversized Hoodie,Northline,2,45000,21000,0,3000,Mobile Pay,4,5,No,,2025-04,90000,42000,48000,Yes,1823
ORD01823,2025-03-29,Completed,C0036,Returning,25-34,Gwangju,Home,Storage Box Set,NeatHome,4,29000,12000,0.2,3000,Mobile Pay,4,5,No,,2025-03,92800,48000,44800,Yes,1824
ORD01824,2025-02-11,Completed,C0554,Returning,45-54,Incheon,Food,Coffee Bean 1kg,BeanRoot,4,32000,15000,0,3000,Mobile Pay,4,5,No,,2025-02,128000,60000,68000,Yes,1825
ORD01825,2025-07-14,Completed,C0648,Returning,35-44,Daegu,Food,Protein Bar Pack,FitBite,1,28000,12000,0.1,0,Bank Transfer,4,5,No,,2025-07,25200,12000,13200,Yes,1826
ORD01826,2025-04-20,Completed,C0745,New,25-34,Daegu,Beauty,Sunscreen SPF50,Glow,2,18000,7000,0,0,Mobile Pay,1,4,No,,2025-04,36000,14000,22000,Yes,1827
ORD01827,2025-12-28,Completed,C0322,Returning,18-24,Daegu,Electronics,Wireless Earbuds,Nova,4,49000,24000,0.1,3000,Mobile Pay,1,4,No,,2025-12,176400,96000,80400,Yes,1828
ORD01828,2025-06-20,Completed,C0695,New,25-34,Jeju,Home,Storage Box Set,NeatHome,1,29000,12000,0.05,3000,Bank Transfer,6,4,No,,2025-06,27550,12000,15550,Yes,1829
ORD01829,2025-08-28,Completed,C0140,Returning,45-54,Jeju,Food,Coffee Bean 1kg,BeanRoot,4,32000,15000,0,0,Card,2,5,No,,2025-08,128000,60000,68000,Yes,1830
ORD01830,2025-01-15,Completed,C0348,Returning,25-34,Gangwon,Electronics,Bluetooth Speaker,Soundly,3,65000,31000,0.15,0,Virtual Account,2,5,No,,2025-01,165750,93000,72750,Yes,1831
ORD01831,2025-03-09,Completed,C0786,New,18-24,Seoul,Pet,Cat Toy Bundle,PawJoy,3,19000,8000,0,0,Bank Transfer,1,5,No,,2025-03,57000,24000,33000,Yes,1832
ORD01832,2025-03-25,Completed,C0732,VIP,45-54,Incheon,Home,Storage Box Set,NeatHome,4,29000,12000,0,0,Virtual Account,1,4,No,,2025-03,116000,48000,68000,Yes,1833
ORD01833,2025-09-26,Completed,C0612,VIP,18-24,Daegu,Home,Storage Box Set,NeatHome,3,29000,12000,0,3000,Bank Transfer,1,5,No,,2025-09,87000,36000,51000,Yes,1834
ORD01834,2025-04-11,Completed,C0374,New,18-24,Gangwon,Pet,Pet Bed,ComfyPaws,1,47000,20000,0.1,0,Virtual Account,5,4,No,,2025-04,42300,20000,22300,Yes,1835
ORD01835,2025-12-14,Completed,C0438,New,55+,Busan,Food,Coffee Bean 1kg,BeanRoot,1,32000,15000,0.2,3000,Card,4,5,No,,2025-12,25600,15000,10600,Yes,1836
ORD01836,2025-10-25,Completed,C0200,Returning,18-24,Gangwon,Food,Coffee Bean 1kg,BeanRoot,4,32000,15000,0,3000,Virtual Account,7,4,No,,2025-10,128000,60000,68000,Yes,1837
ORD01837,2025-01-08,Completed,C0571,New,45-54,Daejeon,Food,Protein Bar Pack,FitBite,3,28000,12000,0,0,Mobile Pay,4,4,No,,2025-01,84000,36000,48000,Yes,1838
ORD01838,2025-07-21,Completed,C0063,VIP,35-44,Daegu,Fashion,Crossbody Bag,Morrow,4,43000,18000,0.15,0,Bank Transfer,3,,No,,2025-07,146200,72000,74200,Yes,1839
ORD01839,2025-11-27,Completed,C0261,VIP,18-24,Gangwon,Home,Storage Box Set,NeatHome,4,29000,12000,0,0,Card,2,5,No,,2025-11,116000,48000,68000,Yes,1840
ORD01840,2025-01-01,Completed,C0248,Returning,25-34,Incheon,Food,Gift Snack Box,HappyBox,3,33000,14000,0,3000,Card,4,4,No,,2025-01,99000,42000,57000,Yes,1841
ORD01841,2025-05-29,Completed,C0493,New,35-44,Busan,Food,Protein Bar Pack,FitBite,3,28000,12000,0,0,Bank Transfer,4,4,No,,2025-05,84000,36000,48000,Yes,1842
ORD01842,2025-05-26,Completed,C0298,New,35-44,Gyeonggi,Pet,Pet Bed,ComfyPaws,2,47000,20000,0,3000,Virtual Account,4,4,No,,2025-05,94000,40000,54000,Yes,1843
ORD01843,2025-08-22,Completed,C0223,Returning,55+,Daejeon,Electronics,Wireless Earbuds,Nova,3,49000,24000,0,3000,Card,3,5,No,,2025-08,147000,72000,75000,Yes,1844
ORD01844,2025-03-18,Completed,C0463,VIP,18-24,Seoul,Electronics,Wireless Earbuds,Nova,1,49000,24000,0,0,Bank Transfer,5,5,No,,2025-03,49000,24000,25000,Yes,1845
ORD01846,2025-05-11,Completed,C0624,New,45-54,Jeju,Electronics,Wireless Earbuds,Nova,4,49000,24000,0.25,3000,Mobile Pay,1,5,No,,2025-05,147000,96000,51000,Yes,1847
ORD01847,2025-04-19,Completed,C0183,New,45-54,Incheon,Home,Desk Lamp,Lumen,2,39000,16000,0,0,Bank Transfer,4,5,No,,2025-04,78000,32000,46000,Yes,1848
ORD01848,2025-01-18,Completed,C0678,Returning,55+,Busan,Pet,Dog Treats 1kg,Barkly,2,25000,11000,0.1,0,Virtual Account,3,5,No,,2025-01,45000,22000,23000,Yes,1849
ORD01849,2025-10-15,Completed,C0744,VIP,35-44,Gangwon,Fashion,Canvas Sneakers,Walkon,4,59000,26000,0,3000,Mobile Pay,8,,Yes,Damaged item,2025-10,236000,104000,132000,Yes,1850
ORD01850,2025-05-23,Completed,C0574,Returning,25-34,Busan,Pet,Pet Bed,ComfyPaws,3,47000,20000,0,3000,Bank Transfer,3,4,No,,2025-05,141000,60000,81000,Yes,1851
ORD01852,2025-04-22,Completed,C0592,New,18-24,Daegu,Pet,Dog Treats 1kg,Barkly,2,25000,11000,0,3000,Bank Transfer,1,5,No,,2025-04,50000,22000,28000,Yes,1853
ORD01853,2025-08-28,Completed,C0680,Returning,18-24,Incheon,Electronics,Smart Watch,Pulse,3,99000,47000,0,0,Mobile Pay,5,4,No,,2025-08,297000,141000,156000,Yes,1854
ORD01854,2025-12-11,Completed,C0438,VIP,45-54,Daegu,Electronics,Wireless Earbuds,Nova,2,49000,24000,0,0,Bank Transfer,5,,No,,2025-12,98000,48000,50000,Yes,1855
ORD01855,2025-06-11,Completed,C0749,Returning,18-24,Daegu,Food,Protein Bar Pack,FitBite,3,28000,12000,0,3000,Card,4,4,No,,2025-06,84000,36000,48000,Yes,1856
ORD01856,2025-04-13,Completed,C0345,Returning,25-34,Busan,Pet,Pet Bed,ComfyPaws,2,47000,20000,0,3000,Mobile Pay,4,3,Yes,Wrong size,2025-04,94000,40000,54000,Yes,1857
ORD01857,2025-06-15,Completed,C0261,Returning,18-24,Daejeon,Fashion,Canvas Sneakers,Walkon,4,59000,26000,0,3000,Virtual Account,1,5,No,,2025-06,236000,104000,132000,Yes,1858
ORD01858,2025-07-23,Completed,C0312,Returning,18-24,Busan,Home,Cotton Towel Set,SoftDay,3,24000,10000,0.2,0,Bank Transfer,5,4,No,,2025-07,57600,30000,27600,Yes,1859
ORD01860,2025-10-02,Completed,C0415,VIP,45-54,Gangwon,Electronics,Wireless Earbuds,Nova,4,49000,24000,0,3000,Card,8,4,No,,2025-10,196000,96000,100000,Yes,1861
ORD01861,2025-11-13,Completed,C0504,Returning,45-54,Jeju,Food,Coffee Bean 1kg,BeanRoot,1,32000,15000,0.25,3000,Bank Transfer,8,4,No,,2025-11,24000,15000,9000,Yes,1862
ORD01862,2025-12-06,Completed,C0657,Returning,45-54,Gwangju,Food,Protein Bar Pack,FitBite,3,28000,12000,0.15,0,Card,3,,No,,2025-12,71400,36000,35400,Yes,1863
ORD01863,2025-09-12,Completed,C0152,Returning,45-54,Daejeon,Pet,Pet Bed,ComfyPaws,4,47000,20000,0.2,3000,Mobile Pay,2,5,No,,2025-09,150400,80000,70400,Yes,1864
ORD01864,2025-09-13,Completed,C0165,New,55+,Jeju,Beauty,Hydrating Serum,PureLab,1,22000,9000,0.1,0,Mobile Pay,3,4,No,,2025-09,19800,9000,10800,Yes,1865
ORD01865,2025-06-12,Completed,C0476,New,18-24,Daegu,Pet,Pet Bed,ComfyPaws,2,47000,20000,0,3000,Virtual Account,4,5,No,,2025-06,94000,40000,54000,Yes,1866
ORD01866,2025-07-14,Completed,C0234,Returning,45-54,Incheon,Pet,Cat Toy Bundle,PawJoy,4,19000,8000,0,0,Virtual Account,2,4,No,,2025-07,76000,32000,44000,Yes,1867
ORD01867,2025-01-18,Completed,C0135,New,55+,Gyeonggi,Food,Gift Snack Box,HappyBox,1,33000,14000,0.1,3000,Bank Transfer,5,4,No,,2025-01,29700,14000,15700,Yes,1868
ORD01868,2025-10-01,Completed,C0534,New,18-24,Gangwon,Beauty,Hydrating Serum,PureLab,3,22000,9000,0.1,3000,Virtual Account,1,4,No,,2025-10,59400,27000,32400,Yes,1869
ORD01871,2025-08-10,Completed,C0431,Returning,55+,Gyeonggi,Food,Gift Snack Box,HappyBox,4,33000,14000,0,3000,Virtual Account,5,5,No,,2025-08,132000,56000,76000,Yes,1872
ORD01872,2025-11-12,Completed,C0074,New,45-54,Gwangju,Pet,Cat Toy Bundle,PawJoy,1,19000,8000,0.2,0,Bank Transfer,3,5,No,,2025-11,15200,8000,7200,Yes,1873
ORD01873,2025-10-10,Completed,C0644,VIP,35-44,Seoul,Home,Cotton Towel Set,SoftDay,2,24000,10000,0,3000,Bank Transfer,1,5,No,,2025-10,48000,20000,28000,Yes,1874
ORD01874,2025-09-14,Completed,C0131,New,55+,Jeju,Beauty,Hydrating Serum,PureLab,4,22000,9000,0,3000,Mobile Pay,4,4,No,,2025-09,88000,36000,52000,Yes,1875
ORD01875,2025-10-01,Completed,C0113,New,35-44,Busan,Electronics,Smart Watch,Pulse,4,99000,47000,0,3000,Mobile Pay,1,4,No,,2025-10,396000,188000,208000,Yes,1876
ORD01876,2025-10-09,Completed,C0415,New,25-34,Gyeonggi,Food,Gift Snack Box,HappyBox,1,33000,14000,0,0,Virtual Account,3,5,No,,2025-10,33000,14000,19000,Yes,1877
ORD01877,2025-11-29,Completed,C0680,Returning,35-44,Daejeon,Electronics,Bluetooth Speaker,Soundly,1,65000,31000,0.15,3000,Card,3,4,No,,2025-11,55250,31000,24250,Yes,1878
ORD01878,2025-03-08,Completed,C0547,VIP,35-44,Jeju,Home,Storage Box Set,NeatHome,3,29000,12000,0,0,Bank Transfer,1,5,No,,2025-03,87000,36000,51000,Yes,1879
ORD01879,2025-10-23,Completed,C0566,New,35-44,Daejeon,Pet,Pet Bed,ComfyPaws,1,47000,20000,0,3000,Virtual Account,2,5,No,,2025-10,47000,20000,27000,Yes,1880
ORD01880,2025-07-20,Completed,C0441,Returning,18-24,Busan,Fashion,Canvas Sneakers,Walkon,2,59000,26000,0,3000,Card,2,5,No,,2025-07,118000,52000,66000,Yes,1881
ORD01881,2025-03-14,Completed,C0445,Returning,55+,Gangwon,Home,Cotton Towel Set,SoftDay,2,24000,10000,0,0,Virtual Account,4,,No,,2025-03,48000,20000,28000,Yes,1882
ORD01882,2025-06-12,Completed,C0283,Returning,45-54,Seoul,Food,Coffee Bean 1kg,BeanRoot,4,32000,15000,0.2,0,Mobile Pay,1,5,No,,2025-06,102400,60000,42400,Yes,1883
ORD01883,2025-05-25,Completed,C0786,Returning,18-24,Gangwon,Beauty,Sunscreen SPF50,Glow,3,18000,7000,0,3000,Card,6,4,No,,2025-05,54000,21000,33000,Yes,1884
ORD01884,2025-12-23,Completed,C0316,Returning,35-44,Gwangju,Electronics,Bluetooth Speaker,Soundly,1,65000,31000,0,0,Virtual Account,1,5,No,,2025-12,65000,31000,34000,Yes,1885
ORD01885,2025-07-01,Completed,C0415,Returning,55+,Gangwon,Electronics,Smart Watch,Pulse,4,99000,47000,0.15,0,Mobile Pay,7,4,No,,2025-07,336600,188000,148600,Yes,1886
ORD01886,2025-04-23,Completed,C0122,Returning,45-54,Seoul,Home,Storage Box Set,NeatHome,3,29000,12000,0,3000,Virtual Account,1,4,No,,2025-04,87000,36000,51000,Yes,1887
ORD01887,2025-02-25,Completed,C0659,New,35-44,Daejeon,Food,Protein Bar Pack,FitBite,1,28000,12000,0.1,3000,Virtual Account,1,4,No,,2025-02,25200,12000,13200,Yes,1888
ORD01888,2025-10-29,Completed,C0735,Returning,45-54,Busan,Home,Cotton Towel Set,SoftDay,1,24000,10000,0,3000,Virtual Account,2,5,No,,2025-10,24000,10000,14000,Yes,1889
ORD01889,2025-05-25,Completed,C0843,Returning,18-24,Gangwon,Fashion,Canvas Sneakers,Walkon,2,59000,26000,0,3000,Card,1,4,Yes,Changed mind,2025-05,118000,52000,66000,Yes,1890
ORD01890,2025-03-18,Completed,C0062,New,55+,Busan,Food,Coffee Bean 1kg,BeanRoot,4,32000,15000,0,0,Mobile Pay,3,4,No,,2025-03,128000,60000,68000,Yes,1891
ORD01891,2025-05-01,Completed,C0684,New,55+,Daejeon,Electronics,Wireless Earbuds,Nova,4,49000,24000,0.05,0,Bank Transfer,1,5,No,,2025-05,186200,96000,90200,Yes,1892
ORD01892,2025-02-15,Completed,C0273,New,18-24,Daegu,Electronics,Wireless Earbuds,Nova,2,49000,24000,0,3000,Bank Transfer,3,4,No,,2025-02,98000,48000,50000,Yes,1893
ORD01893,2025-04-23,Completed,C0403,New,45-54,Jeju,Food,Protein Bar Pack,FitBite,4,28000,12000,0.15,0,Bank Transfer,3,5,No,,2025-04,95200,48000,47200,Yes,1894
ORD01894,2025-04-22,Completed,C0511,New,35-44,Jeju,Home,Cotton Towel Set,SoftDay,3,24000,10000,0.15,3000,Mobile Pay,6,4,No,,2025-04,61200,30000,31200,Yes,1895
ORD01895,2025-10-03,Completed,C0747,Returning,45-54,Jeju,Fashion,Canvas Sneakers,Walkon,4,59000,26000,0,3000,Bank Transfer,6,4,No,,2025-10,236000,104000,132000,Yes,1896
ORD01896,2025-05-05,Completed,C0012,Returning,45-54,Incheon,Home,Cotton Towel Set,SoftDay,2,24000,10000,0,0,Card,4,5,No,,2025-05,48000,20000,28000,Yes,1897
ORD01897,2025-02-07,Completed,C0604,New,25-34,Gwangju,Food,Coffee Bean 1kg,BeanRoot,2,32000,15000,0.1,0,Card,4,5,No,,2025-02,57600,30000,27600,Yes,1898
ORD01898,2025-02-27,Completed,C0042,New,25-34,Daejeon,Beauty,Sunscreen SPF50,Glow,2,18000,7000,0,3000,Mobile Pay,3,4,No,,2025-02,36000,14000,22000,Yes,1899
ORD01899,2025-12-19,Completed,C0692,Returning,35-44,Seoul,Beauty,Lip Tint,Mellow,4,14000,5000,0,3000,Virtual Account,5,4,No,,2025-12,56000,20000,36000,Yes,1900
ORD01900,2025-11-20,Completed,C0399,New,55+,Daejeon,Home,Cotton Towel Set,SoftDay,4,24000,10000,0,3000,Card,2,5,No,,2025-11,96000,40000,56000,Yes,1901
ORD01901,2025-05-01,Completed,C0282,Returning,18-24,Daegu,Electronics,Smart Watch,Pulse,4,99000,47000,0,0,Virtual Account,4,4,No,,2025-05,396000,188000,208000,Yes,1902
ORD01902,2025-12-18,Completed,C0615,New,45-54,Daegu,Home,Cotton Towel Set,SoftDay,1,24000,10000,0.25,3000,Bank Transfer,4,5,No,,2025-12,18000,10000,8000,Yes,1903
ORD01903,2025-08-25,Completed,C0444,VIP,25-34,Busan,Home,Cotton Towel Set,SoftDay,3,24000,10000,0,3000,Card,2,4,No,,2025-08,72000,30000,42000,Yes,1904
ORD01904,2025-11-12,Completed,C0055,Returning,55+,Seoul,Beauty,Sunscreen SPF50,Glow,1,18000,7000,0.2,3000,Mobile Pay,4,4,No,,2025-11,14400,7000,7400,Yes,1905
ORD01905,2025-06-07,Completed,C0081,Returning,25-34,Daegu,Home,Storage Box Set,NeatHome,2,29000,12000,0.05,3000,Mobile Pay,2,5,No,,2025-06,55100,24000,31100,Yes,1906
ORD01906,2025-04-24,Completed,C0679,New,25-34,Gwangju,Electronics,Wireless Earbuds,Nova,1,49000,24000,0,3000,Card,4,4,No,,2025-04,49000,24000,25000,Yes,1907
ORD01907,2025-07-22,Completed,C0095,Returning,45-54,Gangwon,Home,Desk Lamp,Lumen,4,39000,16000,0,0,Bank Transfer,3,5,No,,2025-07,156000,64000,92000,Yes,1908
ORD01908,2025-04-08,Completed,C0258,VIP,45-54,Gyeonggi,Beauty,Sunscreen SPF50,Glow,2,18000,7000,0,3000,Virtual Account,3,4,No,,2025-04,36000,14000,22000,Yes,1909
ORD01909,2025-01-04,Completed,C0723,VIP,45-54,Daegu,Pet,Cat Toy Bundle,PawJoy,2,19000,8000,0.05,3000,Virtual Account,5,5,No,,2025-01,36100,16000,20100,Yes,1910
ORD01910,2025-03-30,Completed,C0322,Returning,55+,Daejeon,Pet,Cat Toy Bundle,PawJoy,1,19000,8000,0,3000,Card,1,,Yes,Different from description,2025-03,19000,8000,11000,Yes,1911
ORD01911,2025-06-10,Completed,C0554,VIP,25-34,Gyeonggi,Home,Desk Lamp,Lumen,2,39000,16000,0,3000,Virtual Account,1,5,No,,2025-06,78000,32000,46000,Yes,1912
ORD01912,2025-01-20,Completed,C0608,Returning,18-24,Gangwon,Beauty,Sunscreen SPF50,Glow,2,18000,7000,0,3000,Card,3,5,No,,2025-01,36000,14000,22000,Yes,1913
ORD01913,2025-05-07,Completed,C0551,New,18-24,Daejeon,Fashion,Canvas Sneakers,Walkon,1,59000,26000,0,3000,Mobile Pay,3,4,No,,2025-05,59000,26000,33000,Yes,1914
ORD01915,2025-04-15,Completed,C0295,New,35-44,Gyeonggi,Home,Storage Box Set,NeatHome,2,29000,12000,0.15,3000,Bank Transfer,2,5,No,,2025-04,49300,24000,25300,Yes,1916
ORD01916,2025-12-01,Completed,C0255,VIP,55+,Seoul,Beauty,Hydrating Serum,PureLab,4,22000,9000,0.05,0,Card,2,5,No,,2025-12,83600,36000,47600,Yes,1917
ORD01917,2025-02-13,Completed,C0194,New,25-34,Daegu,Fashion,Canvas Sneakers,Walkon,3,59000,26000,0,3000,Virtual Account,4,5,No,,2025-02,177000,78000,99000,Yes,1918
ORD01918,2025-12-01,Completed,C0053,Returning,35-44,Jeju,Electronics,Smart Watch,Pulse,1,99000,47000,0,3000,Bank Transfer,2,5,No,,2025-12,99000,47000,52000,Yes,1919
ORD01919,2025-06-24,Completed,C0674,VIP,45-54,Jeju,Beauty,Hydrating Serum,PureLab,1,22000,9000,0,3000,Card,9,3,No,,2025-06,22000,9000,13000,Yes,1920
ORD01920,2025-02-03,Completed,C0439,Returning,35-44,Busan,Fashion,Crossbody Bag,Morrow,2,43000,18000,0,3000,Bank Transfer,5,5,No,,2025-02,86000,36000,50000,Yes,1921
ORD01922,2025-02-09,Completed,C0699,Returning,35-44,Gwangju,Pet,Dog Treats 1kg,Barkly,2,25000,11000,0,0,Bank Transfer,4,4,No,,2025-02,50000,22000,28000,Yes,1923
ORD01923,2025-01-11,Completed,C0637,New,45-54,Daejeon,Beauty,Lip Tint,Mellow,3,14000,5000,0,3000,Card,1,5,No,,2025-01,42000,15000,27000,Yes,1924
ORD01924,2025-08-09,Completed,C0207,New,55+,Gwangju,Electronics,Bluetooth Speaker,Soundly,1,65000,31000,0,3000,Card,1,5,No,,2025-08,65000,31000,34000,Yes,1925
ORD01925,2025-10-26,Completed,C0051,Returning,25-34,Daejeon,Food,Coffee Bean 1kg,BeanRoot,4,32000,15000,0.15,0,Virtual Account,4,,No,,2025-10,108800,60000,48800,Yes,1926
ORD01926,2025-01-15,Completed,C0545,VIP,35-44,Gyeonggi,Home,Storage Box Set,NeatHome,1,29000,12000,0,3000,Card,1,5,No,,2025-01,29000,12000,17000,Yes,1927
ORD01927,2025-07-06,Completed,C0033,Returning,55+,Gwangju,Beauty,Hydrating Serum,PureLab,2,22000,9000,0.25,0,Bank Transfer,2,5,No,,2025-07,33000,18000,15000,Yes,1928
ORD01928,2025-02-27,Completed,C0072,Returning,55+,Incheon,Pet,Cat Toy Bundle,PawJoy,2,19000,8000,0,3000,Card,4,4,No,,2025-02,38000,16000,22000,Yes,1929
ORD01929,2025-03-24,Completed,C0741,VIP,18-24,Seoul,Food,Gift Snack Box,HappyBox,3,33000,14000,0,3000,Bank Transfer,5,5,No,,2025-03,99000,42000,57000,Yes,1930
ORD01931,2025-02-28,Completed,C0100,Returning,18-24,Jeju,Food,Coffee Bean 1kg,BeanRoot,2,32000,15000,0,3000,Virtual Account,9,4,No,,2025-02,64000,30000,34000,Yes,1932
ORD01932,2025-10-10,Completed,C0381,New,18-24,Gyeonggi,Food,Gift Snack Box,HappyBox,3,33000,14000,0,3000,Mobile Pay,2,4,No,,2025-10,99000,42000,57000,Yes,1933
ORD01933,2025-02-04,Completed,C0424,New,55+,Gyeonggi,Home,Storage Box Set,NeatHome,2,29000,12000,0.2,3000,Bank Transfer,3,4,No,,2025-02,46400,24000,22400,Yes,1934
ORD01934,2025-10-24,Completed,C0225,New,25-34,Incheon,Fashion,Canvas Sneakers,Walkon,4,59000,26000,0,3000,Virtual Account,4,4,No,,2025-10,236000,104000,132000,Yes,1935
ORD01935,2025-07-24,Completed,C0282,VIP,35-44,Incheon,Beauty,Lip Tint,Mellow,1,14000,5000,0.2,3000,Card,4,4,No,,2025-07,11200,5000,6200,Yes,1936
ORD01936,2025-01-05,Completed,C0656,Returning,45-54,Gangwon,Beauty,Sunscreen SPF50,Glow,3,18000,7000,0.15,0,Card,4,5,No,,2025-01,45900,21000,24900,Yes,1937
ORD01937,2025-01-16,Completed,C0350,Returning,25-34,Seoul,Fashion,Crossbody Bag,Morrow,1,43000,18000,0,3000,Virtual Account,4,4,No,,2025-01,43000,18000,25000,Yes,1938
ORD01938,2025-06-09,Completed,C0364,New,25-34,Gyeonggi,Beauty,Hydrating Serum,PureLab,2,22000,9000,0,0,Virtual Account,4,4,No,,2025-06,44000,18000,26000,Yes,1939
ORD01939,2025-03-09,Completed,C0036,New,25-34,Busan,Pet,Pet Bed,ComfyPaws,3,47000,20000,0.25,3000,Card,2,5,No,,2025-03,105750,60000,45750,Yes,1940
ORD01940,2025-11-24,Completed,C0245,New,25-34,Daejeon,Pet,Pet Bed,ComfyPaws,2,47000,20000,0,0,Card,2,5,No,,2025-11,94000,40000,54000,Yes,1941
ORD01941,2025-06-09,Completed,C0141,Returning,55+,Gangwon,Pet,Cat Toy Bundle,PawJoy,4,19000,8000,0,0,Card,7,4,No,,2025-06,76000,32000,44000,Yes,1942
ORD01942,2025-06-29,Completed,C0206,New,45-54,Daegu,Beauty,Lip Tint,Mellow,1,14000,5000,0,0,Bank Transfer,3,4,No,,2025-06,14000,5000,9000,Yes,1943
ORD01943,2025-01-27,Completed,C0438,New,35-44,Gangwon,Beauty,Hydrating Serum,PureLab,1,22000,9000,0,3000,Virtual Account,4,4,No,,2025-01,22000,9000,13000,Yes,1944
ORD01944,2025-12-04,Completed,C0420,New,18-24,Gwangju,Beauty,Sunscreen SPF50,Glow,1,18000,7000,0.2,3000,Mobile Pay,4,4,No,,2025-12,14400,7000,7400,Yes,1945
ORD01945,2025-03-03,Completed,C0060,VIP,25-34,Daegu,Home,Storage Box Set,NeatHome,3,29000,12000,0,0,Mobile Pay,3,4,No,,2025-03,87000,36000,51000,Yes,1946
ORD01946,2025-03-17,Completed,C0544,New,45-54,Gyeonggi,Fashion,Oversized Hoodie,Northline,1,45000,21000,0.1,0,Bank Transfer,4,5,No,,2025-03,40500,21000,19500,Yes,1947
ORD01947,2025-12-24,Completed,C0139,Returning,55+,Gangwon,Food,Protein Bar Pack,FitBite,2,28000,12000,0,3000,Virtual Account,3,5,No,,2025-12,56000,24000,32000,Yes,1948
ORD01948,2025-07-03,Completed,C0482,Returning,35-44,Daegu,Home,Cotton Towel Set,SoftDay,3,24000,10000,0,3000,Mobile Pay,5,5,No,,2025-07,72000,30000,42000,Yes,1949
ORD01949,2025-10-26,Completed,C0266,Returning,45-54,Gwangju,Food,Gift Snack Box,HappyBox,3,33000,14000,0,0,Bank Transfer,5,4,No,,2025-10,99000,42000,57000,Yes,1950
ORD01951,2025-10-19,Completed,C0814,New,35-44,Gwangju,Home,Desk Lamp,Lumen,2,39000,16000,0,3000,Virtual Account,5,4,No,,2025-10,78000,32000,46000,Yes,1952
ORD01952,2025-08-15,Completed,C0040,New,35-44,Gyeonggi,Pet,Pet Bed,ComfyPaws,2,47000,20000,0,3000,Bank Transfer,3,5,No,,2025-08,94000,40000,54000,Yes,1953
ORD01953,2025-05-04,Completed,C0223,Returning,35-44,Incheon,Fashion,Canvas Sneakers,Walkon,2,59000,26000,0,0,Card,5,4,No,,2025-05,118000,52000,66000,Yes,1954
ORD01954,2025-11-07,Completed,C0050,Returning,35-44,Gyeonggi,Pet,Cat Toy Bundle,PawJoy,2,19000,8000,0,3000,Mobile Pay,3,5,No,,2025-11,38000,16000,22000,Yes,1955
ORD01955,2025-01-20,Completed,C0319,VIP,18-24,Seoul,Food,Protein Bar Pack,FitBite,2,28000,12000,0.15,0,Virtual Account,1,5,No,,2025-01,47600,24000,23600,Yes,1956
ORD01956,2025-04-17,Completed,C0826,New,55+,Gangwon,Home,Cotton Towel Set,SoftDay,2,24000,10000,0.15,3000,Card,1,5,No,,2025-04,40800,20000,20800,Yes,1957
ORD01957,2025-07-04,Completed,C0229,VIP,25-34,Busan,Home,Cotton Towel Set,SoftDay,4,24000,10000,0,0,Mobile Pay,1,4,No,,2025-07,96000,40000,56000,Yes,1958
ORD01958,2025-09-02,Completed,C0608,New,25-34,Gangwon,Electronics,Bluetooth Speaker,Soundly,1,65000,31000,0.1,3000,Mobile Pay,2,5,No,,2025-09,58500,31000,27500,Yes,1959
ORD01959,2025-08-24,Completed,C0240,New,18-24,Busan,Home,Storage Box Set,NeatHome,1,29000,12000,0,3000,Card,5,4,No,,2025-08,29000,12000,17000,Yes,1960
ORD01960,2025-06-06,Completed,C0095,VIP,55+,Jeju,Home,Cotton Towel Set,SoftDay,1,24000,10000,0,3000,Mobile Pay,5,5,No,,2025-06,24000,10000,14000,Yes,1961
ORD01962,2025-11-22,Completed,C0621,Returning,35-44,Daejeon,Fashion,Crossbody Bag,Morrow,1,43000,18000,0,0,Virtual Account,4,4,No,,2025-11,43000,18000,25000,Yes,1963
ORD01963,2025-09-20,Completed,C0377,Returning,35-44,Jeju,Electronics,Bluetooth Speaker,Soundly,4,65000,31000,0.25,0,Bank Transfer,5,4,No,,2025-09,195000,124000,71000,Yes,1964
ORD01964,2025-12-20,Completed,C0059,Returning,55+,Daegu,Electronics,Wireless Earbuds,Nova,3,49000,24000,0,3000,Virtual Account,3,3,Yes,Wrong size,2025-12,147000,72000,75000,Yes,1965
ORD01965,2025-02-21,Completed,C0233,New,18-24,Daejeon,Electronics,Smart Watch,Pulse,1,99000,47000,0,3000,Bank Transfer,2,4,No,,2025-02,99000,47000,52000,Yes,1966
ORD01966,2025-05-19,Completed,C0536,Returning,25-34,Daegu,Pet,Cat Toy Bundle,PawJoy,1,19000,8000,0.2,0,Card,1,5,No,,2025-05,15200,8000,7200,Yes,1967
ORD01967,2025-01-10,Completed,C0418,New,18-24,Gangwon,Pet,Pet Bed,ComfyPaws,2,47000,20000,0,0,Mobile Pay,2,5,No,,2025-01,94000,40000,54000,Yes,1968
ORD01968,2025-09-24,Completed,C0483,New,45-54,Daegu,Pet,Cat Toy Bundle,PawJoy,2,19000,8000,0,3000,Card,2,5,No,,2025-09,38000,16000,22000,Yes,1969
ORD01969,2025-02-04,Completed,C0336,Returning,55+,Busan,Home,Cotton Towel Set,SoftDay,4,24000,10000,0.1,3000,Card,3,5,No,,2025-02,86400,40000,46400,Yes,1970
ORD01970,2025-07-16,Completed,C0054,New,25-34,Busan,Beauty,Lip Tint,Mellow,2,14000,5000,0,3000,Virtual Account,5,5,No,,2025-07,28000,10000,18000,Yes,1971
ORD01972,2025-04-19,Completed,C0095,VIP,45-54,Incheon,Beauty,Sunscreen SPF50,Glow,4,18000,7000,0,3000,Bank Transfer,3,5,No,,2025-04,72000,28000,44000,Yes,1973
ORD01974,2025-01-12,Completed,C0603,New,55+,Daejeon,Home,Desk Lamp,Lumen,1,39000,16000,0.2,3000,Bank Transfer,2,4,No,,2025-01,31200,16000,15200,Yes,1975
ORD01975,2025-12-22,Completed,C0118,VIP,35-44,Gangwon,Food,Coffee Bean 1kg,BeanRoot,2,32000,15000,0,3000,Mobile Pay,4,5,No,,2025-12,64000,30000,34000,Yes,1976
ORD01976,2025-11-07,Completed,C0230,Returning,55+,Incheon,Food,Gift Snack Box,HappyBox,3,33000,14000,0.15,3000,Bank Transfer,3,4,No,,2025-11,84150,42000,42150,Yes,1977
ORD01977,2025-10-27,Completed,C0367,Returning,25-34,Busan,Fashion,Canvas Sneakers,Walkon,4,59000,26000,0.05,3000,Mobile Pay,2,4,No,,2025-10,224200,104000,120200,Yes,1978
ORD01978,2025-04-27,Completed,C0365,VIP,45-54,Gwangju,Electronics,Smart Watch,Pulse,1,99000,47000,0,3000,Card,3,4,No,,2025-04,99000,47000,52000,Yes,1979
ORD01979,2025-05-26,Completed,C0022,New,45-54,Incheon,Electronics,Wireless Earbuds,Nova,4,49000,24000,0.05,3000,Bank Transfer,1,5,No,,2025-05,186200,96000,90200,Yes,1980
ORD01980,2025-07-18,Completed,C0461,New,55+,Daegu,Beauty,Lip Tint,Mellow,2,14000,5000,0,0,Mobile Pay,1,5,No,,2025-07,28000,10000,18000,Yes,1981
ORD01981,2025-01-25,Completed,C0391,Returning,18-24,Jeju,Electronics,Bluetooth Speaker,Soundly,1,65000,31000,0.2,3000,Bank Transfer,8,3,No,,2025-01,52000,31000,21000,Yes,1982
ORD01982,2025-01-09,Completed,C0725,Returning,18-24,Incheon,Electronics,Bluetooth Speaker,Soundly,2,65000,31000,0.25,3000,Card,3,5,No,,2025-01,97500,62000,35500,Yes,1983
ORD01983,2025-02-02,Completed,C0551,VIP,45-54,Incheon,Food,Gift Snack Box,HappyBox,4,33000,14000,0.25,3000,Card,3,5,No,,2025-02,99000,56000,43000,Yes,1984
ORD01984,2025-05-24,Completed,C0248,Returning,35-44,Incheon,Home,Storage Box Set,NeatHome,2,29000,12000,0.2,0,Mobile Pay,5,5,No,,2025-05,46400,24000,22400,Yes,1985
ORD01985,2025-10-06,Completed,C0261,New,18-24,Daegu,Fashion,Canvas Sneakers,Walkon,3,59000,26000,0,3000,Virtual Account,1,4,No,,2025-10,177000,78000,99000,Yes,1986
ORD01986,2025-11-19,Completed,C0407,Returning,55+,Daegu,Food,Gift Snack Box,HappyBox,3,33000,14000,0,3000,Card,1,5,No,,2025-11,99000,42000,57000,Yes,1987
ORD01987,2025-10-02,Completed,C0058,New,18-24,Daejeon,Food,Coffee Bean 1kg,BeanRoot,2,32000,15000,0,3000,Card,4,5,No,,2025-10,64000,30000,34000,Yes,1988
ORD01988,2025-02-09,Completed,C0273,New,45-54,Jeju,Fashion,Canvas Sneakers,Walkon,1,59000,26000,0,3000,Card,3,4,No,,2025-02,59000,26000,33000,Yes,1989
ORD01989,2025-09-14,Completed,C0790,New,18-24,Seoul,Home,Storage Box Set,NeatHome,2,29000,12000,0.2,3000,Bank Transfer,4,5,No,,2025-09,46400,24000,22400,Yes,1990
ORD01990,2025-07-15,Completed,C0676,Returning,45-54,Gwangju,Beauty,Sunscreen SPF50,Glow,3,18000,7000,0.15,0,Card,2,5,No,,2025-07,45900,21000,24900,Yes,1991
ORD01991,2025-03-24,Completed,C0307,New,55+,Incheon,Home,Cotton Towel Set,SoftDay,2,24000,10000,0,0,Bank Transfer,3,4,No,,2025-03,48000,20000,28000,Yes,1992
ORD01992,2025-10-04,Completed,C0531,New,55+,Daejeon,Home,Cotton Towel Set,SoftDay,2,24000,10000,0,3000,Virtual Account,5,,No,,2025-10,48000,20000,28000,Yes,1993
ORD01993,2025-09-22,Completed,C0677,VIP,35-44,Incheon,Beauty,Lip Tint,Mellow,3,14000,5000,0.1,3000,Mobile Pay,4,5,No,,2025-09,37800,15000,22800,Yes,1994
ORD01994,2025-09-27,Completed,C0451,Returning,55+,Seoul,Home,Desk Lamp,Lumen,1,39000,16000,0.15,3000,Bank Transfer,3,4,Yes,Different from description,2025-09,33150,16000,17150,Yes,1995
ORD01995,2025-10-15,Completed,C0644,Returning,45-54,Jeju,Pet,Cat Toy Bundle,PawJoy,2,19000,8000,0.05,0,Mobile Pay,7,3,No,,2025-10,36100,16000,20100,Yes,1996
ORD01996,2025-03-11,Completed,C0688,New,45-54,Gwangju,Pet,Cat Toy Bundle,PawJoy,1,19000,8000,0,3000,Bank Transfer,5,5,No,,2025-03,19000,8000,11000,Yes,1997
ORD01997,2025-06-02,Completed,C0553,Returning,45-54,Daejeon,Beauty,Sunscreen SPF50,Glow,3,18000,7000,0.15,3000,Card,4,4,No,,2025-06,45900,21000,24900,Yes,1998
ORD01998,2025-10-22,Completed,C0381,Returning,55+,Gangwon,Food,Gift Snack Box,HappyBox,2,33000,14000,0,0,Mobile Pay,3,5,No,,2025-10,66000,28000,38000,Yes,1999
ORD01999,2025-01-01,Completed,C0795,VIP,35-44,Gwangju,Electronics,Wireless Earbuds,Nova,2,49000,24000,0.1,3000,Card,4,5,No,,2025-01,88200,48000,40200,Yes,2000
ORD02001,2025-05-09,Completed,C0209,Returning,18-24,Incheon,Food,Protein Bar Pack,FitBite,4,28000,12000,0,0,Bank Transfer,3,4,No,,2025-05,112000,48000,64000,Yes,2002
ORD02002,2025-09-12,Completed,C0311,Returning,18-24,Gangwon,Electronics,Smart Watch,Pulse,2,99000,47000,0.25,3000,Bank Transfer,5,4,No,,2025-09,148500,94000,54500,Yes,2003
ORD02003,2025-05-10,Completed,C0232,Returning,35-44,Daegu,Electronics,Smart Watch,Pulse,2,99000,47000,0,0,Bank Transfer,5,5,No,,2025-05,198000,94000,104000,Yes,2004
ORD02004,2025-03-18,Completed,C0521,New,18-24,Busan,Electronics,Bluetooth Speaker,Soundly,4,65000,31000,0.15,0,Card,2,4,No,,2025-03,221000,124000,97000,Yes,2005
ORD02008,2025-08-15,Completed,C0280,Returning,18-24,Daejeon,Home,Cotton Towel Set,SoftDay,1,24000,10000,0,3000,Bank Transfer,1,5,No,,2025-08,24000,10000,14000,Yes,2009
ORD02009,2025-02-05,Completed,C0023,New,35-44,Gangwon,Electronics,Bluetooth Speaker,Soundly,2,65000,31000,0.1,0,Card,6,4,No,,2025-02,117000,62000,55000,Yes,2010
ORD02010,2025-02-26,Completed,C0453,Returning,25-34,Seoul,Pet,Dog Treats 1kg,Barkly,4,25000,11000,0,3000,Bank Transfer,5,4,No,,2025-02,100000,44000,56000,Yes,2011
ORD02011,2025-04-25,Completed,C0427,New,45-54,Incheon,Beauty,Lip Tint,Mellow,3,14000,5000,0,3000,Card,3,4,No,,2025-04,42000,15000,27000,Yes,2012
ORD02012,2025-10-01,Completed,C0643,Returning,45-54,Jeju,Home,Desk Lamp,Lumen,1,39000,16000,0,3000,Virtual Account,5,5,No,,2025-10,39000,16000,23000,Yes,2013
ORD02013,2025-01-27,Completed,C0823,Returning,55+,Daegu,Fashion,Canvas Sneakers,Walkon,1,59000,26000,0.2,3000,Mobile Pay,5,5,No,,2025-01,47200,26000,21200,Yes,2014
ORD02014,2025-04-05,Completed,C0801,Returning,45-54,Gangwon,Fashion,Crossbody Bag,Morrow,4,43000,18000,0.15,0,Card,4,5,No,,2025-04,146200,72000,74200,Yes,2015
ORD02015,2025-10-13,Completed,C0460,VIP,25-34,Gangwon,Food,Gift Snack Box,HappyBox,2,33000,14000,0,3000,Card,3,4,No,,2025-10,66000,28000,38000,Yes,2016
ORD02016,2025-04-25,Completed,C0538,New,35-44,Incheon,Pet,Dog Treats 1kg,Barkly,1,25000,11000,0,3000,Card,3,5,No,,2025-04,25000,11000,14000,Yes,2017
ORD02017,2025-01-24,Completed,C0742,New,55+,Jeju,Beauty,Sunscreen SPF50,Glow,3,18000,7000,0,3000,Bank Transfer,6,4,No,,2025-01,54000,21000,33000,Yes,2018
ORD02018,2025-10-05,Completed,C0226,Returning,55+,Busan,Food,Protein Bar Pack,FitBite,2,28000,12000,0,3000,Virtual Account,4,4,No,,2025-10,56000,24000,32000,Yes,2019
ORD02019,2025-06-16,Completed,C0786,New,25-34,Busan,Fashion,Canvas Sneakers,Walkon,4,59000,26000,0.2,3000,Bank Transfer,2,5,No,,2025-06,188800,104000,84800,Yes,2020
ORD02021,2025-12-22,Completed,C0615,VIP,45-54,Daejeon,Electronics,Wireless Earbuds,Nova,1,49000,24000,0,0,Virtual Account,1,5,No,,2025-12,49000,24000,25000,Yes,2022
ORD02022,2025-09-02,Completed,C0809,Returning,25-34,Busan,Electronics,Smart Watch,Pulse,1,99000,47000,0,3000,Mobile Pay,3,5,No,,2025-09,99000,47000,52000,Yes,2023
ORD02024,2025-07-26,Completed,C0082,VIP,18-24,Seoul,Electronics,Smart Watch,Pulse,3,99000,47000,0,0,Bank Transfer,2,5,No,,2025-07,297000,141000,156000,Yes,2025
ORD02025,2025-09-03,Completed,C0604,New,25-34,Incheon,Home,Desk Lamp,Lumen,2,39000,16000,0,3000,Card,1,5,No,,2025-09,78000,32000,46000,Yes,2026
ORD02026,2025-07-17,Completed,C0297,VIP,55+,Jeju,Electronics,Bluetooth Speaker,Soundly,1,65000,31000,0.1,3000,Card,6,2,Yes,Late delivery,2025-07,58500,31000,27500,Yes,2027
ORD02027,2025-10-11,Completed,C0580,New,35-44,Daegu,Beauty,Sunscreen SPF50,Glow,1,18000,7000,0,0,Bank Transfer,1,5,No,,2025-10,18000,7000,11000,Yes,2028
ORD02028,2025-12-03,Completed,C0774,New,18-24,Gwangju,Beauty,Sunscreen SPF50,Glow,2,18000,7000,0,3000,Card,1,5,No,,2025-12,36000,14000,22000,Yes,2029
ORD02029,2025-11-24,Completed,C0184,Returning,25-34,Jeju,Beauty,Sunscreen SPF50,Glow,2,18000,7000,0.15,3000,Card,9,3,No,,2025-11,30600,14000,16600,Yes,2030
ORD02030,2025-05-04,Completed,C0180,Returning,35-44,Seoul,Electronics,Bluetooth Speaker,Soundly,2,65000,31000,0,3000,Bank Transfer,3,5,No,,2025-05,130000,62000,68000,Yes,2031
ORD02031,2025-10-09,Completed,C0741,New,45-54,Gwangju,Food,Coffee Bean 1kg,BeanRoot,2,32000,15000,0,0,Bank Transfer,2,5,No,,2025-10,64000,30000,34000,Yes,2032
ORD02033,2025-10-29,Completed,C0435,New,25-34,Gangwon,Electronics,Smart Watch,Pulse,1,99000,47000,0.05,0,Mobile Pay,4,4,No,,2025-10,94050,47000,47050,Yes,2034
ORD02034,2025-12-26,Completed,C0049,New,25-34,Jeju,Food,Coffee Bean 1kg,BeanRoot,2,32000,15000,0,3000,Bank Transfer,4,5,No,,2025-12,64000,30000,34000,Yes,2035
ORD02035,2025-09-03,Completed,C0048,VIP,25-34,Gwangju,Fashion,Crossbody Bag,Morrow,2,43000,18000,0.25,0,Card,5,5,No,,2025-09,64500,36000,28500,Yes,2036
ORD02036,2025-02-26,Completed,C0170,New,18-24,Daegu,Electronics,Smart Watch,Pulse,4,99000,47000,0,3000,Mobile Pay,4,5,No,,2025-02,396000,188000,208000,Yes,2037
ORD02037,2025-11-04,Completed,C0022,Returning,35-44,Gwangju,Pet,Pet Bed,ComfyPaws,3,47000,20000,0,0,Virtual Account,4,4,No,,2025-11,141000,60000,81000,Yes,2038
ORD02038,2025-08-09,Completed,C0511,Returning,25-34,Busan,Home,Cotton Towel Set,SoftDay,3,24000,10000,0,3000,Mobile Pay,3,5,No,,2025-08,72000,30000,42000,Yes,2039
ORD02039,2025-12-01,Completed,C0080,Returning,25-34,Daejeon,Pet,Cat Toy Bundle,PawJoy,2,19000,8000,0,3000,Virtual Account,4,4,No,,2025-12,38000,16000,22000,Yes,2040
ORD02041,2025-07-17,Completed,C0111,New,45-54,Incheon,Pet,Cat Toy Bundle,PawJoy,2,19000,8000,0,3000,Card,3,5,No,,2025-07,38000,16000,22000,Yes,2042
ORD02042,2025-11-27,Completed,C0648,Returning,25-34,Gyeonggi,Fashion,Oversized Hoodie,Northline,3,45000,21000,0.05,3000,Bank Transfer,1,,No,,2025-11,128250,63000,65250,Yes,2043
ORD02043,2025-11-26,Completed,C0048,Returning,25-34,Gangwon,Beauty,Lip Tint,Mellow,1,14000,5000,0,3000,Mobile Pay,5,5,No,,2025-11,14000,5000,9000,Yes,2044
ORD02044,2025-09-03,Completed,C0585,New,45-54,Busan,Food,Gift Snack Box,HappyBox,2,33000,14000,0.1,0,Virtual Account,5,4,No,,2025-09,59400,28000,31400,Yes,2045
ORD02046,2025-11-10,Completed,C0437,Returning,55+,Busan,Electronics,Bluetooth Speaker,Soundly,3,65000,31000,0,3000,Bank Transfer,4,4,No,,2025-11,195000,93000,102000,Yes,2047
ORD02047,2025-02-24,Completed,C0349,New,55+,Daegu,Home,Desk Lamp,Lumen,2,39000,16000,0,3000,Card,3,5,No,,2025-02,78000,32000,46000,Yes,2048
ORD02048,2025-06-06,Completed,C0593,New,18-24,Busan,Food,Protein Bar Pack,FitBite,3,28000,12000,0,3000,Mobile Pay,2,4,No,,2025-06,84000,36000,48000,Yes,2049
ORD02049,2025-01-22,Completed,C0125,New,35-44,Daegu,Food,Protein Bar Pack,FitBite,1,28000,12000,0,3000,Card,4,4,No,,2025-01,28000,12000,16000,Yes,2050
ORD02051,2025-12-22,Completed,C0717,Returning,45-54,Gyeonggi,Electronics,Bluetooth Speaker,Soundly,4,65000,31000,0.1,0,Card,4,5,No,,2025-12,234000,124000,110000,Yes,2052
ORD02052,2025-04-19,Completed,C0153,VIP,18-24,Gyeonggi,Food,Protein Bar Pack,FitBite,3,28000,12000,0,3000,Mobile Pay,2,5,No,,2025-04,84000,36000,48000,Yes,2053
ORD02054,2025-09-20,Completed,C0048,Returning,25-34,Gwangju,Home,Desk Lamp,Lumen,2,39000,16000,0,0,Bank Transfer,3,4,No,,2025-09,78000,32000,46000,Yes,2055
ORD02055,2025-09-26,Completed,C0074,VIP,25-34,Gwangju,Electronics,Bluetooth Speaker,Soundly,1,65000,31000,0.05,3000,Card,1,4,No,,2025-09,61750,31000,30750,Yes,2056
ORD02056,2025-06-15,Completed,C0505,New,35-44,Gangwon,Fashion,Canvas Sneakers,Walkon,3,59000,26000,0,0,Mobile Pay,3,5,No,,2025-06,177000,78000,99000,Yes,2057
ORD02057,2025-08-13,Completed,C0162,Returning,25-34,Gyeonggi,Food,Coffee Bean 1kg,BeanRoot,3,32000,15000,0,3000,Mobile Pay,4,4,No,,2025-08,96000,45000,51000,Yes,2058
ORD02058,2025-11-21,Completed,C0355,Returning,18-24,Seoul,Food,Gift Snack Box,HappyBox,1,33000,14000,0,0,Bank Transfer,3,4,No,,2025-11,33000,14000,19000,Yes,2059
ORD02059,2025-01-03,Completed,C0402,Returning,55+,Busan,Food,Gift Snack Box,HappyBox,2,33000,14000,0,0,Virtual Account,2,5,No,,2025-01,66000,28000,38000,Yes,2060
ORD02060,2025-11-08,Completed,C0356,New,45-54,Gyeonggi,Electronics,Wireless Earbuds,Nova,2,49000,24000,0.2,0,Bank Transfer,4,5,No,,2025-11,78400,48000,30400,Yes,2061
ORD02061,2025-07-04,Completed,C0427,New,45-54,Jeju,Pet,Dog Treats 1kg,Barkly,1,25000,11000,0,3000,Mobile Pay,8,4,No,,2025-07,25000,11000,14000,Yes,2062
ORD02062,2025-09-18,Completed,C0244,Returning,55+,Jeju,Fashion,Canvas Sneakers,Walkon,3,59000,26000,0,3000,Mobile Pay,8,4,No,,2025-09,177000,78000,99000,Yes,2063
ORD02063,2025-07-19,Completed,C0533,New,55+,Daejeon,Food,Protein Bar Pack,FitBite,2,28000,12000,0,0,Bank Transfer,4,5,No,,2025-07,56000,24000,32000,Yes,2064
ORD02064,2025-02-22,Completed,C0484,Returning,45-54,Gyeonggi,Home,Desk Lamp,Lumen,4,39000,16000,0,3000,Mobile Pay,4,5,No,,2025-02,156000,64000,92000,Yes,2065
ORD02065,2025-02-28,Completed,C0419,New,45-54,Gyeonggi,Beauty,Sunscreen SPF50,Glow,3,18000,7000,0,3000,Mobile Pay,5,5,No,,2025-02,54000,21000,33000,Yes,2066
ORD02066,2025-05-05,Completed,C0190,Returning,35-44,Incheon,Beauty,Lip Tint,Mellow,4,14000,5000,0,3000,Virtual Account,3,5,No,,2025-05,56000,20000,36000,Yes,2067
ORD02067,2025-04-21,Completed,C0581,New,25-34,Busan,Pet,Cat Toy Bundle,PawJoy,2,19000,8000,0,0,Mobile Pay,1,4,No,,2025-04,38000,16000,22000,Yes,2068
ORD02068,2025-08-22,Completed,C0608,Returning,45-54,Jeju,Home,Storage Box Set,NeatHome,4,29000,12000,0.2,3000,Card,8,4,No,,2025-08,92800,48000,44800,Yes,2069
ORD02069,2025-08-23,Completed,C0209,New,35-44,Daegu,Beauty,Sunscreen SPF50,Glow,3,18000,7000,0.25,3000,Mobile Pay,4,5,No,,2025-08,40500,21000,19500,Yes,2070
ORD02070,2025-07-17,Completed,C0330,Returning,18-24,Gwangju,Home,Storage Box Set,NeatHome,2,29000,12000,0,0,Mobile Pay,2,5,No,,2025-07,58000,24000,34000,Yes,2071
ORD02071,2025-02-23,Completed,C0327,VIP,55+,Gyeonggi,Pet,Pet Bed,ComfyPaws,3,47000,20000,0,0,Mobile Pay,1,4,No,,2025-02,141000,60000,81000,Yes,2072
ORD02072,2025-01-23,Completed,C0768,Returning,18-24,Daejeon,Electronics,Wireless Earbuds,Nova,2,49000,24000,0,3000,Card,4,,No,,2025-01,98000,48000,50000,Yes,2073
ORD02073,2025-07-06,Completed,C0382,New,35-44,Gwangju,Home,Desk Lamp,Lumen,2,39000,16000,0.25,0,Card,1,4,No,,2025-07,58500,32000,26500,Yes,2074
ORD02074,2025-08-26,Completed,C0652,New,55+,Gyeonggi,Electronics,Bluetooth Speaker,Soundly,1,65000,31000,0,3000,Bank Transfer,4,5,No,,2025-08,65000,31000,34000,Yes,2075
ORD02075,2025-09-20,Completed,C0394,Returning,18-24,Incheon,Electronics,Wireless Earbuds,Nova,4,49000,24000,0.2,3000,Mobile Pay,3,5,No,,2025-09,156800,96000,60800,Yes,2076
ORD02076,2025-06-15,Completed,C0737,New,18-24,Daejeon,Home,Desk Lamp,Lumen,2,39000,16000,0,0,Mobile Pay,1,5,No,,2025-06,78000,32000,46000,Yes,2077
ORD02077,2025-01-26,Completed,C0433,Returning,45-54,Gyeonggi,Pet,Cat Toy Bundle,PawJoy,3,19000,8000,0,3000,Bank Transfer,2,4,No,,2025-01,57000,24000,33000,Yes,2078
ORD02078,2025-09-06,Completed,C0450,New,18-24,Busan,Pet,Dog Treats 1kg,Barkly,2,25000,11000,0,0,Mobile Pay,2,5,No,,2025-09,50000,22000,28000,Yes,2079
ORD02079,2025-02-19,Completed,C0553,Returning,35-44,Jeju,Pet,Cat Toy Bundle,PawJoy,2,19000,8000,0,3000,Bank Transfer,5,4,No,,2025-02,38000,16000,22000,Yes,2080
ORD02080,2025-07-21,Completed,C0325,New,18-24,Jeju,Food,Gift Snack Box,HappyBox,1,33000,14000,0,3000,Mobile Pay,6,4,No,,2025-07,33000,14000,19000,Yes,2081
ORD02082,2025-01-30,Completed,C0062,VIP,55+,Busan,Food,Coffee Bean 1kg,BeanRoot,4,32000,15000,0,3000,Mobile Pay,2,4,No,,2025-01,128000,60000,68000,Yes,2083
ORD02083,2025-03-16,Completed,C0836,Returning,18-24,Daegu,Fashion,Crossbody Bag,Morrow,3,43000,18000,0.05,0,Bank Transfer,5,4,No,,2025-03,122550,54000,68550,Yes,2084
ORD02084,2025-02-02,Completed,C0664,New,25-34,Daejeon,Pet,Dog Treats 1kg,Barkly,1,25000,11000,0.1,0,Virtual Account,5,4,No,,2025-02,22500,11000,11500,Yes,2085
ORD02085,2025-03-03,Completed,C0732,VIP,45-54,Gyeonggi,Food,Protein Bar Pack,FitBite,2,28000,12000,0,3000,Virtual Account,2,5,No,,2025-03,56000,24000,32000,Yes,2086
ORD02086,2025-06-26,Completed,C0323,Returning,25-34,Gyeonggi,Home,Storage Box Set,NeatHome,1,29000,12000,0,3000,Virtual Account,4,5,No,,2025-06,29000,12000,17000,Yes,2087
ORD02087,2025-12-08,Completed,C0494,Returning,55+,Daejeon,Beauty,Hydrating Serum,PureLab,3,22000,9000,0,0,Bank Transfer,3,4,No,,2025-12,66000,27000,39000,Yes,2088
ORD02088,2025-02-17,Completed,C0060,New,18-24,Gyeonggi,Home,Desk Lamp,Lumen,2,39000,16000,0.2,0,Virtual Account,3,5,No,,2025-02,62400,32000,30400,Yes,2089
ORD02089,2025-05-19,Completed,C0580,New,55+,Incheon,Food,Coffee Bean 1kg,BeanRoot,3,32000,15000,0,3000,Bank Transfer,2,5,No,,2025-05,96000,45000,51000,Yes,2090
ORD02090,2025-06-22,Completed,C0106,Returning,45-54,Daejeon,Fashion,Oversized Hoodie,Northline,3,45000,21000,0,0,Mobile Pay,5,4,No,,2025-06,135000,63000,72000,Yes,2091
ORD02091,2025-02-16,Completed,C0322,VIP,25-34,Daegu,Fashion,Crossbody Bag,Morrow,2,43000,18000,0,3000,Bank Transfer,2,5,No,,2025-02,86000,36000,50000,Yes,2092
ORD02092,2025-08-31,Completed,C0701,Returning,55+,Gangwon,Pet,Pet Bed,ComfyPaws,1,47000,20000,0,3000,Bank Transfer,8,4,No,,2025-08,47000,20000,27000,Yes,2093
ORD02093,2025-11-17,Completed,C0778,Returning,18-24,Gyeonggi,Pet,Dog Treats 1kg,Barkly,2,25000,11000,0,3000,Mobile Pay,3,5,No,,2025-11,50000,22000,28000,Yes,2094
ORD02095,2025-11-09,Completed,C0244,New,35-44,Gyeonggi,Pet,Pet Bed,ComfyPaws,3,47000,20000,0,3000,Bank Transfer,4,5,No,,2025-11,141000,60000,81000,Yes,2096
ORD02096,2025-11-10,Completed,C0741,VIP,18-24,Incheon,Electronics,Smart Watch,Pulse,2,99000,47000,0.25,3000,Virtual Account,2,,No,,2025-11,148500,94000,54500,Yes,2097
ORD02097,2025-03-05,Completed,C0282,Returning,25-34,Incheon,Pet,Cat Toy Bundle,PawJoy,2,19000,8000,0.1,3000,Mobile Pay,1,4,No,,2025-03,34200,16000,18200,Yes,2098
ORD02098,2025-09-18,Completed,C0066,Returning,25-34,Gyeonggi,Pet,Cat Toy Bundle,PawJoy,4,19000,8000,0,0,Virtual Account,1,5,No,,2025-09,76000,32000,44000,Yes,2099
ORD02099,2025-02-15,Completed,C0729,New,45-54,Gwangju,Beauty,Lip Tint,Mellow,1,14000,5000,0,3000,Virtual Account,3,4,No,,2025-02,14000,5000,9000,Yes,2100
ORD02100,2025-01-07,Completed,C0510,VIP,35-44,Gangwon,Pet,Dog Treats 1kg,Barkly,3,25000,11000,0,3000,Mobile Pay,7,4,No,,2025-01,75000,33000,42000,Yes,2101
ORD02101,2025-10-11,Completed,C0342,New,45-54,Daejeon,Home,Desk Lamp,Lumen,3,39000,16000,0,3000,Bank Transfer,4,5,No,,2025-10,117000,48000,69000,Yes,2102
ORD02102,2025-01-02,Completed,C0741,Returning,25-34,Daegu,Fashion,Canvas Sneakers,Walkon,4,59000,26000,0,3000,Virtual Account,3,5,No,,2025-01,236000,104000,132000,Yes,2103
ORD02103,2025-06-02,Completed,C0710,VIP,25-34,Incheon,Food,Coffee Bean 1kg,BeanRoot,2,32000,15000,0.25,3000,Bank Transfer,3,5,No,,2025-06,48000,30000,18000,Yes,2104
ORD02104,2025-07-12,Completed,C0446,VIP,18-24,Gangwon,Fashion,Crossbody Bag,Morrow,4,43000,18000,0.1,0,Mobile Pay,8,3,Yes,Damaged item,2025-07,154800,72000,82800,Yes,2105
ORD02105,2025-07-18,Completed,C0774,New,55+,Gyeonggi,Home,Cotton Towel Set,SoftDay,2,24000,10000,0,3000,Bank Transfer,1,4,No,,2025-07,48000,20000,28000,Yes,2106
ORD02106,2025-12-02,Completed,C0190,Returning,18-24,Incheon,Electronics,Smart Watch,Pulse,4,99000,47000,0.25,0,Mobile Pay,4,4,No,,2025-12,297000,188000,109000,Yes,2107
ORD02107,2025-10-26,Completed,C0441,VIP,25-34,Gangwon,Fashion,Oversized Hoodie,Northline,2,45000,21000,0.15,0,Bank Transfer,7,4,No,,2025-10,76500,42000,34500,Yes,2108
ORD02108,2025-12-24,Completed,C0712,Returning,55+,Gyeonggi,Electronics,Bluetooth Speaker,Soundly,1,65000,31000,0.25,3000,Mobile Pay,2,5,No,,2025-12,48750,31000,17750,Yes,2109
ORD02109,2025-10-01,Completed,C0088,New,45-54,Jeju,Electronics,Bluetooth Speaker,Soundly,1,65000,31000,0.1,3000,Mobile Pay,5,5,No,,2025-10,58500,31000,27500,Yes,2110
ORD02110,2025-06-04,Completed,C0493,VIP,35-44,Gangwon,Home,Storage Box Set,NeatHome,2,29000,12000,0,3000,Virtual Account,1,5,No,,2025-06,58000,24000,34000,Yes,2111
ORD02111,2025-11-11,Completed,C0845,VIP,55+,Busan,Electronics,Wireless Earbuds,Nova,1,49000,24000,0.25,0,Bank Transfer,5,4,No,,2025-11,36750,24000,12750,Yes,2112
ORD02112,2025-09-25,Completed,C0550,New,18-24,Gyeonggi,Pet,Pet Bed,ComfyPaws,1,47000,20000,0.25,3000,Virtual Account,1,4,Yes,Damaged item,2025-09,35250,20000,15250,Yes,2113
ORD02113,2025-05-31,Completed,C0559,New,18-24,Jeju,Fashion,Crossbody Bag,Morrow,3,43000,18000,0,3000,Mobile Pay,1,4,No,,2025-05,129000,54000,75000,Yes,2114
ORD02114,2025-12-26,Completed,C0174,Returning,55+,Jeju,Home,Cotton Towel Set,SoftDay,3,24000,10000,0,3000,Mobile Pay,9,2,Yes,Changed mind,2025-12,72000,30000,42000,Yes,2115
ORD02115,2025-09-03,Completed,C0754,Returning,25-34,Busan,Fashion,Canvas Sneakers,Walkon,2,59000,26000,0.15,3000,Bank Transfer,2,4,No,,2025-09,100300,52000,48300,Yes,2116
ORD02116,2025-08-12,Completed,C0124,New,25-34,Daegu,Food,Coffee Bean 1kg,BeanRoot,3,32000,15000,0.25,3000,Virtual Account,1,4,No,,2025-08,72000,45000,27000,Yes,2117
ORD02117,2025-02-26,Completed,C0110,VIP,55+,Busan,Home,Desk Lamp,Lumen,4,39000,16000,0.2,3000,Mobile Pay,1,5,No,,2025-02,124800,64000,60800,Yes,2118
ORD02118,2025-03-07,Completed,C0611,Returning,25-34,Gangwon,Pet,Dog Treats 1kg,Barkly,1,25000,11000,0,0,Mobile Pay,4,5,No,,2025-03,25000,11000,14000,Yes,2119
ORD02119,2025-12-14,Completed,C0048,Returning,18-24,Gyeonggi,Fashion,Crossbody Bag,Morrow,4,43000,18000,0.15,0,Bank Transfer,5,4,No,,2025-12,146200,72000,74200,Yes,2120
ORD02120,2025-04-13,Completed,C0223,VIP,25-34,Busan,Fashion,Oversized Hoodie,Northline,2,45000,21000,0.05,3000,Mobile Pay,1,4,No,,2025-04,85500,42000,43500,Yes,2121
ORD02121,2025-12-14,Completed,C0474,Returning,55+,Gwangju,Home,Desk Lamp,Lumen,4,39000,16000,0.1,3000,Mobile Pay,4,4,No,,2025-12,140400,64000,76400,Yes,2122
ORD02122,2025-07-12,Completed,C0801,Returning,25-34,Gangwon,Pet,Cat Toy Bundle,PawJoy,4,19000,8000,0,3000,Virtual Account,5,4,No,,2025-07,76000,32000,44000,Yes,2123
ORD02124,2025-09-05,Completed,C0061,Returning,55+,Gangwon,Food,Protein Bar Pack,FitBite,2,28000,12000,0,3000,Bank Transfer,1,4,No,,2025-09,56000,24000,32000,Yes,2125
ORD02125,2025-03-16,Completed,C0699,New,45-54,Incheon,Electronics,Smart Watch,Pulse,4,99000,47000,0,0,Virtual Account,2,4,No,,2025-03,396000,188000,208000,Yes,2126
ORD02126,2025-03-02,Completed,C0651,Returning,25-34,Seoul,Fashion,Canvas Sneakers,Walkon,1,59000,26000,0,0,Mobile Pay,4,4,No,,2025-03,59000,26000,33000,Yes,2127
ORD02127,2025-11-27,Completed,C0566,Returning,18-24,Gwangju,Beauty,Hydrating Serum,PureLab,3,22000,9000,0.1,0,Mobile Pay,2,4,No,,2025-11,59400,27000,32400,Yes,2128
ORD02128,2025-02-24,Completed,C0711,New,55+,Gangwon,Pet,Cat Toy Bundle,PawJoy,4,19000,8000,0.05,0,Mobile Pay,5,5,No,,2025-02,72200,32000,40200,Yes,2129
ORD02129,2025-10-23,Completed,C0501,New,55+,Daegu,Pet,Pet Bed,ComfyPaws,1,47000,20000,0,3000,Card,1,5,No,,2025-10,47000,20000,27000,Yes,2130
ORD02130,2025-10-26,Completed,C0080,New,35-44,Jeju,Beauty,Sunscreen SPF50,Glow,2,18000,7000,0.2,0,Bank Transfer,3,4,No,,2025-10,28800,14000,14800,Yes,2131
ORD02131,2025-05-02,Completed,C0214,Returning,25-34,Gyeonggi,Electronics,Wireless Earbuds,Nova,2,49000,24000,0,0,Virtual Account,3,4,No,,2025-05,98000,48000,50000,Yes,2132
ORD02132,2025-05-30,Completed,C0098,VIP,18-24,Jeju,Fashion,Canvas Sneakers,Walkon,3,59000,26000,0,3000,Mobile Pay,8,3,No,,2025-05,177000,78000,99000,Yes,2133
ORD02133,2025-05-12,Completed,C0538,Returning,25-34,Busan,Fashion,Oversized Hoodie,Northline,2,45000,21000,0,3000,Card,2,5,No,,2025-05,90000,42000,48000,Yes,2134
ORD02134,2025-08-27,Completed,C0307,VIP,25-34,Busan,Food,Protein Bar Pack,FitBite,4,28000,12000,0.15,0,Bank Transfer,1,4,No,,2025-08,95200,48000,47200,Yes,2135
ORD02135,2025-10-02,Completed,C0678,VIP,45-54,Gyeonggi,Food,Coffee Bean 1kg,BeanRoot,3,32000,15000,0,3000,Card,1,4,No,,2025-10,96000,45000,51000,Yes,2136
ORD02136,2025-01-31,Completed,C0375,Returning,35-44,Gwangju,Beauty,Lip Tint,Mellow,2,14000,5000,0,3000,Card,3,5,No,,2025-01,28000,10000,18000,Yes,2137
ORD02137,2025-12-10,Completed,C0417,New,25-34,Incheon,Beauty,Hydrating Serum,PureLab,3,22000,9000,0,0,Mobile Pay,5,5,No,,2025-12,66000,27000,39000,Yes,2138
ORD02138,2025-04-15,Completed,C0580,Returning,35-44,Daegu,Electronics,Smart Watch,Pulse,1,99000,47000,0,0,Virtual Account,2,4,No,,2025-04,99000,47000,52000,Yes,2139
ORD02139,2025-01-13,Completed,C0675,New,55+,Busan,Fashion,Canvas Sneakers,Walkon,4,59000,26000,0,3000,Card,2,5,No,,2025-01,236000,104000,132000,Yes,2140
ORD02140,2025-10-01,Completed,C0527,New,55+,Jeju,Fashion,Crossbody Bag,Morrow,2,43000,18000,0,0,Virtual Account,2,5,No,,2025-10,86000,36000,50000,Yes,2141
ORD02141,2025-02-14,Completed,C0152,New,45-54,Gangwon,Beauty,Sunscreen SPF50,Glow,2,18000,7000,0.15,0,Virtual Account,9,3,No,,2025-02,30600,14000,16600,Yes,2142
ORD02142,2025-10-29,Completed,C0164,Returning,55+,Seoul,Electronics,Bluetooth Speaker,Soundly,3,65000,31000,0,0,Virtual Account,3,4,No,,2025-10,195000,93000,102000,Yes,2143
ORD02143,2025-03-04,Completed,C0366,VIP,45-54,Daegu,Beauty,Sunscreen SPF50,Glow,2,18000,7000,0,3000,Mobile Pay,3,5,No,,2025-03,36000,14000,22000,Yes,2144
ORD02144,2025-03-17,Completed,C0469,VIP,45-54,Daejeon,Pet,Cat Toy Bundle,PawJoy,2,19000,8000,0,3000,Virtual Account,2,5,No,,2025-03,38000,16000,22000,Yes,2145
ORD02145,2025-12-03,Completed,C0345,Returning,55+,Daegu,Electronics,Smart Watch,Pulse,4,99000,47000,0,3000,Virtual Account,4,4,No,,2025-12,396000,188000,208000,Yes,2146
ORD02146,2025-09-30,Completed,C0716,New,45-54,Jeju,Beauty,Lip Tint,Mellow,1,14000,5000,0,3000,Bank Transfer,5,4,No,,2025-09,14000,5000,9000,Yes,2147
ORD02147,2025-03-27,Completed,C0492,VIP,45-54,Gwangju,Fashion,Oversized Hoodie,Northline,4,45000,21000,0,3000,Mobile Pay,1,3,Yes,Different from description,2025-03,180000,84000,96000,Yes,2148
ORD02148,2025-08-21,Completed,C0567,New,35-44,Gyeonggi,Home,Cotton Towel Set,SoftDay,2,24000,10000,0,3000,Bank Transfer,2,4,No,,2025-08,48000,20000,28000,Yes,2149
ORD02149,2025-06-23,Completed,C0205,New,45-54,Seoul,Home,Cotton Towel Set,SoftDay,4,24000,10000,0,3000,Bank Transfer,4,,No,,2025-06,96000,40000,56000,Yes,2150
ORD02150,2025-06-25,Completed,C0381,Returning,45-54,Jeju,Beauty,Sunscreen SPF50,Glow,2,18000,7000,0,3000,Bank Transfer,7,4,No,,2025-06,36000,14000,22000,Yes,2151
ORD02151,2025-04-28,Completed,C0679,VIP,18-24,Jeju,Beauty,Sunscreen SPF50,Glow,1,18000,7000,0.25,3000,Mobile Pay,6,4,No,,2025-04,13500,7000,6500,Yes,2152
ORD02152,2025-01-03,Completed,C0242,New,25-34,Gangwon,Electronics,Bluetooth Speaker,Soundly,3,65000,31000,0,3000,Card,5,5,No,,2025-01,195000,93000,102000,Yes,2153
ORD02153,2025-11-17,Completed,C0725,Returning,35-44,Daejeon,Pet,Pet Bed,ComfyPaws,3,47000,20000,0,3000,Virtual Account,3,4,No,,2025-11,141000,60000,81000,Yes,2154
ORD02154,2025-11-20,Completed,C0802,New,45-54,Gwangju,Electronics,Bluetooth Speaker,Soundly,3,65000,31000,0,0,Virtual Account,4,4,No,,2025-11,195000,93000,102000,Yes,2155
ORD02155,2025-06-10,Completed,C0024,VIP,18-24,Busan,Food,Coffee Bean 1kg,BeanRoot,3,32000,15000,0,3000,Bank Transfer,3,,No,,2025-06,96000,45000,51000,Yes,2156
ORD02156,2025-11-03,Completed,C0152,Returning,18-24,Gwangju,Beauty,Sunscreen SPF50,Glow,3,18000,7000,0,0,Virtual Account,5,4,No,,2025-11,54000,21000,33000,Yes,2157
ORD02157,2025-02-10,Completed,C0267,New,25-34,Daegu,Home,Cotton Towel Set,SoftDay,3,24000,10000,0,0,Mobile Pay,2,5,No,,2025-02,72000,30000,42000,Yes,2158
ORD02158,2025-10-05,Completed,C0790,Returning,25-34,Gwangju,Pet,Pet Bed,ComfyPaws,2,47000,20000,0.25,3000,Virtual Account,5,5,No,,2025-10,70500,40000,30500,Yes,2159
ORD02159,2025-12-14,Completed,C0024,VIP,45-54,Gyeonggi,Food,Protein Bar Pack,FitBite,1,28000,12000,0.15,3000,Mobile Pay,3,4,No,,2025-12,23800,12000,11800,Yes,2160
ORD02160,2025-04-28,Completed,C0306,New,25-34,Busan,Pet,Pet Bed,ComfyPaws,2,47000,20000,0.15,3000,Bank Transfer,5,5,No,,2025-04,79900,40000,39900,Yes,2161
ORD02161,2025-04-30,Completed,C0369,New,18-24,Daegu,Fashion,Oversized Hoodie,Northline,3,45000,21000,0.25,3000,Card,4,4,Yes,Wrong size,2025-04,101250,63000,38250,Yes,2162
ORD02162,2025-10-03,Completed,C0563,VIP,45-54,Gyeonggi,Home,Cotton Towel Set,SoftDay,1,24000,10000,0,3000,Card,5,5,No,,2025-10,24000,10000,14000,Yes,2163
ORD02163,2025-06-12,Completed,C0834,New,18-24,Gyeonggi,Home,Storage Box Set,NeatHome,4,29000,12000,0,3000,Virtual Account,3,4,No,,2025-06,116000,48000,68000,Yes,2164
ORD02164,2025-04-18,Completed,C0218,VIP,45-54,Busan,Electronics,Bluetooth Speaker,Soundly,3,65000,31000,0,3000,Card,4,5,No,,2025-04,195000,93000,102000,Yes,2165
ORD02165,2025-02-04,Completed,C0665,Returning,18-24,Gwangju,Home,Desk Lamp,Lumen,3,39000,16000,0.1,3000,Mobile Pay,1,4,No,,2025-02,105300,48000,57300,Yes,2166
ORD02168,2025-04-19,Completed,C0441,New,18-24,Incheon,Food,Gift Snack Box,HappyBox,4,33000,14000,0,0,Bank Transfer,1,4,No,,2025-04,132000,56000,76000,Yes,2169
ORD02169,2025-11-05,Completed,C0573,New,25-34,Daejeon,Food,Gift Snack Box,HappyBox,1,33000,14000,0.2,3000,Mobile Pay,3,5,No,,2025-11,26400,14000,12400,Yes,2170
ORD02170,2025-05-24,Completed,C0168,Returning,55+,Gyeonggi,Fashion,Crossbody Bag,Morrow,3,43000,18000,0,3000,Card,5,4,Yes,Damaged item,2025-05,129000,54000,75000,Yes,2171
ORD02171,2025-11-28,Completed,C0593,New,25-34,Busan,Fashion,Canvas Sneakers,Walkon,1,59000,26000,0,3000,Mobile Pay,3,4,No,,2025-11,59000,26000,33000,Yes,2172
ORD02172,2025-06-06,Completed,C0557,New,18-24,Gangwon,Home,Storage Box Set,NeatHome,2,29000,12000,0,0,Card,5,5,No,,2025-06,58000,24000,34000,Yes,2173
ORD02173,2025-11-20,Completed,C0273,VIP,35-44,Gwangju,Electronics,Smart Watch,Pulse,1,99000,47000,0,3000,Bank Transfer,1,4,No,,2025-11,99000,47000,52000,Yes,2174
ORD02174,2025-08-19,Completed,C0057,Returning,35-44,Gyeonggi,Beauty,Sunscreen SPF50,Glow,3,18000,7000,0.2,3000,Bank Transfer,5,4,No,,2025-08,43200,21000,22200,Yes,2175
ORD02175,2025-10-29,Completed,C0450,New,45-54,Gwangju,Beauty,Lip Tint,Mellow,4,14000,5000,0,3000,Card,1,4,No,,2025-10,56000,20000,36000,Yes,2176
ORD02176,2025-03-02,Completed,C0002,VIP,55+,Gwangju,Home,Storage Box Set,NeatHome,2,29000,12000,0,0,Mobile Pay,1,3,Yes,Late delivery,2025-03,58000,24000,34000,Yes,2177
ORD02177,2025-11-26,Completed,C0462,Returning,25-34,Daejeon,Home,Desk Lamp,Lumen,2,39000,16000,0.2,0,Bank Transfer,1,4,No,,2025-11,62400,32000,30400,Yes,2178
ORD02178,2025-04-06,Completed,C0143,New,45-54,Gangwon,Pet,Cat Toy Bundle,PawJoy,4,19000,8000,0,0,Mobile Pay,5,4,No,,2025-04,76000,32000,44000,Yes,2179
ORD02179,2025-07-04,Completed,C0268,New,55+,Daegu,Food,Coffee Bean 1kg,BeanRoot,1,32000,15000,0.1,0,Bank Transfer,1,5,No,,2025-07,28800,15000,13800,Yes,2180
ORD02180,2025-08-23,Completed,C0305,New,35-44,Gwangju,Beauty,Hydrating Serum,PureLab,1,22000,9000,0,3000,Virtual Account,4,4,No,,2025-08,22000,9000,13000,Yes,2181
ORD02181,2025-04-13,Completed,C0164,Returning,55+,Seoul,Fashion,Oversized Hoodie,Northline,2,45000,21000,0,3000,Bank Transfer,2,5,No,,2025-04,90000,42000,48000,Yes,2182
ORD02183,2025-09-13,Completed,C0788,New,18-24,Daejeon,Fashion,Canvas Sneakers,Walkon,1,59000,26000,0.1,0,Mobile Pay,2,5,No,,2025-09,53100,26000,27100,Yes,2184
ORD02184,2025-07-14,Completed,C0221,VIP,35-44,Gwangju,Food,Protein Bar Pack,FitBite,2,28000,12000,0.05,3000,Bank Transfer,1,,No,,2025-07,53200,24000,29200,Yes,2185
ORD02185,2025-06-24,Completed,C0154,Returning,18-24,Busan,Food,Gift Snack Box,HappyBox,3,33000,14000,0,3000,Virtual Account,5,5,No,,2025-06,99000,42000,57000,Yes,2186
ORD02186,2025-12-10,Completed,C0683,Returning,55+,Busan,Home,Storage Box Set,NeatHome,3,29000,12000,0,3000,Mobile Pay,4,5,No,,2025-12,87000,36000,51000,Yes,2187
ORD02187,2025-10-31,Completed,C0499,New,35-44,Gangwon,Beauty,Hydrating Serum,PureLab,2,22000,9000,0,3000,Bank Transfer,3,5,No,,2025-10,44000,18000,26000,Yes,2188
ORD02188,2025-08-11,Completed,C0420,Returning,35-44,Busan,Pet,Pet Bed,ComfyPaws,4,47000,20000,0,3000,Virtual Account,4,5,No,,2025-08,188000,80000,108000,Yes,2189
ORD02189,2025-08-22,Completed,C0148,Returning,45-54,Gyeonggi,Electronics,Wireless Earbuds,Nova,4,49000,24000,0,3000,Virtual Account,1,5,No,,2025-08,196000,96000,100000,Yes,2190
ORD02190,2025-10-18,Completed,C0588,VIP,35-44,Gangwon,Electronics,Bluetooth Speaker,Soundly,1,65000,31000,0,3000,Bank Transfer,7,4,No,,2025-10,65000,31000,34000,Yes,2191
ORD02191,2025-04-26,Completed,C0178,Returning,45-54,Busan,Fashion,Canvas Sneakers,Walkon,2,59000,26000,0.05,0,Mobile Pay,3,3,Yes,Changed mind,2025-04,112100,52000,60100,Yes,2192
ORD02192,2025-07-20,Completed,C0497,New,35-44,Seoul,Home,Storage Box Set,NeatHome,4,29000,12000,0.15,3000,Card,5,5,No,,2025-07,98600,48000,50600,Yes,2193
ORD02193,2025-01-17,Completed,C0126,New,45-54,Gwangju,Fashion,Canvas Sneakers,Walkon,2,59000,26000,0,0,Virtual Account,1,5,No,,2025-01,118000,52000,66000,Yes,2194
ORD02194,2025-12-24,Completed,C0165,New,45-54,Seoul,Beauty,Lip Tint,Mellow,4,14000,5000,0,0,Card,2,4,No,,2025-12,56000,20000,36000,Yes,2195
ORD02195,2025-08-12,Completed,C0192,Returning,35-44,Gangwon,Fashion,Oversized Hoodie,Northline,1,45000,21000,0,3000,Bank Transfer,2,4,No,,2025-08,45000,21000,24000,Yes,2196
ORD02196,2025-04-03,Completed,C0660,Returning,55+,Seoul,Home,Desk Lamp,Lumen,3,39000,16000,0.1,0,Card,2,5,No,,2025-04,105300,48000,57300,Yes,2197
ORD02197,2025-02-01,Completed,C0382,Returning,18-24,Daegu,Home,Cotton Towel Set,SoftDay,2,24000,10000,0.15,3000,Virtual Account,5,5,No,,2025-02,40800,20000,20800,Yes,2198
ORD02198,2025-01-11,Completed,C0101,New,55+,Incheon,Food,Gift Snack Box,HappyBox,4,33000,14000,0.2,3000,Card,4,,No,,2025-01,105600,56000,49600,Yes,2199
ORD02200,2025-07-10,Completed,C0455,New,35-44,Gyeonggi,Beauty,Hydrating Serum,PureLab,1,22000,9000,0.25,3000,Card,3,4,No,,2025-07,16500,9000,7500,Yes,2201
ORD02201,2025-03-11,Completed,C0149,Returning,55+,Incheon,Food,Protein Bar Pack,FitBite,1,28000,12000,0,0,Bank Transfer,5,4,No,,2025-03,28000,12000,16000,Yes,2202
ORD02202,2025-01-30,Completed,C0506,New,35-44,Daejeon,Electronics,Bluetooth Speaker,Soundly,3,65000,31000,0,3000,Card,1,5,No,,2025-01,195000,93000,102000,Yes,2203
ORD02203,2025-07-08,Completed,C0666,New,35-44,Daejeon,Fashion,Crossbody Bag,Morrow,2,43000,18000,0.15,3000,Bank Transfer,3,5,No,,2025-07,73100,36000,37100,Yes,2204
ORD02204,2025-08-26,Completed,C0075,New,35-44,Seoul,Beauty,Hydrating Serum,PureLab,4,22000,9000,0.25,0,Card,2,4,No,,2025-08,66000,36000,30000,Yes,2205
ORD02205,2025-10-04,Completed,C0599,New,35-44,Daejeon,Home,Storage Box Set,NeatHome,1,29000,12000,0,3000,Card,5,5,No,,2025-10,29000,12000,17000,Yes,2206
ORD02206,2025-11-17,Completed,C0162,VIP,55+,Busan,Home,Desk Lamp,Lumen,1,39000,16000,0.1,3000,Mobile Pay,3,5,No,,2025-11,35100,16000,19100,Yes,2207
ORD02207,2025-04-04,Completed,C0006,Returning,25-34,Gwangju,Pet,Cat Toy Bundle,PawJoy,2,19000,8000,0,0,Bank Transfer,2,4,No,,2025-04,38000,16000,22000,Yes,2208
ORD02208,2025-04-08,Completed,C0849,VIP,35-44,Daegu,Electronics,Bluetooth Speaker,Soundly,4,65000,31000,0,0,Virtual Account,4,3,Yes,Damaged item,2025-04,260000,124000,136000,Yes,2209
ORD02209,2025-11-12,Completed,C0214,Returning,35-44,Incheon,Pet,Cat Toy Bundle,PawJoy,3,19000,8000,0.25,3000,Bank Transfer,4,5,No,,2025-11,42750,24000,18750,Yes,2210
ORD02210,2025-03-29,Completed,C0566,Returning,25-34,Jeju,Fashion,Crossbody Bag,Morrow,1,43000,18000,0,0,Virtual Account,2,3,Yes,Changed mind,2025-03,43000,18000,25000,Yes,2211
ORD02211,2025-06-02,Completed,C0494,Returning,45-54,Busan,Beauty,Hydrating Serum,PureLab,4,22000,9000,0.1,3000,Bank Transfer,4,5,No,,2025-06,79200,36000,43200,Yes,2212
ORD02212,2025-05-29,Completed,C0733,VIP,35-44,Seoul,Food,Gift Snack Box,HappyBox,2,33000,14000,0,0,Virtual Account,5,4,No,,2025-05,66000,28000,38000,Yes,2213
ORD02213,2025-03-15,Completed,C0749,New,25-34,Seoul,Home,Desk Lamp,Lumen,4,39000,16000,0,3000,Virtual Account,1,4,No,,2025-03,156000,64000,92000,Yes,2214
ORD02214,2025-09-04,Completed,C0740,New,18-24,Busan,Home,Storage Box Set,NeatHome,1,29000,12000,0,3000,Mobile Pay,3,4,No,,2025-09,29000,12000,17000,Yes,2215
ORD02215,2025-01-30,Completed,C0787,Returning,35-44,Daejeon,Fashion,Canvas Sneakers,Walkon,2,59000,26000,0,3000,Virtual Account,5,5,No,,2025-01,118000,52000,66000,Yes,2216
ORD02216,2025-09-30,Completed,C0209,New,35-44,Daegu,Fashion,Canvas Sneakers,Walkon,3,59000,26000,0.15,3000,Card,4,3,Yes,Changed mind,2025-09,150450,78000,72450,Yes,2217
ORD02218,2025-09-06,Completed,C0504,New,25-34,Gyeonggi,Pet,Dog Treats 1kg,Barkly,2,25000,11000,0.1,3000,Card,3,4,No,,2025-09,45000,22000,23000,Yes,2219
ORD02219,2025-10-06,Completed,C0217,Returning,45-54,Gangwon,Food,Protein Bar Pack,FitBite,3,28000,12000,0,3000,Virtual Account,3,4,No,,2025-10,84000,36000,48000,Yes,2220
ORD02220,2025-07-05,Completed,C0545,Returning,25-34,Daegu,Home,Cotton Towel Set,SoftDay,4,24000,10000,0,3000,Mobile Pay,1,3,Yes,Damaged item,2025-07,96000,40000,56000,Yes,2221
ORD02221,2025-01-01,Completed,C0813,VIP,25-34,Gyeonggi,Food,Gift Snack Box,HappyBox,3,33000,14000,0,3000,Virtual Account,4,5,No,,2025-01,99000,42000,57000,Yes,2222
ORD02222,2025-12-21,Completed,C0480,New,35-44,Incheon,Home,Cotton Towel Set,SoftDay,2,24000,10000,0,3000,Virtual Account,1,4,No,,2025-12,48000,20000,28000,Yes,2223
ORD02224,2025-08-27,Completed,C0449,VIP,55+,Daejeon,Electronics,Wireless Earbuds,Nova,1,49000,24000,0,3000,Card,1,5,No,,2025-08,49000,24000,25000,Yes,2225
ORD02225,2025-05-22,Completed,C0833,New,35-44,Incheon,Fashion,Canvas Sneakers,Walkon,1,59000,26000,0,3000,Virtual Account,2,4,No,,2025-05,59000,26000,33000,Yes,2226
ORD02226,2025-11-29,Completed,C0379,Returning,35-44,Busan,Food,Gift Snack Box,HappyBox,2,33000,14000,0.25,0,Virtual Account,2,4,No,,2025-11,49500,28000,21500,Yes,2227
ORD02227,2025-06-24,Completed,C0229,VIP,35-44,Gangwon,Beauty,Sunscreen SPF50,Glow,2,18000,7000,0,3000,Virtual Account,4,5,No,,2025-06,36000,14000,22000,Yes,2228
ORD02228,2025-01-28,Completed,C0471,VIP,18-24,Gyeonggi,Food,Gift Snack Box,HappyBox,1,33000,14000,0,3000,Card,5,5,No,,2025-01,33000,14000,19000,Yes,2229
ORD02229,2025-11-25,Completed,C0289,Returning,18-24,Incheon,Home,Cotton Towel Set,SoftDay,1,24000,10000,0,0,Mobile Pay,1,5,No,,2025-11,24000,10000,14000,Yes,2230
ORD02230,2025-12-19,Completed,C0199,Returning,55+,Daegu,Electronics,Bluetooth Speaker,Soundly,1,65000,31000,0.2,3000,Bank Transfer,1,5,No,,2025-12,52000,31000,21000,Yes,2231
ORD02231,2025-04-01,Completed,C0623,Returning,55+,Gyeonggi,Food,Protein Bar Pack,FitBite,4,28000,12000,0,3000,Virtual Account,5,4,No,,2025-04,112000,48000,64000,Yes,2232
ORD02232,2025-01-04,Completed,C0598,VIP,35-44,Daegu,Fashion,Crossbody Bag,Morrow,4,43000,18000,0,0,Bank Transfer,4,4,No,,2025-01,172000,72000,100000,Yes,2233
ORD02233,2025-12-24,Completed,C0265,Returning,18-24,Gangwon,Food,Protein Bar Pack,FitBite,4,28000,12000,0,3000,Bank Transfer,5,5,No,,2025-12,112000,48000,64000,Yes,2234
ORD02234,2025-09-08,Completed,C0509,Returning,18-24,Gangwon,Electronics,Bluetooth Speaker,Soundly,4,65000,31000,0,3000,Card,5,4,No,,2025-09,260000,124000,136000,Yes,2235
ORD02235,2025-12-09,Completed,C0213,New,18-24,Incheon,Food,Protein Bar Pack,FitBite,1,28000,12000,0.15,3000,Mobile Pay,3,5,No,,2025-12,23800,12000,11800,Yes,2236
ORD02236,2025-03-30,Completed,C0767,Returning,18-24,Incheon,Fashion,Canvas Sneakers,Walkon,4,59000,26000,0.2,0,Bank Transfer,3,4,No,,2025-03,188800,104000,84800,Yes,2237
ORD02237,2025-06-23,Completed,C0031,New,25-34,Jeju,Pet,Pet Bed,ComfyPaws,4,47000,20000,0,3000,Virtual Account,6,4,No,,2025-06,188000,80000,108000,Yes,2238
ORD02238,2025-01-18,Completed,C0450,New,45-54,Incheon,Fashion,Oversized Hoodie,Northline,2,45000,21000,0.2,3000,Card,5,4,No,,2025-01,72000,42000,30000,Yes,2239
ORD02239,2025-06-20,Completed,C0389,New,35-44,Busan,Electronics,Smart Watch,Pulse,1,99000,47000,0,3000,Card,1,5,No,,2025-06,99000,47000,52000,Yes,2240
ORD02240,2025-06-28,Completed,C0823,Returning,55+,Seoul,Beauty,Hydrating Serum,PureLab,4,22000,9000,0,0,Virtual Account,5,,No,,2025-06,88000,36000,52000,Yes,2241
ORD02241,2025-04-07,Completed,C0337,New,18-24,Jeju,Home,Cotton Towel Set,SoftDay,3,24000,10000,0,0,Bank Transfer,3,5,No,,2025-04,72000,30000,42000,Yes,2242
ORD02242,2025-08-11,Completed,C0255,New,55+,Incheon,Home,Cotton Towel Set,SoftDay,2,24000,10000,0,0,Bank Transfer,3,4,No,,2025-08,48000,20000,28000,Yes,2243
ORD02243,2025-02-08,Completed,C0543,New,45-54,Gwangju,Fashion,Canvas Sneakers,Walkon,2,59000,26000,0,0,Card,5,4,No,,2025-02,118000,52000,66000,Yes,2244
ORD02244,2025-10-31,Completed,C0430,Returning,25-34,Incheon,Home,Cotton Towel Set,SoftDay,2,24000,10000,0,3000,Card,4,5,No,,2025-10,48000,20000,28000,Yes,2245
ORD02245,2025-06-20,Completed,C0229,Returning,35-44,Seoul,Fashion,Canvas Sneakers,Walkon,2,59000,26000,0,0,Bank Transfer,4,4,No,,2025-06,118000,52000,66000,Yes,2246
ORD02246,2025-06-23,Completed,C0327,Returning,18-24,Gwangju,Fashion,Canvas Sneakers,Walkon,3,59000,26000,0,3000,Mobile Pay,2,4,No,,2025-06,177000,78000,99000,Yes,2247
ORD02247,2025-12-24,Completed,C0410,VIP,55+,Busan,Food,Gift Snack Box,HappyBox,1,33000,14000,0,3000,Virtual Account,4,5,No,,2025-12,33000,14000,19000,Yes,2248
ORD02248,2025-05-27,Completed,C0729,Returning,35-44,Gangwon,Food,Coffee Bean 1kg,BeanRoot,4,32000,15000,0.15,0,Card,6,4,No,,2025-05,108800,60000,48800,Yes,2249
ORD02249,2025-09-06,Completed,C0361,Returning,45-54,Seoul,Food,Coffee Bean 1kg,BeanRoot,2,32000,15000,0.1,3000,Bank Transfer,3,5,No,,2025-09,57600,30000,27600,Yes,2250
ORD02250,2025-05-18,Completed,C0008,Returning,18-24,Gangwon,Beauty,Lip Tint,Mellow,4,14000,5000,0,3000,Mobile Pay,8,3,No,,2025-05,56000,20000,36000,Yes,2251
ORD02251,2025-04-05,Completed,C0633,Returning,55+,Daegu,Beauty,Sunscreen SPF50,Glow,2,18000,7000,0,3000,Mobile Pay,4,5,No,,2025-04,36000,14000,22000,Yes,2252
ORD02252,2025-11-09,Completed,C0054,Returning,35-44,Jeju,Home,Desk Lamp,Lumen,3,39000,16000,0,3000,Virtual Account,4,5,No,,2025-11,117000,48000,69000,Yes,2253
ORD02253,2025-09-01,Completed,C0745,Returning,45-54,Daejeon,Home,Cotton Towel Set,SoftDay,1,24000,10000,0,3000,Bank Transfer,3,5,No,,2025-09,24000,10000,14000,Yes,2254
ORD02254,2025-10-18,Completed,C0495,New,35-44,Jeju,Home,Desk Lamp,Lumen,2,39000,16000,0,3000,Bank Transfer,9,4,No,,2025-10,78000,32000,46000,Yes,2255
ORD02255,2025-07-11,Completed,C0029,New,55+,Daejeon,Home,Desk Lamp,Lumen,3,39000,16000,0,3000,Bank Transfer,2,5,No,,2025-07,117000,48000,69000,Yes,2256
ORD02256,2025-04-21,Completed,C0149,VIP,18-24,Gangwon,Pet,Cat Toy Bundle,PawJoy,4,19000,8000,0.25,3000,Virtual Account,8,3,No,,2025-04,57000,32000,25000,Yes,2257
ORD02257,2025-07-19,Completed,C0504,Returning,35-44,Seoul,Electronics,Wireless Earbuds,Nova,2,49000,24000,0.1,0,Virtual Account,2,4,No,,2025-07,88200,48000,40200,Yes,2258
ORD02258,2025-06-10,Completed,C0730,New,25-34,Gwangju,Beauty,Hydrating Serum,PureLab,3,22000,9000,0,3000,Mobile Pay,4,5,No,,2025-06,66000,27000,39000,Yes,2259
ORD02259,2025-09-11,Completed,C0568,Returning,35-44,Gyeonggi,Pet,Pet Bed,ComfyPaws,4,47000,20000,0.2,0,Mobile Pay,4,4,No,,2025-09,150400,80000,70400,Yes,2260
ORD02260,2025-06-06,Completed,C0252,New,25-34,Daegu,Home,Storage Box Set,NeatHome,4,29000,12000,0.1,3000,Bank Transfer,4,5,No,,2025-06,104400,48000,56400,Yes,2261
ORD02261,2025-11-04,Completed,C0423,Returning,55+,Seoul,Home,Cotton Towel Set,SoftDay,4,24000,10000,0,3000,Mobile Pay,2,4,No,,2025-11,96000,40000,56000,Yes,2262
ORD02262,2025-06-12,Completed,C0148,New,35-44,Daejeon,Electronics,Wireless Earbuds,Nova,4,49000,24000,0,0,Mobile Pay,5,5,No,,2025-06,196000,96000,100000,Yes,2263
ORD02263,2025-09-18,Completed,C0145,Returning,55+,Incheon,Beauty,Sunscreen SPF50,Glow,1,18000,7000,0,3000,Mobile Pay,5,4,No,,2025-09,18000,7000,11000,Yes,2264
ORD02264,2025-10-11,Completed,C0067,Returning,55+,Gyeonggi,Electronics,Wireless Earbuds,Nova,1,49000,24000,0,3000,Bank Transfer,3,3,Yes,Changed mind,2025-10,49000,24000,25000,Yes,2265
ORD02265,2025-04-02,Completed,C0140,Returning,35-44,Gyeonggi,Pet,Cat Toy Bundle,PawJoy,2,19000,8000,0,3000,Bank Transfer,3,3,Yes,Changed mind,2025-04,38000,16000,22000,Yes,2266
ORD02266,2025-05-04,Completed,C0724,Returning,45-54,Gangwon,Food,Protein Bar Pack,FitBite,1,28000,12000,0,3000,Bank Transfer,4,4,No,,2025-05,28000,12000,16000,Yes,2267
ORD02267,2025-04-26,Completed,C0394,New,55+,Busan,Food,Coffee Bean 1kg,BeanRoot,2,32000,15000,0,0,Bank Transfer,1,5,No,,2025-04,64000,30000,34000,Yes,2268
ORD02268,2025-12-16,Completed,C0415,Returning,55+,Daejeon,Food,Coffee Bean 1kg,BeanRoot,2,32000,15000,0.25,3000,Card,1,5,No,,2025-12,48000,30000,18000,Yes,2269
ORD02269,2025-06-30,Completed,C0131,New,25-34,Gyeonggi,Beauty,Hydrating Serum,PureLab,2,22000,9000,0,0,Card,2,5,No,,2025-06,44000,18000,26000,Yes,2270
ORD02272,2025-04-18,Completed,C0799,Returning,55+,Jeju,Home,Desk Lamp,Lumen,2,39000,16000,0,3000,Virtual Account,6,4,No,,2025-04,78000,32000,46000,Yes,2273
ORD02273,2025-06-25,Completed,C0042,Returning,18-24,Gwangju,Home,Storage Box Set,NeatHome,4,29000,12000,0.2,3000,Virtual Account,2,5,No,,2025-06,92800,48000,44800,Yes,2274
ORD02274,2025-02-25,Completed,C0317,Returning,25-34,Gangwon,Beauty,Hydrating Serum,PureLab,4,22000,9000,0,0,Card,8,3,Yes,Late delivery,2025-02,88000,36000,52000,Yes,2275
ORD02275,2025-07-20,Completed,C0167,New,35-44,Seoul,Pet,Pet Bed,ComfyPaws,4,47000,20000,0,3000,Virtual Account,5,4,No,,2025-07,188000,80000,108000,Yes,2276
ORD02276,2025-11-24,Completed,C0832,Returning,55+,Daegu,Food,Gift Snack Box,HappyBox,1,33000,14000,0,3000,Bank Transfer,5,5,No,,2025-11,33000,14000,19000,Yes,2277
ORD02279,2025-03-19,Completed,C0438,VIP,18-24,Gyeonggi,Pet,Cat Toy Bundle,PawJoy,3,19000,8000,0.05,3000,Mobile Pay,5,5,No,,2025-03,54150,24000,30150,Yes,2280
ORD02280,2025-03-10,Completed,C0382,New,35-44,Incheon,Home,Desk Lamp,Lumen,1,39000,16000,0,3000,Card,5,4,No,,2025-03,39000,16000,23000,Yes,2281
ORD02281,2025-12-13,Completed,C0520,Returning,35-44,Busan,Electronics,Bluetooth Speaker,Soundly,3,65000,31000,0,0,Card,1,5,No,,2025-12,195000,93000,102000,Yes,2282
ORD02282,2025-03-19,Completed,C0620,VIP,35-44,Daejeon,Home,Cotton Towel Set,SoftDay,1,24000,10000,0.1,3000,Bank Transfer,2,5,No,,2025-03,21600,10000,11600,Yes,2283
ORD02283,2025-08-22,Completed,C0431,VIP,55+,Daejeon,Pet,Dog Treats 1kg,Barkly,1,25000,11000,0,0,Mobile Pay,1,4,No,,2025-08,25000,11000,14000,Yes,2284
ORD02284,2025-11-11,Completed,C0812,Returning,45-54,Busan,Fashion,Oversized Hoodie,Northline,2,45000,21000,0.15,3000,Mobile Pay,1,4,No,,2025-11,76500,42000,34500,Yes,2285
ORD02285,2025-05-12,Completed,C0460,VIP,18-24,Incheon,Electronics,Bluetooth Speaker,Soundly,4,65000,31000,0.25,3000,Virtual Account,1,4,No,,2025-05,195000,124000,71000,Yes,2286
ORD02286,2025-02-04,Completed,C0814,VIP,45-54,Busan,Beauty,Sunscreen SPF50,Glow,1,18000,7000,0,3000,Virtual Account,2,4,No,,2025-02,18000,7000,11000,Yes,2287
ORD02287,2025-03-18,Completed,C0712,VIP,18-24,Busan,Fashion,Oversized Hoodie,Northline,3,45000,21000,0,3000,Bank Transfer,5,5,No,,2025-03,135000,63000,72000,Yes,2288
ORD02288,2025-08-28,Completed,C0029,New,25-34,Busan,Fashion,Canvas Sneakers,Walkon,3,59000,26000,0,0,Virtual Account,5,5,No,,2025-08,177000,78000,99000,Yes,2289
ORD02289,2025-08-08,Completed,C0802,New,25-34,Daegu,Fashion,Crossbody Bag,Morrow,4,43000,18000,0.25,3000,Card,1,4,No,,2025-08,129000,72000,57000,Yes,2290
ORD02290,2025-06-06,Completed,C0825,Returning,18-24,Daegu,Home,Cotton Towel Set,SoftDay,3,24000,10000,0,3000,Virtual Account,1,4,No,,2025-06,72000,30000,42000,Yes,2291
ORD02291,2025-02-04,Completed,C0203,New,55+,Gyeonggi,Food,Coffee Bean 1kg,BeanRoot,3,32000,15000,0,0,Bank Transfer,1,5,No,,2025-02,96000,45000,51000,Yes,2292
ORD02292,2025-10-20,Completed,C0352,Returning,35-44,Incheon,Home,Desk Lamp,Lumen,1,39000,16000,0,3000,Bank Transfer,2,5,No,,2025-10,39000,16000,23000,Yes,2293
ORD02293,2025-08-01,Completed,C0511,New,25-34,Busan,Home,Desk Lamp,Lumen,3,39000,16000,0.05,3000,Mobile Pay,4,5,No,,2025-08,111150,48000,63150,Yes,2294
ORD02295,2025-10-10,Completed,C0367,New,35-44,Seoul,Home,Cotton Towel Set,SoftDay,3,24000,10000,0,0,Card,1,5,No,,2025-10,72000,30000,42000,Yes,2296
ORD02297,2025-12-12,Completed,C0009,VIP,18-24,Gangwon,Food,Protein Bar Pack,FitBite,1,28000,12000,0,3000,Bank Transfer,6,2,Yes,Damaged item,2025-12,28000,12000,16000,Yes,2298
ORD02298,2025-07-05,Completed,C0381,Returning,35-44,Gyeonggi,Pet,Pet Bed,ComfyPaws,2,47000,20000,0,3000,Virtual Account,5,5,No,,2025-07,94000,40000,54000,Yes,2299
ORD02299,2025-06-19,Completed,C0665,VIP,45-54,Seoul,Food,Protein Bar Pack,FitBite,2,28000,12000,0,3000,Virtual Account,3,4,No,,2025-06,56000,24000,32000,Yes,2300
ORD02300,2025-08-19,Completed,C0584,Returning,55+,Busan,Home,Storage Box Set,NeatHome,3,29000,12000,0.1,3000,Mobile Pay,1,5,No,,2025-08,78300,36000,42300,Yes,2301
ORD02301,2025-09-01,Completed,C0418,New,25-34,Incheon,Beauty,Sunscreen SPF50,Glow,2,18000,7000,0.2,0,Virtual Account,4,4,No,,2025-09,28800,14000,14800,Yes,2302
ORD02302,2025-11-13,Completed,C0090,Returning,18-24,Gangwon,Beauty,Hydrating Serum,PureLab,3,22000,9000,0,0,Virtual Account,3,5,No,,2025-11,66000,27000,39000,Yes,2303
ORD02303,2025-09-04,Completed,C0172,Returning,55+,Seoul,Home,Cotton Towel Set,SoftDay,4,24000,10000,0.2,3000,Card,3,3,Yes,Damaged item,2025-09,76800,40000,36800,Yes,2304
ORD02304,2025-10-30,Completed,C0090,New,35-44,Jeju,Pet,Pet Bed,ComfyPaws,3,47000,20000,0,3000,Mobile Pay,2,5,No,,2025-10,141000,60000,81000,Yes,2305
ORD02305,2025-04-27,Completed,C0449,New,25-34,Gyeonggi,Home,Storage Box Set,NeatHome,4,29000,12000,0,0,Card,5,5,No,,2025-04,116000,48000,68000,Yes,2306
ORD02306,2025-09-16,Completed,C0205,New,25-34,Seoul,Fashion,Oversized Hoodie,Northline,3,45000,21000,0,3000,Virtual Account,1,4,No,,2025-09,135000,63000,72000,Yes,2307
ORD02307,2025-12-21,Completed,C0256,Returning,55+,Gwangju,Food,Protein Bar Pack,FitBite,4,28000,12000,0,3000,Bank Transfer,3,5,No,,2025-12,112000,48000,64000,Yes,2308
ORD02308,2025-06-12,Completed,C0344,Returning,45-54,Busan,Electronics,Smart Watch,Pulse,4,99000,47000,0,0,Mobile Pay,5,,No,,2025-06,396000,188000,208000,Yes,2309
ORD02309,2025-10-19,Completed,C0148,New,45-54,Gangwon,Home,Desk Lamp,Lumen,4,39000,16000,0,3000,Bank Transfer,9,3,No,,2025-10,156000,64000,92000,Yes,2310
ORD02310,2025-02-19,Completed,C0583,New,45-54,Daejeon,Pet,Pet Bed,ComfyPaws,1,47000,20000,0,0,Card,5,4,No,,2025-02,47000,20000,27000,Yes,2311
ORD02311,2025-11-07,Completed,C0659,Returning,35-44,Gwangju,Food,Coffee Bean 1kg,BeanRoot,3,32000,15000,0,3000,Card,2,5,No,,2025-11,96000,45000,51000,Yes,2312
ORD02312,2025-08-15,Completed,C0738,Returning,25-34,Gangwon,Pet,Dog Treats 1kg,Barkly,4,25000,11000,0,3000,Card,4,5,No,,2025-08,100000,44000,56000,Yes,2313
ORD02313,2025-08-25,Completed,C0684,Returning,25-34,Gwangju,Home,Desk Lamp,Lumen,4,39000,16000,0.25,0,Bank Transfer,1,3,Yes,Different from description,2025-08,117000,64000,53000,Yes,2314
ORD02314,2025-10-18,Completed,C0044,Returning,55+,Jeju,Electronics,Bluetooth Speaker,Soundly,2,65000,31000,0,0,Bank Transfer,1,5,No,,2025-10,130000,62000,68000,Yes,2315
ORD02315,2025-12-17,Completed,C0094,Returning,25-34,Daegu,Pet,Cat Toy Bundle,PawJoy,2,19000,8000,0,0,Mobile Pay,4,,No,,2025-12,38000,16000,22000,Yes,2316
ORD02316,2025-10-28,Completed,C0224,Returning,18-24,Gyeonggi,Fashion,Crossbody Bag,Morrow,2,43000,18000,0,3000,Virtual Account,2,4,No,,2025-10,86000,36000,50000,Yes,2317
ORD02317,2025-01-15,Completed,C0057,Returning,25-34,Gwangju,Food,Protein Bar Pack,FitBite,2,28000,12000,0,3000,Virtual Account,3,4,No,,2025-01,56000,24000,32000,Yes,2318
ORD02318,2025-11-27,Completed,C0252,VIP,25-34,Daegu,Pet,Pet Bed,ComfyPaws,2,47000,20000,0.15,0,Mobile Pay,5,5,No,,2025-11,79900,40000,39900,Yes,2319
ORD02319,2025-04-26,Completed,C0825,Returning,18-24,Gyeonggi,Fashion,Crossbody Bag,Morrow,2,43000,18000,0.15,3000,Bank Transfer,5,5,No,,2025-04,73100,36000,37100,Yes,2320
ORD02320,2025-08-13,Completed,C0299,Returning,25-34,Gwangju,Beauty,Lip Tint,Mellow,1,14000,5000,0.1,0,Mobile Pay,5,4,No,,2025-08,12600,5000,7600,Yes,2321
ORD02321,2025-09-06,Completed,C0627,Returning,45-54,Incheon,Fashion,Canvas Sneakers,Walkon,2,59000,26000,0.05,3000,Bank Transfer,5,4,No,,2025-09,112100,52000,60100,Yes,2322
ORD02322,2025-04-13,Completed,C0267,Returning,45-54,Daejeon,Pet,Pet Bed,ComfyPaws,4,47000,20000,0,0,Mobile Pay,3,5,No,,2025-04,188000,80000,108000,Yes,2323
ORD02323,2025-03-14,Completed,C0054,Returning,18-24,Incheon,Fashion,Crossbody Bag,Morrow,1,43000,18000,0.2,3000,Virtual Account,3,5,No,,2025-03,34400,18000,16400,Yes,2324
ORD02324,2025-09-24,Completed,C0729,Returning,45-54,Jeju,Food,Gift Snack Box,HappyBox,2,33000,14000,0,3000,Card,1,4,No,,2025-09,66000,28000,38000,Yes,2325
ORD02325,2025-12-17,Completed,C0825,New,45-54,Seoul,Food,Coffee Bean 1kg,BeanRoot,2,32000,15000,0,3000,Virtual Account,2,5,No,,2025-12,64000,30000,34000,Yes,2326
ORD02326,2025-11-04,Completed,C0661,Returning,25-34,Gwangju,Food,Protein Bar Pack,FitBite,4,28000,12000,0.05,3000,Bank Transfer,4,4,No,,2025-11,106400,48000,58400,Yes,2327
ORD02328,2025-03-03,Completed,C0818,Returning,45-54,Gangwon,Electronics,Bluetooth Speaker,Soundly,2,65000,31000,0,3000,Bank Transfer,3,5,No,,2025-03,130000,62000,68000,Yes,2329
ORD02329,2025-01-01,Completed,C0638,New,45-54,Gangwon,Food,Gift Snack Box,HappyBox,2,33000,14000,0,0,Mobile Pay,6,3,Yes,Different from description,2025-01,66000,28000,38000,Yes,2330
ORD02330,2025-01-19,Completed,C0001,Returning,25-34,Gyeonggi,Beauty,Hydrating Serum,PureLab,1,22000,9000,0,3000,Virtual Account,3,4,No,,2025-01,22000,9000,13000,Yes,2331
ORD02331,2025-09-15,Completed,C0258,Returning,18-24,Incheon,Pet,Dog Treats 1kg,Barkly,4,25000,11000,0,3000,Virtual Account,4,4,No,,2025-09,100000,44000,56000,Yes,2332
ORD02332,2025-09-24,Completed,C0719,New,35-44,Jeju,Beauty,Sunscreen SPF50,Glow,1,18000,7000,0,3000,Card,7,3,No,,2025-09,18000,7000,11000,Yes,2333
ORD02333,2025-05-05,Completed,C0604,Returning,35-44,Gwangju,Pet,Dog Treats 1kg,Barkly,4,25000,11000,0,3000,Bank Transfer,2,4,Yes,Wrong size,2025-05,100000,44000,56000,Yes,2334
ORD02334,2025-02-17,Completed,C0750,Returning,35-44,Incheon,Pet,Pet Bed,ComfyPaws,1,47000,20000,0,3000,Mobile Pay,3,5,No,,2025-02,47000,20000,27000,Yes,2335
ORD02335,2025-07-26,Completed,C0776,Returning,55+,Daejeon,Home,Cotton Towel Set,SoftDay,3,24000,10000,0,0,Virtual Account,4,5,No,,2025-07,72000,30000,42000,Yes,2336
ORD02336,2025-02-05,Completed,C0266,New,18-24,Incheon,Fashion,Oversized Hoodie,Northline,4,45000,21000,0,0,Bank Transfer,2,5,No,,2025-02,180000,84000,96000,Yes,2337
ORD02337,2025-10-17,Completed,C0717,Returning,55+,Daejeon,Fashion,Canvas Sneakers,Walkon,2,59000,26000,0,3000,Card,3,5,No,,2025-10,118000,52000,66000,Yes,2338
ORD02338,2025-07-15,Completed,C0433,Returning,25-34,Jeju,Home,Desk Lamp,Lumen,4,39000,16000,0,3000,Bank Transfer,5,4,No,,2025-07,156000,64000,92000,Yes,2339
ORD02339,2025-12-07,Completed,C0810,VIP,55+,Jeju,Electronics,Bluetooth Speaker,Soundly,1,65000,31000,0.1,3000,Card,9,3,No,,2025-12,58500,31000,27500,Yes,2340
ORD02340,2025-07-21,Completed,C0692,New,25-34,Gangwon,Home,Storage Box Set,NeatHome,1,29000,12000,0,3000,Mobile Pay,6,4,No,,2025-07,29000,12000,17000,Yes,2341
ORD02341,2025-04-16,Completed,C0094,Returning,45-54,Seoul,Fashion,Crossbody Bag,Morrow,3,43000,18000,0,3000,Mobile Pay,3,5,No,,2025-04,129000,54000,75000,Yes,2342
ORD02342,2025-09-14,Completed,C0758,VIP,35-44,Gangwon,Food,Gift Snack Box,HappyBox,3,33000,14000,0,3000,Card,9,3,No,,2025-09,99000,42000,57000,Yes,2343
ORD02343,2025-03-11,Completed,C0305,New,35-44,Daejeon,Home,Desk Lamp,Lumen,2,39000,16000,0,3000,Bank Transfer,5,5,No,,2025-03,78000,32000,46000,Yes,2344
ORD02344,2025-11-21,Completed,C0330,Returning,25-34,Incheon,Electronics,Bluetooth Speaker,Soundly,4,65000,31000,0.1,0,Virtual Account,4,4,No,,2025-11,234000,124000,110000,Yes,2345
ORD02345,2025-11-30,Completed,C0806,New,45-54,Incheon,Pet,Pet Bed,ComfyPaws,2,47000,20000,0.15,3000,Virtual Account,2,5,No,,2025-11,79900,40000,39900,Yes,2346
ORD02346,2025-12-10,Completed,C0643,VIP,18-24,Incheon,Fashion,Oversized Hoodie,Northline,4,45000,21000,0.2,0,Bank Transfer,1,5,No,,2025-12,144000,84000,60000,Yes,2347
ORD02347,2025-02-04,Completed,C0062,VIP,55+,Daegu,Home,Desk Lamp,Lumen,2,39000,16000,0,3000,Bank Transfer,5,5,No,,2025-02,78000,32000,46000,Yes,2348
ORD02349,2025-07-15,Completed,C0118,Returning,45-54,Incheon,Electronics,Bluetooth Speaker,Soundly,3,65000,31000,0,3000,Bank Transfer,1,5,No,,2025-07,195000,93000,102000,Yes,2350
ORD02351,2025-06-11,Completed,C0145,New,55+,Daegu,Beauty,Sunscreen SPF50,Glow,2,18000,7000,0.1,3000,Mobile Pay,3,5,No,,2025-06,32400,14000,18400,Yes,2352
ORD02352,2025-12-24,Completed,C0004,New,18-24,Incheon,Home,Desk Lamp,Lumen,4,39000,16000,0.25,0,Card,3,4,No,,2025-12,117000,64000,53000,Yes,2353
ORD02353,2025-01-13,Completed,C0078,Returning,35-44,Seoul,Food,Protein Bar Pack,FitBite,3,28000,12000,0,3000,Virtual Account,3,5,No,,2025-01,84000,36000,48000,Yes,2354
ORD02354,2025-02-25,Completed,C0007,New,45-54,Jeju,Home,Cotton Towel Set,SoftDay,3,24000,10000,0.2,0,Card,6,4,No,,2025-02,57600,30000,27600,Yes,2355
ORD02355,2025-05-10,Completed,C0025,Returning,18-24,Busan,Pet,Pet Bed,ComfyPaws,1,47000,20000,0,3000,Virtual Account,4,5,No,,2025-05,47000,20000,27000,Yes,2356
ORD02356,2025-03-26,Completed,C0694,Returning,25-34,Gyeonggi,Electronics,Smart Watch,Pulse,4,99000,47000,0,3000,Card,5,5,No,,2025-03,396000,188000,208000,Yes,2357
ORD02357,2025-05-26,Completed,C0309,Returning,55+,Gyeonggi,Food,Protein Bar Pack,FitBite,2,28000,12000,0.2,3000,Bank Transfer,1,5,No,,2025-05,44800,24000,20800,Yes,2358
ORD02359,2025-09-10,Completed,C0836,Returning,35-44,Jeju,Fashion,Canvas Sneakers,Walkon,2,59000,26000,0,3000,Card,2,5,No,,2025-09,118000,52000,66000,Yes,2360
ORD02360,2025-08-13,Completed,C0184,VIP,35-44,Seoul,Home,Cotton Towel Set,SoftDay,2,24000,10000,0.2,3000,Card,4,3,Yes,Damaged item,2025-08,38400,20000,18400,Yes,2361
ORD02361,2025-12-01,Completed,C0240,New,35-44,Jeju,Food,Coffee Bean 1kg,BeanRoot,2,32000,15000,0.1,0,Bank Transfer,1,5,No,,2025-12,57600,30000,27600,Yes,2362
ORD02362,2025-08-15,Completed,C0033,VIP,35-44,Seoul,Pet,Cat Toy Bundle,PawJoy,1,19000,8000,0.05,0,Card,3,5,No,,2025-08,18050,8000,10050,Yes,2363
ORD02363,2025-11-29,Completed,C0618,VIP,25-34,Gangwon,Electronics,Smart Watch,Pulse,2,99000,47000,0.25,3000,Bank Transfer,5,4,No,,2025-11,148500,94000,54500,Yes,2364
ORD02365,2025-05-10,Completed,C0100,Returning,35-44,Gwangju,Beauty,Sunscreen SPF50,Glow,2,18000,7000,0,0,Card,5,5,No,,2025-05,36000,14000,22000,Yes,2366
ORD02366,2025-11-27,Completed,C0230,VIP,25-34,Incheon,Home,Storage Box Set,NeatHome,4,29000,12000,0.15,3000,Mobile Pay,2,5,No,,2025-11,98600,48000,50600,Yes,2367
ORD02367,2025-03-01,Completed,C0240,VIP,45-54,Gangwon,Food,Protein Bar Pack,FitBite,1,28000,12000,0,3000,Mobile Pay,3,5,No,,2025-03,28000,12000,16000,Yes,2368
ORD02368,2025-11-24,Completed,C0359,Returning,45-54,Seoul,Food,Protein Bar Pack,FitBite,2,28000,12000,0,0,Bank Transfer,2,4,No,,2025-11,56000,24000,32000,Yes,2369
ORD02369,2025-06-03,Completed,C0404,New,35-44,Incheon,Beauty,Sunscreen SPF50,Glow,3,18000,7000,0,3000,Mobile Pay,3,5,No,,2025-06,54000,21000,33000,Yes,2370
ORD02370,2025-04-23,Completed,C0385,Returning,25-34,Gyeonggi,Electronics,Wireless Earbuds,Nova,1,49000,24000,0,3000,Mobile Pay,3,3,Yes,Damaged item,2025-04,49000,24000,25000,Yes,2371
ORD02371,2025-03-16,Completed,C0234,VIP,25-34,Seoul,Fashion,Canvas Sneakers,Walkon,1,59000,26000,0,3000,Virtual Account,4,5,No,,2025-03,59000,26000,33000,Yes,2372
ORD02373,2025-04-09,Completed,C0070,Returning,25-34,Incheon,Fashion,Crossbody Bag,Morrow,2,43000,18000,0,3000,Card,5,5,No,,2025-04,86000,36000,50000,Yes,2374
ORD02374,2025-04-01,Completed,C0210,Returning,18-24,Jeju,Pet,Dog Treats 1kg,Barkly,1,25000,11000,0,3000,Card,5,5,No,,2025-04,25000,11000,14000,Yes,2375
ORD02375,2025-08-23,Completed,C0844,Returning,18-24,Incheon,Home,Cotton Towel Set,SoftDay,3,24000,10000,0,3000,Bank Transfer,2,5,No,,2025-08,72000,30000,42000,Yes,2376
ORD02376,2025-01-25,Completed,C0701,New,18-24,Seoul,Food,Protein Bar Pack,FitBite,3,28000,12000,0,3000,Mobile Pay,3,4,No,,2025-01,84000,36000,48000,Yes,2377
ORD02377,2025-08-25,Completed,C0589,Returning,45-54,Gangwon,Food,Protein Bar Pack,FitBite,4,28000,12000,0.2,3000,Bank Transfer,2,5,No,,2025-08,89600,48000,41600,Yes,2378
ORD02378,2025-03-27,Completed,C0582,Returning,25-34,Incheon,Home,Cotton Towel Set,SoftDay,4,24000,10000,0,0,Card,2,5,No,,2025-03,96000,40000,56000,Yes,2379
ORD02379,2025-07-01,Completed,C0592,Returning,45-54,Daejeon,Beauty,Sunscreen SPF50,Glow,4,18000,7000,0,3000,Bank Transfer,5,5,No,,2025-07,72000,28000,44000,Yes,2380
ORD02380,2025-03-17,Completed,C0609,Returning,18-24,Jeju,Home,Storage Box Set,NeatHome,4,29000,12000,0,0,Mobile Pay,7,4,No,,2025-03,116000,48000,68000,Yes,2381
ORD02381,2025-12-14,Completed,C0607,Returning,18-24,Daejeon,Food,Gift Snack Box,HappyBox,1,33000,14000,0,0,Card,5,5,No,,2025-12,33000,14000,19000,Yes,2382
ORD02382,2025-03-16,Completed,C0725,New,55+,Incheon,Fashion,Canvas Sneakers,Walkon,1,59000,26000,0.25,3000,Card,5,4,No,,2025-03,44250,26000,18250,Yes,2383
ORD02383,2025-07-01,Completed,C0030,New,55+,Seoul,Food,Coffee Bean 1kg,BeanRoot,2,32000,15000,0,3000,Card,1,5,No,,2025-07,64000,30000,34000,Yes,2384
ORD02384,2025-02-15,Completed,C0823,VIP,35-44,Gwangju,Home,Cotton Towel Set,SoftDay,2,24000,10000,0,3000,Bank Transfer,3,5,No,,2025-02,48000,20000,28000,Yes,2385
ORD02385,2025-07-10,Completed,C0554,New,35-44,Gangwon,Home,Desk Lamp,Lumen,2,39000,16000,0,3000,Bank Transfer,6,4,No,,2025-07,78000,32000,46000,Yes,2386
ORD02386,2025-08-18,Completed,C0504,Returning,45-54,Jeju,Home,Cotton Towel Set,SoftDay,1,24000,10000,0,0,Virtual Account,3,5,No,,2025-08,24000,10000,14000,Yes,2387
ORD02387,2025-10-21,Completed,C0707,New,55+,Gyeonggi,Beauty,Sunscreen SPF50,Glow,4,18000,7000,0,3000,Bank Transfer,4,4,No,,2025-10,72000,28000,44000,Yes,2388
ORD02389,2025-04-17,Completed,C0833,New,35-44,Busan,Beauty,Hydrating Serum,PureLab,1,22000,9000,0,0,Virtual Account,3,4,No,,2025-04,22000,9000,13000,Yes,2390
ORD02390,2025-09-07,Completed,C0783,New,35-44,Daegu,Pet,Dog Treats 1kg,Barkly,2,25000,11000,0,0,Mobile Pay,5,5,No,,2025-09,50000,22000,28000,Yes,2391
ORD02391,2025-11-07,Completed,C0181,VIP,18-24,Busan,Beauty,Sunscreen SPF50,Glow,1,18000,7000,0,0,Card,2,4,No,,2025-11,18000,7000,11000,Yes,2392
ORD02393,2025-08-14,Completed,C0274,New,35-44,Gyeonggi,Beauty,Lip Tint,Mellow,4,14000,5000,0,3000,Card,5,4,No,,2025-08,56000,20000,36000,Yes,2394
ORD02394,2025-07-19,Completed,C0595,Returning,18-24,Seoul,Pet,Dog Treats 1kg,Barkly,4,25000,11000,0,3000,Virtual Account,2,4,No,,2025-07,100000,44000,56000,Yes,2395
ORD02396,2025-09-25,Completed,C0150,VIP,45-54,Incheon,Fashion,Crossbody Bag,Morrow,3,43000,18000,0.05,3000,Mobile Pay,4,4,No,,2025-09,122550,54000,68550,Yes,2397
ORD02397,2025-04-22,Completed,C0768,New,35-44,Busan,Fashion,Oversized Hoodie,Northline,4,45000,21000,0,0,Virtual Account,2,4,No,,2025-04,180000,84000,96000,Yes,2398
ORD02398,2025-07-17,Completed,C0690,New,25-34,Gangwon,Home,Desk Lamp,Lumen,4,39000,16000,0,0,Card,3,5,No,,2025-07,156000,64000,92000,Yes,2399
ORD02399,2025-01-18,Completed,C0351,Returning,55+,Gyeonggi,Pet,Cat Toy Bundle,PawJoy,2,19000,8000,0.25,3000,Virtual Account,2,4,No,,2025-01,28500,16000,12500,Yes,2400
