order_id,order_date,order_status,customer_id,customer_type,age_group,region,category,product_name,brand,quantity,unit_price_krw,cost_per_unit_krw,discount_rate,shipping_fee_krw,payment_method,delivery_days,rating,returned,return_reason
ORD00001,2025-05-12,Completed,C0447,Returning,55+,Incheon,Electronics,Smart Watch,Pulse,3,99000,47000,0,0,Mobile Pay,4,5,No,
ORD00002,2025-12-13,Completed,C0125,Returning,55+,Incheon,Food,Protein Bar Pack,FitBite,2,28000,12000,0.05,3000,Card,5,5,No,
ORD00003,2025-08-27,Completed,C0832,VIP,35-44,Daejeon,Home,Cotton Towel Set,SoftDay,3,24000,10000,0.15,3000,Mobile Pay,1,5,No,
ORD00004,2025-09-29,Completed,C0599,New,45-54,Jeju,Fashion,Canvas Sneakers,Walkon,4,59000,26000,0.25,3000,Virtual Account,4,5,No,
ORD00005,2025-01-22,Completed,C0121,New,18-24,Gangwon,Food,Coffee Bean 1kg,BeanRoot,3,32000,15000,0,0,Card,2,5,No,
ORD00006,2025-03-01,Completed,C0028,VIP,18-24,Daejeon,Food,Protein Bar Pack,FitBite,3,28000,12000,0.2,3000,Bank Transfer,4,5,No,
ORD00007,2025-03-16,Completed,C0511,Returning,55+,Gwangju,Food,Gift Snack Box,HappyBox,4,33000,14000,0,3000,Mobile Pay,1,4,No,
ORD00008,2025-03-16,Completed,C0675,Returning,35-44,Seoul,Beauty,Hydrating Serum,PureLab,3,22000,9000,0.25,3000,Virtual Account,1,5,No,
ORD00009,2025-09-17,Cancelled,C0084,New,25-34,Daegu,Beauty,Lip Tint,Mellow,2,14000,5000,0.15,0,Mobile Pay,,,No,
ORD00010,2025-04-25,Completed,C0519,VIP,25-34,Gangwon,Fashion,Oversized Hoodie,Northline,3,45000,21000,0,3000,Mobile Pay,5,4,No,
ORD00011,2025-12-28,Completed,C0196,Returning,25-34,Daegu,Pet,Pet Bed,ComfyPaws,2,47000,20000,0,3000,Virtual Account,4,4,No,
ORD00012,2025-10-23,Completed,C0218,New,25-34,Daegu,Electronics,Smart Watch,Pulse,3,99000,47000,0.1,3000,Card,5,4,No,
ORD00013,2025-06-18,Completed,C0647,Returning,25-34,Daegu,Home,Desk Lamp,Lumen,1,39000,16000,0.2,3000,Mobile Pay,4,4,No,
ORD00014,2025-07-01,Completed,C0158,VIP,45-54,Daejeon,Pet,Pet Bed,ComfyPaws,3,47000,20000,0,3000,Mobile Pay,1,5,No,
ORD00015,2025-06-15,Completed,C0518,VIP,55+,Busan,Beauty,Lip Tint,Mellow,2,14000,5000,0,3000,Mobile Pay,1,5,No,
ORD00016,2025-12-19,Pending,C0804,VIP,35-44,Jeju,Electronics,Bluetooth Speaker,Soundly,2,65000,31000,0.2,0,Virtual Account,,,No,
ORD00017,2025-09-08,Completed,C0193,Returning,55+,Jeju,Electronics,Smart Watch,Pulse,2,99000,47000,0,0,Bank Transfer,2,4,No,
ORD00018,2025-01-09,Completed,C0579,Returning,55+,Gyeonggi,Home,Desk Lamp,Lumen,4,39000,16000,0.1,3000,Bank Transfer,3,4,No,
ORD00019,2025-09-02,Completed,C0159,New,35-44,Incheon,Home,Storage Box Set,NeatHome,3,29000,12000,0,0,Mobile Pay,5,5,No,
ORD00020,2025-06-17,Completed,C0566,Returning,25-34,Gangwon,Food,Coffee Bean 1kg,BeanRoot,3,32000,15000,0,0,Mobile Pay,3,4,No,
ORD00021,2025-01-16,Completed,C0209,New,55+,Gwangju,Pet,Pet Bed,ComfyPaws,1,47000,20000,0,3000,Bank Transfer,2,4,No,
ORD00022,2025-08-18,Completed,C0281,Returning,25-34,Gwangju,Home,Desk Lamp,Lumen,1,39000,16000,0.2,0,Mobile Pay,4,4,No,
ORD00023,2025-12-25,Completed,C0534,VIP,45-54,Seoul,Pet,Cat Toy Bundle,PawJoy,1,19000,8000,0,3000,Bank Transfer,2,5,No,
ORD00024,2025-11-08,Completed,C0335,New,35-44,Daejeon,Beauty,Lip Tint,Mellow,3,14000,5000,0.15,3000,Card,4,4,No,
ORD00025,2025-10-21,Completed,C0665,Returning,35-44,Gyeonggi,Home,Desk Lamp,Lumen,4,39000,16000,0,0,Bank Transfer,2,5,No,
ORD00026,2025-08-15,Completed,C0590,New,45-54,Daegu,Food,Protein Bar Pack,FitBite,2,28000,12000,0,0,Bank Transfer,2,5,No,
ORD00027,2025-04-18,Completed,C0575,VIP,45-54,Incheon,Fashion,Crossbody Bag,Morrow,4,43000,18000,0.15,3000,Card,3,5,No,
ORD00028,2025-03-14,Completed,C0798,New,55+,Busan,Fashion,Canvas Sneakers,Walkon,2,59000,26000,0.2,3000,Bank Transfer,3,4,No,
ORD00029,2025-01-30,Completed,C0672,New,18-24,Gyeonggi,Pet,Pet Bed,ComfyPaws,4,47000,20000,0,0,Card,1,5,No,
ORD00030,2025-01-04,Completed,C0632,Returning,35-44,Gwangju,Food,Gift Snack Box,HappyBox,4,33000,14000,0.25,3000,Virtual Account,5,5,No,
ORD00031,2025-08-09,Completed,C0114,New,18-24,Busan,Beauty,Lip Tint,Mellow,2,14000,5000,0.1,3000,Virtual Account,5,5,No,
ORD00032,2025-11-03,Completed,C0608,New,18-24,Gyeonggi,Electronics,Wireless Earbuds,Nova,4,49000,24000,0.2,0,Virtual Account,3,5,No,
ORD00033,2025-07-30,Completed,C0538,VIP,18-24,Daegu,Electronics,Wireless Earbuds,Nova,3,49000,24000,0,3000,Bank Transfer,3,4,No,
ORD00034,2025-12-05,Completed,C0850,Returning,18-24,Gyeonggi,Electronics,Bluetooth Speaker,Soundly,4,65000,31000,0,3000,Bank Transfer,3,5,No,
ORD00035,2025-01-14,Completed,C0279,New,25-34,Daejeon,Fashion,Canvas Sneakers,Walkon,2,59000,26000,0,0,Virtual Account,2,4,No,
ORD00036,2025-08-16,Completed,C0217,New,18-24,Busan,Electronics,Bluetooth Speaker,Soundly,2,65000,31000,0,3000,Card,2,5,No,
ORD00037,2025-12-23,Completed,C0755,New,35-44,Gwangju,Pet,Dog Treats 1kg,Barkly,3,25000,11000,0,3000,Bank Transfer,5,4,No,
ORD00038,2025-04-18,Completed,C0115,Returning,55+,Jeju,Food,Coffee Bean 1kg,BeanRoot,1,32000,15000,0.1,3000,Mobile Pay,9,3,No,
ORD00039,2025-05-05,Completed,C0032,Returning,35-44,Daegu,Electronics,Smart Watch,Pulse,1,99000,47000,0.05,3000,Virtual Account,1,5,No,
ORD00040,2025-02-18,Completed,C0143,Returning,45-54,Gangwon,Pet,Pet Bed,ComfyPaws,3,47000,20000,0.25,3000,Virtual Account,4,5,No,
ORD00041,2025-05-02,Completed,C0538,New,55+,Gyeonggi,Beauty,Hydrating Serum,PureLab,2,22000,9000,0,0,Mobile Pay,1,5,No,
ORD00042,2025-11-18,Completed,C0242,VIP,18-24,Daejeon,Electronics,Smart Watch,Pulse,4,99000,47000,0.2,3000,Card,1,5,No,
ORD00043,2025-09-25,Completed,C0675,Returning,55+,Gangwon,Home,Storage Box Set,NeatHome,2,29000,12000,0.1,3000,Bank Transfer,3,4,No,
ORD00044,2025-06-23,Completed,C0581,Returning,45-54,Gangwon,Food,Coffee Bean 1kg,BeanRoot,1,32000,15000,0.1,3000,Card,5,5,No,
ORD00045,2025-07-22,Completed,C0080,VIP,45-54,Daejeon,Electronics,Wireless Earbuds,Nova,2,49000,24000,0.25,3000,Card,1,5,No,
ORD00046,2025-10-08,Completed,C0817,New,18-24,Gyeonggi,Electronics,Smart Watch,Pulse,2,99000,47000,0,3000,Virtual Account,2,4,No,
ORD00047,2025-11-10,Completed,C0491,Returning,45-54,Daejeon,Home,Storage Box Set,NeatHome,4,29000,12000,0.2,0,Mobile Pay,1,3,Yes,Late delivery
ORD00048,2025-09-22,Completed,C0359,New,35-44,Gwangju,Food,Gift Snack Box,HappyBox,2,33000,14000,0,3000,Virtual Account,1,4,No,
ORD00049,2025-07-16,Completed,C0371,New,35-44,Jeju,Food,Gift Snack Box,HappyBox,1,33000,14000,0.2,3000,Card,7,2,Yes,Damaged item
ORD00050,2025-03-23,Completed,C0617,VIP,25-34,Gwangju,Fashion,Oversized Hoodie,Northline,2,45000,21000,0,0,Card,4,5,No,
ORD00051,2025-04-13,Completed,C0656,New,25-34,Daejeon,Home,Cotton Towel Set,SoftDay,1,24000,10000,0.15,3000,Virtual Account,5,4,No,
ORD00052,2025-05-29,Completed,C0420,Returning,35-44,Gwangju,Pet,Cat Toy Bundle,PawJoy,2,19000,8000,0.15,0,Bank Transfer,2,5,No,
ORD00053,2025-05-09,Pending,C0114,Returning,35-44,Gyeonggi,Fashion,Crossbody Bag,Morrow,3,43000,18000,0.25,0,Card,,,No,
ORD00054,2025-11-15,Completed,C0301,Returning,18-24,Gangwon,Beauty,Lip Tint,Mellow,3,14000,5000,0.05,3000,Virtual Account,2,5,No,
ORD00055,2025-09-26,Completed,C0407,Returning,35-44,Daejeon,Beauty,Sunscreen SPF50,Glow,2,18000,7000,0,3000,Card,2,4,No,
ORD00056,2025-06-09,Completed,C0099,VIP,35-44,Gangwon,Fashion,Canvas Sneakers,Walkon,4,59000,26000,0.1,3000,Virtual Account,5,4,No,
ORD00057,2025-05-26,Completed,C0138,New,25-34,Daegu,Fashion,Canvas Sneakers,Walkon,4,59000,26000,0,3000,Virtual Account,4,4,No,
ORD00058,2025-09-21,Completed,C0431,Returning,45-54,Gwangju,Home,Storage Box Set,NeatHome,4,29000,12000,0,0,Virtual Account,1,5,No,
ORD00059,2025-10-11,Completed,C0738,Returning,35-44,Daejeon,Home,Storage Box Set,NeatHome,4,29000,12000,0,3000,Virtual Account,2,5,No,
ORD00060,2025-12-15,Completed,C0690,Returning,55+,Incheon,Electronics,Smart Watch,Pulse,3,99000,47000,0,3000,Mobile Pay,3,5,No,
ORD00061,2025-09-15,Completed,C0283,New,18-24,Gangwon,Home,Storage Box Set,NeatHome,2,29000,12000,0,3000,Card,6,3,No,
ORD00062,2025-09-17,Completed,C0072,New,25-34,Gwangju,Food,Gift Snack Box,HappyBox,1,33000,14000,0,3000,Virtual Account,4,5,No,
ORD00063,2025-09-28,Completed,C0114,Returning,25-34,Gangwon,Fashion,Oversized Hoodie,Northline,1,45000,21000,0,3000,Card,5,5,No,
ORD00064,2025-10-13,Completed,C0501,Returning,45-54,Incheon,Beauty,Lip Tint,Mellow,2,14000,5000,0,3000,Virtual Account,1,4,No,
ORD00065,2025-02-14,Cancelled,C0133,Returning,25-34,Daegu,Food,Gift Snack Box,HappyBox,2,33000,14000,0.25,0,Card,,,No,
ORD00066,2025-11-11,Completed,C0536,New,45-54,Jeju,Food,Coffee Bean 1kg,BeanRoot,1,32000,15000,0,3000,Bank Transfer,2,5,No,
ORD00067,2025-11-02,Completed,C0628,Returning,25-34,Gwangju,Pet,Pet Bed,ComfyPaws,2,47000,20000,0,0,Mobile Pay,2,5,No,
ORD00068,2025-02-26,Completed,C0464,New,45-54,Gyeonggi,Electronics,Smart Watch,Pulse,2,99000,47000,0,3000,Card,3,5,No,
ORD00069,2025-12-24,Cancelled,C0470,New,35-44,Busan,Electronics,Wireless Earbuds,Nova,1,49000,24000,0,0,Mobile Pay,,,No,
ORD00070,2025-01-13,Completed,C0105,New,18-24,Gangwon,Electronics,Smart Watch,Pulse,3,99000,47000,0,3000,Virtual Account,9,3,No,
ORD00071,2025-10-29,Completed,C0524,New,35-44,Seoul,Food,Coffee Bean 1kg,BeanRoot,3,32000,15000,0,3000,Virtual Account,1,,No,
ORD00072,2025-11-29,Completed,C0754,New,35-44,Seoul,Electronics,Bluetooth Speaker,Soundly,4,65000,31000,0,3000,Bank Transfer,1,4,No,
ORD00073,2025-03-16,Completed,C0085,New,18-24,Daejeon,Pet,Pet Bed,ComfyPaws,2,47000,20000,0,0,Mobile Pay,5,5,No,
ORD00074,2025-10-14,Completed,C0375,Returning,25-34,Daegu,Beauty,Sunscreen SPF50,Glow,1,18000,7000,0.1,3000,Mobile Pay,5,4,No,
ORD00075,2025-11-29,Completed,C0485,New,55+,Daegu,Home,Storage Box Set,NeatHome,3,29000,12000,0.15,0,Virtual Account,2,5,No,
ORD00076,2025-10-01,Completed,C0569,Returning,18-24,Busan,Pet,Pet Bed,ComfyPaws,3,47000,20000,0,3000,Card,2,5,No,
ORD00077,2025-06-11,Completed,C0821,Returning,45-54,Daegu,Food,Gift Snack Box,HappyBox,2,33000,14000,0,3000,Virtual Account,2,5,No,
ORD00078,2025-10-31,Completed,C0559,VIP,55+,Gangwon,Beauty,Lip Tint,Mellow,1,14000,5000,0,3000,Bank Transfer,6,3,No,
ORD00079,2025-11-13,Completed,C0159,Returning,18-24,Incheon,Beauty,Sunscreen SPF50,Glow,1,18000,7000,0,3000,Bank Transfer,1,4,No,
ORD00080,2025-09-19,Completed,C0839,Returning,55+,Gangwon,Pet,Cat Toy Bundle,PawJoy,3,19000,8000,0,0,Mobile Pay,2,4,No,
ORD00081,2025-10-17,Completed,C0491,VIP,25-34,Gwangju,Beauty,Lip Tint,Mellow,3,14000,5000,0.05,3000,Bank Transfer,4,5,No,
ORD00082,2025-09-24,Completed,C0610,VIP,18-24,Gyeonggi,Fashion,Crossbody Bag,Morrow,1,43000,18000,0,0,Bank Transfer,3,4,No,
ORD00083,2025-09-06,Completed,C0083,New,18-24,Daejeon,Home,Desk Lamp,Lumen,3,39000,16000,0,3000,Mobile Pay,2,3,Yes,Late delivery
ORD00084,2025-01-26,Completed,C0211,Returning,55+,Gangwon,Pet,Pet Bed,ComfyPaws,1,47000,20000,0,3000,Card,3,5,No,
ORD00085,2025-08-26,Completed,C0344,New,55+,Gyeonggi,Food,Coffee Bean 1kg,BeanRoot,1,32000,15000,0.1,3000,Bank Transfer,3,5,No,
ORD00086,2025-11-28,Completed,C0187,New,25-34,Gyeonggi,Food,Gift Snack Box,HappyBox,3,33000,14000,0,3000,Card,4,5,No,
ORD00087,2025-10-15,Completed,C0172,New,35-44,Gyeonggi,Beauty,Hydrating Serum,PureLab,1,22000,9000,0,3000,Card,2,4,No,
ORD00088,2025-03-22,Completed,C0697,New,25-34,Gwangju,Food,Protein Bar Pack,FitBite,1,28000,12000,0.2,3000,Card,4,4,No,
ORD00089,2025-10-08,Completed,C0428,New,45-54,Gyeonggi,Pet,Cat Toy Bundle,PawJoy,4,19000,8000,0,3000,Bank Transfer,2,5,No,
ORD00090,2025-02-11,Completed,C0476,Returning,55+,Incheon,Electronics,Bluetooth Speaker,Soundly,1,65000,31000,0,3000,Card,3,,No,
ORD00091,2025-05-14,Completed,C0491,VIP,35-44,Jeju,Electronics,Wireless Earbuds,Nova,3,49000,24000,0,3000,Mobile Pay,5,5,No,
ORD00092,2025-05-03,Completed,C0763,New,25-34,Busan,Food,Protein Bar Pack,FitBite,2,28000,12000,0,3000,Bank Transfer,3,5,No,
ORD00093,2025-07-31,Completed,C0040,Returning,55+,Daegu,Food,Coffee Bean 1kg,BeanRoot,3,32000,15000,0,3000,Virtual Account,4,4,No,
ORD00094,2025-11-14,Completed,C0283,VIP,55+,Daegu,Fashion,Oversized Hoodie,Northline,2,45000,21000,0,3000,Card,5,5,No,
ORD00095,2025-11-15,Completed,C0143,New,18-24,Daejeon,Fashion,Crossbody Bag,Morrow,3,43000,18000,0,3000,Bank Transfer,5,4,No,
ORD00096,2025-12-24,Completed,C0126,New,55+,Seoul,Pet,Pet Bed,ComfyPaws,4,47000,20000,0.25,3000,Virtual Account,5,5,No,
ORD00097,2025-01-23,Cancelled,C0212,New,55+,Gangwon,Beauty,Hydrating Serum,PureLab,4,22000,9000,0,0,Mobile Pay,,,No,
ORD00098,2025-06-08,Completed,C0450,Returning,35-44,Jeju,Fashion,Crossbody Bag,Morrow,4,43000,18000,0,3000,Virtual Account,1,5,No,
ORD00099,2025-09-15,Completed,C0293,New,18-24,Jeju,Pet,Dog Treats 1kg,Barkly,3,25000,11000,0.25,3000,Mobile Pay,6,3,No,
ORD00100,2025-09-10,Completed,C0406,Returning,25-34,Jeju,Pet,Pet Bed,ComfyPaws,1,47000,20000,0,0,Bank Transfer,3,5,No,
ORD00101,2025-09-12,Completed,C0615,Returning,18-24,Gwangju,Pet,Pet Bed,ComfyPaws,2,47000,20000,0,0,Bank Transfer,3,4,No,
ORD00102,2025-11-13,Completed,C0848,Returning,35-44,Daejeon,Fashion,Oversized Hoodie,Northline,1,45000,21000,0,3000,Card,1,5,No,
ORD00103,2025-02-13,Completed,C0449,Returning,18-24,Busan,Home,Desk Lamp,Lumen,2,39000,16000,0,0,Mobile Pay,5,4,No,
ORD00104,2025-06-05,Completed,C0299,Returning,45-54,Busan,Food,Coffee Bean 1kg,BeanRoot,3,32000,15000,0,0,Bank Transfer,5,5,No,
ORD00105,2025-04-26,Completed,C0624,New,35-44,Gangwon,Beauty,Lip Tint,Mellow,4,14000,5000,0.2,3000,Virtual Account,1,5,No,
ORD00106,2025-12-23,Completed,C0101,Returning,18-24,Gwangju,Beauty,Lip Tint,Mellow,2,14000,5000,0,0,Bank Transfer,2,5,No,
ORD00107,2025-06-05,Completed,C0337,VIP,45-54,Daejeon,Pet,Dog Treats 1kg,Barkly,1,25000,11000,0,0,Card,5,4,No,
ORD00108,2025-05-16,Completed,C0105,New,18-24,Jeju,Fashion,Oversized Hoodie,Northline,3,45000,21000,0,3000,Virtual Account,6,4,No,
ORD00109,2025-07-01,Completed,C0196,VIP,35-44,Daejeon,Home,Desk Lamp,Lumen,1,39000,16000,0.25,3000,Bank Transfer,1,,No,
ORD00110,2025-01-24,Completed,C0767,New,55+,Gangwon,Electronics,Bluetooth Speaker,Soundly,2,65000,31000,0.15,3000,Mobile Pay,6,3,No,
ORD00111,2025-08-08,Completed,C0418,Returning,18-24,Incheon,Fashion,Oversized Hoodie,Northline,4,45000,21000,0.2,3000,Bank Transfer,2,5,No,
ORD00112,2025-11-21,Pending,C0129,New,55+,Daejeon,Beauty,Sunscreen SPF50,Glow,4,18000,7000,0,0,Card,,,No,
ORD00113,2025-08-09,Cancelled,C0575,VIP,35-44,Incheon,Home,Cotton Towel Set,SoftDay,2,24000,10000,0,0,Virtual Account,,,No,
ORD00114,2025-02-19,Completed,C0521,New,35-44,Daejeon,Pet,Cat Toy Bundle,PawJoy,2,19000,8000,0,3000,Mobile Pay,1,5,No,
ORD00115,2025-10-03,Completed,C0300,New,18-24,Busan,Electronics,Wireless Earbuds,Nova,4,49000,24000,0,0,Bank Transfer,3,5,No,
ORD00116,2025-04-14,Completed,C0234,New,35-44,Incheon,Beauty,Hydrating Serum,PureLab,3,22000,9000,0.05,3000,Card,3,4,No,
ORD00117,2025-06-03,Cancelled,C0490,New,35-44,Daegu,Food,Protein Bar Pack,FitBite,2,28000,12000,0.2,0,Bank Transfer,,,No,
ORD00118,2025-09-08,Completed,C0246,VIP,55+,Gwangju,Home,Desk Lamp,Lumen,4,39000,16000,0,3000,Card,5,5,No,
ORD00119,2025-02-08,Completed,C0248,New,25-34,Daejeon,Fashion,Crossbody Bag,Morrow,4,43000,18000,0,0,Mobile Pay,3,4,No,
ORD00120,2025-05-01,Completed,C0103,New,35-44,Gangwon,Electronics,Smart Watch,Pulse,4,99000,47000,0,3000,Bank Transfer,7,4,No,
ORD00121,2025-05-14,Completed,C0649,VIP,55+,Busan,Beauty,Lip Tint,Mellow,3,14000,5000,0,0,Card,4,4,No,
ORD00122,2025-03-24,Completed,C0759,New,45-54,Busan,Fashion,Crossbody Bag,Morrow,4,43000,18000,0,3000,Bank Transfer,4,5,No,
ORD00123,2025-11-28,Completed,C0812,VIP,35-44,Busan,Food,Coffee Bean 1kg,BeanRoot,4,32000,15000,0,3000,Mobile Pay,2,,No,
ORD00124,2025-08-06,Completed,C0315,Returning,25-34,Gwangju,Food,Gift Snack Box,HappyBox,1,33000,14000,0,0,Bank Transfer,3,4,No,
ORD00125,2025-01-11,Completed,C0547,New,18-24,Gangwon,Fashion,Oversized Hoodie,Northline,2,45000,21000,0,3000,Card,9,4,No,
ORD00126,2025-12-30,Completed,C0496,Returning,18-24,Gangwon,Beauty,Hydrating Serum,PureLab,4,22000,9000,0,0,Virtual Account,3,5,No,
ORD00127,2025-02-25,Completed,C0716,New,18-24,Gwangju,Food,Protein Bar Pack,FitBite,1,28000,12000,0.2,3000,Card,4,5,No,
ORD00128,2025-05-12,Completed,C0729,Returning,55+,Daejeon,Pet,Pet Bed,ComfyPaws,4,47000,20000,0,3000,Virtual Account,1,5,No,
ORD00129,2025-01-15,Completed,C0688,Returning,18-24,Gangwon,Beauty,Hydrating Serum,PureLab,4,22000,9000,0,3000,Card,7,4,No,
ORD00130,2025-05-27,Completed,C0769,New,18-24,Gangwon,Home,Storage Box Set,NeatHome,1,29000,12000,0,0,Bank Transfer,8,2,Yes,Wrong size
ORD00131,2025-10-08,Completed,C0335,VIP,18-24,Daejeon,Beauty,Lip Tint,Mellow,3,14000,5000,0.15,3000,Bank Transfer,3,5,No,
ORD00132,2025-04-12,Completed,C0727,New,55+,Daegu,Fashion,Oversized Hoodie,Northline,1,45000,21000,0,3000,Virtual Account,5,4,No,
ORD00133,2025-11-04,Completed,C0738,New,35-44,Jeju,Home,Storage Box Set,NeatHome,3,29000,12000,0,3000,Mobile Pay,5,4,No,
ORD00134,2025-07-18,Completed,C0072,VIP,35-44,Gyeonggi,Home,Storage Box Set,NeatHome,4,29000,12000,0,3000,Card,2,5,No,
ORD00135,2025-10-23,Completed,C0283,VIP,18-24,Jeju,Pet,Cat Toy Bundle,PawJoy,1,19000,8000,0,3000,Card,7,3,No,
ORD00136,2025-09-13,Cancelled,C0797,New,25-34,Busan,Electronics,Wireless Earbuds,Nova,4,49000,24000,0.1,0,Bank Transfer,,,No,
ORD00137,2025-12-26,Completed,C0117,VIP,25-34,Daegu,Pet,Cat Toy Bundle,PawJoy,1,19000,8000,0.15,0,Virtual Account,5,5,No,
ORD00138,2025-01-06,Completed,C0023,Returning,25-34,Jeju,Electronics,Bluetooth Speaker,Soundly,4,65000,31000,0.1,3000,Mobile Pay,9,4,No,
ORD00139,2025-06-07,Completed,C0434,New,55+,Busan,Food,Gift Snack Box,HappyBox,3,33000,14000,0,0,Card,5,4,No,
ORD00140,2025-12-09,Completed,C0344,VIP,55+,Gwangju,Fashion,Canvas Sneakers,Walkon,1,59000,26000,0,3000,Card,2,5,No,
ORD00141,2025-03-02,Completed,C0837,New,35-44,Daegu,Beauty,Sunscreen SPF50,Glow,1,18000,7000,0,3000,Card,5,4,No,
ORD00142,2025-08-11,Completed,C0399,Returning,45-54,Daejeon,Pet,Pet Bed,ComfyPaws,2,47000,20000,0.25,3000,Mobile Pay,3,5,No,
ORD00143,2025-06-21,Completed,C0264,VIP,45-54,Gangwon,Home,Storage Box Set,NeatHome,1,29000,12000,0,3000,Card,1,4,No,
ORD00144,2025-01-30,Completed,C0414,VIP,25-34,Gangwon,Fashion,Canvas Sneakers,Walkon,3,59000,26000,0,3000,Virtual Account,1,5,No,
ORD00145,2025-01-08,Completed,C0236,New,55+,Gwangju,Pet,Cat Toy Bundle,PawJoy,1,19000,8000,0,3000,Virtual Account,4,5,No,
ORD00146,2025-12-18,Completed,C0179,Returning,18-24,Gangwon,Pet,Cat Toy Bundle,PawJoy,2,19000,8000,0.15,3000,Mobile Pay,5,4,No,
ORD00147,2025-06-30,Completed,C0191,VIP,55+,Gyeonggi,Home,Desk Lamp,Lumen,4,39000,16000,0.2,3000,Bank Transfer,3,4,No,
ORD00148,2025-07-06,Completed,C0346,New,35-44,Gwangju,Electronics,Wireless Earbuds,Nova,2,49000,24000,0,3000,Mobile Pay,1,4,No,
ORD00149,2025-09-01,Completed,C0517,New,18-24,Gyeonggi,Beauty,Lip Tint,Mellow,4,14000,5000,0,3000,Card,5,4,No,
ORD00150,2025-02-03,Completed,C0181,New,45-54,Gwangju,Home,Storage Box Set,NeatHome,1,29000,12000,0,3000,Virtual Account,2,4,No,
ORD00151,2025-01-08,Completed,C0505,New,45-54,Jeju,Electronics,Wireless Earbuds,Nova,1,49000,24000,0,0,Mobile Pay,7,4,No,
ORD00152,2025-06-07,Completed,C0405,New,55+,Busan,Home,Desk Lamp,Lumen,3,39000,16000,0.05,3000,Mobile Pay,2,5,No,
ORD00153,2025-07-03,Completed,C0584,Returning,45-54,Daejeon,Home,Cotton Towel Set,SoftDay,3,24000,10000,0.25,3000,Card,3,5,No,
ORD00154,2025-10-28,Completed,C0745,VIP,18-24,Incheon,Home,Storage Box Set,NeatHome,2,29000,12000,0,3000,Card,2,5,No,
ORD00155,2025-11-07,Completed,C0331,Returning,45-54,Busan,Fashion,Canvas Sneakers,Walkon,1,59000,26000,0.2,3000,Mobile Pay,3,5,No,
ORD00156,2025-03-16,Completed,C0710,Returning,18-24,Incheon,Home,Cotton Towel Set,SoftDay,2,24000,10000,0.15,3000,Card,4,,No,
ORD00157,2025-08-14,Pending,C0776,Returning,18-24,Incheon,Beauty,Hydrating Serum,PureLab,2,22000,9000,0,0,Card,,,No,
ORD00158,2025-09-20,Completed,C0215,VIP,45-54,Seoul,Beauty,Hydrating Serum,PureLab,2,22000,9000,0,3000,Bank Transfer,4,,No,
ORD00159,2025-07-07,Completed,C0150,Returning,25-34,Incheon,Food,Protein Bar Pack,FitBite,3,28000,12000,0,3000,Card,4,5,No,
ORD00160,2025-02-19,Completed,C0239,New,18-24,Gangwon,Pet,Dog Treats 1kg,Barkly,3,25000,11000,0,3000,Virtual Account,2,5,No,
ORD00161,2025-06-01,Cancelled,C0820,Returning,45-54,Gangwon,Pet,Cat Toy Bundle,PawJoy,1,19000,8000,0.05,0,Virtual Account,,,No,
ORD00162,2025-05-22,Completed,C0709,New,25-34,Incheon,Electronics,Bluetooth Speaker,Soundly,2,65000,31000,0,3000,Card,2,4,No,
ORD00163,2025-10-31,Completed,C0152,VIP,55+,Gyeonggi,Beauty,Hydrating Serum,PureLab,1,22000,9000,0,3000,Virtual Account,4,4,No,
ORD00164,2025-01-17,Completed,C0547,VIP,55+,Busan,Electronics,Wireless Earbuds,Nova,3,49000,24000,0.1,3000,Card,3,4,No,
ORD00165,2025-08-12,Completed,C0229,New,35-44,Jeju,Fashion,Canvas Sneakers,Walkon,2,59000,26000,0,3000,Bank Transfer,2,5,No,
ORD00166,2025-04-24,Completed,C0463,Returning,25-34,Gyeonggi,Beauty,Sunscreen SPF50,Glow,3,18000,7000,0,3000,Virtual Account,4,5,No,
ORD00167,2025-09-26,Completed,C0160,Returning,25-34,Gangwon,Pet,Cat Toy Bundle,PawJoy,1,19000,8000,0,0,Mobile Pay,5,5,No,
ORD00168,2025-04-23,Completed,C0746,Returning,18-24,Seoul,Fashion,Oversized Hoodie,Northline,1,45000,21000,0.2,0,Mobile Pay,5,5,No,
ORD00169,2025-10-27,Completed,C0347,New,55+,Daejeon,Beauty,Sunscreen SPF50,Glow,1,18000,7000,0,0,Mobile Pay,3,5,No,
ORD00170,2025-02-16,Completed,C0221,New,45-54,Daegu,Food,Protein Bar Pack,FitBite,3,28000,12000,0.05,0,Card,2,5,No,
ORD00171,2025-03-18,Completed,C0044,New,25-34,Incheon,Electronics,Wireless Earbuds,Nova,4,49000,24000,0,3000,Bank Transfer,1,4,No,
ORD00172,2025-02-13,Completed,C0785,Returning,45-54,Daejeon,Electronics,Smart Watch,Pulse,3,99000,47000,0,3000,Bank Transfer,3,5,No,
ORD00173,2025-02-25,Completed,C0365,Returning,35-44,Seoul,Beauty,Hydrating Serum,PureLab,4,22000,9000,0,0,Virtual Account,1,4,No,
ORD00174,2025-10-30,Completed,C0602,Returning,18-24,Busan,Pet,Pet Bed,ComfyPaws,1,47000,20000,0,0,Virtual Account,3,5,No,
ORD00175,2025-03-12,Completed,C0127,VIP,25-34,Gangwon,Beauty,Sunscreen SPF50,Glow,1,18000,7000,0.05,3000,Card,6,3,No,
ORD00176,2025-03-08,Completed,C0435,Returning,55+,Gwangju,Home,Storage Box Set,NeatHome,1,29000,12000,0,0,Bank Transfer,4,5,No,
ORD00177,2025-03-31,Completed,C0590,New,25-34,Busan,Pet,Dog Treats 1kg,Barkly,1,25000,11000,0.25,0,Card,2,5,No,
ORD00178,2025-07-18,Completed,C0790,VIP,45-54,Gyeonggi,Fashion,Oversized Hoodie,Northline,1,45000,21000,0,0,Mobile Pay,1,4,No,
ORD00179,2025-02-26,Completed,C0278,VIP,55+,Gangwon,Pet,Cat Toy Bundle,PawJoy,2,19000,8000,0,3000,Mobile Pay,9,4,No,
ORD00180,2025-10-18,Completed,C0498,Returning,25-34,Daejeon,Electronics,Bluetooth Speaker,Soundly,1,65000,31000,0.1,0,Card,4,5,No,
ORD00181,2025-01-11,Completed,C0153,New,25-34,Gyeonggi,Pet,Cat Toy Bundle,PawJoy,99,999999,8000,0,3000,Virtual Account,5,4,No,
ORD00182,2025-10-28,Completed,C0179,Returning,45-54,Gwangju,Home,Storage Box Set,NeatHome,2,29000,12000,0,3000,Mobile Pay,5,5,No,
ORD00183,2025-04-23,Completed,C0464,New,55+,Gwangju,Food,Protein Bar Pack,FitBite,3,28000,12000,0,3000,Bank Transfer,2,5,No,
ORD00184,2025-12-19,Completed,C0457,Returning,25-34,Busan,Food,Protein Bar Pack,FitBite,4,28000,12000,0.05,0,Bank Transfer,5,3,Yes,Late delivery
ORD00185,2025-03-30,Pending,C0620,Returning,18-24,Daejeon,Electronics,Smart Watch,Pulse,3,99000,47000,0.2,0,Bank Transfer,,,No,
ORD00186,2025-03-04,Completed,C0169,Returning,35-44,Daejeon,Beauty,Sunscreen SPF50,Glow,4,18000,7000,0,3000,Card,1,5,No,
ORD00187,2025-03-29,Pending,C0487,VIP,35-44,Daegu,Food,Protein Bar Pack,FitBite,2,28000,12000,0,0,Mobile Pay,,,No,
ORD00188,2025-11-22,Completed,C0239,Returning,25-34,Daejeon,Beauty,Lip Tint,Mellow,1,14000,5000,0,0,Card,1,4,No,
ORD00189,2025-05-26,Completed,C0581,Returning,25-34,Gangwon,Fashion,Oversized Hoodie,Northline,1,45000,21000,0.2,3000,Virtual Account,5,5,No,
ORD00190,2025-11-13,Completed,C0119,Returning,18-24,Incheon,Pet,Dog Treats 1kg,Barkly,3,25000,11000,0,3000,Mobile Pay,4,5,No,
ORD00191,2025-11-11,Completed,C0447,Returning,25-34,Daejeon,Electronics,Smart Watch,Pulse,4,99000,47000,0,3000,Mobile Pay,4,4,No,
ORD00192,2025-11-19,Cancelled,C0704,New,18-24,Gyeonggi,Beauty,Sunscreen SPF50,Glow,2,18000,7000,0.25,0,Card,,,No,
ORD00193,2025-03-30,Completed,C0606,New,25-34,Gyeonggi,Beauty,Hydrating Serum,PureLab,1,22000,9000,0,3000,Card,2,5,No,
ORD00194,2025-11-20,Completed,C0079,Returning,55+,Incheon,Home,Desk Lamp,Lumen,4,39000,16000,0,3000,Card,5,5,No,
ORD00195,2025-09-08,Completed,C0483,New,55+,Busan,Pet,Pet Bed,ComfyPaws,1,47000,20000,0.25,0,Mobile Pay,1,5,No,
ORD00196,2025-08-15,Completed,C0184,VIP,18-24,Busan,Home,Storage Box Set,NeatHome,4,29000,12000,0.1,3000,Card,2,4,No,
ORD00197,2025-03-02,Completed,C0834,Returning,45-54,Gwangju,Electronics,Bluetooth Speaker,Soundly,1,65000,31000,0.1,3000,Virtual Account,4,5,No,
ORD00198,2025-02-19,Pending,C0508,VIP,35-44,Daejeon,Home,Storage Box Set,NeatHome,2,29000,12000,0.05,0,Mobile Pay,,,No,
ORD00199,2025-10-30,Completed,C0466,VIP,55+,Incheon,Beauty,Sunscreen SPF50,Glow,4,18000,7000,0,0,Bank Transfer,3,4,No,
ORD00200,2025-01-06,Completed,C0487,New,55+,Gangwon,Electronics,Smart Watch,Pulse,1,99000,47000,0,3000,Mobile Pay,2,5,No,
ORD00201,2025-03-11,Completed,C0270,Returning,35-44,Jeju,Beauty,Lip Tint,Mellow,3,14000,5000,0,3000,Virtual Account,6,2,Yes,Wrong size
ORD00202,2025-11-08,Completed,C0518,VIP,18-24,Gangwon,Beauty,Sunscreen SPF50,Glow,3,18000,7000,0,3000,Bank Transfer,1,5,No,
ORD00203,2025-11-20,Completed,C0750,New,25-34,Gwangju,Home,Cotton Towel Set,SoftDay,3,24000,10000,0.1,0,Card,4,4,No,
ORD00204,2025-01-12,Completed,C0047,VIP,25-34,Gyeonggi,Pet,Pet Bed,ComfyPaws,4,47000,20000,0,3000,Virtual Account,2,,No,
ORD00205,2025-07-29,Completed,C0781,New,55+,Daegu,Beauty,Lip Tint,Mellow,2,14000,5000,0,0,Bank Transfer,2,4,No,
ORD00206,2025-04-11,Completed,C0254,New,35-44,Gangwon,Home,Desk Lamp,Lumen,4,39000,16000,0.25,3000,Virtual Account,4,5,No,
ORD00207,2025-07-16,Completed,C0601,Returning,25-34,Gangwon,Pet,Dog Treats 1kg,Barkly,4,25000,11000,0,3000,Card,4,4,No,
ORD00208,2025-11-21,Completed,C0511,New,45-54,Gwangju,Food,Protein Bar Pack,FitBite,2,28000,12000,0,3000,Bank Transfer,3,4,No,
ORD00209,2025-06-25,Completed,C0584,Returning,55+,Seoul,Food,Gift Snack Box,HappyBox,1,33000,14000,0.15,0,Bank Transfer,2,5,No,
ORD00210,2025-11-13,Completed,C0633,Returning,18-24,Busan,Beauty,Sunscreen SPF50,Glow,1,18000,7000,0.05,0,Virtual Account,2,4,No,
ORD00211,2025-01-18,Completed,C0802,New,35-44,Gangwon,Fashion,Canvas Sneakers,Walkon,2,59000,26000,0,3000,Mobile Pay,7,3,No,
ORD00212,2025-11-01,Completed,C0411,Returning,35-44,Seoul,Home,Desk Lamp,Lumen,4,39000,16000,0,3000,Mobile Pay,3,4,No,
ORD00213,2025-03-30,Completed,C0420,New,25-34,Gangwon,Fashion,Crossbody Bag,Morrow,3,43000,18000,0.15,3000,Card,3,5,No,
ORD00214,2025-05-29,Completed,C0236,Returning,35-44,Gyeonggi,Beauty,Hydrating Serum,PureLab,2,22000,9000,0,3000,Card,2,5,No,
ORD00215,2025-02-08,Completed,C0619,Returning,25-34,Gangwon,Fashion,Crossbody Bag,Morrow,1,43000,18000,0.15,3000,Mobile Pay,8,3,No,
ORD00216,2025-03-11,Completed,C0190,Returning,45-54,Daejeon,Electronics,Smart Watch,Pulse,4,99000,47000,0.05,3000,Card,1,4,No,
ORD00217,2025-01-25,Completed,C0523,Returning,18-24,Seoul,Electronics,Wireless Earbuds,Nova,2,49000,24000,0.1,3000,Card,2,4,Yes,Damaged item
ORD00218,2025-04-20,Completed,C0419,New,35-44,Seoul,Food,Coffee Bean 1kg,BeanRoot,3,32000,15000,0,3000,Bank Transfer,3,4,No,
ORD00219,2025-09-24,Completed,C0833,New,45-54,Daejeon,Fashion,Crossbody Bag,Morrow,2,43000,18000,0,3000,Card,4,4,No,
ORD00220,2025-04-25,Completed,C0271,VIP,45-54,Busan,Pet,Dog Treats 1kg,Barkly,4,25000,11000,0,3000,Card,5,5,No,
ORD00221,2025-09-22,Completed,C0206,Returning,55+,Busan,Electronics,Bluetooth Speaker,Soundly,4,65000,31000,0,3000,Mobile Pay,1,5,No,
ORD00222,2025-05-08,Completed,C0695,New,55+,Gangwon,Electronics,Bluetooth Speaker,Soundly,1,65000,31000,0,3000,Mobile Pay,9,4,No,
ORD00223,2025-03-14,Completed,C0628,Returning,35-44,Jeju,Electronics,Smart Watch,Pulse,3,99000,47000,0,0,Mobile Pay,2,5,No,
ORD00224,2025-05-28,Completed,C0691,Returning,55+,Gyeonggi,Food,Coffee Bean 1kg,BeanRoot,4,32000,15000,0,3000,Virtual Account,1,5,No,
ORD00225,2025-05-27,Completed,C0365,New,35-44,Incheon,Home,Storage Box Set,NeatHome,2,29000,12000,0,3000,Virtual Account,3,4,No,
ORD00226,2025-12-26,Cancelled,C0510,Returning,45-54,Gangwon,Beauty,Hydrating Serum,PureLab,1,22000,9000,0,0,Mobile Pay,,,No,
ORD00227,2025-06-11,Completed,C0002,Returning,25-34,Busan,Food,Coffee Bean 1kg,BeanRoot,3,32000,15000,0.15,3000,Bank Transfer,2,5,No,
ORD00228,2025-09-20,Completed,C0501,VIP,18-24,Gwangju,Beauty,Lip Tint,Mellow,4,14000,5000,0,0,Bank Transfer,5,5,No,
ORD00229,2025-10-24,Completed,C0149,VIP,45-54,Incheon,Fashion,Oversized Hoodie,Northline,2,45000,21000,0.05,3000,Card,4,5,No,
ORD00230,2025-05-17,Completed,C0813,New,25-34,Daegu,Fashion,Crossbody Bag,Morrow,1,43000,18000,0,3000,Virtual Account,1,5,No,
ORD00231,2025-06-11,Completed,C0058,VIP,45-54,Gwangju,Home,Storage Box Set,NeatHome,4,29000,12000,0,0,Card,2,4,No,
ORD00232,2025-10-11,Completed,C0565,New,35-44,Gwangju,Home,Desk Lamp,Lumen,3,39000,16000,0,0,Mobile Pay,2,5,No,
ORD00233,2025-04-27,Cancelled,C0775,New,18-24,Incheon,Pet,Cat Toy Bundle,PawJoy,3,19000,8000,0.05,0,Card,,,No,
ORD00234,2025-09-11,Completed,C0148,New,55+,Gyeonggi,Fashion,Crossbody Bag,Morrow,3,43000,18000,0.2,3000,Card,5,3,Yes,Wrong size
ORD00235,2025-09-23,Completed,C0728,Returning,45-54,Daejeon,Electronics,Bluetooth Speaker,Soundly,4,65000,31000,0,3000,Mobile Pay,3,3,Yes,Different from description
ORD00236,2025-07-20,Completed,C0427,New,45-54,Gyeonggi,Home,Desk Lamp,Lumen,1,39000,16000,0.15,3000,Card,3,4,No,
ORD00237,2025-09-05,Completed,C0170,Returning,55+,Seoul,Home,Desk Lamp,Lumen,2,39000,16000,0,3000,Virtual Account,2,5,No,
ORD00238,2025-03-01,Completed,C0572,VIP,35-44,Gangwon,Fashion,Canvas Sneakers,Walkon,2,59000,26000,0,3000,Virtual Account,5,5,No,
ORD00239,2025-01-23,Completed,C0170,Returning,25-34,Gyeonggi,Food,Gift Snack Box,HappyBox,4,33000,14000,0.05,0,Bank Transfer,3,5,No,
ORD00240,2025-11-08,Completed,C0471,Returning,18-24,Jeju,Electronics,Bluetooth Speaker,Soundly,4,65000,31000,0,3000,Card,5,4,No,
ORD00241,2025-12-26,Completed,C0058,Returning,25-34,Jeju,Home,Desk Lamp,Lumen,4,39000,16000,0,3000,Bank Transfer,4,5,No,
ORD00242,2025-11-02,Pending,C0638,Returning,35-44,Seoul,Electronics,Smart Watch,Pulse,0,99000,47000,0,0,Virtual Account,,,No,
ORD00243,2025-09-02,Completed,C0144,New,55+,Incheon,Home,Desk Lamp,Lumen,4,39000,16000,0.05,3000,Mobile Pay,1,5,No,
ORD00244,2025-08-18,Completed,C0840,Returning,55+,Gwangju,Home,Storage Box Set,NeatHome,3,29000,12000,0,3000,Virtual Account,3,5,No,
ORD00245,2025-12-22,Completed,C0722,VIP,25-34,Incheon,Electronics,Wireless Earbuds,Nova,4,49000,24000,0,3000,Card,5,5,No,
ORD00246,2025-11-18,Completed,C0455,Returning,35-44,Daejeon,Electronics,Wireless Earbuds,Nova,1,49000,24000,0,0,Virtual Account,5,5,No,
ORD00247,2025-10-08,Completed,C0232,Returning,55+,Daejeon,Beauty,Sunscreen SPF50,Glow,1,18000,7000,0,0,Virtual Account,3,4,No,
ORD00248,2025-01-24,Completed,C0707,Returning,55+,Busan,Fashion,Canvas Sneakers,Walkon,3,59000,26000,0,3000,Bank Transfer,2,4,No,
ORD00249,2025-02-09,Completed,C0546,Returning,35-44,Gwangju,Food,Protein Bar Pack,FitBite,4,28000,12000,0,3000,Mobile Pay,3,4,No,
ORD00250,2025-06-27,Completed,C0070,Returning,55+,Gwangju,Home,Desk Lamp,Lumen,2,39000,16000,0.2,3000,Card,2,5,No,
ORD00251,2025-07-06,Completed,C0071,New,25-34,Gwangju,Home,Desk Lamp,Lumen,4,39000,16000,0,3000,Mobile Pay,2,5,No,
ORD00252,2025-11-12,Completed,C0648,Returning,35-44,Incheon,Electronics,Smart Watch,Pulse,4,99000,47000,0,3000,Virtual Account,2,5,No,
ORD00253,2025-07-06,Completed,C0844,VIP,35-44,Daegu,Food,Coffee Bean 1kg,BeanRoot,2,32000,15000,0.25,3000,Virtual Account,5,4,No,
ORD00254,2025-06-03,Completed,C0238,Returning,35-44,Busan,Home,Storage Box Set,NeatHome,4,29000,12000,0,3000,Card,2,4,No,
ORD00255,2025-09-20,Cancelled,C0100,VIP,55+,Jeju,Fashion,Oversized Hoodie,Northline,3,45000,21000,0,0,Card,,,No,
ORD00256,2025-09-15,Completed,C0607,VIP,35-44,Daegu,Food,Gift Snack Box,HappyBox,3,33000,14000,0,3000,Virtual Account,2,5,No,
ORD00257,2025-10-19,Completed,C0820,Returning,18-24,Seoul,Beauty,Hydrating Serum,PureLab,1,22000,9000,0,3000,Bank Transfer,5,5,No,
ORD00258,2025-02-07,Cancelled,C0683,Returning,18-24,Gyeonggi,Pet,Pet Bed,ComfyPaws,2,47000,20000,0,0,Mobile Pay,,,No,
ORD00259,2025-07-01,Completed,C0355,Returning,35-44,Jeju,Food,Protein Bar Pack,FitBite,4,28000,12000,0,3000,Bank Transfer,3,5,No,
ORD00260,2025-11-03,Completed,C0511,Returning,45-54,Daejeon,Food,Gift Snack Box,HappyBox,4,33000,14000,0,3000,Bank Transfer,1,5,No,
ORD00261,2025-08-20,Completed,C0454,New,25-34,Daegu,Home,Storage Box Set,NeatHome,2,29000,12000,0,0,Card,2,5,No,
ORD00262,2025-12-22,Completed,C0044,New,18-24,Jeju,Fashion,Oversized Hoodie,Northline,3,45000,21000,0.15,3000,Virtual Account,5,4,No,
ORD00263,2025-12-03,Completed,C0178,New,45-54,Busan,Food,Gift Snack Box,HappyBox,3,33000,14000,0.05,3000,Card,3,5,No,
ORD00264,2025-07-20,Completed,C0345,New,18-24,Gyeonggi,Beauty,Hydrating Serum,PureLab,1,22000,9000,0.2,0,Mobile Pay,4,5,No,
ORD00265,2025-09-19,Pending,C0662,New,55+,Seoul,Pet,Dog Treats 1kg,Barkly,3,25000,11000,0,0,Mobile Pay,,,No,
ORD00266,2025-01-25,Pending,C0316,New,18-24,Busan,Beauty,Sunscreen SPF50,Glow,3,18000,7000,0.05,0,Bank Transfer,,,No,
ORD00267,2025-11-17,Completed,C0251,Returning,45-54,Daegu,Electronics,Wireless Earbuds,Nova,2,49000,24000,0,3000,Mobile Pay,2,,No,
ORD00268,2025-02-02,Completed,C0319,VIP,55+,Busan,Fashion,Crossbody Bag,Morrow,2,43000,18000,0.05,3000,Bank Transfer,2,5,No,
ORD00269,2025-08-16,Completed,C0472,New,18-24,Jeju,Pet,Dog Treats 1kg,Barkly,2,25000,11000,0.25,3000,Virtual Account,1,5,No,
ORD00270,2025-01-06,Completed,C0084,Returning,55+,Gwangju,Pet,Dog Treats 1kg,Barkly,1,25000,11000,0.1,0,Card,5,,No,
ORD00271,2025-12-13,Completed,C0297,Returning,55+,Daegu,Electronics,Bluetooth Speaker,Soundly,1,65000,31000,0,3000,Bank Transfer,2,5,No,
ORD00272,2025-09-18,Completed,C0469,Returning,25-34,Gangwon,Pet,Pet Bed,ComfyPaws,4,47000,20000,0.1,0,Mobile Pay,3,5,No,
ORD00273,2025-12-02,Completed,C0588,VIP,18-24,Gangwon,Fashion,Oversized Hoodie,Northline,2,45000,21000,0,3000,Bank Transfer,1,5,No,
ORD00274,2025-07-12,Completed,C0250,Returning,55+,Jeju,Electronics,Bluetooth Speaker,Soundly,1,65000,31000,0,0,Virtual Account,6,4,No,
ORD00275,2025-06-18,Completed,C0194,VIP,25-34,Seoul,Beauty,Hydrating Serum,PureLab,4,22000,9000,0.2,3000,Mobile Pay,1,5,No,
ORD00276,2025-04-25,Cancelled,C0776,New,18-24,Jeju,Pet,Dog Treats 1kg,Barkly,3,25000,11000,0,0,Mobile Pay,,,No,
ORD00277,2025-09-11,Completed,C0045,VIP,45-54,Daejeon,Beauty,Hydrating Serum,PureLab,2,22000,9000,0,3000,Virtual Account,2,4,No,
ORD00278,2025-03-01,Completed,C0839,Returning,18-24,Jeju,Fashion,Oversized Hoodie,Northline,2,45000,21000,0.1,3000,Mobile Pay,2,4,No,
ORD00279,2025-08-23,Completed,C0237,VIP,55+,Daegu,Electronics,Smart Watch,Pulse,2,99000,47000,0.25,0,Mobile Pay,5,5,No,
ORD00280,2025-09-11,Completed,C0555,Returning,55+,Busan,Fashion,Canvas Sneakers,Walkon,4,59000,26000,0,3000,Card,4,4,No,
ORD00281,2025-10-23,Completed,C0512,Returning,55+,Gangwon,Fashion,Crossbody Bag,Morrow,3,43000,18000,0.1,0,Virtual Account,7,4,No,
ORD00282,2025-08-26,Completed,C0338,Returning,18-24,Daegu,Fashion,Canvas Sneakers,Walkon,3,59000,26000,0,0,Bank Transfer,4,5,No,
ORD00283,2025-02-27,Completed,C0561,New,45-54,Gwangju,Fashion,Oversized Hoodie,Northline,2,45000,21000,0,0,Bank Transfer,3,4,No,
ORD00284,2025-08-01,Completed,C0513,Returning,35-44,Gwangju,Home,Desk Lamp,Lumen,3,39000,16000,0.25,3000,Bank Transfer,2,4,No,
ORD00285,2025-11-29,Completed,C0585,New,45-54,Jeju,Beauty,Hydrating Serum,PureLab,2,22000,9000,0,3000,Virtual Account,1,5,No,
ORD00286,2025-11-28,Completed,C0410,Returning,35-44,Jeju,Pet,Pet Bed,ComfyPaws,2,47000,20000,0,0,Virtual Account,9,2,Yes,Different from description
ORD00287,2025-08-18,Completed,C0627,New,25-34,Jeju,Food,Gift Snack Box,HappyBox,2,33000,14000,0,3000,Mobile Pay,5,5,No,
ORD00288,2025-06-08,Completed,C0836,Returning,55+,Incheon,Home,Storage Box Set,NeatHome,3,29000,12000,0,3000,Mobile Pay,3,4,No,
ORD00289,2025-12-06,Completed,C0003,Returning,25-34,Busan,Food,Coffee Bean 1kg,BeanRoot,2,32000,15000,0.1,0,Bank Transfer,4,4,No,
ORD00290,2025-07-28,Completed,C0403,VIP,25-34,Seoul,Fashion,Canvas Sneakers,Walkon,3,59000,26000,0.1,3000,Card,2,5,No,
ORD00291,2025-03-14,Completed,C0136,New,18-24,Gangwon,Fashion,Oversized Hoodie,Northline,1,45000,21000,0,3000,Bank Transfer,8,3,No,
ORD00292,2025-01-29,Completed,C0610,New,45-54,Gangwon,Electronics,Bluetooth Speaker,Soundly,2,65000,31000,0.05,3000,Card,8,4,No,
ORD00293,2025-09-25,Completed,C0753,VIP,18-24,Gangwon,Beauty,Sunscreen SPF50,Glow,3,18000,7000,0,3000,Bank Transfer,5,5,No,
ORD00294,2025-02-15,Completed,C0675,New,25-34,Gyeonggi,Home,Desk Lamp,Lumen,2,39000,16000,0,3000,Virtual Account,1,5,No,
ORD00295,2025-03-24,Completed,C0452,Returning,45-54,Busan,Pet,Cat Toy Bundle,PawJoy,1,19000,8000,0,0,Mobile Pay,3,5,No,
ORD00296,2025-02-15,Completed,C0444,New,45-54,Jeju,Electronics,Smart Watch,Pulse,3,99000,47000,0,0,Mobile Pay,9,4,No,
ORD00297,2025-11-14,Completed,C0555,Returning,55+,Busan,Electronics,Smart Watch,Pulse,1,99000,47000,0,3000,Virtual Account,2,4,No,
ORD00298,2025-06-20,Completed,C0724,Returning,55+,Daegu,Beauty,Lip Tint,Mellow,2,14000,5000,0.05,3000,Card,3,5,No,
ORD00299,2025-11-14,Cancelled,C0632,VIP,55+,Daegu,Fashion,Crossbody Bag,Morrow,4,43000,18000,0,0,Mobile Pay,,,No,
ORD00300,2025-06-14,Completed,C0802,VIP,35-44,Gyeonggi,Food,Gift Snack Box,HappyBox,3,33000,14000,0.05,0,Bank Transfer,4,4,No,
ORD00301,2025-05-30,Completed,C0422,New,35-44,Seoul,Food,Coffee Bean 1kg,BeanRoot,4,32000,15000,0,3000,Bank Transfer,3,5,No,
ORD00302,2025-06-01,Completed,C0584,Returning,55+,Seoul,Beauty,Sunscreen SPF50,Glow,2,18000,7000,0.15,3000,Bank Transfer,5,4,No,
ORD00303,2025-09-18,Completed,C0221,New,18-24,Gwangju,Electronics,Wireless Earbuds,Nova,99,49000,24000,0.25,3000,Bank Transfer,3,3,Yes,Late delivery
ORD00304,2025-12-25,Completed,C0682,Returning,25-34,Gwangju,Food,Coffee Bean 1kg,BeanRoot,3,32000,15000,0,0,Virtual Account,5,4,No,
ORD00305,2025-03-04,Completed,C0181,New,35-44,Daejeon,Electronics,Smart Watch,Pulse,2,99000,47000,0,0,Card,2,5,No,
ORD00306,2025-03-11,Completed,C0802,Returning,18-24,Gyeonggi,Pet,Cat Toy Bundle,PawJoy,3,19000,8000,0,3000,Card,5,4,No,
ORD00307,2025-10-29,Completed,C0537,New,45-54,Gyeonggi,Beauty,Hydrating Serum,PureLab,1,22000,9000,0.15,3000,Virtual Account,1,5,No,
ORD00308,2025-01-17,Completed,C0654,Returning,45-54,Daegu,Electronics,Bluetooth Speaker,Soundly,2,65000,31000,0.25,0,Mobile Pay,1,4,No,
ORD00309,2025-09-08,Completed,C0795,New,18-24,Daegu,Fashion,Crossbody Bag,Morrow,4,43000,18000,0,3000,Virtual Account,2,5,No,
ORD00310,2025-05-31,Completed,C0145,Returning,25-34,Jeju,Electronics,Smart Watch,Pulse,4,99000,47000,0,3000,Mobile Pay,7,3,No,
ORD00311,2025-07-25,Completed,C0366,Returning,25-34,Gyeonggi,Fashion,Canvas Sneakers,Walkon,3,59000,26000,0.25,3000,Mobile Pay,3,4,No,
ORD00312,2025-07-30,Completed,C0552,New,55+,Gyeonggi,Pet,Cat Toy Bundle,PawJoy,4,19000,8000,0,3000,Virtual Account,5,,No,
ORD00313,2025-08-03,Completed,C0138,Returning,45-54,Gangwon,Electronics,Wireless Earbuds,Nova,1,49000,24000,0,0,Virtual Account,3,4,No,
ORD00314,2025-10-27,Completed,C0561,New,25-34,Busan,Food,Protein Bar Pack,FitBite,4,28000,12000,0,0,Virtual Account,5,5,No,
ORD00315,2025-01-06,Cancelled,C0487,Returning,45-54,Jeju,Electronics,Smart Watch,Pulse,3,99000,47000,0.05,0,Virtual Account,,,No,
ORD00316,2025-02-10,Completed,C0365,Returning,45-54,Daejeon,Electronics,Wireless Earbuds,Nova,3,49000,24000,0.25,0,Mobile Pay,1,4,No,
ORD00317,2025-01-27,Completed,C0537,Returning,45-54,Daejeon,Beauty,Lip Tint,Mellow,2,14000,5000,0.2,0,Mobile Pay,3,5,No,
ORD00318,2025-09-21,Completed,C0347,New,35-44,Incheon,Fashion,Crossbody Bag,Morrow,1,43000,18000,0.2,0,Mobile Pay,5,4,No,
ORD00319,2025-08-26,Completed,C0028,VIP,35-44,Daejeon,Beauty,Sunscreen SPF50,Glow,3,18000,7000,0.15,3000,Mobile Pay,3,5,No,
ORD00320,2025-09-25,Completed,C0045,New,55+,Seoul,Home,Desk Lamp,Lumen,2,39000,16000,0,0,Virtual Account,2,5,No,
ORD00321,2025-03-08,Completed,C0850,Returning,45-54,Daegu,Home,Cotton Towel Set,SoftDay,1,24000,10000,0.1,0,Mobile Pay,1,4,No,
ORD00322,2025-06-11,Completed,C0534,Returning,55+,Gangwon,Food,Coffee Bean 1kg,BeanRoot,3,32000,15000,0.05,0,Card,6,4,No,
ORD00323,2025-06-01,Completed,C0416,New,55+,Gangwon,Pet,Pet Bed,ComfyPaws,2,47000,20000,0,0,Mobile Pay,7,4,No,
ORD00324,2025-09-07,Completed,C0147,VIP,55+,Incheon,Home,Storage Box Set,NeatHome,4,29000,12000,0.1,0,Bank Transfer,1,4,No,
ORD00325,2025-07-26,Completed,C0717,VIP,18-24,Jeju,Home,Storage Box Set,NeatHome,2,29000,12000,0.2,3000,Bank Transfer,2,5,No,
ORD00326,2025-04-19,Completed,C0832,New,18-24,Gyeonggi,Beauty,Hydrating Serum,PureLab,2,22000,9000,0,0,Card,3,5,No,
ORD00327,2025-08-01,Completed,C0754,New,25-34,Gyeonggi,Fashion,Oversized Hoodie,Northline,3,45000,21000,0,3000,Mobile Pay,2,5,No,
ORD00328,2025-04-25,Completed,C0619,Returning,45-54,Gwangju,Home,Desk Lamp,Lumen,2,39000,16000,0,0,Mobile Pay,3,5,No,
ORD00329,2025-11-03,Completed,C0304,Returning,25-34,Daejeon,Home,Desk Lamp,Lumen,1,39000,16000,0,0,Card,1,4,No,
ORD00330,2025-11-20,Completed,C0207,New,55+,Incheon,Fashion,Crossbody Bag,Morrow,4,43000,18000,0.15,0,Mobile Pay,2,5,No,
ORD00331,2025-08-09,Completed,C0215,New,35-44,Gwangju,Beauty,Hydrating Serum,PureLab,3,22000,9000,0,3000,Virtual Account,4,5,No,
ORD00332,2025-08-19,Cancelled,C0771,New,35-44,Gwangju,Home,Cotton Towel Set,SoftDay,3,24000,10000,0,0,Card,,,No,
ORD00333,2025-10-04,Completed,C0812,Returning,18-24,Busan,Electronics,Smart Watch,Pulse,3,99000,47000,0.2,3000,Card,2,5,No,
ORD00334,2025-02-16,Completed,C0042,Returning,55+,Gangwon,Fashion,Canvas Sneakers,Walkon,1,59000,26000,0,3000,Card,2,4,No,
ORD00335,2025-05-12,Completed,C0072,VIP,55+,Gyeonggi,Pet,Dog Treats 1kg,Barkly,1,25000,11000,0.15,3000,Card,1,5,No,
ORD00336,2025-11-29,Completed,C0296,Returning,55+,Jeju,Electronics,Bluetooth Speaker,Soundly,2,65000,31000,0.1,3000,Virtual Account,6,3,No,
ORD00337,2025-03-20,Completed,C0170,Returning,25-34,Gangwon,Food,Gift Snack Box,HappyBox,1,33000,14000,0,3000,Bank Transfer,9,3,No,
ORD00338,2025-12-03,Completed,C0346,New,35-44,Gangwon,Food,Gift Snack Box,HappyBox,2,33000,14000,0.25,0,Virtual Account,5,4,No,
ORD00339,2025-10-30,Completed,C0662,Returning,25-34,Seoul,Food,Protein Bar Pack,FitBite,4,28000,12000,0,3000,Bank Transfer,4,4,No,
ORD00340,2025-03-02,Completed,C0682,New,35-44,Busan,Food,Protein Bar Pack,FitBite,2,28000,12000,0,3000,Card,1,5,No,
ORD00341,2025-10-03,Completed,C0479,Returning,45-54,Busan,Food,Gift Snack Box,HappyBox,3,33000,14000,0,3000,Virtual Account,5,4,No,
ORD00342,2025-06-07,Completed,C0459,VIP,18-24,Gwangju,Beauty,Hydrating Serum,PureLab,3,22000,9000,0,3000,Mobile Pay,4,4,No,
ORD00343,2025-08-25,Completed,C0089,New,45-54,Busan,Beauty,Sunscreen SPF50,Glow,4,18000,7000,0,3000,Virtual Account,1,5,No,
ORD00344,2025-03-24,Completed,C0138,Returning,25-34,Daegu,Beauty,Sunscreen SPF50,Glow,4,18000,7000,0,3000,Mobile Pay,5,4,No,
ORD00345,2025-06-20,Completed,C0449,Returning,35-44,Gwangju,Pet,Dog Treats 1kg,Barkly,2,25000,11000,0,3000,Virtual Account,3,5,No,
ORD00346,2025-01-15,Completed,C0826,New,45-54,Gwangju,Beauty,Hydrating Serum,PureLab,3,22000,9000,0.1,3000,Bank Transfer,3,3,Yes,Changed mind
ORD00347,2025-12-14,Completed,C0270,VIP,25-34,Daejeon,Home,Storage Box Set,NeatHome,1,29000,12000,0,3000,Virtual Account,3,5,No,
ORD00348,2025-06-14,Completed,C0537,Returning,45-54,Busan,Food,Gift Snack Box,HappyBox,2,33000,14000,0,3000,Card,1,4,No,
ORD00349,2025-08-15,Completed,C0818,VIP,35-44,Daejeon,Beauty,Lip Tint,Mellow,2,14000,5000,0,3000,Virtual Account,2,5,No,
ORD00350,2025-05-20,Completed,C0167,VIP,55+,Daejeon,Beauty,Hydrating Serum,PureLab,4,22000,9000,0.2,3000,Virtual Account,3,5,No,
ORD00351,2025-02-07,Completed,C0196,Returning,18-24,Seoul,Food,Gift Snack Box,HappyBox,3,33000,14000,0.05,0,Card,-1,5,No,
ORD00352,2025-03-11,Completed,C0457,Returning,45-54,Gangwon,Electronics,Smart Watch,Pulse,4,99000,47000,0,0,Virtual Account,9,3,No,
ORD00353,2025-03-05,Completed,C0103,Returning,35-44,Gwangju,Beauty,Hydrating Serum,PureLab,1,22000,9000,0.05,0,Virtual Account,1,5,No,
ORD00354,2025-12-07,Completed,C0640,VIP,55+,Seoul,Electronics,Wireless Earbuds,Nova,2,49000,24000,0,0,Card,1,5,No,
ORD00355,2025-04-09,Completed,C0520,New,18-24,Gyeonggi,Fashion,Canvas Sneakers,Walkon,1,59000,26000,0.25,3000,Mobile Pay,3,5,No,
ORD00356,2025-07-06,Pending,C0594,Returning,35-44,Gwangju,Electronics,Smart Watch,Pulse,3,99000,47000,0,0,Virtual Account,,,No,
ORD00357,2025-03-06,Completed,C0447,VIP,55+,Gwangju,Food,Protein Bar Pack,FitBite,2,28000,12000,0.15,0,Card,3,4,No,
ORD00358,2025-02-04,Completed,C0782,New,18-24,Daejeon,Food,Coffee Bean 1kg,BeanRoot,3,32000,15000,0,3000,Bank Transfer,2,4,No,
ORD00359,2025-02-11,Completed,C0374,New,55+,Gwangju,Beauty,Lip Tint,Mellow,2,14000,5000,0,0,Virtual Account,4,4,No,
ORD00360,2025-12-09,Completed,C0001,Returning,18-24,Gangwon,Food,Coffee Bean 1kg,BeanRoot,3,32000,15000,0.05,3000,Mobile Pay,8,4,No,
ORD00361,2025-09-18,Completed,C0402,New,55+,Daegu,Electronics,Wireless Earbuds,Nova,2,49000,24000,0,3000,Card,3,3,Yes,Damaged item
ORD00362,2025-10-22,Completed,C0512,Returning,18-24,Gwangju,Fashion,Canvas Sneakers,Walkon,1,59000,26000,0,3000,Bank Transfer,2,5,No,
ORD00363,2025-01-11,Completed,C0165,New,25-34,Gangwon,Fashion,Canvas Sneakers,Walkon,4,59000,26000,0,3000,Card,9,4,No,
ORD00364,2025-02-06,Completed,C0256,New,45-54,Daegu,Electronics,Bluetooth Speaker,Soundly,0,999999,31000,0,3000,Bank Transfer,4,4,No,
ORD00365,2025-01-03,Completed,C0228,Returning,18-24,Gangwon,Electronics,Wireless Earbuds,Nova,3,49000,24000,0,3000,Mobile Pay,3,5,No,
ORD00366,2025-09-28,Completed,C0443,New,45-54,Busan,Food,Gift Snack Box,HappyBox,4,33000,14000,0,3000,Bank Transfer,4,4,No,
ORD00367,2025-03-02,Completed,C0379,Returning,25-34,Incheon,Pet,Dog Treats 1kg,Barkly,4,25000,11000,0,3000,Card,5,5,No,
ORD00368,2025-11-24,Completed,C0454,Returning,55+,Gwangju,Home,Cotton Towel Set,SoftDay,3,24000,10000,0,0,Mobile Pay,1,5,No,
ORD00369,2025-03-06,Completed,C0029,Returning,45-54,Incheon,Food,Coffee Bean 1kg,BeanRoot,4,32000,15000,0,0,Mobile Pay,3,5,No,
ORD00370,2025-04-06,Completed,C0768,New,18-24,Gangwon,Food,Protein Bar Pack,FitBite,3,28000,12000,0.15,3000,Card,6,4,No,
ORD00371,2025-12-11,Completed,C0279,Returning,25-34,Daegu,Pet,Dog Treats 1kg,Barkly,2,25000,11000,0.1,3000,Bank Transfer,2,4,No,
ORD00372,2025-09-07,Completed,C0462,New,35-44,Daegu,Beauty,Hydrating Serum,PureLab,3,22000,9000,0.2,3000,Virtual Account,3,4,No,
ORD00373,2025-04-28,Completed,C0376,Returning,35-44,Daegu,Food,Gift Snack Box,HappyBox,3,33000,14000,0,3000,Mobile Pay,5,5,No,
ORD00374,2025-04-08,Completed,C0418,Returning,35-44,Gyeonggi,Home,Storage Box Set,NeatHome,1,29000,12000,0,3000,Virtual Account,5,4,No,
ORD00375,2025-12-20,Completed,C0424,New,45-54,Seoul,Food,Gift Snack Box,HappyBox,2,33000,14000,0.05,3000,Virtual Account,5,5,No,
ORD00376,2025-12-18,Completed,C0142,New,45-54,Jeju,Fashion,Oversized Hoodie,Northline,2,45000,21000,0,0,Bank Transfer,2,5,No,
ORD00377,2025-09-01,Completed,C0137,Returning,18-24,Incheon,Home,Desk Lamp,Lumen,3,39000,16000,0.2,0,Card,3,5,No,
ORD00378,2025-02-11,Completed,C0368,VIP,45-54,Gwangju,Fashion,Crossbody Bag,Morrow,4,43000,18000,0,0,Virtual Account,5,5,No,
ORD00379,2025-08-03,Completed,C0777,Returning,18-24,Busan,Electronics,Smart Watch,Pulse,1,99000,47000,0,0,Bank Transfer,4,3,Yes,Late delivery
ORD00380,2025-08-30,Completed,C0801,Returning,45-54,Daejeon,Home,Cotton Towel Set,SoftDay,2,24000,10000,0,0,Card,3,5,No,
ORD00381,2025-02-20,Completed,C0095,New,25-34,Incheon,Fashion,Canvas Sneakers,Walkon,4,59000,26000,0,3000,Bank Transfer,3,5,No,
ORD00382,2025-01-13,Completed,C0051,Returning,35-44,Daegu,Food,Gift Snack Box,HappyBox,2,33000,14000,0,0,Virtual Account,5,4,No,
ORD00383,2025-07-23,Completed,C0412,Returning,35-44,Daejeon,Food,Gift Snack Box,HappyBox,3,33000,14000,0.2,3000,Mobile Pay,2,5,No,
ORD00384,2025-12-11,Completed,C0136,New,45-54,Incheon,Electronics,Smart Watch,Pulse,2,99000,47000,0,3000,Card,1,3,Yes,Changed mind
ORD00385,2025-05-09,Completed,C0734,Returning,25-34,Jeju,Electronics,Wireless Earbuds,Nova,3,49000,24000,0,0,Bank Transfer,1,5,No,
ORD00386,2025-08-13,Completed,C0139,Returning,35-44,Gangwon,Beauty,Hydrating Serum,PureLab,1,22000,9000,0,0,Mobile Pay,8,3,No,
ORD00387,2025-03-11,Completed,C0432,New,25-34,Daegu,Electronics,Smart Watch,Pulse,4,99000,47000,0,0,Virtual Account,2,4,No,
ORD00388,2025-01-06,Completed,C0452,New,55+,Seoul,Food,Gift Snack Box,HappyBox,4,33000,14000,0,0,Bank Transfer,2,5,No,
ORD00389,2025-08-02,Completed,C0368,Returning,18-24,Incheon,Beauty,Hydrating Serum,PureLab,2,22000,9000,0,3000,Mobile Pay,1,4,No,
ORD00390,2025-10-11,Completed,C0485,New,35-44,Daejeon,Fashion,Oversized Hoodie,Northline,4,45000,21000,0,3000,Bank Transfer,1,4,No,
ORD00391,2025-01-08,Completed,C0299,New,45-54,Incheon,Food,Coffee Bean 1kg,BeanRoot,1,32000,15000,0,3000,Virtual Account,5,4,No,
ORD00392,2025-02-17,Completed,C0736,VIP,55+,Gwangju,Beauty,Hydrating Serum,PureLab,4,22000,9000,0.1,3000,Card,2,4,No,
ORD00393,2025-06-28,Completed,C0327,Returning,25-34,Daejeon,Electronics,Smart Watch,Pulse,3,99000,47000,0,3000,Bank Transfer,5,5,No,
ORD00394,2025-07-15,Completed,C0710,VIP,18-24,Gwangju,Home,Desk Lamp,Lumen,3,39000,16000,0,3000,Bank Transfer,2,4,No,
ORD00395,2025-02-09,Completed,C0321,New,18-24,Busan,Electronics,Bluetooth Speaker,Soundly,2,65000,31000,0.05,3000,Virtual Account,1,5,No,
ORD00396,2025-09-17,Completed,C0404,Returning,18-24,Incheon,Home,Storage Box Set,NeatHome,3,29000,12000,0,0,Bank Transfer,4,4,No,
ORD00397,2025-04-29,Completed,C0141,New,25-34,Jeju,Fashion,Oversized Hoodie,Northline,1,45000,21000,0.15,0,Card,7,4,No,
ORD00398,2025-04-13,Completed,C0617,New,55+,Busan,Home,Desk Lamp,Lumen,1,39000,16000,0,3000,Card,2,5,No,
ORD00399,2025-12-27,Completed,C0362,New,55+,Seoul,Pet,Pet Bed,ComfyPaws,2,47000,20000,0,0,Mobile Pay,3,4,No,
ORD00400,2025-08-14,Completed,C0171,Returning,45-54,Gangwon,Home,Cotton Towel Set,SoftDay,2,24000,10000,0,3000,Mobile Pay,8,2,Yes,Late delivery
ORD00401,2025-01-12,Completed,C0692,New,45-54,Gwangju,Electronics,Bluetooth Speaker,Soundly,1,65000,31000,0,3000,Virtual Account,2,5,No,
ORD00402,2025-03-22,Completed,C0335,Returning,55+,Seoul,Electronics,Bluetooth Speaker,Soundly,2,65000,31000,0,3000,Bank Transfer,2,5,No,
ORD00403,2025-11-06,Completed,C0588,Returning,25-34,Gwangju,Electronics,Wireless Earbuds,Nova,1,49000,24000,0,3000,Mobile Pay,4,5,No,
ORD00404,2025-01-14,Completed,C0492,Returning,25-34,Seoul,Beauty,Hydrating Serum,PureLab,3,22000,9000,0,3000,Bank Transfer,5,5,No,
ORD00405,2025-05-16,Completed,C0250,VIP,55+,Seoul,Electronics,Wireless Earbuds,Nova,3,49000,24000,0,3000,Virtual Account,3,4,No,
ORD00406,2025-08-16,Completed,C0601,Returning,35-44,Gyeonggi,Beauty,Hydrating Serum,PureLab,2,22000,9000,0.1,0,Card,4,5,No,
ORD00407,2025-02-22,Completed,C0693,VIP,55+,Gangwon,Pet,Pet Bed,ComfyPaws,2,47000,20000,0,0,Virtual Account,4,4,No,
ORD00408,2025-04-30,Cancelled,C0480,New,45-54,Busan,Pet,Dog Treats 1kg,Barkly,2,25000,11000,0,0,Card,,,No,
ORD00409,2025-06-18,Completed,C0675,Returning,35-44,Gyeonggi,Home,Desk Lamp,Lumen,3,39000,16000,0,3000,Bank Transfer,1,4,No,
ORD00410,2025-01-18,Completed,C0834,New,18-24,Daejeon,Food,Gift Snack Box,HappyBox,4,33000,14000,0,3000,Virtual Account,1,4,No,
ORD00411,2025-06-07,Completed,C0185,VIP,45-54,Daegu,Home,Storage Box Set,NeatHome,2,29000,12000,0,3000,Card,4,4,No,
ORD00412,2025-01-22,Completed,C0048,New,35-44,Daegu,Food,Protein Bar Pack,FitBite,4,28000,12000,0.1,3000,Bank Transfer,1,5,No,
ORD00413,2025-02-08,Completed,C0286,New,25-34,Jeju,Pet,Cat Toy Bundle,PawJoy,2,19000,8000,0,3000,Virtual Account,8,4,No,
ORD00414,2025-01-19,Completed,C0174,Returning,18-24,Gwangju,Electronics,Wireless Earbuds,Nova,3,49000,24000,0,0,Mobile Pay,3,5,No,
ORD00415,2025-11-24,Completed,C0190,Returning,25-34,Incheon,Electronics,Bluetooth Speaker,Soundly,3,65000,31000,0.05,3000,Virtual Account,1,4,No,
ORD00416,2025-07-05,Completed,C0733,New,25-34,Incheon,Fashion,Crossbody Bag,Morrow,2,43000,18000,0,3000,Virtual Account,4,5,No,
ORD00417,2025-03-02,Completed,C0525,New,55+,Daegu,Food,Protein Bar Pack,FitBite,3,28000,12000,0,3000,Mobile Pay,4,4,No,
ORD00418,2025-09-13,Completed,C0232,Returning,35-44,Incheon,Beauty,Lip Tint,Mellow,2,14000,5000,0.15,3000,Card,4,4,No,
ORD00419,2025-01-14,Completed,C0108,VIP,45-54,Gwangju,Food,Gift Snack Box,HappyBox,3,33000,14000,0.05,3000,Mobile Pay,1,5,No,
ORD00420,2025-11-15,Completed,C0264,Returning,45-54,Daejeon,Home,Storage Box Set,NeatHome,1,29000,12000,0,3000,Bank Transfer,1,5,No,
ORD00421,2025-08-27,Completed,C0165,New,55+,Gyeonggi,Food,Protein Bar Pack,FitBite,2,28000,12000,0,3000,Card,5,5,No,
ORD00422,2025-09-27,Completed,C0019,VIP,35-44,Gwangju,Electronics,Wireless Earbuds,Nova,2,49000,24000,0.2,0,Virtual Account,2,4,No,
ORD00423,2025-04-04,Cancelled,C0357,Returning,45-54,Daejeon,Food,Protein Bar Pack,FitBite,1,28000,12000,0.15,0,Card,,,No,
ORD00424,2025-03-30,Completed,C0088,Returning,35-44,Daejeon,Home,Storage Box Set,NeatHome,2,29000,12000,0.15,0,Mobile Pay,4,5,No,
ORD00425,2025-03-24,Completed,C0670,VIP,45-54,Daejeon,Home,Cotton Towel Set,SoftDay,99,24000,10000,0,3000,Virtual Account,2,4,No,
ORD00426,2025-12-07,Completed,C0487,Returning,45-54,Gwangju,Food,Coffee Bean 1kg,BeanRoot,1,32000,15000,0.2,0,Mobile Pay,1,4,Yes,Wrong size
ORD00427,2025-09-18,Completed,C0774,Returning,35-44,Jeju,Beauty,Lip Tint,Mellow,1,14000,5000,0,3000,Bank Transfer,7,3,No,
ORD00428,2025-08-31,Pending,C0227,Returning,45-54,Seoul,Fashion,Crossbody Bag,Morrow,3,43000,18000,0,0,Mobile Pay,,,No,
ORD00429,2025-03-30,Completed,C0079,VIP,25-34,Gwangju,Fashion,Crossbody Bag,Morrow,4,43000,18000,0,3000,Mobile Pay,3,5,No,
ORD00430,2025-05-08,Completed,C0021,Returning,45-54,Incheon,Beauty,Lip Tint,Mellow,3,14000,5000,0,0,Virtual Account,1,5,No,
ORD00431,2025-09-09,Completed,C0079,Returning,18-24,Jeju,Beauty,Sunscreen SPF50,Glow,3,18000,7000,0.2,3000,Mobile Pay,8,4,No,
ORD00432,2025-12-06,Completed,C0714,VIP,18-24,Seoul,Pet,Cat Toy Bundle,PawJoy,1,19000,8000,0.05,3000,Virtual Account,5,4,No,
ORD00433,2025-09-12,Completed,C0253,Returning,45-54,Jeju,Electronics,Bluetooth Speaker,Soundly,3,65000,31000,0.1,3000,Virtual Account,4,5,No,
ORD00434,2025-04-04,Completed,C0560,New,18-24,Incheon,Electronics,Smart Watch,Pulse,4,99000,47000,0,3000,Virtual Account,45,5,No,
ORD00435,2025-01-29,Completed,C0149,VIP,35-44,Incheon,Beauty,Lip Tint,Mellow,4,14000,5000,0,3000,Virtual Account,2,5,No,
ORD00436,2025-10-03,Completed,C0797,Returning,35-44,Daegu,Home,Cotton Towel Set,SoftDay,4,24000,10000,0,3000,Mobile Pay,2,5,No,
ORD00437,2025-11-15,Completed,C0072,New,18-24,Busan,Beauty,Hydrating Serum,PureLab,1,22000,9000,0,3000,Virtual Account,2,5,No,
ORD00438,2025-05-18,Completed,C0245,Returning,55+,Busan,Electronics,Bluetooth Speaker,Soundly,1,65000,31000,0,3000,Virtual Account,3,5,No,
ORD00439,2025-03-28,Pending,C0635,New,55+,Gwangju,Pet,Dog Treats 1kg,Barkly,4,25000,11000,0.25,0,Card,,,No,
ORD00440,2025-12-30,Completed,C0282,Returning,45-54,Gyeonggi,Electronics,Wireless Earbuds,Nova,1,49000,24000,0.2,3000,Card,2,5,No,
ORD00441,2025-12-06,Completed,C0827,New,55+,Jeju,Electronics,Smart Watch,Pulse,3,99000,47000,0.1,3000,Mobile Pay,2,4,No,
ORD00442,2025-11-06,Completed,C0819,New,55+,Daegu,Food,Protein Bar Pack,FitBite,2,28000,12000,0,0,Mobile Pay,5,4,No,
ORD00443,2025-07-13,Completed,C0278,Returning,45-54,Daejeon,Beauty,Sunscreen SPF50,Glow,1,18000,7000,0,3000,Virtual Account,3,4,No,
ORD00444,2025-06-10,Completed,C0330,Returning,55+,Busan,Home,Desk Lamp,Lumen,3,39000,16000,0.2,3000,Mobile Pay,4,5,No,
ORD00445,2025-12-15,Completed,C0474,Returning,25-34,Incheon,Food,Coffee Bean 1kg,BeanRoot,1,32000,15000,0.25,3000,Mobile Pay,3,4,No,
ORD00446,2025-08-13,Completed,C0461,VIP,35-44,Gyeonggi,Pet,Cat Toy Bundle,PawJoy,4,19000,8000,0,3000,Card,2,5,No,
ORD00447,2025-03-12,Completed,C0823,Returning,25-34,Incheon,Electronics,Wireless Earbuds,Nova,1,49000,24000,0,0,Bank Transfer,2,5,No,
ORD00448,2025-10-24,Completed,C0361,Returning,45-54,Gyeonggi,Home,Desk Lamp,Lumen,3,39000,16000,0,3000,Mobile Pay,4,4,No,
ORD00449,2025-10-23,Completed,C0606,New,45-54,Gwangju,Home,Storage Box Set,NeatHome,2,29000,12000,0.25,0,Mobile Pay,2,5,No,
ORD00450,2025-05-25,Pending,C0288,New,25-34,Daegu,Fashion,Crossbody Bag,Morrow,3,43000,18000,0.25,0,Card,,,No,
ORD00451,2025-07-24,Completed,C0534,Returning,18-24,Jeju,Fashion,Oversized Hoodie,Northline,1,45000,21000,0,3000,Card,2,5,No,
ORD00452,2025-01-06,Completed,C0630,Returning,18-24,Daejeon,Fashion,Canvas Sneakers,Walkon,3,59000,26000,0,0,Card,1,5,No,
ORD00453,2025-02-22,Completed,C0255,New,35-44,Incheon,Food,Gift Snack Box,HappyBox,2,33000,14000,0,3000,Card,5,4,No,
ORD00454,2025-01-24,Completed,C0217,Returning,25-34,Gyeonggi,Food,Protein Bar Pack,FitBite,4,28000,12000,0,3000,Mobile Pay,4,5,No,
ORD00455,2025-10-03,Completed,C0153,Returning,25-34,Busan,Beauty,Hydrating Serum,PureLab,4,22000,9000,0,3000,Mobile Pay,3,5,No,
ORD00456,2025-10-04,Completed,C0542,Returning,25-34,Jeju,Food,Protein Bar Pack,FitBite,4,28000,12000,0,3000,Mobile Pay,1,5,No,
ORD00457,2025-01-11,Pending,C0255,Returning,45-54,Gyeonggi,Beauty,Lip Tint,Mellow,3,14000,5000,0,0,Bank Transfer,,,No,
ORD00458,2025-04-24,Completed,C0062,VIP,35-44,Incheon,Food,Coffee Bean 1kg,BeanRoot,3,32000,15000,0,0,Mobile Pay,2,3,Yes,Wrong size
ORD00459,2025-07-23,Completed,C0598,Returning,18-24,Gangwon,Food,Gift Snack Box,HappyBox,4,33000,14000,0.2,0,Mobile Pay,2,5,No,
ORD00460,2025-02-22,Completed,C0705,VIP,25-34,Gangwon,Food,Protein Bar Pack,FitBite,1,28000,12000,0.05,3000,Mobile Pay,8,3,No,
ORD00461,2025-10-27,Completed,C0097,VIP,35-44,Gyeonggi,Home,Cotton Towel Set,SoftDay,4,24000,10000,0,0,Card,2,3,Yes,Wrong size
ORD00462,2025-04-13,Cancelled,C0068,Returning,35-44,Seoul,Electronics,Smart Watch,Pulse,4,99000,47000,0,0,Virtual Account,,,No,
ORD00463,2025-10-07,Completed,C0201,Returning,18-24,Gyeonggi,Fashion,Canvas Sneakers,Walkon,4,59000,26000,0,3000,Virtual Account,4,5,No,
ORD00464,2025-04-18,Completed,C0073,Returning,25-34,Gangwon,Electronics,Bluetooth Speaker,Soundly,1,65000,31000,0,0,Mobile Pay,4,5,No,
ORD00465,2025-01-25,Completed,C0407,Returning,18-24,Jeju,Fashion,Crossbody Bag,Morrow,1,43000,18000,0,0,Mobile Pay,2,5,No,
ORD00466,2025-08-09,Pending,C0506,New,55+,Gwangju,Beauty,Hydrating Serum,PureLab,2,22000,9000,0.15,0,Bank Transfer,,,No,
ORD00467,2025-10-15,Completed,C0832,VIP,35-44,Gwangju,Home,Desk Lamp,Lumen,1,39000,16000,0.25,3000,Bank Transfer,3,4,No,
ORD00468,2025-04-06,Completed,C0017,Returning,55+,Jeju,Fashion,Canvas Sneakers,Walkon,2,59000,26000,0,3000,Virtual Account,9,4,No,
ORD00469,2025-08-21,Completed,C0173,New,35-44,Gwangju,Pet,Cat Toy Bundle,PawJoy,3,19000,8000,0,3000,Bank Transfer,3,5,No,
ORD00470,2025-04-23,Completed,C0622,New,35-44,Gyeonggi,Fashion,Oversized Hoodie,Northline,1,45000,21000,0,3000,Bank Transfer,3,4,No,
ORD00471,2025-07-17,Cancelled,C0016,VIP,55+,Incheon,Home,Desk Lamp,Lumen,1,39000,16000,0,0,Virtual Account,,,No,
ORD00472,2025-11-26,Completed,C0283,New,25-34,Daegu,Electronics,Wireless Earbuds,Nova,1,49000,24000,0.1,3000,Mobile Pay,5,,No,
ORD00473,2025-01-16,Completed,C0118,Returning,35-44,Daejeon,Food,Protein Bar Pack,FitBite,3,28000,12000,0,3000,Virtual Account,3,5,No,
ORD00474,2025-08-06,Completed,C0015,VIP,25-34,Incheon,Electronics,Smart Watch,Pulse,3,99000,47000,0,3000,Virtual Account,1,4,No,
ORD00475,2025-01-27,Pending,C0743,VIP,18-24,Busan,Fashion,Crossbody Bag,Morrow,3,43000,18000,0.15,0,Mobile Pay,,,No,
ORD00476,2025-10-29,Completed,C0439,New,45-54,Daegu,Beauty,Lip Tint,Mellow,4,14000,5000,0,3000,Bank Transfer,2,4,No,
ORD00477,2025-05-05,Cancelled,C0538,New,25-34,Daejeon,Home,Cotton Towel Set,SoftDay,3,24000,10000,0,0,Mobile Pay,,,No,
ORD00478,2025-09-16,Completed,C0575,Returning,55+,Seoul,Home,Storage Box Set,NeatHome,3,29000,12000,0,0,Virtual Account,4,4,No,
ORD00479,2025-06-14,Completed,C0604,Returning,25-34,Daegu,Fashion,Canvas Sneakers,Walkon,1,59000,26000,0.05,3000,Mobile Pay,1,4,Yes,Damaged item
ORD00480,2025-07-05,Completed,C0038,New,18-24,Seoul,Food,Coffee Bean 1kg,BeanRoot,3,32000,15000,0,3000,Card,2,5,No,
ORD00481,2025-03-10,Completed,C0498,Returning,35-44,Gyeonggi,Fashion,Canvas Sneakers,Walkon,3,59000,26000,0,0,Card,2,5,No,
ORD00482,2025-02-16,Completed,C0322,New,55+,Gangwon,Electronics,Bluetooth Speaker,Soundly,4,65000,31000,0,3000,Card,7,4,No,
ORD00483,2025-05-23,Completed,C0415,Returning,35-44,Seoul,Fashion,Canvas Sneakers,Walkon,2,59000,26000,0,3000,Mobile Pay,4,,No,
ORD00484,2025-01-06,Completed,C0289,New,25-34,Gyeonggi,Electronics,Bluetooth Speaker,Soundly,2,65000,31000,0.2,3000,Card,3,4,No,
ORD00485,2025-02-27,Completed,C0466,Returning,45-54,Seoul,Beauty,Sunscreen SPF50,Glow,2,18000,7000,0,0,Virtual Account,3,4,No,
ORD00486,2025-12-11,Completed,C0544,Returning,55+,Seoul,Electronics,Wireless Earbuds,Nova,0,49000,24000,0.05,3000,Mobile Pay,5,5,No,
ORD00487,2025-09-08,Completed,C0659,Returning,18-24,Jeju,Electronics,Bluetooth Speaker,Soundly,1,65000,31000,0,0,Card,5,5,No,
ORD00488,2025-05-08,Completed,C0299,VIP,45-54,Daegu,Food,Protein Bar Pack,FitBite,1,28000,12000,0,0,Mobile Pay,2,5,No,
ORD00489,2025-08-17,Completed,C0353,Returning,18-24,Gangwon,Food,Coffee Bean 1kg,BeanRoot,2,32000,15000,0,3000,Virtual Account,5,4,No,
ORD00490,2025-03-04,Completed,C0555,Returning,45-54,Gyeonggi,Home,Desk Lamp,Lumen,2,39000,16000,0,3000,Bank Transfer,4,4,No,
ORD00491,2025-04-29,Completed,C0274,Returning,55+,Gwangju,Fashion,Crossbody Bag,Morrow,4,43000,18000,0.2,3000,Bank Transfer,2,4,No,
ORD00492,2025-02-10,Completed,C0668,Returning,35-44,Gyeonggi,Home,Storage Box Set,NeatHome,4,29000,12000,0,3000,Bank Transfer,2,4,No,
ORD00493,2025-02-01,Completed,C0822,Returning,35-44,Busan,Home,Cotton Towel Set,SoftDay,4,24000,10000,0,3000,Card,2,5,No,
ORD00494,2025-12-22,Completed,C0695,New,18-24,Seoul,Home,Cotton Towel Set,SoftDay,4,24000,10000,0,3000,Virtual Account,2,5,No,
ORD00495,2025-06-02,Completed,C0489,Returning,45-54,Incheon,Home,Desk Lamp,Lumen,2,39000,16000,0.15,0,Card,5,5,No,
ORD00496,2025-08-30,Pending,C0197,VIP,35-44,Incheon,Electronics,Wireless Earbuds,Nova,1,49000,24000,0,0,Mobile Pay,,,No,
ORD00497,2025-02-19,Completed,C0607,Returning,25-34,Incheon,Beauty,Lip Tint,Mellow,4,14000,5000,0.1,0,Bank Transfer,4,5,No,
ORD00498,2025-08-21,Completed,C0053,Returning,25-34,Seoul,Fashion,Oversized Hoodie,Northline,3,45000,21000,0,3000,Card,3,4,Yes,Late delivery
ORD00499,2025-12-20,Completed,C0368,Returning,55+,Incheon,Electronics,Wireless Earbuds,Nova,1,49000,24000,0.15,3000,Card,5,4,No,
ORD00500,2025-01-31,Completed,C0196,Returning,55+,Incheon,Electronics,Bluetooth Speaker,Soundly,3,65000,31000,0,0,Bank Transfer,3,5,No,
ORD00501,2025-03-06,Completed,C0319,New,45-54,Gyeonggi,Electronics,Wireless Earbuds,Nova,4,49000,24000,0,3000,Virtual Account,1,5,No,
ORD00502,2025-06-01,Completed,C0831,New,45-54,Gyeonggi,Pet,Cat Toy Bundle,PawJoy,3,19000,8000,0,3000,Bank Transfer,3,5,No,
ORD00503,2025-03-07,Cancelled,C0181,Returning,18-24,Gyeonggi,Beauty,Lip Tint,Mellow,3,14000,5000,0,0,Virtual Account,,,No,
ORD00504,2025-05-23,Completed,C0737,Returning,25-34,Daegu,Electronics,Smart Watch,Pulse,2,99000,47000,0,3000,Bank Transfer,1,5,No,
ORD00505,2025-06-17,Completed,C0787,Returning,45-54,Busan,Beauty,Hydrating Serum,PureLab,3,22000,9000,0,0,Bank Transfer,4,5,No,
ORD00506,2025-09-15,Completed,C0101,Returning,45-54,Seoul,Fashion,Crossbody Bag,Morrow,4,43000,18000,0,3000,Card,1,,No,
ORD00507,2025-01-09,Completed,C0373,New,18-24,Busan,Electronics,Wireless Earbuds,Nova,1,49000,24000,0,3000,Mobile Pay,5,5,No,
ORD00508,2025-11-24,Completed,C0177,Returning,55+,Daegu,Electronics,Wireless Earbuds,Nova,4,49000,24000,0,3000,Virtual Account,2,5,No,
ORD00509,2025-02-15,Completed,C0548,VIP,55+,Gwangju,Beauty,Lip Tint,Mellow,2,14000,5000,0,0,Virtual Account,5,4,Yes,Different from description
ORD00510,2025-08-02,Cancelled,C0401,New,55+,Jeju,Electronics,Wireless Earbuds,Nova,2,49000,24000,0,0,Bank Transfer,,,No,
ORD00511,2025-04-21,Completed,C0809,Returning,25-34,Daejeon,Pet,Dog Treats 1kg,Barkly,1,25000,11000,0,0,Mobile Pay,3,5,No,
ORD00512,2025-09-05,Completed,C0441,New,55+,Busan,Pet,Pet Bed,ComfyPaws,1,47000,20000,0.25,0,Card,2,5,No,
ORD00513,2025-10-18,Completed,C0398,Returning,55+,Daejeon,Food,Coffee Bean 1kg,BeanRoot,1,32000,15000,0.2,0,Virtual Account,3,4,No,
ORD00514,2025-07-27,Completed,C0168,New,55+,Daegu,Food,Coffee Bean 1kg,BeanRoot,2,32000,15000,0,3000,Card,5,5,No,
ORD00515,2025-12-11,Completed,C0130,New,18-24,Daejeon,Electronics,Wireless Earbuds,Nova,4,49000,24000,0,0,Mobile Pay,2,5,No,
ORD00516,2025-02-28,Completed,C0383,VIP,18-24,Daegu,Electronics,Wireless Earbuds,Nova,2,49000,24000,0.15,0,Bank Transfer,3,5,No,
ORD00517,2025-07-14,Completed,C0246,Returning,25-34,Seoul,Pet,Pet Bed,ComfyPaws,2,47000,20000,0,0,Card,-1,5,No,
ORD00518,2025-08-12,Completed,C0520,New,25-34,Gyeonggi,Fashion,Crossbody Bag,Morrow,3,43000,18000,0,3000,Mobile Pay,2,5,No,
ORD00519,2025-02-19,Completed,C0799,New,35-44,Gangwon,Food,Protein Bar Pack,FitBite,4,28000,12000,0.15,3000,Card,5,5,No,
ORD00520,2025-07-09,Completed,C0171,Returning,55+,Seoul,Home,Desk Lamp,Lumen,1,39000,16000,0,3000,Mobile Pay,5,4,No,
ORD00521,2025-06-26,Completed,C0495,VIP,18-24,Gangwon,Food,Protein Bar Pack,FitBite,1,28000,12000,0,3000,Card,9,4,No,
ORD00522,2025-08-25,Completed,C0460,New,25-34,Daejeon,Home,Desk Lamp,Lumen,2,39000,16000,0.15,0,Bank Transfer,3,5,No,
ORD00523,2025-01-02,Completed,C0079,New,55+,Daejeon,Fashion,Crossbody Bag,Morrow,2,43000,18000,0,0,Card,3,4,No,
ORD00524,2025-09-26,Completed,C0383,New,35-44,Gwangju,Electronics,Bluetooth Speaker,Soundly,3,65000,31000,0,0,Virtual Account,1,5,No,
ORD00525,2025-08-08,Completed,C0581,New,45-54,Seoul,Beauty,Lip Tint,Mellow,4,14000,5000,0.05,0,Card,5,5,No,
ORD00526,2025-06-18,Completed,C0256,VIP,18-24,Gangwon,Fashion,Canvas Sneakers,Walkon,4,59000,26000,0,3000,Card,7,4,No,
ORD00527,2025-01-14,Completed,C0448,VIP,35-44,Gyeonggi,Food,Gift Snack Box,HappyBox,4,33000,14000,0,0,Bank Transfer,3,4,No,
ORD00528,2025-01-25,Completed,C0582,VIP,35-44,Daejeon,Beauty,Hydrating Serum,PureLab,4,22000,9000,0.25,3000,Bank Transfer,1,5,No,
ORD00529,2025-03-21,Completed,C0363,Returning,35-44,Gangwon,Food,Gift Snack Box,HappyBox,4,33000,14000,0,3000,Bank Transfer,6,4,No,
ORD00530,2025-09-11,Completed,C0570,Returning,35-44,Daegu,Electronics,Smart Watch,Pulse,2,99000,47000,0,3000,Card,2,5,No,
ORD00531,2025-07-20,Completed,C0481,Returning,18-24,Daejeon,Beauty,Sunscreen SPF50,Glow,3,18000,7000,0,3000,Mobile Pay,5,5,No,
ORD00532,2025-04-27,Completed,C0435,VIP,45-54,Jeju,Home,Cotton Towel Set,SoftDay,1,24000,10000,0,3000,Mobile Pay,7,4,No,
ORD00533,2025-09-26,Completed,C0178,Returning,45-54,Jeju,Beauty,Hydrating Serum,PureLab,2,22000,9000,0.15,0,Virtual Account,6,4,No,
ORD00534,2025-03-18,Completed,C0594,VIP,55+,Daegu,Fashion,Oversized Hoodie,Northline,2,45000,21000,0.2,3000,Bank Transfer,5,4,No,
ORD00535,2025-03-14,Completed,C0620,Returning,18-24,Daegu,Food,Protein Bar Pack,FitBite,2,28000,12000,0,3000,Bank Transfer,2,5,No,
ORD00536,2025-04-13,Completed,C0644,New,18-24,Gyeonggi,Food,Coffee Bean 1kg,BeanRoot,3,32000,15000,0,0,Bank Transfer,1,4,No,
ORD00537,2025-02-04,Completed,C0334,Returning,35-44,Daejeon,Beauty,Lip Tint,Mellow,3,14000,5000,0.1,3000,Virtual Account,4,5,No,
ORD00538,2025-01-01,Completed,C0182,VIP,18-24,Daejeon,Home,Desk Lamp,Lumen,1,39000,16000,0.1,0,Mobile Pay,3,5,No,
ORD00539,2025-02-13,Completed,C0618,New,35-44,Seoul,Pet,Pet Bed,ComfyPaws,2,47000,20000,0.25,3000,Card,1,5,No,
ORD00540,2025-09-21,Completed,C0705,Returning,45-54,Seoul,Electronics,Bluetooth Speaker,Soundly,4,65000,31000,0,3000,Mobile Pay,1,4,No,
ORD00541,2025-03-31,Completed,C0276,New,25-34,Gangwon,Electronics,Bluetooth Speaker,Soundly,2,65000,31000,0.15,0,Virtual Account,2,5,No,
ORD00542,2025-12-29,Pending,C0799,New,45-54,Gwangju,Food,Protein Bar Pack,FitBite,1,28000,12000,0.15,0,Bank Transfer,,,No,
ORD00543,2025-12-10,Completed,C0217,Returning,55+,Gyeonggi,Electronics,Bluetooth Speaker,Soundly,3,65000,31000,0,3000,Virtual Account,1,4,No,
ORD00544,2025-05-14,Completed,C0405,New,45-54,Incheon,Pet,Cat Toy Bundle,PawJoy,3,19000,8000,0.15,0,Virtual Account,2,4,No,
ORD00545,2025-07-11,Completed,C0020,New,35-44,Daegu,Home,Storage Box Set,NeatHome,1,29000,12000,0,3000,Card,4,4,No,
ORD00546,2025-07-06,Completed,C0304,VIP,55+,Daejeon,Electronics,Bluetooth Speaker,Soundly,2,65000,31000,0,0,Bank Transfer,1,5,No,
ORD00547,2025-05-28,Completed,C0353,New,55+,Busan,Fashion,Canvas Sneakers,Walkon,99,999999,26000,0,3000,Card,4,4,No,
ORD00548,2025-01-21,Completed,C0001,VIP,18-24,Seoul,Pet,Cat Toy Bundle,PawJoy,1,19000,8000,0,3000,Bank Transfer,3,4,No,
ORD00549,2025-10-09,Completed,C0296,VIP,45-54,Gwangju,Pet,Dog Treats 1kg,Barkly,4,25000,11000,0,0,Bank Transfer,2,4,No,
ORD00550,2025-03-18,Completed,C0347,New,18-24,Incheon,Home,Desk Lamp,Lumen,2,39000,16000,0,3000,Card,5,5,No,
ORD00551,2025-08-26,Completed,C0600,New,35-44,Daejeon,Home,Cotton Towel Set,SoftDay,2,24000,10000,0,3000,Bank Transfer,3,5,No,
ORD00552,2025-09-11,Completed,C0670,New,35-44,Daejeon,Electronics,Smart Watch,Pulse,1,99000,47000,0.2,3000,Card,4,5,No,
ORD00553,2025-12-12,Completed,C0258,Returning,35-44,Daegu,Electronics,Bluetooth Speaker,Soundly,1,65000,31000,0,3000,Card,3,5,No,
ORD00554,2025-02-12,Completed,C0329,New,18-24,Daejeon,Beauty,Lip Tint,Mellow,4,14000,5000,0.1,0,Bank Transfer,1,5,No,
ORD00555,2025-07-14,Completed,C0378,Returning,25-34,Seoul,Food,Coffee Bean 1kg,BeanRoot,3,32000,15000,0.15,3000,Mobile Pay,2,4,No,
ORD00556,2025-07-16,Completed,C0753,Returning,45-54,Daejeon,Pet,Dog Treats 1kg,Barkly,3,25000,11000,0,0,Bank Transfer,4,5,No,
ORD00557,2025-05-24,Completed,C0142,New,25-34,Incheon,Fashion,Crossbody Bag,Morrow,4,43000,18000,0.2,0,Mobile Pay,2,5,No,
ORD00558,2025-05-08,Completed,C0214,New,18-24,Seoul,Food,Protein Bar Pack,FitBite,4,28000,12000,0,3000,Mobile Pay,5,5,No,
ORD00559,2025-01-14,Completed,C0833,New,45-54,Daegu,Home,Cotton Towel Set,SoftDay,4,24000,10000,0,3000,Mobile Pay,5,5,No,
ORD00560,2025-05-17,Completed,C0602,Returning,45-54,Seoul,Fashion,Canvas Sneakers,Walkon,4,59000,26000,0,3000,Card,4,5,No,
ORD00561,2025-09-04,Completed,C0257,VIP,18-24,Jeju,Beauty,Lip Tint,Mellow,3,14000,5000,0,3000,Card,2,5,No,
ORD00562,2025-02-10,Completed,C0131,Returning,18-24,Gangwon,Electronics,Bluetooth Speaker,Soundly,3,65000,31000,0,3000,Virtual Account,7,4,No,
ORD00563,2025-08-08,Completed,C0162,New,18-24,Daejeon,Electronics,Bluetooth Speaker,Soundly,2,65000,31000,0.25,0,Virtual Account,2,,No,
ORD00564,2025-04-24,Completed,C0249,Returning,35-44,Daegu,Food,Gift Snack Box,HappyBox,3,33000,14000,0.05,3000,Card,1,5,No,
ORD00565,2025-11-13,Completed,C0064,New,25-34,Busan,Fashion,Canvas Sneakers,Walkon,1,59000,26000,0,3000,Bank Transfer,4,5,No,
ORD00566,2025-05-06,Completed,C0310,New,18-24,Gwangju,Fashion,Oversized Hoodie,Northline,4,45000,21000,0.2,3000,Virtual Account,5,5,No,
ORD00567,2025-09-24,Completed,C0287,Returning,45-54,Busan,Beauty,Hydrating Serum,PureLab,4,22000,9000,0.15,3000,Card,2,4,No,
ORD00568,2025-12-21,Completed,C0651,Returning,45-54,Gangwon,Home,Desk Lamp,Lumen,1,39000,16000,0,3000,Bank Transfer,6,4,No,
ORD00569,2025-05-30,Completed,C0570,New,35-44,Incheon,Electronics,Bluetooth Speaker,Soundly,4,65000,31000,0,3000,Card,2,4,No,
ORD00570,2025-03-21,Completed,C0157,New,25-34,Gwangju,Pet,Cat Toy Bundle,PawJoy,1,19000,8000,0.1,3000,Card,2,,No,
ORD00571,2025-08-07,Completed,C0633,Returning,35-44,Daejeon,Electronics,Smart Watch,Pulse,3,99000,47000,0,0,Mobile Pay,4,4,No,
ORD00572,2025-08-23,Completed,C0271,New,25-34,Daejeon,Home,Storage Box Set,NeatHome,2,29000,12000,0.25,3000,Virtual Account,4,5,No,
ORD00573,2025-11-03,Completed,C0399,New,35-44,Seoul,Electronics,Bluetooth Speaker,Soundly,3,65000,31000,0,3000,Mobile Pay,2,4,No,
ORD00574,2025-08-10,Completed,C0436,New,18-24,Jeju,Beauty,Hydrating Serum,PureLab,4,22000,9000,0.2,0,Virtual Account,6,3,No,
ORD00575,2025-10-26,Completed,C0106,New,55+,Daejeon,Electronics,Smart Watch,Pulse,1,99000,47000,0.1,3000,Card,1,4,No,
ORD00576,2025-12-15,Completed,C0397,New,55+,Gyeonggi,Fashion,Oversized Hoodie,Northline,4,45000,21000,0,3000,Card,2,4,No,
ORD00577,2025-01-08,Completed,C0414,New,45-54,Gangwon,Food,Protein Bar Pack,FitBite,4,28000,12000,0.2,3000,Virtual Account,2,5,No,
ORD00578,2025-03-15,Completed,C0709,VIP,35-44,Incheon,Electronics,Wireless Earbuds,Nova,4,49000,24000,0,0,Mobile Pay,1,5,No,
ORD00579,2025-12-12,Completed,C0016,New,45-54,Incheon,Food,Protein Bar Pack,FitBite,1,28000,12000,0,3000,Mobile Pay,1,5,No,
ORD00580,2025-01-28,Completed,C0693,Returning,45-54,Jeju,Electronics,Bluetooth Speaker,Soundly,4,65000,31000,0,3000,Card,8,3,No,
ORD00581,2025-12-16,Completed,C0234,New,45-54,Seoul,Beauty,Sunscreen SPF50,Glow,1,18000,7000,0,0,Card,2,4,No,
ORD00582,2025-03-15,Completed,C0516,Returning,45-54,Seoul,Home,Desk Lamp,Lumen,2,39000,16000,0.15,3000,Mobile Pay,5,4,No,
ORD00583,2025-12-07,Completed,C0827,New,18-24,Busan,Food,Protein Bar Pack,FitBite,2,28000,12000,0.25,3000,Bank Transfer,2,5,No,
ORD00584,2025-12-08,Completed,C0284,New,45-54,Gyeonggi,Pet,Pet Bed,ComfyPaws,2,47000,20000,0,0,Bank Transfer,3,4,Yes,Wrong size
ORD00585,2025-07-18,Completed,C0168,New,45-54,Busan,Beauty,Hydrating Serum,PureLab,2,22000,9000,0,0,Card,3,5,No,
ORD00586,2025-02-14,Completed,C0432,Returning,35-44,Busan,Food,Gift Snack Box,HappyBox,2,33000,14000,0.2,3000,Mobile Pay,3,5,No,
ORD00587,2025-04-10,Completed,C0367,Returning,25-34,Gangwon,Fashion,Oversized Hoodie,Northline,2,45000,21000,0,0,Bank Transfer,6,2,Yes,Wrong size
ORD00588,2025-10-29,Completed,C0556,New,55+,Gyeonggi,Food,Protein Bar Pack,FitBite,4,28000,12000,0.25,0,Card,5,4,No,
ORD00589,2025-01-20,Completed,C0777,VIP,55+,Gwangju,Electronics,Smart Watch,Pulse,1,99000,47000,0,3000,Bank Transfer,2,4,No,
ORD00590,2025-06-24,Completed,C0460,New,55+,Incheon,Beauty,Sunscreen SPF50,Glow,1,18000,7000,0.25,0,Card,3,4,No,
ORD00591,2025-04-03,Completed,C0073,New,18-24,Gwangju,Home,Storage Box Set,NeatHome,2,29000,12000,0,3000,Mobile Pay,1,5,No,
ORD00592,2025-07-26,Completed,C0210,VIP,18-24,Jeju,Home,Storage Box Set,NeatHome,4,29000,12000,0,3000,Card,5,5,No,
ORD00593,2025-05-07,Completed,C0442,New,35-44,Gwangju,Pet,Dog Treats 1kg,Barkly,4,25000,11000,0,3000,Bank Transfer,5,5,No,
ORD00594,2025-12-02,Completed,C0159,New,35-44,Jeju,Pet,Dog Treats 1kg,Barkly,2,25000,11000,0,0,Virtual Account,4,4,No,
ORD00595,2025-03-28,Completed,C0428,VIP,18-24,Gwangju,Electronics,Wireless Earbuds,Nova,2,49000,24000,0.15,3000,Mobile Pay,2,4,No,
ORD00596,2025-08-15,Completed,C0436,VIP,45-54,Gyeonggi,Electronics,Smart Watch,Pulse,3,99000,47000,0.15,3000,Card,2,5,No,
ORD00597,2025-11-30,Completed,C0269,VIP,55+,Gwangju,Home,Storage Box Set,NeatHome,2,29000,12000,0,3000,Bank Transfer,5,4,No,
ORD00598,2025-02-04,Completed,C0345,New,35-44,Daejeon,Beauty,Sunscreen SPF50,Glow,1,18000,7000,0,3000,Mobile Pay,4,,No,
ORD00599,2025-09-13,Pending,C0141,VIP,35-44,Daejeon,Beauty,Hydrating Serum,PureLab,2,22000,9000,0.15,0,Mobile Pay,,,No,
ORD00600,2025-07-31,Completed,C0084,New,45-54,Seoul,Food,Protein Bar Pack,FitBite,1,28000,12000,0,3000,Mobile Pay,45,4,No,
ORD00601,2025-01-15,Completed,C0095,New,18-24,Jeju,Fashion,Canvas Sneakers,Walkon,4,59000,26000,0,0,Mobile Pay,1,4,No,
ORD00602,2025-09-11,Completed,C0380,Returning,35-44,Jeju,Food,Coffee Bean 1kg,BeanRoot,1,32000,15000,0.25,3000,Card,4,4,No,
ORD00603,2025-05-03,Completed,C0154,New,45-54,Daegu,Beauty,Lip Tint,Mellow,4,14000,5000,0,3000,Card,1,4,No,
ORD00604,2025-09-04,Completed,C0096,Returning,45-54,Jeju,Food,Protein Bar Pack,FitBite,2,28000,12000,0,3000,Bank Transfer,1,5,No,
ORD00605,2025-02-10,Completed,C0229,New,35-44,Gwangju,Beauty,Lip Tint,Mellow,1,14000,5000,0,3000,Virtual Account,2,4,No,
ORD00606,2025-04-02,Completed,C0160,Returning,45-54,Daegu,Food,Gift Snack Box,HappyBox,2,33000,14000,0.25,3000,Bank Transfer,2,5,No,
ORD00607,2025-04-02,Completed,C0117,New,45-54,Gangwon,Home,Storage Box Set,NeatHome,2,29000,12000,0,3000,Bank Transfer,2,5,No,
ORD00608,2025-11-11,Completed,C0515,VIP,55+,Daegu,Pet,Cat Toy Bundle,PawJoy,0,19000,8000,0.25,3000,Card,5,4,No,
ORD00609,2025-12-27,Completed,C0795,Returning,35-44,Gangwon,Food,Protein Bar Pack,FitBite,3,28000,12000,0.15,0,Bank Transfer,1,4,No,
ORD00610,2025-01-01,Pending,C0762,New,55+,Daegu,Food,Coffee Bean 1kg,BeanRoot,2,32000,15000,0,0,Mobile Pay,,,No,
ORD00611,2025-05-21,Completed,C0208,New,55+,Busan,Home,Storage Box Set,NeatHome,4,29000,12000,0,3000,Mobile Pay,4,5,No,
ORD00612,2025-08-24,Completed,C0530,Returning,18-24,Seoul,Fashion,Crossbody Bag,Morrow,3,43000,18000,0.15,3000,Virtual Account,5,4,No,
ORD00613,2025-11-27,Completed,C0514,Returning,35-44,Busan,Electronics,Smart Watch,Pulse,2,99000,47000,0,3000,Card,4,5,No,
ORD00614,2025-10-05,Completed,C0372,Returning,18-24,Daegu,Food,Coffee Bean 1kg,BeanRoot,4,32000,15000,0.15,0,Bank Transfer,5,5,No,
ORD00615,2025-05-31,Completed,C0387,New,35-44,Gyeonggi,Electronics,Smart Watch,Pulse,1,99000,47000,0.15,3000,Bank Transfer,1,5,No,
ORD00616,2025-12-23,Completed,C0566,VIP,55+,Gwangju,Electronics,Wireless Earbuds,Nova,3,49000,24000,0,3000,Card,4,4,No,
ORD00617,2025-02-26,Completed,C0526,Returning,45-54,Gyeonggi,Home,Cotton Towel Set,SoftDay,3,24000,10000,0.05,0,Bank Transfer,2,,No,
ORD00618,2025-08-03,Completed,C0119,Returning,18-24,Seoul,Beauty,Hydrating Serum,PureLab,3,22000,9000,0.2,0,Card,4,4,No,
ORD00619,2025-04-29,Completed,C0677,VIP,18-24,Gangwon,Food,Protein Bar Pack,FitBite,3,28000,12000,0,3000,Card,1,5,No,
ORD00620,2025-11-16,Completed,C0392,New,18-24,Daegu,Pet,Cat Toy Bundle,PawJoy,2,19000,8000,0,0,Card,4,5,No,
ORD00621,2025-09-24,Completed,C0417,New,25-34,Gyeonggi,Beauty,Sunscreen SPF50,Glow,1,18000,7000,0,0,Virtual Account,1,5,No,
ORD00622,2025-06-30,Completed,C0085,VIP,45-54,Gangwon,Home,Storage Box Set,NeatHome,4,29000,12000,0,3000,Card,7,3,No,
ORD00623,2025-08-20,Completed,C0356,Returning,18-24,Busan,Pet,Dog Treats 1kg,Barkly,3,25000,11000,0,3000,Card,4,5,No,
ORD00624,2025-10-10,Completed,C0503,Returning,25-34,Busan,Pet,Dog Treats 1kg,Barkly,4,25000,11000,0.05,3000,Virtual Account,5,5,No,
ORD00625,2025-11-22,Completed,C0706,Returning,45-54,Incheon,Food,Coffee Bean 1kg,BeanRoot,3,32000,15000,0.2,3000,Bank Transfer,2,4,No,
ORD00626,2025-07-30,Completed,C0169,New,18-24,Daegu,Electronics,Wireless Earbuds,Nova,3,49000,24000,0,0,Bank Transfer,5,4,No,
ORD00627,2025-05-19,Completed,C0436,Returning,35-44,Incheon,Fashion,Oversized Hoodie,Northline,4,45000,21000,0,3000,Bank Transfer,3,5,No,
ORD00628,2025-02-15,Completed,C0189,New,45-54,Gangwon,Pet,Dog Treats 1kg,Barkly,1,25000,11000,0.25,3000,Virtual Account,5,4,No,
ORD00629,2025-07-15,Completed,C0283,Returning,25-34,Incheon,Home,Storage Box Set,NeatHome,3,29000,12000,0,0,Card,1,5,No,
ORD00630,2025-01-18,Completed,C0109,Returning,35-44,Gyeonggi,Food,Protein Bar Pack,FitBite,2,28000,12000,0.2,3000,Mobile Pay,1,4,No,
ORD00631,2025-11-03,Completed,C0256,VIP,25-34,Gyeonggi,Food,Gift Snack Box,HappyBox,3,33000,14000,0.15,3000,Bank Transfer,5,4,No,
ORD00632,2025-12-19,Completed,C0744,VIP,55+,Jeju,Home,Desk Lamp,Lumen,1,39000,16000,0,0,Virtual Account,4,4,No,
ORD00633,2025-04-19,Completed,C0559,New,55+,Gwangju,Beauty,Hydrating Serum,PureLab,4,22000,9000,0,3000,Mobile Pay,2,5,No,
ORD00634,2025-10-16,Completed,C0686,VIP,55+,Jeju,Beauty,Lip Tint,Mellow,2,14000,5000,0.25,3000,Card,7,4,No,
ORD00635,2025-08-18,Completed,C0440,New,35-44,Busan,Fashion,Oversized Hoodie,Northline,3,45000,21000,0,3000,Bank Transfer,5,5,No,
ORD00636,2025-11-06,Completed,C0380,New,25-34,Seoul,Electronics,Wireless Earbuds,Nova,3,49000,24000,0.1,3000,Mobile Pay,1,5,No,
ORD00637,2025-06-14,Completed,C0153,New,55+,Gangwon,Home,Storage Box Set,NeatHome,1,29000,12000,0,3000,Bank Transfer,3,,No,
ORD00638,2025-12-05,Completed,C0354,Returning,25-34,Daegu,Beauty,Hydrating Serum,PureLab,1,22000,9000,0,3000,Card,3,4,No,
ORD00639,2025-05-14,Completed,C0740,New,35-44,Seoul,Food,Protein Bar Pack,FitBite,3,28000,12000,0,0,Card,4,4,No,
ORD00640,2025-04-18,Completed,C0645,VIP,25-34,Gyeonggi,Pet,Cat Toy Bundle,PawJoy,2,19000,8000,0,3000,Virtual Account,5,4,No,
ORD00641,2025-06-25,Completed,C0439,Returning,25-34,Gangwon,Electronics,Bluetooth Speaker,Soundly,4,65000,31000,0,0,Virtual Account,2,4,No,
ORD00642,2025-04-04,Completed,C0221,Returning,35-44,Busan,Food,Gift Snack Box,HappyBox,2,33000,14000,0,3000,Bank Transfer,1,5,No,
ORD00643,2025-10-01,Completed,C0804,VIP,35-44,Incheon,Fashion,Crossbody Bag,Morrow,4,43000,18000,0.2,3000,Bank Transfer,4,4,Yes,Damaged item
ORD00644,2025-06-09,Completed,C0702,VIP,45-54,Busan,Electronics,Wireless Earbuds,Nova,3,49000,24000,0,3000,Card,4,4,No,
ORD00645,2025-12-20,Completed,C0675,Returning,18-24,Busan,Beauty,Hydrating Serum,PureLab,2,22000,9000,0,3000,Virtual Account,3,5,No,
ORD00646,2025-12-26,Completed,C0404,New,35-44,Gwangju,Fashion,Oversized Hoodie,Northline,2,45000,21000,0.25,0,Card,2,5,No,
ORD00647,2025-08-30,Completed,C0418,New,18-24,Gwangju,Beauty,Lip Tint,Mellow,2,14000,5000,0,0,Bank Transfer,4,5,No,
ORD00648,2025-11-17,Completed,C0428,New,35-44,Daegu,Electronics,Bluetooth Speaker,Soundly,2,65000,31000,0,3000,Mobile Pay,3,4,No,
ORD00649,2025-11-29,Pending,C0785,Returning,35-44,Incheon,Food,Protein Bar Pack,FitBite,4,28000,12000,0,0,Card,,,No,
ORD00650,2025-05-10,Completed,C0120,Returning,18-24,Gwangju,Pet,Pet Bed,ComfyPaws,2,47000,20000,0.25,0,Bank Transfer,1,4,No,
ORD00651,2025-01-19,Completed,C0504,Returning,45-54,Gyeonggi,Electronics,Smart Watch,Pulse,3,99000,47000,0,0,Mobile Pay,2,5,No,
ORD00652,2025-03-03,Completed,C0265,Returning,35-44,Busan,Food,Gift Snack Box,HappyBox,4,33000,14000,0,0,Bank Transfer,2,5,No,
ORD00653,2025-01-25,Cancelled,C0491,Returning,25-34,Busan,Food,Coffee Bean 1kg,BeanRoot,2,32000,15000,0.2,0,Bank Transfer,,,No,
ORD00654,2025-07-07,Pending,C0250,New,45-54,Incheon,Electronics,Smart Watch,Pulse,2,99000,47000,0,0,Mobile Pay,,,No,
ORD00655,2025-02-06,Completed,C0416,VIP,25-34,Daejeon,Food,Protein Bar Pack,FitBite,3,28000,12000,0,0,Mobile Pay,4,4,No,
ORD00656,2025-06-30,Completed,C0218,VIP,25-34,Gyeonggi,Fashion,Crossbody Bag,Morrow,4,43000,18000,0,3000,Card,1,5,No,
ORD00657,2025-05-11,Completed,C0685,New,35-44,Gwangju,Pet,Pet Bed,ComfyPaws,2,47000,20000,0,0,Card,3,5,No,
ORD00658,2025-11-15,Completed,C0841,Returning,35-44,Busan,Electronics,Smart Watch,Pulse,2,99000,47000,0,0,Mobile Pay,1,4,No,
ORD00659,2025-10-11,Completed,C0688,VIP,35-44,Gangwon,Pet,Pet Bed,ComfyPaws,4,47000,20000,0,3000,Card,2,5,No,
ORD00660,2025-10-12,Completed,C0334,New,18-24,Daejeon,Electronics,Wireless Earbuds,Nova,1,49000,24000,0.1,3000,Virtual Account,2,5,No,
ORD00661,2025-07-08,Completed,C0064,New,45-54,Incheon,Fashion,Crossbody Bag,Morrow,2,43000,18000,0,3000,Card,1,5,No,
ORD00662,2025-07-05,Completed,C0526,Returning,45-54,Gangwon,Fashion,Crossbody Bag,Morrow,4,43000,18000,0,3000,Virtual Account,5,5,No,
ORD00663,2025-12-30,Completed,C0643,New,18-24,Gangwon,Food,Coffee Bean 1kg,BeanRoot,1,32000,15000,0,3000,Card,1,5,No,
ORD00664,2025-10-26,Completed,C0196,Returning,25-34,Incheon,Electronics,Smart Watch,Pulse,3,99000,47000,0,3000,Bank Transfer,1,5,No,
ORD00665,2025-04-22,Completed,C0237,Returning,45-54,Daejeon,Food,Coffee Bean 1kg,BeanRoot,2,32000,15000,0.25,0,Virtual Account,4,5,No,
ORD00666,2025-06-24,Completed,C0034,Returning,18-24,Jeju,Beauty,Lip Tint,Mellow,4,14000,5000,0,3000,Card,7,4,No,
ORD00667,2025-06-10,Completed,C0157,Returning,35-44,Jeju,Fashion,Canvas Sneakers,Walkon,3,59000,26000,0,0,Virtual Account,8,4,No,
ORD00668,2025-04-24,Completed,C0560,VIP,55+,Daejeon,Beauty,Lip Tint,Mellow,2,14000,5000,0.1,3000,Mobile Pay,4,5,No,
ORD00669,2025-08-04,Completed,C0504,New,25-34,Seoul,Pet,Dog Treats 1kg,Barkly,99,25000,11000,0.05,3000,Card,1,4,No,
ORD00670,2025-11-10,Completed,C0256,Returning,35-44,Jeju,Beauty,Sunscreen SPF50,Glow,1,18000,7000,0,3000,Bank Transfer,5,5,No,
ORD00671,2025-12-03,Cancelled,C0371,Returning,25-34,Incheon,Fashion,Canvas Sneakers,Walkon,2,59000,26000,0,0,Virtual Account,,,No,
ORD00672,2025-09-04,Completed,C0282,New,45-54,Seoul,Fashion,Canvas Sneakers,Walkon,4,59000,26000,0,3000,Mobile Pay,3,5,No,
ORD00673,2025-04-28,Completed,C0436,New,35-44,Daegu,Food,Gift Snack Box,HappyBox,3,33000,14000,0,3000,Mobile Pay,3,4,No,
ORD00674,2025-10-29,Completed,C0122,VIP,18-24,Gwangju,Fashion,Canvas Sneakers,Walkon,1,59000,26000,0.2,0,Card,2,,No,
ORD00675,2025-01-11,Completed,C0248,New,35-44,Incheon,Beauty,Sunscreen SPF50,Glow,2,18000,7000,0,0,Virtual Account,5,5,No,
ORD00676,2025-04-08,Completed,C0814,New,25-34,Jeju,Beauty,Lip Tint,Mellow,3,14000,5000,0.15,3000,Virtual Account,9,4,No,
ORD00677,2025-02-16,Completed,C0659,VIP,45-54,Gyeonggi,Electronics,Wireless Earbuds,Nova,3,49000,24000,0,3000,Virtual Account,4,5,No,
ORD00678,2025-06-18,Completed,C0215,Returning,55+,Daejeon,Electronics,Wireless Earbuds,Nova,1,49000,24000,0,3000,Virtual Account,4,4,No,
ORD00679,2025-06-03,Completed,C0317,VIP,45-54,Gwangju,Fashion,Canvas Sneakers,Walkon,1,59000,26000,0,3000,Bank Transfer,5,4,No,
ORD00680,2025-07-10,Completed,C0630,VIP,45-54,Gyeonggi,Home,Desk Lamp,Lumen,2,39000,16000,0,0,Bank Transfer,4,5,No,
ORD00681,2025-05-27,Completed,C0609,New,25-34,Gwangju,Beauty,Hydrating Serum,PureLab,4,22000,9000,0,3000,Virtual Account,5,4,No,
ORD00682,2025-06-04,Completed,C0082,Returning,18-24,Gangwon,Home,Desk Lamp,Lumen,1,39000,16000,0,3000,Mobile Pay,6,3,No,
ORD00683,2025-12-07,Completed,C0078,New,55+,Jeju,Home,Desk Lamp,Lumen,2,39000,16000,0,0,Bank Transfer,-1,4,No,
ORD00684,2025-10-19,Completed,C0529,New,25-34,Gyeonggi,Pet,Cat Toy Bundle,PawJoy,4,19000,8000,0.2,0,Mobile Pay,5,5,No,
ORD00685,2025-08-09,Completed,C0314,Returning,25-34,Seoul,Food,Gift Snack Box,HappyBox,2,33000,14000,0,0,Virtual Account,4,4,No,
ORD00686,2025-10-04,Completed,C0207,New,25-34,Gangwon,Beauty,Hydrating Serum,PureLab,3,22000,9000,0,0,Mobile Pay,6,3,No,
ORD00687,2025-09-08,Pending,C0608,Returning,45-54,Seoul,Pet,Pet Bed,ComfyPaws,2,47000,20000,0.15,0,Card,,,No,
ORD00688,2025-02-25,Completed,C0187,New,55+,Seoul,Food,Protein Bar Pack,FitBite,4,28000,12000,0.05,3000,Bank Transfer,4,5,No,
ORD00689,2025-04-30,Completed,C0541,New,18-24,Daegu,Beauty,Hydrating Serum,PureLab,2,22000,9000,0,3000,Virtual Account,5,5,No,
ORD00690,2025-01-24,Completed,C0179,Returning,55+,Gwangju,Beauty,Sunscreen SPF50,Glow,2,18000,7000,0,3000,Virtual Account,5,4,No,
ORD00691,2025-05-05,Completed,C0598,Returning,35-44,Daejeon,Home,Desk Lamp,Lumen,4,39000,16000,0,3000,Bank Transfer,4,5,No,
ORD00692,2025-09-06,Completed,C0133,Returning,25-34,Gwangju,Fashion,Oversized Hoodie,Northline,3,45000,21000,0,0,Mobile Pay,3,,No,
ORD00693,2025-06-25,Completed,C0786,VIP,35-44,Jeju,Pet,Cat Toy Bundle,PawJoy,3,19000,8000,0,0,Mobile Pay,1,5,No,
ORD00694,2025-05-20,Completed,C0435,New,25-34,Seoul,Fashion,Canvas Sneakers,Walkon,3,59000,26000,0,3000,Bank Transfer,1,5,No,
ORD00695,2025-10-11,Completed,C0239,New,35-44,Daejeon,Electronics,Smart Watch,Pulse,2,99000,47000,0,0,Card,4,4,No,
ORD00696,2025-05-03,Completed,C0759,VIP,35-44,Gwangju,Pet,Pet Bed,ComfyPaws,3,47000,20000,0,3000,Bank Transfer,1,4,No,
ORD00697,2025-01-04,Completed,C0830,New,25-34,Seoul,Food,Coffee Bean 1kg,BeanRoot,1,32000,15000,0.15,3000,Virtual Account,5,5,No,
ORD00698,2025-04-13,Completed,C0042,New,55+,Busan,Pet,Cat Toy Bundle,PawJoy,2,19000,8000,0.1,0,Virtual Account,4,4,No,
ORD00699,2025-02-05,Completed,C0813,New,35-44,Busan,Food,Protein Bar Pack,FitBite,4,28000,12000,0,3000,Mobile Pay,2,4,No,
ORD00700,2025-09-28,Completed,C0434,New,45-54,Daegu,Home,Storage Box Set,NeatHome,3,29000,12000,0,3000,Virtual Account,3,4,No,
ORD00701,2025-02-11,Completed,C0400,VIP,18-24,Busan,Food,Gift Snack Box,HappyBox,4,33000,14000,0,3000,Mobile Pay,4,4,No,
ORD00702,2025-04-16,Completed,C0235,Returning,45-54,Incheon,Pet,Pet Bed,ComfyPaws,4,47000,20000,0.15,0,Card,4,5,No,
ORD00703,2025-02-02,Completed,C0022,New,35-44,Daejeon,Fashion,Canvas Sneakers,Walkon,1,59000,26000,0.1,3000,Card,4,,No,
ORD00704,2025-02-16,Completed,C0486,New,35-44,Gangwon,Home,Storage Box Set,NeatHome,3,29000,12000,0.05,3000,Bank Transfer,1,5,No,
ORD00705,2025-12-28,Completed,C0440,Returning,55+,Gwangju,Home,Storage Box Set,NeatHome,2,29000,12000,0,3000,Bank Transfer,1,4,No,
ORD00706,2025-10-13,Completed,C0764,Returning,55+,Busan,Home,Desk Lamp,Lumen,1,39000,16000,0.05,3000,Mobile Pay,4,5,No,
ORD00707,2025-07-11,Completed,C0079,New,45-54,Jeju,Home,Cotton Towel Set,SoftDay,2,24000,10000,0,3000,Card,5,5,No,
ORD00708,2025-10-09,Completed,C0210,VIP,45-54,Gyeonggi,Beauty,Lip Tint,Mellow,2,14000,5000,0,3000,Card,3,5,No,
ORD00709,2025-07-16,Completed,C0318,Returning,45-54,Incheon,Pet,Cat Toy Bundle,PawJoy,1,19000,8000,0,0,Mobile Pay,2,5,No,
ORD00710,2025-10-18,Completed,C0518,Returning,18-24,Jeju,Home,Storage Box Set,NeatHome,2,29000,12000,0,3000,Bank Transfer,2,5,No,
ORD00711,2025-09-30,Completed,C0527,Returning,25-34,Incheon,Electronics,Bluetooth Speaker,Soundly,3,65000,31000,0,3000,Virtual Account,5,5,No,
ORD00712,2025-08-09,Completed,C0640,Returning,25-34,Busan,Home,Desk Lamp,Lumen,4,39000,16000,0,3000,Card,4,4,No,
ORD00713,2025-10-11,Completed,C0793,Returning,35-44,Gwangju,Pet,Pet Bed,ComfyPaws,4,47000,20000,0,3000,Bank Transfer,2,4,No,
ORD00714,2025-08-31,Completed,C0104,Returning,18-24,Gangwon,Fashion,Oversized Hoodie,Northline,3,45000,21000,0,3000,Card,9,3,No,
ORD00715,2025-06-20,Completed,C0052,New,35-44,Seoul,Fashion,Canvas Sneakers,Walkon,1,59000,26000,0.2,3000,Virtual Account,2,4,No,
ORD00716,2025-05-07,Completed,C0778,Returning,45-54,Seoul,Food,Gift Snack Box,HappyBox,4,33000,14000,0,3000,Card,3,5,No,
ORD00717,2025-02-04,Completed,C0593,Returning,25-34,Gangwon,Electronics,Wireless Earbuds,Nova,2,49000,24000,0,3000,Card,5,5,No,
ORD00718,2025-03-04,Completed,C0690,Returning,55+,Jeju,Electronics,Bluetooth Speaker,Soundly,4,65000,31000,0,3000,Mobile Pay,2,5,No,
ORD00719,2025-01-03,Completed,C0302,New,18-24,Incheon,Beauty,Lip Tint,Mellow,3,14000,5000,0,3000,Bank Transfer,3,4,Yes,Different from description
ORD00720,2025-09-12,Completed,C0240,VIP,45-54,Busan,Pet,Dog Treats 1kg,Barkly,3,25000,11000,0,0,Card,3,4,No,
ORD00721,2025-12-02,Completed,C0787,Returning,25-34,Seoul,Electronics,Smart Watch,Pulse,3,99000,47000,0.2,3000,Bank Transfer,5,4,No,
ORD00722,2025-08-30,Completed,C0601,Returning,45-54,Jeju,Beauty,Sunscreen SPF50,Glow,3,18000,7000,0,3000,Bank Transfer,8,4,No,
ORD00723,2025-12-04,Completed,C0237,VIP,25-34,Seoul,Electronics,Wireless Earbuds,Nova,2,49000,24000,0,3000,Card,4,4,No,
ORD00724,2025-07-11,Completed,C0220,VIP,35-44,Busan,Fashion,Crossbody Bag,Morrow,4,43000,18000,0,3000,Mobile Pay,2,5,No,
ORD00725,2025-04-12,Completed,C0190,VIP,55+,Incheon,Pet,Pet Bed,ComfyPaws,4,47000,20000,0.05,3000,Virtual Account,5,5,No,
ORD00726,2025-02-02,Completed,C0018,New,25-34,Daejeon,Pet,Pet Bed,ComfyPaws,4,47000,20000,0,0,Bank Transfer,5,4,No,
ORD00727,2025-04-29,Cancelled,C0530,New,35-44,Daejeon,Fashion,Oversized Hoodie,Northline,3,45000,21000,0,0,Mobile Pay,,,No,
ORD00728,2025-11-01,Cancelled,C0727,New,55+,Jeju,Food,Protein Bar Pack,FitBite,3,28000,12000,0,0,Virtual Account,,,No,
ORD00729,2025-06-26,Completed,C0766,Returning,45-54,Gangwon,Pet,Cat Toy Bundle,PawJoy,1,19000,8000,0,0,Card,3,4,No,
ORD00730,2025-01-19,Completed,C0192,New,25-34,Gyeonggi,Electronics,Wireless Earbuds,Nova,0,999999,24000,0.1,3000,Card,1,4,No,
ORD00731,2025-07-10,Completed,C0442,New,18-24,Daejeon,Home,Storage Box Set,NeatHome,2,29000,12000,0,3000,Card,3,4,No,
ORD00732,2025-07-17,Completed,C0063,VIP,35-44,Gyeonggi,Electronics,Bluetooth Speaker,Soundly,1,65000,31000,0,3000,Mobile Pay,3,,No,
ORD00733,2025-05-14,Completed,C0071,New,25-34,Seoul,Electronics,Bluetooth Speaker,Soundly,3,65000,31000,0,3000,Virtual Account,1,5,No,
ORD00734,2025-01-08,Completed,C0398,Returning,18-24,Gangwon,Beauty,Lip Tint,Mellow,4,14000,5000,0.2,3000,Card,6,4,No,
ORD00735,2025-01-28,Completed,C0693,Returning,18-24,Incheon,Food,Protein Bar Pack,FitBite,3,28000,12000,0,3000,Mobile Pay,2,5,No,
ORD00736,2025-04-28,Completed,C0562,New,18-24,Gangwon,Fashion,Canvas Sneakers,Walkon,4,59000,26000,0,3000,Virtual Account,7,4,No,
ORD00737,2025-07-03,Completed,C0413,New,25-34,Seoul,Electronics,Smart Watch,Pulse,3,99000,47000,0,3000,Bank Transfer,4,5,No,
ORD00738,2025-03-30,Completed,C0300,VIP,18-24,Daegu,Food,Protein Bar Pack,FitBite,4,28000,12000,0,0,Virtual Account,3,5,No,
ORD00739,2025-02-17,Completed,C0574,VIP,25-34,Gwangju,Beauty,Hydrating Serum,PureLab,3,22000,9000,0,0,Card,1,4,No,
ORD00740,2025-07-18,Completed,C0122,New,35-44,Gyeonggi,Home,Desk Lamp,Lumen,2,39000,16000,0.25,3000,Mobile Pay,5,5,No,
ORD00741,2025-04-24,Completed,C0321,New,25-34,Incheon,Home,Desk Lamp,Lumen,1,39000,16000,0,3000,Bank Transfer,1,5,No,
ORD00742,2025-04-24,Completed,C0442,New,45-54,Daegu,Fashion,Crossbody Bag,Morrow,1,43000,18000,0,3000,Virtual Account,4,5,No,
ORD00743,2025-08-23,Completed,C0405,New,55+,Daegu,Electronics,Wireless Earbuds,Nova,2,49000,24000,0,3000,Virtual Account,2,4,No,
ORD00744,2025-03-17,Completed,C0009,Returning,18-24,Gwangju,Fashion,Canvas Sneakers,Walkon,4,59000,26000,0,0,Mobile Pay,4,5,No,
ORD00745,2025-05-30,Completed,C0353,Returning,45-54,Gwangju,Food,Coffee Bean 1kg,BeanRoot,1,32000,15000,0,3000,Mobile Pay,5,5,No,
ORD00746,2025-09-26,Completed,C0287,Returning,35-44,Incheon,Pet,Pet Bed,ComfyPaws,3,47000,20000,0,3000,Card,1,4,No,
ORD00747,2025-09-03,Completed,C0421,Returning,55+,Gwangju,Pet,Dog Treats 1kg,Barkly,4,25000,11000,0,3000,Mobile Pay,4,5,No,
ORD00748,2025-02-21,Completed,C0335,Returning,45-54,Gyeonggi,Pet,Dog Treats 1kg,Barkly,1,25000,11000,0,0,Card,2,,No,
ORD00749,2025-03-11,Completed,C0117,VIP,55+,Incheon,Home,Desk Lamp,Lumen,4,39000,16000,0,0,Bank Transfer,4,5,No,
ORD00750,2025-03-21,Completed,C0821,Returning,25-34,Gangwon,Fashion,Canvas Sneakers,Walkon,1,59000,26000,0,0,Card,7,3,Yes,Wrong size
ORD00751,2025-11-29,Completed,C0027,Returning,55+,Gwangju,Food,Coffee Bean 1kg,BeanRoot,1,32000,15000,0,3000,Virtual Account,4,5,No,
ORD00752,2025-07-14,Completed,C0847,New,25-34,Daegu,Electronics,Wireless Earbuds,Nova,2,49000,24000,0.15,3000,Card,1,4,No,
ORD00753,2025-12-05,Completed,C0235,New,18-24,Seoul,Fashion,Oversized Hoodie,Northline,1,45000,21000,0,3000,Virtual Account,3,4,No,
ORD00754,2025-10-27,Completed,C0522,VIP,25-34,Incheon,Beauty,Sunscreen SPF50,Glow,2,18000,7000,0,3000,Mobile Pay,4,4,No,
ORD00755,2025-03-12,Completed,C0270,New,45-54,Busan,Food,Coffee Bean 1kg,BeanRoot,1,32000,15000,0.1,3000,Mobile Pay,4,5,No,
ORD00756,2025-11-25,Completed,C0705,VIP,18-24,Gyeonggi,Food,Coffee Bean 1kg,BeanRoot,2,32000,15000,0,3000,Card,2,5,No,
ORD00757,2025-09-14,Completed,C0021,VIP,35-44,Daejeon,Pet,Dog Treats 1kg,Barkly,1,25000,11000,0.15,3000,Mobile Pay,2,,No,
ORD00758,2025-02-08,Completed,C0104,Returning,18-24,Busan,Pet,Pet Bed,ComfyPaws,4,47000,20000,0.15,3000,Virtual Account,2,4,No,
ORD00759,2025-04-14,Completed,C0369,Returning,18-24,Daejeon,Electronics,Wireless Earbuds,Nova,1,49000,24000,0.15,3000,Bank Transfer,2,5,No,
ORD00760,2025-04-03,Completed,C0814,Returning,45-54,Daegu,Home,Desk Lamp,Lumen,1,39000,16000,0,0,Card,3,5,No,
ORD00761,2025-09-12,Completed,C0345,Returning,18-24,Gangwon,Food,Protein Bar Pack,FitBite,2,28000,12000,0,0,Bank Transfer,2,5,No,
ORD00762,2025-07-03,Completed,C0543,New,25-34,Busan,Beauty,Lip Tint,Mellow,4,14000,5000,0,0,Mobile Pay,2,5,No,
ORD00763,2025-02-06,Completed,C0839,New,55+,Incheon,Fashion,Oversized Hoodie,Northline,3,45000,21000,0.2,3000,Mobile Pay,2,4,No,
ORD00764,2025-06-20,Completed,C0142,New,35-44,Gyeonggi,Beauty,Sunscreen SPF50,Glow,1,18000,7000,0,0,Mobile Pay,4,5,No,
ORD00765,2025-01-03,Completed,C0664,Returning,35-44,Seoul,Beauty,Sunscreen SPF50,Glow,1,18000,7000,0,3000,Mobile Pay,4,4,No,
ORD00766,2025-02-13,Completed,C0799,New,55+,Daejeon,Beauty,Sunscreen SPF50,Glow,4,18000,7000,0,0,Virtual Account,45,4,No,
ORD00767,2025-01-27,Completed,C0466,VIP,35-44,Daegu,Food,Coffee Bean 1kg,BeanRoot,2,32000,15000,0.25,0,Card,5,4,No,
ORD00768,2025-10-06,Completed,C0380,Returning,18-24,Daejeon,Fashion,Crossbody Bag,Morrow,4,43000,18000,0,3000,Card,5,3,Yes,Late delivery
ORD00769,2025-12-14,Completed,C0363,New,25-34,Daejeon,Pet,Cat Toy Bundle,PawJoy,1,19000,8000,0,3000,Bank Transfer,2,3,Yes,Changed mind
ORD00770,2025-07-10,Completed,C0562,New,55+,Seoul,Food,Coffee Bean 1kg,BeanRoot,2,32000,15000,0.05,3000,Virtual Account,4,4,No,
ORD00771,2025-08-21,Completed,C0244,New,35-44,Jeju,Pet,Dog Treats 1kg,Barkly,1,25000,11000,0.2,0,Mobile Pay,5,3,Yes,Different from description
ORD00772,2025-01-14,Completed,C0361,Returning,18-24,Incheon,Electronics,Wireless Earbuds,Nova,1,49000,24000,0,3000,Mobile Pay,1,4,No,
ORD00773,2025-12-12,Completed,C0740,New,18-24,Daegu,Electronics,Smart Watch,Pulse,2,99000,47000,0.05,3000,Virtual Account,2,5,No,
ORD00774,2025-12-14,Completed,C0420,Returning,35-44,Gwangju,Home,Desk Lamp,Lumen,3,39000,16000,0,0,Card,3,5,No,
ORD00775,2025-03-16,Completed,C0358,Returning,35-44,Gwangju,Beauty,Lip Tint,Mellow,2,14000,5000,0,3000,Card,1,4,No,
ORD00776,2025-01-19,Completed,C0060,Returning,55+,Seoul,Food,Gift Snack Box,HappyBox,2,33000,14000,0,3000,Mobile Pay,5,4,No,
ORD00777,2025-08-12,Completed,C0468,New,35-44,Gangwon,Home,Cotton Towel Set,SoftDay,2,24000,10000,0,0,Bank Transfer,8,4,No,
ORD00778,2025-03-22,Completed,C0470,New,18-24,Daejeon,Fashion,Oversized Hoodie,Northline,1,45000,21000,0,3000,Bank Transfer,2,4,No,
ORD00779,2025-05-17,Completed,C0080,New,55+,Seoul,Home,Desk Lamp,Lumen,1,39000,16000,0,3000,Virtual Account,3,5,No,
ORD00780,2025-08-27,Completed,C0141,New,35-44,Jeju,Home,Desk Lamp,Lumen,1,39000,16000,0.2,3000,Card,7,3,No,
ORD00781,2025-05-13,Completed,C0111,Returning,35-44,Gyeonggi,Electronics,Wireless Earbuds,Nova,2,49000,24000,0,0,Virtual Account,3,,No,
ORD00782,2025-07-23,Cancelled,C0542,VIP,55+,Seoul,Fashion,Crossbody Bag,Morrow,1,43000,18000,0,0,Card,,,No,
ORD00783,2025-07-20,Completed,C0668,Returning,55+,Gwangju,Food,Coffee Bean 1kg,BeanRoot,2,32000,15000,0,3000,Mobile Pay,2,4,No,
ORD00784,2025-07-08,Completed,C0493,New,45-54,Seoul,Electronics,Wireless Earbuds,Nova,1,49000,24000,0.05,3000,Bank Transfer,2,5,No,
ORD00785,2025-06-27,Completed,C0217,Returning,55+,Daejeon,Pet,Dog Treats 1kg,Barkly,4,25000,11000,0,0,Virtual Account,5,5,No,
ORD00786,2025-05-30,Completed,C0680,Returning,18-24,Seoul,Pet,Pet Bed,ComfyPaws,1,47000,20000,0,0,Virtual Account,1,5,No,
ORD00787,2025-08-08,Completed,C0678,New,55+,Jeju,Fashion,Oversized Hoodie,Northline,3,45000,21000,0,3000,Virtual Account,7,3,Yes,Different from description
ORD00788,2025-04-27,Completed,C0016,Returning,25-34,Daejeon,Fashion,Crossbody Bag,Morrow,4,43000,18000,0,3000,Mobile Pay,5,5,No,
ORD00789,2025-11-02,Completed,C0139,New,45-54,Busan,Beauty,Hydrating Serum,PureLab,4,22000,9000,0,0,Bank Transfer,4,4,No,
ORD00790,2025-07-27,Completed,C0598,Returning,18-24,Gwangju,Home,Storage Box Set,NeatHome,1,29000,12000,0,3000,Virtual Account,1,4,No,
ORD00791,2025-09-25,Completed,C0803,New,35-44,Gangwon,Food,Gift Snack Box,HappyBox,99,33000,14000,0,3000,Card,5,4,No,
ORD00792,2025-04-14,Completed,C0713,New,18-24,Gwangju,Fashion,Crossbody Bag,Morrow,3,43000,18000,0,3000,Virtual Account,5,3,Yes,Late delivery
ORD00793,2025-10-30,Completed,C0113,Returning,45-54,Gyeonggi,Electronics,Wireless Earbuds,Nova,2,49000,24000,0,3000,Card,2,5,No,
ORD00794,2025-03-22,Completed,C0122,Returning,18-24,Incheon,Pet,Pet Bed,ComfyPaws,2,47000,20000,0,3000,Virtual Account,5,5,No,
ORD00795,2025-06-04,Completed,C0506,New,55+,Gangwon,Electronics,Smart Watch,Pulse,4,99000,47000,0,3000,Mobile Pay,5,4,No,
ORD00796,2025-03-18,Completed,C0204,Returning,45-54,Daegu,Electronics,Smart Watch,Pulse,3,99000,47000,0,3000,Card,1,5,No,
ORD00797,2025-08-23,Completed,C0685,Returning,45-54,Jeju,Pet,Cat Toy Bundle,PawJoy,1,19000,8000,0,3000,Bank Transfer,5,4,No,
ORD00798,2025-04-12,Completed,C0119,Returning,35-44,Gyeonggi,Food,Coffee Bean 1kg,BeanRoot,1,32000,15000,0,3000,Bank Transfer,5,5,No,
ORD00799,2025-11-06,Cancelled,C0789,VIP,55+,Daejeon,Electronics,Bluetooth Speaker,Soundly,4,65000,31000,0,0,Card,,,No,
ORD00800,2025-10-25,Completed,C0756,Returning,25-34,Gangwon,Beauty,Lip Tint,Mellow,1,14000,5000,0.15,3000,Virtual Account,3,5,No,
ORD00801,2025-05-10,Completed,C0578,Returning,55+,Seoul,Fashion,Crossbody Bag,Morrow,3,43000,18000,0.25,3000,Bank Transfer,3,5,No,
ORD00802,2025-11-24,Completed,C0221,New,45-54,Gangwon,Beauty,Hydrating Serum,PureLab,4,22000,9000,0,3000,Mobile Pay,5,5,No,
ORD00803,2025-02-02,Completed,C0162,VIP,35-44,Incheon,Pet,Dog Treats 1kg,Barkly,4,25000,11000,0,3000,Card,4,5,No,
ORD00804,2025-08-14,Completed,C0135,Returning,35-44,Seoul,Fashion,Crossbody Bag,Morrow,4,43000,18000,0,3000,Virtual Account,5,5,No,
ORD00805,2025-01-20,Completed,C0365,Returning,45-54,Daejeon,Fashion,Canvas Sneakers,Walkon,4,59000,26000,0.05,3000,Mobile Pay,2,4,No,
ORD00806,2025-06-07,Completed,C0069,VIP,45-54,Jeju,Fashion,Crossbody Bag,Morrow,1,43000,18000,0.05,0,Virtual Account,9,3,No,
ORD00807,2025-08-11,Completed,C0784,New,45-54,Gyeonggi,Home,Desk Lamp,Lumen,2,39000,16000,0.2,3000,Bank Transfer,5,3,Yes,Late delivery
ORD00808,2025-04-15,Completed,C0819,New,45-54,Seoul,Fashion,Oversized Hoodie,Northline,2,45000,21000,0.2,0,Card,3,4,No,
ORD00809,2025-01-03,Cancelled,C0011,Returning,55+,Jeju,Pet,Cat Toy Bundle,PawJoy,4,19000,8000,0,0,Bank Transfer,,,No,
ORD00810,2025-10-12,Completed,C0267,New,25-34,Jeju,Beauty,Lip Tint,Mellow,3,14000,5000,0.1,3000,Virtual Account,7,3,Yes,Wrong size
ORD00811,2025-04-07,Completed,C0400,Returning,25-34,Seoul,Fashion,Crossbody Bag,Morrow,3,43000,18000,0.05,3000,Mobile Pay,5,5,No,
ORD00812,2025-08-03,Completed,C0694,New,25-34,Gwangju,Electronics,Smart Watch,Pulse,3,99000,47000,0,3000,Virtual Account,4,5,No,
ORD00813,2025-04-05,Completed,C0241,Returning,45-54,Gyeonggi,Home,Desk Lamp,Lumen,4,39000,16000,0.25,0,Bank Transfer,4,5,No,
ORD00814,2025-10-23,Completed,C0655,Returning,55+,Jeju,Fashion,Oversized Hoodie,Northline,4,45000,21000,0.05,0,Card,6,3,No,
ORD00815,2025-08-23,Completed,C0251,Returning,45-54,Gangwon,Electronics,Wireless Earbuds,Nova,1,49000,24000,0,3000,Mobile Pay,2,5,No,
ORD00816,2025-12-02,Completed,C0727,New,35-44,Gyeonggi,Pet,Dog Treats 1kg,Barkly,2,25000,11000,0,0,Bank Transfer,5,4,No,
ORD00817,2025-10-14,Completed,C0029,VIP,25-34,Gyeonggi,Electronics,Smart Watch,Pulse,2,99000,47000,0,3000,Card,1,5,No,
ORD00818,2025-05-11,Completed,C0462,New,35-44,Daejeon,Electronics,Smart Watch,Pulse,2,99000,47000,0,0,Mobile Pay,5,5,No,
ORD00819,2025-05-20,Completed,C0240,Returning,45-54,Busan,Beauty,Sunscreen SPF50,Glow,3,18000,7000,0,0,Virtual Account,3,4,No,
ORD00820,2025-05-22,Completed,C0599,VIP,55+,Gangwon,Fashion,Oversized Hoodie,Northline,4,45000,21000,0.15,3000,Bank Transfer,3,4,Yes,Wrong size
ORD00821,2025-07-29,Completed,C0619,Returning,45-54,Daejeon,Pet,Cat Toy Bundle,PawJoy,4,19000,8000,0,0,Mobile Pay,1,5,No,
ORD00822,2025-12-27,Completed,C0154,New,45-54,Seoul,Food,Protein Bar Pack,FitBite,4,28000,12000,0,3000,Bank Transfer,5,5,No,
ORD00823,2025-06-28,Completed,C0711,VIP,25-34,Busan,Pet,Cat Toy Bundle,PawJoy,3,19000,8000,0.05,3000,Card,4,4,No,
ORD00824,2025-11-21,Completed,C0391,Returning,35-44,Daegu,Pet,Pet Bed,ComfyPaws,3,47000,20000,0,3000,Bank Transfer,4,4,No,
ORD00825,2025-06-06,Completed,C0261,New,55+,Gangwon,Pet,Cat Toy Bundle,PawJoy,1,19000,8000,0.25,3000,Virtual Account,1,5,No,
ORD00826,2025-05-12,Completed,C0671,VIP,25-34,Seoul,Home,Storage Box Set,NeatHome,1,29000,12000,0,3000,Bank Transfer,3,4,No,
ORD00827,2025-06-19,Completed,C0257,Returning,45-54,Gwangju,Home,Storage Box Set,NeatHome,3,29000,12000,0.05,3000,Mobile Pay,2,5,No,
ORD00828,2025-08-12,Completed,C0654,New,55+,Gangwon,Pet,Cat Toy Bundle,PawJoy,3,19000,8000,0.25,0,Virtual Account,7,3,No,
ORD00829,2025-12-26,Completed,C0462,New,45-54,Incheon,Electronics,Wireless Earbuds,Nova,4,49000,24000,0,0,Bank Transfer,5,5,No,
ORD00830,2025-05-22,Completed,C0748,Returning,25-34,Daejeon,Home,Cotton Towel Set,SoftDay,1,24000,10000,0,3000,Card,5,5,No,
ORD00831,2025-05-05,Completed,C0807,Returning,35-44,Jeju,Home,Storage Box Set,NeatHome,3,29000,12000,0,3000,Virtual Account,9,3,No,
ORD00832,2025-09-05,Completed,C0143,VIP,55+,Gyeonggi,Home,Desk Lamp,Lumen,2,39000,16000,0,3000,Card,1,5,No,
ORD00833,2025-06-10,Completed,C0141,Returning,25-34,Seoul,Home,Desk Lamp,Lumen,3,39000,16000,0,3000,Card,4,5,No,
ORD00834,2025-02-05,Completed,C0461,Returning,35-44,Jeju,Electronics,Wireless Earbuds,Nova,3,49000,24000,0,3000,Mobile Pay,8,3,No,
ORD00835,2025-08-15,Completed,C0123,Returning,25-34,Busan,Home,Cotton Towel Set,SoftDay,2,24000,10000,0,3000,Card,4,5,No,
ORD00836,2025-10-26,Cancelled,C0513,Returning,45-54,Daejeon,Pet,Pet Bed,ComfyPaws,4,47000,20000,0,0,Card,,,No,
ORD00837,2025-10-10,Completed,C0114,Returning,35-44,Busan,Fashion,Oversized Hoodie,Northline,4,45000,21000,0.2,0,Virtual Account,5,5,No,
ORD00838,2025-12-18,Completed,C0209,Returning,25-34,Daegu,Electronics,Wireless Earbuds,Nova,2,49000,24000,0.1,0,Virtual Account,1,4,No,
ORD00839,2025-04-23,Completed,C0418,New,35-44,Jeju,Pet,Pet Bed,ComfyPaws,2,47000,20000,0,3000,Virtual Account,4,5,No,
ORD00840,2025-04-24,Completed,C0152,VIP,45-54,Daejeon,Food,Protein Bar Pack,FitBite,1,28000,12000,0,3000,Bank Transfer,5,4,No,
ORD00841,2025-03-11,Completed,C0035,Returning,55+,Daejeon,Electronics,Smart Watch,Pulse,3,99000,47000,0.2,0,Card,2,5,No,
ORD00842,2025-01-23,Completed,C0421,VIP,55+,Busan,Food,Gift Snack Box,HappyBox,3,33000,14000,0,3000,Bank Transfer,2,4,No,
ORD00843,2025-03-11,Completed,C0303,Returning,25-34,Jeju,Electronics,Bluetooth Speaker,Soundly,4,65000,31000,0,3000,Card,5,5,No,
ORD00844,2025-02-05,Completed,C0202,New,35-44,Gangwon,Food,Coffee Bean 1kg,BeanRoot,3,32000,15000,0,3000,Card,9,4,No,
ORD00845,2025-02-04,Completed,C0470,New,35-44,Seoul,Food,Gift Snack Box,HappyBox,2,33000,14000,0,3000,Virtual Account,2,4,No,
ORD00846,2025-01-29,Completed,C0505,Returning,18-24,Gyeonggi,Food,Coffee Bean 1kg,BeanRoot,4,32000,15000,0.15,3000,Card,1,4,No,
ORD00847,2025-08-22,Completed,C0058,New,35-44,Gyeonggi,Food,Coffee Bean 1kg,BeanRoot,3,32000,15000,0,0,Mobile Pay,5,5,No,
ORD00848,2025-11-27,Completed,C0043,Returning,18-24,Seoul,Beauty,Sunscreen SPF50,Glow,4,18000,7000,0,0,Virtual Account,2,4,No,
ORD00849,2025-03-04,Completed,C0391,New,45-54,Daegu,Pet,Cat Toy Bundle,PawJoy,1,19000,8000,0.15,0,Bank Transfer,-1,5,No,
ORD00850,2025-10-05,Completed,C0081,VIP,18-24,Gangwon,Electronics,Bluetooth Speaker,Soundly,4,65000,31000,0,0,Bank Transfer,7,3,No,
ORD00851,2025-04-25,Completed,C0374,Returning,45-54,Incheon,Electronics,Smart Watch,Pulse,1,99000,47000,0,3000,Bank Transfer,2,4,No,
ORD00852,2025-05-31,Completed,C0291,New,55+,Gyeonggi,Electronics,Bluetooth Speaker,Soundly,0,65000,31000,0.2,3000,Virtual Account,5,5,No,
ORD00853,2025-07-06,Completed,C0532,Returning,18-24,Gyeonggi,Food,Protein Bar Pack,FitBite,2,28000,12000,0,3000,Card,4,5,No,
ORD00854,2025-12-23,Completed,C0247,New,25-34,Daegu,Fashion,Crossbody Bag,Morrow,2,43000,18000,0.2,3000,Card,2,5,No,
ORD00855,2025-08-27,Completed,C0336,Returning,35-44,Gyeonggi,Home,Desk Lamp,Lumen,4,39000,16000,0.2,3000,Virtual Account,3,4,No,
ORD00856,2025-07-27,Completed,C0690,Returning,35-44,Gangwon,Home,Desk Lamp,Lumen,4,39000,16000,0.05,3000,Card,5,5,No,
ORD00857,2025-04-18,Completed,C0733,New,45-54,Incheon,Electronics,Wireless Earbuds,Nova,2,49000,24000,0,3000,Card,3,4,No,
ORD00858,2025-02-19,Completed,C0379,Returning,25-34,Seoul,Beauty,Lip Tint,Mellow,2,14000,5000,0.2,3000,Mobile Pay,3,5,No,
ORD00859,2025-05-14,Completed,C0712,Returning,35-44,Busan,Home,Cotton Towel Set,SoftDay,3,24000,10000,0,3000,Mobile Pay,2,5,No,
ORD00860,2025-10-22,Completed,C0828,New,25-34,Incheon,Food,Coffee Bean 1kg,BeanRoot,1,32000,15000,0,3000,Virtual Account,3,5,No,
ORD00861,2025-03-31,Completed,C0020,New,55+,Incheon,Pet,Dog Treats 1kg,Barkly,2,25000,11000,0,0,Bank Transfer,5,5,No,
ORD00862,2025-02-01,Completed,C0110,Returning,25-34,Daegu,Electronics,Bluetooth Speaker,Soundly,3,65000,31000,0.2,0,Card,3,4,No,
ORD00863,2025-08-26,Completed,C0189,Returning,45-54,Gyeonggi,Food,Coffee Bean 1kg,BeanRoot,4,32000,15000,0.2,3000,Bank Transfer,5,5,No,
ORD00864,2025-08-29,Completed,C0753,New,35-44,Gwangju,Fashion,Crossbody Bag,Morrow,1,43000,18000,0.15,3000,Mobile Pay,5,5,No,
ORD00865,2025-06-07,Completed,C0792,Returning,18-24,Gangwon,Pet,Dog Treats 1kg,Barkly,3,25000,11000,0,3000,Bank Transfer,3,4,No,
ORD00866,2025-09-22,Completed,C0255,Returning,25-34,Gwangju,Home,Cotton Towel Set,SoftDay,2,24000,10000,0,0,Bank Transfer,3,5,No,
ORD00867,2025-06-27,Completed,C0063,VIP,35-44,Daegu,Home,Storage Box Set,NeatHome,2,29000,12000,0.2,3000,Bank Transfer,5,5,No,
ORD00868,2025-07-06,Completed,C0311,Returning,35-44,Seoul,Fashion,Oversized Hoodie,Northline,1,45000,21000,0.15,3000,Mobile Pay,3,4,No,
ORD00869,2025-10-07,Completed,C0321,New,55+,Gangwon,Pet,Pet Bed,ComfyPaws,3,47000,20000,0,3000,Virtual Account,6,3,No,
ORD00870,2025-02-07,Completed,C0335,VIP,45-54,Gwangju,Pet,Dog Treats 1kg,Barkly,2,25000,11000,0,3000,Card,5,4,No,
ORD00871,2025-03-06,Completed,C0297,Returning,45-54,Incheon,Fashion,Canvas Sneakers,Walkon,1,59000,26000,0,3000,Mobile Pay,3,4,No,
ORD00872,2025-01-20,Completed,C0237,New,55+,Gwangju,Beauty,Hydrating Serum,PureLab,2,22000,9000,0.2,3000,Mobile Pay,2,5,No,
ORD00873,2025-05-12,Completed,C0711,Returning,35-44,Daejeon,Electronics,Smart Watch,Pulse,4,99000,47000,0,3000,Card,1,4,No,
ORD00874,2025-03-17,Completed,C0227,VIP,25-34,Gwangju,Pet,Dog Treats 1kg,Barkly,4,25000,11000,0,3000,Card,4,4,No,
ORD00875,2025-09-09,Pending,C0684,VIP,55+,Gyeonggi,Pet,Pet Bed,ComfyPaws,2,47000,20000,0,0,Bank Transfer,,,No,
ORD00876,2025-03-25,Completed,C0135,New,45-54,Busan,Food,Coffee Bean 1kg,BeanRoot,4,32000,15000,0,3000,Bank Transfer,5,4,No,
ORD00877,2025-12-19,Completed,C0518,New,25-34,Daegu,Food,Gift Snack Box,HappyBox,1,33000,14000,0,3000,Mobile Pay,2,4,No,
ORD00878,2025-01-06,Completed,C0152,Returning,35-44,Busan,Food,Protein Bar Pack,FitBite,3,28000,12000,0.05,3000,Mobile Pay,2,5,No,
ORD00879,2025-06-24,Completed,C0245,Returning,45-54,Gangwon,Pet,Pet Bed,ComfyPaws,3,47000,20000,0,3000,Card,6,4,No,
ORD00880,2025-09-25,Completed,C0558,Returning,25-34,Gyeonggi,Electronics,Bluetooth Speaker,Soundly,3,65000,31000,0,3000,Bank Transfer,2,,No,
ORD00881,2025-05-04,Completed,C0380,New,45-54,Busan,Home,Cotton Towel Set,SoftDay,3,24000,10000,0,3000,Mobile Pay,5,5,No,
ORD00882,2025-11-30,Completed,C0011,New,18-24,Busan,Fashion,Oversized Hoodie,Northline,3,45000,21000,0.25,3000,Virtual Account,4,5,No,
ORD00883,2025-01-30,Completed,C0402,New,25-34,Busan,Beauty,Lip Tint,Mellow,2,14000,5000,0,0,Card,3,4,No,
ORD00884,2025-12-21,Completed,C0408,VIP,45-54,Seoul,Electronics,Bluetooth Speaker,Soundly,2,65000,31000,0,3000,Card,4,4,No,
ORD00885,2025-09-09,Completed,C0369,New,18-24,Jeju,Food,Gift Snack Box,HappyBox,4,33000,14000,0,3000,Mobile Pay,6,4,No,
ORD00886,2025-01-04,Pending,C0061,VIP,55+,Daejeon,Fashion,Canvas Sneakers,Walkon,2,59000,26000,0,0,Bank Transfer,,,No,
ORD00887,2025-10-27,Completed,C0565,VIP,45-54,Jeju,Home,Desk Lamp,Lumen,3,39000,16000,0.2,3000,Mobile Pay,1,4,No,
ORD00888,2025-07-31,Completed,C0093,VIP,25-34,Seoul,Electronics,Bluetooth Speaker,Soundly,1,65000,31000,0,3000,Mobile Pay,5,5,No,
ORD00889,2025-09-18,Completed,C0819,Returning,45-54,Gyeonggi,Pet,Pet Bed,ComfyPaws,2,47000,20000,0,3000,Bank Transfer,4,4,No,
ORD00890,2025-10-17,Completed,C0483,New,18-24,Daejeon,Electronics,Bluetooth Speaker,Soundly,3,65000,31000,0,3000,Card,5,4,No,
ORD00891,2025-02-04,Pending,C0746,New,25-34,Gwangju,Food,Coffee Bean 1kg,BeanRoot,4,32000,15000,0,0,Virtual Account,,,No,
ORD00892,2025-07-06,Completed,C0127,New,55+,Gwangju,Beauty,Lip Tint,Mellow,1,14000,5000,0,3000,Card,5,4,No,
ORD00893,2025-12-20,Completed,C0529,New,55+,Busan,Beauty,Lip Tint,Mellow,2,14000,5000,0,3000,Bank Transfer,1,4,No,
ORD00894,2025-07-23,Completed,C0843,Returning,55+,Gangwon,Pet,Dog Treats 1kg,Barkly,2,25000,11000,0.1,3000,Card,2,5,No,
ORD00895,2025-06-03,Completed,C0846,New,18-24,Gyeonggi,Pet,Pet Bed,ComfyPaws,3,47000,20000,0,0,Bank Transfer,4,4,No,
ORD00896,2025-01-30,Completed,C0423,VIP,55+,Daejeon,Electronics,Smart Watch,Pulse,1,99000,47000,0,3000,Card,2,4,No,
ORD00897,2025-06-01,Completed,C0217,New,35-44,Gwangju,Beauty,Lip Tint,Mellow,4,14000,5000,0,3000,Virtual Account,3,5,No,
ORD00898,2025-11-29,Completed,C0130,New,25-34,Daegu,Fashion,Canvas Sneakers,Walkon,3,59000,26000,0,0,Mobile Pay,2,4,No,
ORD00899,2025-04-12,Completed,C0295,Returning,25-34,Seoul,Food,Coffee Bean 1kg,BeanRoot,3,32000,15000,0,3000,Bank Transfer,3,5,No,
ORD00900,2025-09-21,Completed,C0569,New,25-34,Busan,Home,Cotton Towel Set,SoftDay,2,24000,10000,0,3000,Mobile Pay,5,5,No,
ORD00901,2025-10-24,Completed,C0327,Returning,45-54,Incheon,Electronics,Bluetooth Speaker,Soundly,2,65000,31000,0.1,3000,Virtual Account,1,5,No,
ORD00902,2025-11-23,Cancelled,C0054,New,35-44,Seoul,Electronics,Bluetooth Speaker,Soundly,1,65000,31000,0,0,Virtual Account,,,No,
ORD00903,2025-10-05,Completed,C0321,VIP,18-24,Incheon,Electronics,Smart Watch,Pulse,2,99000,47000,0,0,Mobile Pay,3,5,No,
ORD00904,2025-08-19,Completed,C0205,New,25-34,Jeju,Pet,Dog Treats 1kg,Barkly,2,25000,11000,0,0,Bank Transfer,5,4,No,
ORD00905,2025-03-14,Completed,C0763,Returning,35-44,Daejeon,Food,Protein Bar Pack,FitBite,2,28000,12000,0.15,3000,Card,3,4,No,
ORD00906,2025-12-24,Completed,C0652,New,35-44,Daegu,Fashion,Canvas Sneakers,Walkon,4,59000,26000,0,3000,Virtual Account,5,5,No,
ORD00907,2025-10-25,Completed,C0566,Returning,55+,Gwangju,Electronics,Bluetooth Speaker,Soundly,3,65000,31000,0,0,Card,2,5,No,
ORD00908,2025-10-18,Completed,C0446,New,35-44,Gyeonggi,Electronics,Smart Watch,Pulse,3,99000,47000,0,3000,Mobile Pay,1,4,No,
ORD00909,2025-05-10,Completed,C0058,New,18-24,Jeju,Home,Cotton Towel Set,SoftDay,4,24000,10000,0.05,0,Card,7,4,No,
ORD00910,2025-01-31,Completed,C0716,New,25-34,Seoul,Food,Protein Bar Pack,FitBite,1,28000,12000,0,0,Bank Transfer,1,4,No,
ORD00911,2025-07-25,Completed,C0037,Returning,55+,Jeju,Beauty,Hydrating Serum,PureLab,1,22000,9000,0,3000,Virtual Account,3,5,No,
ORD00912,2025-01-31,Pending,C0068,VIP,18-24,Daejeon,Pet,Dog Treats 1kg,Barkly,1,25000,11000,0,0,Mobile Pay,,,No,
ORD00913,2025-04-10,Completed,C0817,Returning,55+,Daejeon,Beauty,Lip Tint,Mellow,1,14000,5000,0.25,3000,Mobile Pay,3,4,No,
ORD00914,2025-03-06,Completed,C0578,Returning,35-44,Seoul,Food,Coffee Bean 1kg,BeanRoot,2,32000,15000,0.2,3000,Bank Transfer,5,4,No,
ORD00915,2025-01-25,Completed,C0375,New,45-54,Seoul,Electronics,Wireless Earbuds,Nova,2,49000,24000,0,3000,Bank Transfer,4,4,No,
ORD00916,2025-08-08,Completed,C0673,New,25-34,Incheon,Pet,Dog Treats 1kg,Barkly,3,25000,11000,0.2,0,Card,1,5,No,
ORD00917,2025-01-22,Completed,C0028,VIP,35-44,Seoul,Electronics,Wireless Earbuds,Nova,2,49000,24000,0.25,0,Virtual Account,5,5,No,
ORD00918,2025-09-28,Completed,C0567,Returning,35-44,Gangwon,Food,Gift Snack Box,HappyBox,2,33000,14000,0,3000,Mobile Pay,5,5,No,
ORD00919,2025-03-01,Completed,C0340,VIP,18-24,Gyeonggi,Beauty,Lip Tint,Mellow,1,14000,5000,0,3000,Virtual Account,3,5,No,
ORD00920,2025-06-13,Completed,C0369,New,45-54,Gwangju,Pet,Cat Toy Bundle,PawJoy,1,19000,8000,0,3000,Mobile Pay,4,4,No,
ORD00921,2025-12-22,Completed,C0094,Returning,18-24,Daejeon,Beauty,Hydrating Serum,PureLab,4,22000,9000,0,0,Mobile Pay,3,4,No,
ORD00922,2025-07-31,Completed,C0188,New,35-44,Daegu,Home,Desk Lamp,Lumen,4,39000,16000,0.2,3000,Bank Transfer,1,5,No,
ORD00923,2025-08-17,Completed,C0347,Returning,18-24,Busan,Home,Desk Lamp,Lumen,2,39000,16000,0,3000,Card,5,4,No,
ORD00924,2025-09-07,Completed,C0315,New,25-34,Daejeon,Electronics,Bluetooth Speaker,Soundly,2,65000,31000,0,3000,Mobile Pay,3,4,No,
ORD00925,2025-03-17,Completed,C0766,Returning,25-34,Gwangju,Beauty,Hydrating Serum,PureLab,4,22000,9000,0.2,3000,Virtual Account,1,5,No,
ORD00926,2025-01-29,Completed,C0777,New,18-24,Incheon,Food,Coffee Bean 1kg,BeanRoot,2,32000,15000,0,0,Mobile Pay,2,5,No,
ORD00927,2025-11-04,Completed,C0485,Returning,18-24,Jeju,Food,Gift Snack Box,HappyBox,1,33000,14000,0,3000,Bank Transfer,4,4,No,
ORD00928,2025-12-03,Completed,C0451,Returning,45-54,Gwangju,Home,Desk Lamp,Lumen,4,39000,16000,0,3000,Bank Transfer,3,5,No,
ORD00929,2025-08-24,Completed,C0421,VIP,55+,Gwangju,Pet,Pet Bed,ComfyPaws,3,47000,20000,0,3000,Bank Transfer,2,4,No,
ORD00930,2025-07-24,Completed,C0731,New,18-24,Gwangju,Fashion,Canvas Sneakers,Walkon,1,59000,26000,0.15,3000,Bank Transfer,1,4,No,
ORD00931,2025-04-10,Completed,C0636,New,25-34,Incheon,Electronics,Smart Watch,Pulse,3,99000,47000,0.2,3000,Bank Transfer,1,4,No,
ORD00932,2025-04-13,Completed,C0694,New,35-44,Daejeon,Beauty,Lip Tint,Mellow,2,14000,5000,0.25,0,Bank Transfer,45,5,No,
ORD00933,2025-10-11,Completed,C0400,Returning,45-54,Busan,Pet,Cat Toy Bundle,PawJoy,1,19000,8000,0,3000,Virtual Account,3,4,No,
ORD00934,2025-05-11,Completed,C0733,Returning,45-54,Busan,Electronics,Wireless Earbuds,Nova,1,49000,24000,0.05,3000,Card,5,4,No,
ORD00935,2025-12-16,Completed,C0033,Returning,55+,Gyeonggi,Food,Protein Bar Pack,FitBite,1,28000,12000,0,3000,Virtual Account,4,4,No,
ORD00936,2025-09-01,Completed,C0838,Returning,55+,Gyeonggi,Electronics,Wireless Earbuds,Nova,1,49000,24000,0.15,0,Mobile Pay,2,5,No,
ORD00937,2025-01-21,Completed,C0583,New,18-24,Incheon,Pet,Pet Bed,ComfyPaws,4,47000,20000,0,0,Bank Transfer,5,5,No,
ORD00938,2025-03-17,Completed,C0541,New,55+,Busan,Electronics,Bluetooth Speaker,Soundly,1,65000,31000,0,0,Card,5,4,No,
ORD00939,2025-10-18,Completed,C0279,New,35-44,Gangwon,Beauty,Hydrating Serum,PureLab,2,22000,9000,0.2,3000,Card,4,4,No,
ORD00940,2025-07-03,Completed,C0265,Returning,55+,Gangwon,Home,Cotton Towel Set,SoftDay,2,24000,10000,0.25,0,Mobile Pay,3,5,No,
ORD00941,2025-05-18,Completed,C0471,Returning,35-44,Gwangju,Food,Protein Bar Pack,FitBite,1,28000,12000,0.25,3000,Mobile Pay,2,5,No,
ORD00942,2025-06-28,Completed,C0249,VIP,45-54,Daegu,Electronics,Bluetooth Speaker,Soundly,4,65000,31000,0.1,3000,Bank Transfer,3,5,No,
ORD00943,2025-11-11,Completed,C0390,VIP,45-54,Gwangju,Electronics,Bluetooth Speaker,Soundly,4,65000,31000,0,0,Virtual Account,5,5,No,
ORD00944,2025-03-07,Completed,C0716,Returning,25-34,Gwangju,Home,Cotton Towel Set,SoftDay,4,24000,10000,0.2,3000,Card,5,5,No,
ORD00945,2025-12-22,Completed,C0477,VIP,55+,Gangwon,Electronics,Wireless Earbuds,Nova,4,49000,24000,0.1,3000,Bank Transfer,5,5,No,
ORD00946,2025-11-06,Completed,C0474,New,35-44,Gangwon,Home,Cotton Towel Set,SoftDay,1,24000,10000,0,3000,Mobile Pay,9,3,Yes,Different from description
ORD00947,2025-12-30,Completed,C0316,Returning,55+,Daejeon,Electronics,Wireless Earbuds,Nova,2,49000,24000,0,3000,Card,2,4,No,
ORD00948,2025-06-01,Completed,C0051,VIP,25-34,Daegu,Electronics,Bluetooth Speaker,Soundly,1,65000,31000,0,0,Bank Transfer,1,4,No,
ORD00949,2025-10-04,Completed,C0745,Returning,25-34,Daejeon,Electronics,Wireless Earbuds,Nova,1,49000,24000,0,3000,Card,4,5,No,
ORD00950,2025-04-03,Completed,C0614,Returning,18-24,Gwangju,Food,Protein Bar Pack,FitBite,2,28000,12000,0,0,Bank Transfer,1,5,No,
ORD00951,2025-11-13,Completed,C0446,VIP,55+,Gangwon,Beauty,Lip Tint,Mellow,2,14000,5000,0.2,3000,Virtual Account,6,3,No,
ORD00952,2025-01-24,Completed,C0719,New,55+,Seoul,Pet,Cat Toy Bundle,PawJoy,3,19000,8000,0,3000,Virtual Account,2,5,No,
ORD00953,2025-03-08,Completed,C0064,VIP,35-44,Jeju,Fashion,Canvas Sneakers,Walkon,3,59000,26000,0,3000,Mobile Pay,7,4,No,
ORD00954,2025-12-22,Completed,C0538,New,45-54,Gyeonggi,Pet,Pet Bed,ComfyPaws,4,47000,20000,0,3000,Bank Transfer,1,3,Yes,Different from description
ORD00955,2025-03-30,Completed,C0021,Returning,35-44,Busan,Beauty,Hydrating Serum,PureLab,3,22000,9000,0.05,3000,Virtual Account,3,4,No,
ORD00956,2025-10-07,Completed,C0254,VIP,25-34,Gyeonggi,Home,Storage Box Set,NeatHome,1,29000,12000,0.15,3000,Bank Transfer,2,4,No,
ORD00957,2025-03-19,Completed,C0584,New,55+,Busan,Pet,Dog Treats 1kg,Barkly,1,25000,11000,0.2,0,Bank Transfer,1,4,No,
ORD00958,2025-11-29,Completed,C0428,VIP,35-44,Seoul,Electronics,Smart Watch,Pulse,2,99000,47000,0,3000,Mobile Pay,4,4,No,
ORD00959,2025-01-03,Completed,C0118,Returning,45-54,Busan,Electronics,Wireless Earbuds,Nova,3,49000,24000,0.25,0,Bank Transfer,1,4,No,
ORD00960,2025-06-22,Completed,C0660,Returning,18-24,Gwangju,Beauty,Lip Tint,Mellow,2,14000,5000,0,3000,Virtual Account,1,,No,
ORD00961,2025-03-31,Cancelled,C0586,New,25-34,Daegu,Home,Storage Box Set,NeatHome,3,29000,12000,0,0,Virtual Account,,,No,
ORD00962,2025-10-01,Completed,C0429,New,18-24,Gwangju,Beauty,Lip Tint,Mellow,3,14000,5000,0,0,Bank Transfer,2,4,No,
ORD00963,2025-08-08,Completed,C0716,Returning,55+,Daegu,Electronics,Bluetooth Speaker,Soundly,3,65000,31000,0,3000,Virtual Account,4,4,No,
ORD00964,2025-06-13,Completed,C0330,VIP,35-44,Gangwon,Beauty,Sunscreen SPF50,Glow,4,18000,7000,0.15,0,Mobile Pay,9,2,Yes,Late delivery
ORD00965,2025-08-24,Completed,C0110,New,35-44,Gangwon,Fashion,Canvas Sneakers,Walkon,3,59000,26000,0,3000,Virtual Account,4,4,No,
ORD00966,2025-06-24,Completed,C0732,Returning,18-24,Gyeonggi,Electronics,Wireless Earbuds,Nova,2,49000,24000,0.05,3000,Virtual Account,1,4,No,
ORD00967,2025-07-25,Completed,C0568,Returning,25-34,Busan,Home,Cotton Towel Set,SoftDay,3,24000,10000,0.15,3000,Card,4,4,No,
ORD00968,2025-02-16,Completed,C0251,Returning,45-54,Incheon,Food,Coffee Bean 1kg,BeanRoot,3,32000,15000,0.05,3000,Card,1,5,No,
ORD00969,2025-08-22,Completed,C0402,Returning,45-54,Jeju,Electronics,Bluetooth Speaker,Soundly,2,65000,31000,0,3000,Virtual Account,5,5,No,
ORD00970,2025-11-26,Completed,C0400,Returning,55+,Jeju,Food,Protein Bar Pack,FitBite,1,28000,12000,0,3000,Virtual Account,7,4,No,
ORD00971,2025-06-09,Completed,C0519,Returning,25-34,Gangwon,Fashion,Oversized Hoodie,Northline,4,45000,21000,0.15,0,Mobile Pay,7,2,Yes,Damaged item
ORD00972,2025-05-13,Completed,C0839,Returning,55+,Gwangju,Food,Coffee Bean 1kg,BeanRoot,1,32000,15000,0.15,3000,Mobile Pay,4,5,No,
ORD00973,2025-10-29,Pending,C0015,New,35-44,Gwangju,Electronics,Wireless Earbuds,Nova,3,49000,24000,0,0,Bank Transfer,,,No,
ORD00974,2025-11-07,Completed,C0112,Returning,25-34,Seoul,Pet,Dog Treats 1kg,Barkly,4,25000,11000,0,3000,Mobile Pay,3,5,No,
ORD00975,2025-09-12,Completed,C0050,New,18-24,Gyeonggi,Fashion,Crossbody Bag,Morrow,2,43000,18000,0.15,0,Virtual Account,3,,Yes,Wrong size
ORD00976,2025-01-13,Completed,C0089,New,25-34,Seoul,Fashion,Oversized Hoodie,Northline,4,45000,21000,0.15,3000,Virtual Account,4,5,No,
ORD00977,2025-07-10,Completed,C0667,New,55+,Busan,Food,Protein Bar Pack,FitBite,2,28000,12000,0,0,Mobile Pay,4,4,No,
ORD00978,2025-01-10,Completed,C0005,VIP,45-54,Busan,Pet,Pet Bed,ComfyPaws,4,47000,20000,0.1,0,Bank Transfer,2,5,No,
ORD00979,2025-11-14,Completed,C0475,VIP,25-34,Daejeon,Fashion,Canvas Sneakers,Walkon,3,59000,26000,0,3000,Card,2,4,No,
ORD00980,2025-05-21,Completed,C0734,Returning,35-44,Seoul,Home,Storage Box Set,NeatHome,1,29000,12000,0,3000,Card,5,4,No,
ORD00981,2025-01-12,Completed,C0720,New,18-24,Gangwon,Electronics,Smart Watch,Pulse,1,99000,47000,0.1,3000,Virtual Account,5,4,No,
ORD00982,2025-05-11,Completed,C0611,Returning,35-44,Daejeon,Food,Protein Bar Pack,FitBite,1,28000,12000,0,0,Bank Transfer,4,4,No,
ORD00983,2025-10-16,Completed,C0682,New,35-44,Busan,Pet,Pet Bed,ComfyPaws,1,47000,20000,0,0,Bank Transfer,4,4,No,
ORD00984,2025-02-17,Completed,C0140,Returning,18-24,Gangwon,Beauty,Lip Tint,Mellow,3,14000,5000,0,3000,Mobile Pay,5,4,No,
ORD00985,2025-11-12,Completed,C0068,Returning,55+,Busan,Electronics,Bluetooth Speaker,Soundly,4,65000,31000,0.25,3000,Bank Transfer,4,4,No,
ORD00986,2025-05-03,Completed,C0039,Returning,35-44,Jeju,Home,Desk Lamp,Lumen,3,39000,16000,0.05,3000,Bank Transfer,1,4,No,
ORD00987,2025-08-17,Completed,C0528,New,35-44,Jeju,Home,Storage Box Set,NeatHome,4,29000,12000,0,3000,Virtual Account,3,4,No,
ORD00988,2025-06-23,Completed,C0026,VIP,45-54,Busan,Pet,Pet Bed,ComfyPaws,2,47000,20000,0,3000,Virtual Account,4,4,No,
ORD00989,2025-06-18,Completed,C0592,New,25-34,Daejeon,Pet,Pet Bed,ComfyPaws,2,47000,20000,0,3000,Mobile Pay,3,5,No,
ORD00990,2025-09-25,Completed,C0255,VIP,18-24,Busan,Pet,Cat Toy Bundle,PawJoy,1,19000,8000,0.05,3000,Bank Transfer,3,4,No,
ORD00991,2025-11-05,Completed,C0188,New,35-44,Gyeonggi,Pet,Pet Bed,ComfyPaws,4,47000,20000,0,0,Bank Transfer,1,5,No,
ORD00992,2025-06-18,Completed,C0111,New,18-24,Jeju,Fashion,Canvas Sneakers,Walkon,1,59000,26000,0,3000,Virtual Account,4,5,No,
ORD00993,2025-06-08,Completed,C0400,New,45-54,Jeju,Beauty,Lip Tint,Mellow,1,14000,5000,0.25,3000,Virtual Account,4,5,No,
ORD00994,2025-03-20,Completed,C0368,Returning,25-34,Gwangju,Fashion,Crossbody Bag,Morrow,4,43000,18000,0.25,3000,Card,3,3,Yes,Late delivery
ORD00995,2025-07-30,Pending,C0561,Returning,35-44,Jeju,Electronics,Wireless Earbuds,Nova,3,49000,24000,0,0,Bank Transfer,,,No,
ORD00996,2025-04-26,Pending,C0433,New,18-24,Incheon,Food,Coffee Bean 1kg,BeanRoot,3,32000,15000,0,0,Card,,,No,
ORD00997,2025-12-11,Completed,C0320,Returning,35-44,Daegu,Fashion,Crossbody Bag,Morrow,1,43000,18000,0,3000,Bank Transfer,4,5,No,
ORD00998,2025-11-09,Completed,C0584,New,35-44,Seoul,Food,Protein Bar Pack,FitBite,3,28000,12000,0.15,3000,Card,5,5,No,
ORD00999,2025-11-07,Completed,C0693,New,25-34,Daejeon,Food,Protein Bar Pack,FitBite,2,28000,12000,0,3000,Bank Transfer,2,5,No,
ORD01000,2025-02-09,Completed,C0023,VIP,55+,Incheon,Pet,Pet Bed,ComfyPaws,3,47000,20000,0,3000,Mobile Pay,1,4,No,
ORD01001,2025-03-30,Completed,C0468,New,25-34,Jeju,Pet,Cat Toy Bundle,PawJoy,2,19000,8000,0.2,3000,Mobile Pay,8,3,No,
ORD01002,2025-12-19,Completed,C0559,New,25-34,Gwangju,Electronics,Wireless Earbuds,Nova,3,49000,24000,0,3000,Card,1,5,No,
ORD01003,2025-10-14,Cancelled,C0159,VIP,45-54,Daegu,Beauty,Sunscreen SPF50,Glow,2,18000,7000,0,0,Virtual Account,,,No,
ORD01004,2025-09-03,Completed,C0497,Returning,55+,Daejeon,Pet,Cat Toy Bundle,PawJoy,2,19000,8000,0.05,3000,Mobile Pay,4,5,No,
ORD01005,2025-11-24,Completed,C0663,Returning,18-24,Busan,Electronics,Wireless Earbuds,Nova,4,49000,24000,0,3000,Mobile Pay,5,4,No,
ORD01006,2025-10-05,Completed,C0565,New,45-54,Busan,Food,Protein Bar Pack,FitBite,4,28000,12000,0,3000,Mobile Pay,2,5,No,
ORD01007,2025-04-10,Completed,C0579,VIP,25-34,Daegu,Electronics,Bluetooth Speaker,Soundly,4,65000,31000,0.15,3000,Bank Transfer,5,5,No,
ORD01008,2025-03-23,Completed,C0115,VIP,18-24,Gyeonggi,Food,Gift Snack Box,HappyBox,2,33000,14000,0.2,3000,Virtual Account,3,5,No,
ORD01009,2025-09-23,Completed,C0019,Returning,18-24,Gangwon,Beauty,Hydrating Serum,PureLab,3,22000,9000,0,3000,Mobile Pay,2,4,No,
ORD01010,2025-02-27,Completed,C0848,Returning,45-54,Seoul,Beauty,Hydrating Serum,PureLab,4,22000,9000,0,3000,Bank Transfer,1,5,No,
ORD01011,2025-10-23,Completed,C0404,Returning,25-34,Gwangju,Pet,Dog Treats 1kg,Barkly,2,25000,11000,0.05,3000,Bank Transfer,2,5,No,
ORD01012,2025-11-03,Completed,C0377,Returning,18-24,Seoul,Food,Gift Snack Box,HappyBox,2,33000,14000,0.05,3000,Virtual Account,3,5,No,
ORD01013,2025-10-28,Completed,C0381,Returning,55+,Gangwon,Fashion,Oversized Hoodie,Northline,2,45000,21000,0,0,Mobile Pay,2,5,No,
ORD01014,2025-10-14,Completed,C0785,New,18-24,Busan,Pet,Pet Bed,ComfyPaws,4,47000,20000,0.05,3000,Virtual Account,4,4,No,
ORD01015,2025-06-21,Completed,C0320,Returning,25-34,Gyeonggi,Electronics,Bluetooth Speaker,Soundly,4,65000,31000,0.25,3000,Mobile Pay,3,5,No,
ORD01016,2025-01-21,Completed,C0440,Returning,45-54,Daejeon,Food,Coffee Bean 1kg,BeanRoot,4,32000,15000,0,3000,Mobile Pay,2,5,No,
ORD01017,2025-05-26,Completed,C0780,Returning,18-24,Daegu,Fashion,Crossbody Bag,Morrow,3,43000,18000,0,0,Mobile Pay,2,5,No,
ORD01018,2025-10-20,Completed,C0078,New,18-24,Daejeon,Home,Cotton Towel Set,SoftDay,3,24000,10000,0.2,3000,Card,4,5,No,
ORD01019,2025-05-29,Completed,C0087,New,18-24,Daegu,Food,Protein Bar Pack,FitBite,2,28000,12000,0,3000,Mobile Pay,5,5,No,
ORD01020,2025-12-13,Completed,C0175,Returning,18-24,Seoul,Beauty,Sunscreen SPF50,Glow,3,18000,7000,0,3000,Mobile Pay,3,4,No,
ORD01021,2025-02-24,Completed,C0615,VIP,35-44,Incheon,Fashion,Crossbody Bag,Morrow,2,43000,18000,0,0,Mobile Pay,5,5,No,
ORD01022,2025-09-03,Completed,C0723,VIP,55+,Seoul,Fashion,Oversized Hoodie,Northline,3,45000,21000,0,3000,Virtual Account,2,4,No,
ORD01023,2025-06-25,Pending,C0572,VIP,18-24,Gwangju,Beauty,Hydrating Serum,PureLab,2,22000,9000,0,0,Bank Transfer,,,No,
ORD01024,2025-07-29,Completed,C0302,New,25-34,Gyeonggi,Beauty,Sunscreen SPF50,Glow,1,18000,7000,0,0,Bank Transfer,1,5,No,
ORD01025,2025-06-29,Completed,C0596,New,55+,Jeju,Home,Cotton Towel Set,SoftDay,3,24000,10000,0,3000,Bank Transfer,8,4,No,
ORD01026,2025-08-27,Completed,C0488,Returning,45-54,Daegu,Pet,Cat Toy Bundle,PawJoy,2,19000,8000,0.1,3000,Mobile Pay,1,4,No,
ORD01027,2025-10-12,Completed,C0706,New,25-34,Gwangju,Pet,Cat Toy Bundle,PawJoy,4,19000,8000,0,3000,Bank Transfer,5,5,No,
ORD01028,2025-09-14,Completed,C0729,New,35-44,Daegu,Home,Desk Lamp,Lumen,3,39000,16000,0,3000,Bank Transfer,3,4,No,
ORD01029,2025-08-25,Completed,C0060,Returning,55+,Jeju,Pet,Pet Bed,ComfyPaws,1,47000,20000,0,0,Card,3,5,No,
ORD01030,2025-07-19,Completed,C0216,Returning,25-34,Gwangju,Pet,Pet Bed,ComfyPaws,3,47000,20000,0,3000,Mobile Pay,3,5,No,
ORD01031,2025-08-10,Completed,C0744,New,45-54,Daegu,Home,Storage Box Set,NeatHome,1,29000,12000,0,0,Card,1,4,No,
ORD01032,2025-02-16,Completed,C0294,Returning,25-34,Gangwon,Electronics,Wireless Earbuds,Nova,3,49000,24000,0,3000,Virtual Account,9,3,No,
ORD01033,2025-08-23,Completed,C0577,VIP,25-34,Daejeon,Electronics,Wireless Earbuds,Nova,4,49000,24000,0,0,Card,4,5,No,
ORD01034,2025-10-27,Completed,C0028,New,35-44,Seoul,Food,Coffee Bean 1kg,BeanRoot,4,32000,15000,0.25,3000,Bank Transfer,2,4,No,
ORD01035,2025-04-25,Completed,C0206,New,18-24,Busan,Pet,Cat Toy Bundle,PawJoy,1,19000,8000,0,3000,Mobile Pay,4,5,No,
ORD01036,2025-06-13,Completed,C0096,Returning,35-44,Gwangju,Pet,Cat Toy Bundle,PawJoy,3,19000,8000,0.25,3000,Card,3,5,No,
ORD01037,2025-02-04,Cancelled,C0370,Returning,55+,Daegu,Beauty,Sunscreen SPF50,Glow,3,18000,7000,0,0,Card,,,No,
ORD01038,2025-05-30,Completed,C0389,New,55+,Seoul,Fashion,Canvas Sneakers,Walkon,4,59000,26000,0.2,3000,Virtual Account,5,5,No,
ORD01039,2025-05-21,Completed,C0533,VIP,35-44,Incheon,Fashion,Oversized Hoodie,Northline,3,45000,21000,0,3000,Mobile Pay,5,3,Yes,Different from description
ORD01040,2025-01-28,Completed,C0545,Returning,18-24,Gwangju,Home,Cotton Towel Set,SoftDay,2,24000,10000,0,3000,Virtual Account,3,5,No,
ORD01041,2025-05-03,Completed,C0830,Returning,18-24,Daejeon,Beauty,Lip Tint,Mellow,4,14000,5000,0.2,0,Card,1,5,No,
ORD01042,2025-04-03,Completed,C0220,Returning,25-34,Gwangju,Home,Storage Box Set,NeatHome,3,29000,12000,0,3000,Card,4,4,No,
ORD01043,2025-09-22,Completed,C0755,Returning,25-34,Gwangju,Electronics,Smart Watch,Pulse,4,99000,47000,0.25,3000,Virtual Account,1,5,No,
ORD01044,2025-08-20,Completed,C0277,New,55+,Seoul,Home,Cotton Towel Set,SoftDay,1,24000,10000,0,3000,Virtual Account,5,5,No,
ORD01045,2025-12-02,Completed,C0411,New,25-34,Gyeonggi,Beauty,Lip Tint,Mellow,1,14000,5000,0.05,3000,Bank Transfer,3,4,No,
ORD01046,2025-09-26,Completed,C0345,New,25-34,Daegu,Beauty,Sunscreen SPF50,Glow,2,18000,7000,0,3000,Mobile Pay,5,4,No,
ORD01047,2025-07-28,Completed,C0001,New,18-24,Daegu,Beauty,Lip Tint,Mellow,4,14000,5000,0,3000,Mobile Pay,3,5,No,
ORD01048,2025-07-03,Completed,C0291,Returning,35-44,Seoul,Fashion,Crossbody Bag,Morrow,1,43000,18000,0.2,0,Virtual Account,2,4,No,
ORD01049,2025-02-26,Completed,C0061,New,35-44,Gangwon,Home,Storage Box Set,NeatHome,1,29000,12000,0,0,Bank Transfer,7,3,No,
ORD01050,2025-08-11,Completed,C0123,New,35-44,Gangwon,Home,Storage Box Set,NeatHome,2,29000,12000,0.15,3000,Virtual Account,6,,Yes,Late delivery
ORD01051,2025-03-31,Completed,C0017,Returning,55+,Daejeon,Home,Storage Box Set,NeatHome,3,29000,12000,0,0,Card,3,5,No,
ORD01052,2025-05-15,Completed,C0245,VIP,25-34,Seoul,Electronics,Wireless Earbuds,Nova,2,49000,24000,0,3000,Mobile Pay,1,5,No,
ORD01053,2025-06-27,Completed,C0585,Returning,35-44,Seoul,Food,Gift Snack Box,HappyBox,1,33000,14000,0,3000,Bank Transfer,3,5,No,
ORD01054,2025-05-21,Completed,C0025,VIP,35-44,Daegu,Fashion,Canvas Sneakers,Walkon,1,59000,26000,0.25,3000,Card,3,5,No,
ORD01055,2025-05-02,Completed,C0776,New,35-44,Gyeonggi,Beauty,Hydrating Serum,PureLab,3,22000,9000,0,3000,Virtual Account,2,4,No,
ORD01056,2025-05-25,Completed,C0817,Returning,35-44,Gwangju,Food,Gift Snack Box,HappyBox,3,33000,14000,0,3000,Mobile Pay,5,4,No,
ORD01057,2025-07-12,Cancelled,C0179,Returning,45-54,Gangwon,Pet,Dog Treats 1kg,Barkly,3,25000,11000,0.1,0,Card,,,No,
ORD01058,2025-07-28,Completed,C0102,Returning,55+,Daegu,Home,Cotton Towel Set,SoftDay,1,24000,10000,0,3000,Virtual Account,5,3,Yes,Wrong size
ORD01059,2025-09-08,Completed,C0681,New,45-54,Incheon,Food,Protein Bar Pack,FitBite,2,28000,12000,0,3000,Virtual Account,1,4,No,
ORD01060,2025-06-07,Completed,C0682,VIP,18-24,Gangwon,Pet,Pet Bed,ComfyPaws,3,47000,20000,0,0,Bank Transfer,5,5,No,
ORD01061,2025-01-12,Completed,C0309,VIP,55+,Jeju,Electronics,Wireless Earbuds,Nova,1,49000,24000,0,0,Virtual Account,7,3,No,
ORD01062,2025-07-15,Completed,C0720,New,55+,Incheon,Pet,Dog Treats 1kg,Barkly,4,25000,11000,0,0,Mobile Pay,1,5,No,
ORD01063,2025-08-21,Completed,C0065,New,35-44,Daejeon,Electronics,Wireless Earbuds,Nova,1,49000,24000,0.2,0,Card,5,4,No,
ORD01064,2025-07-08,Completed,C0125,New,18-24,Jeju,Food,Gift Snack Box,HappyBox,3,33000,14000,0,3000,Virtual Account,3,4,No,
ORD01065,2025-04-13,Pending,C0237,Returning,18-24,Gyeonggi,Fashion,Oversized Hoodie,Northline,1,45000,21000,0,0,Mobile Pay,,,No,
ORD01066,2025-01-07,Completed,C0180,Returning,55+,Daejeon,Food,Protein Bar Pack,FitBite,3,28000,12000,0,0,Card,2,4,No,
ORD01067,2025-02-15,Completed,C0424,New,35-44,Seoul,Pet,Cat Toy Bundle,PawJoy,3,19000,8000,0.2,3000,Mobile Pay,5,5,No,
ORD01068,2025-11-08,Completed,C0297,New,25-34,Gwangju,Electronics,Wireless Earbuds,Nova,2,49000,24000,0,3000,Bank Transfer,3,5,No,
ORD01069,2025-06-03,Completed,C0392,VIP,18-24,Daegu,Home,Cotton Towel Set,SoftDay,3,24000,10000,0,0,Bank Transfer,3,5,No,
ORD01070,2025-02-22,Completed,C0836,Returning,45-54,Gangwon,Fashion,Canvas Sneakers,Walkon,3,59000,26000,0,3000,Bank Transfer,3,5,No,
ORD01071,2025-08-21,Completed,C0400,Returning,45-54,Gangwon,Food,Coffee Bean 1kg,BeanRoot,4,32000,15000,0.25,3000,Bank Transfer,4,5,No,
ORD01072,2025-12-29,Completed,C0730,Returning,25-34,Seoul,Pet,Pet Bed,ComfyPaws,2,47000,20000,0.15,3000,Bank Transfer,5,4,No,
ORD01073,2025-06-27,Completed,C0245,Returning,18-24,Incheon,Food,Gift Snack Box,HappyBox,4,33000,14000,0,3000,Mobile Pay,3,5,No,
ORD01074,2025-01-08,Completed,C0724,New,45-54,Seoul,Beauty,Sunscreen SPF50,Glow,2,18000,7000,0,3000,Mobile Pay,4,4,No,
ORD01075,2025-04-29,Completed,C0404,New,18-24,Gyeonggi,Electronics,Bluetooth Speaker,Soundly,4,65000,31000,0,3000,Mobile Pay,5,4,No,
ORD01076,2025-02-27,Completed,C0671,VIP,45-54,Incheon,Pet,Cat Toy Bundle,PawJoy,2,19000,8000,0.1,0,Mobile Pay,5,4,No,
ORD01077,2025-04-24,Completed,C0543,Returning,18-24,Daegu,Home,Storage Box Set,NeatHome,2,29000,12000,0,3000,Bank Transfer,5,5,No,
ORD01078,2025-02-05,Completed,C0538,New,45-54,Gwangju,Beauty,Hydrating Serum,PureLab,2,22000,9000,0,0,Bank Transfer,3,4,No,
ORD01079,2025-05-18,Completed,C0263,VIP,25-34,Incheon,Fashion,Crossbody Bag,Morrow,1,43000,18000,0.1,3000,Mobile Pay,3,5,No,
ORD01080,2025-11-08,Completed,C0815,Returning,25-34,Incheon,Food,Coffee Bean 1kg,BeanRoot,4,32000,15000,0.15,0,Card,1,5,No,
ORD01081,2025-12-01,Completed,C0352,New,55+,Gwangju,Pet,Dog Treats 1kg,Barkly,4,25000,11000,0,0,Bank Transfer,4,4,No,
ORD01082,2025-12-22,Completed,C0738,VIP,35-44,Gangwon,Home,Desk Lamp,Lumen,4,39000,16000,0,3000,Virtual Account,1,5,No,
ORD01083,2025-03-31,Completed,C0222,Returning,25-34,Jeju,Fashion,Crossbody Bag,Morrow,1,43000,18000,0.05,0,Bank Transfer,2,4,No,
ORD01084,2025-01-03,Completed,C0108,Returning,45-54,Gyeonggi,Electronics,Wireless Earbuds,Nova,4,49000,24000,0,3000,Virtual Account,4,5,No,
ORD01085,2025-01-09,Completed,C0485,VIP,18-24,Gyeonggi,Food,Protein Bar Pack,FitBite,3,28000,12000,0,3000,Mobile Pay,5,4,No,
ORD01086,2025-03-20,Completed,C0396,Returning,25-34,Gangwon,Electronics,Smart Watch,Pulse,4,99000,47000,0,3000,Card,2,5,No,
ORD01087,2025-02-21,Completed,C0474,Returning,18-24,Incheon,Pet,Pet Bed,ComfyPaws,1,47000,20000,0,3000,Card,3,,No,
ORD01088,2025-07-25,Completed,C0668,New,55+,Gwangju,Electronics,Bluetooth Speaker,Soundly,4,65000,31000,0,3000,Virtual Account,3,4,No,
ORD01089,2025-01-22,Completed,C0843,VIP,18-24,Incheon,Home,Desk Lamp,Lumen,3,39000,16000,0,3000,Bank Transfer,4,5,No,
ORD01090,2025-01-18,Completed,C0488,VIP,45-54,Daegu,Electronics,Wireless Earbuds,Nova,2,49000,24000,0,3000,Virtual Account,1,5,No,
ORD01091,2025-12-27,Completed,C0524,VIP,35-44,Seoul,Home,Storage Box Set,NeatHome,2,29000,12000,0,3000,Card,3,4,No,
ORD01092,2025-12-15,Completed,C0482,New,25-34,Daejeon,Fashion,Canvas Sneakers,Walkon,4,59000,26000,0,3000,Card,5,4,Yes,Damaged item
ORD01093,2025-12-02,Completed,C0827,New,25-34,Jeju,Food,Coffee Bean 1kg,BeanRoot,3,32000,15000,0,3000,Mobile Pay,5,5,No,
ORD01094,2025-07-09,Completed,C0309,New,45-54,Busan,Food,Coffee Bean 1kg,BeanRoot,4,32000,15000,0,0,Virtual Account,3,4,No,
ORD01095,2025-02-23,Cancelled,C0495,Returning,25-34,Busan,Home,Desk Lamp,Lumen,4,39000,16000,0,0,Mobile Pay,,,No,
ORD01096,2025-07-18,Completed,C0313,New,55+,Busan,Electronics,Smart Watch,Pulse,4,99000,47000,0,0,Mobile Pay,2,5,No,
ORD01097,2025-12-06,Completed,C0250,New,25-34,Daejeon,Electronics,Wireless Earbuds,Nova,1,49000,24000,0.2,3000,Mobile Pay,2,5,No,
ORD01098,2025-03-26,Completed,C0660,VIP,55+,Jeju,Electronics,Wireless Earbuds,Nova,4,49000,24000,0.15,3000,Mobile Pay,3,4,No,
ORD01099,2025-01-14,Completed,C0513,Returning,35-44,Gyeonggi,Fashion,Canvas Sneakers,Walkon,1,59000,26000,0,3000,Card,3,4,No,
ORD01100,2025-10-10,Completed,C0387,Returning,45-54,Daejeon,Food,Coffee Bean 1kg,BeanRoot,2,32000,15000,0,3000,Bank Transfer,4,5,No,
ORD01101,2025-05-03,Completed,C0241,VIP,18-24,Seoul,Beauty,Sunscreen SPF50,Glow,4,18000,7000,0,3000,Virtual Account,1,4,Yes,Different from description
ORD01102,2025-10-18,Completed,C0280,New,18-24,Gyeonggi,Pet,Pet Bed,ComfyPaws,3,47000,20000,0,3000,Mobile Pay,2,5,No,
ORD01103,2025-09-21,Completed,C0796,VIP,35-44,Incheon,Beauty,Sunscreen SPF50,Glow,4,18000,7000,0,3000,Card,5,5,No,
ORD01104,2025-04-16,Completed,C0815,Returning,18-24,Gyeonggi,Electronics,Bluetooth Speaker,Soundly,4,65000,31000,0,3000,Mobile Pay,5,4,No,
ORD01105,2025-05-07,Completed,C0029,New,18-24,Daejeon,Home,Storage Box Set,NeatHome,2,29000,12000,0,3000,Mobile Pay,4,4,No,
ORD01106,2025-09-08,Completed,C0717,Returning,55+,Incheon,Home,Cotton Towel Set,SoftDay,3,24000,10000,0,3000,Bank Transfer,2,4,No,
ORD01107,2025-07-14,Completed,C0045,Returning,35-44,Jeju,Electronics,Bluetooth Speaker,Soundly,1,65000,31000,0.05,3000,Virtual Account,2,,No,
ORD01108,2025-01-23,Completed,C0158,Returning,35-44,Gangwon,Home,Cotton Towel Set,SoftDay,4,24000,10000,0,0,Card,2,5,No,
ORD01109,2025-06-09,Completed,C0258,Returning,55+,Daegu,Fashion,Oversized Hoodie,Northline,2,45000,21000,0,3000,Card,2,5,No,
ORD01110,2025-06-02,Completed,C0355,Returning,55+,Incheon,Home,Storage Box Set,NeatHome,1,29000,12000,0.1,3000,Card,4,5,No,
ORD01111,2025-06-03,Completed,C0728,Returning,25-34,Busan,Electronics,Wireless Earbuds,Nova,1,49000,24000,0,3000,Bank Transfer,3,5,No,
ORD01112,2025-08-26,Completed,C0134,New,55+,Daejeon,Home,Storage Box Set,NeatHome,1,29000,12000,0,0,Bank Transfer,3,,No,
ORD01113,2025-08-03,Completed,C0098,New,55+,Incheon,Fashion,Oversized Hoodie,Northline,3,45000,21000,0.2,0,Virtual Account,2,4,No,
ORD01114,2025-12-15,Completed,C0585,VIP,45-54,Gangwon,Food,Protein Bar Pack,FitBite,1,28000,12000,0.25,3000,Mobile Pay,5,5,No,
ORD01115,2025-09-12,Completed,C0024,New,45-54,Daejeon,Beauty,Hydrating Serum,PureLab,3,22000,9000,0,3000,Card,2,4,No,
ORD01116,2025-10-29,Completed,C0377,New,35-44,Daegu,Food,Gift Snack Box,HappyBox,2,33000,14000,0.2,3000,Virtual Account,4,5,No,
ORD01117,2025-07-13,Completed,C0428,New,45-54,Seoul,Food,Protein Bar Pack,FitBite,4,28000,12000,0.05,3000,Mobile Pay,5,5,No,
ORD01118,2025-09-02,Completed,C0136,VIP,25-34,Gwangju,Home,Cotton Towel Set,SoftDay,2,24000,10000,0.2,0,Virtual Account,3,5,No,
ORD01119,2025-01-15,Completed,C0255,New,25-34,Seoul,Electronics,Wireless Earbuds,Nova,4,49000,24000,0,0,Mobile Pay,2,5,No,
ORD01120,2025-09-23,Completed,C0165,New,55+,Daegu,Home,Cotton Towel Set,SoftDay,1,24000,10000,0,0,Card,2,5,No,
ORD01121,2025-11-22,Completed,C0278,New,35-44,Jeju,Food,Coffee Bean 1kg,BeanRoot,3,32000,15000,0,3000,Virtual Account,5,5,No,
ORD01122,2025-01-01,Completed,C0568,New,25-34,Daegu,Pet,Pet Bed,ComfyPaws,1,47000,20000,0,3000,Card,3,4,No,
ORD01123,2025-04-14,Completed,C0388,VIP,18-24,Daegu,Home,Cotton Towel Set,SoftDay,2,24000,10000,0,0,Virtual Account,5,5,No,
ORD01124,2025-02-19,Completed,C0102,Returning,55+,Busan,Pet,Dog Treats 1kg,Barkly,3,25000,11000,0.2,0,Bank Transfer,3,5,No,
ORD01125,2025-02-08,Completed,C0084,Returning,45-54,Seoul,Electronics,Wireless Earbuds,Nova,3,49000,24000,0,3000,Mobile Pay,3,4,No,
ORD01126,2025-02-27,Completed,C0752,New,25-34,Daegu,Electronics,Wireless Earbuds,Nova,4,49000,24000,0,3000,Card,1,5,No,
ORD01127,2025-06-11,Completed,C0003,New,55+,Busan,Food,Protein Bar Pack,FitBite,4,28000,12000,0,3000,Card,5,4,No,
ORD01128,2025-03-17,Completed,C0242,Returning,35-44,Daegu,Fashion,Canvas Sneakers,Walkon,4,59000,26000,0,3000,Virtual Account,4,4,No,
ORD01129,2025-06-09,Completed,C0099,Returning,35-44,Daejeon,Fashion,Canvas Sneakers,Walkon,1,59000,26000,0,3000,Card,5,5,No,
ORD01130,2025-11-21,Cancelled,C0169,New,35-44,Seoul,Electronics,Bluetooth Speaker,Soundly,1,65000,31000,0.1,0,Bank Transfer,,,No,
ORD01131,2025-07-30,Completed,C0304,VIP,25-34,Daejeon,Electronics,Smart Watch,Pulse,1,99000,47000,0,3000,Bank Transfer,5,4,No,
ORD01132,2025-01-14,Completed,C0233,Returning,55+,Jeju,Food,Coffee Bean 1kg,BeanRoot,2,32000,15000,0,0,Mobile Pay,4,4,No,
ORD01133,2025-12-18,Completed,C0813,New,25-34,Gyeonggi,Electronics,Bluetooth Speaker,Soundly,4,65000,31000,0,3000,Virtual Account,4,4,No,
ORD01134,2025-04-18,Completed,C0025,Returning,55+,Gangwon,Home,Desk Lamp,Lumen,1,39000,16000,0,3000,Virtual Account,6,4,No,
ORD01135,2025-12-01,Completed,C0675,New,25-34,Gangwon,Pet,Cat Toy Bundle,PawJoy,2,19000,8000,0,3000,Mobile Pay,6,4,No,
ORD01136,2025-04-06,Completed,C0820,Returning,18-24,Jeju,Pet,Dog Treats 1kg,Barkly,1,25000,11000,0,3000,Virtual Account,6,4,No,
ORD01137,2025-09-19,Pending,C0409,Returning,55+,Gwangju,Pet,Dog Treats 1kg,Barkly,3,25000,11000,0,0,Mobile Pay,,,No,
ORD01138,2025-11-09,Completed,C0361,Returning,25-34,Gyeonggi,Beauty,Lip Tint,Mellow,3,14000,5000,0.05,3000,Virtual Account,3,5,No,
ORD01139,2025-12-23,Completed,C0128,New,45-54,Busan,Fashion,Oversized Hoodie,Northline,3,45000,21000,0,3000,Card,2,5,No,
ORD01140,2025-11-28,Completed,C0605,Returning,55+,Jeju,Electronics,Wireless Earbuds,Nova,3,49000,24000,0,3000,Virtual Account,9,3,No,
ORD01141,2025-05-27,Completed,C0251,New,35-44,Daegu,Fashion,Canvas Sneakers,Walkon,2,59000,26000,0,3000,Virtual Account,3,5,No,
ORD01142,2025-03-11,Completed,C0844,Returning,35-44,Gwangju,Fashion,Crossbody Bag,Morrow,4,43000,18000,0.15,3000,Virtual Account,2,5,No,
ORD01143,2025-09-16,Completed,C0265,VIP,45-54,Incheon,Beauty,Sunscreen SPF50,Glow,4,18000,7000,0,3000,Card,5,5,No,
ORD01144,2025-01-16,Completed,C0014,Returning,55+,Daegu,Pet,Cat Toy Bundle,PawJoy,4,19000,8000,0,0,Virtual Account,1,5,No,
ORD01145,2025-02-14,Completed,C0495,New,55+,Seoul,Beauty,Sunscreen SPF50,Glow,4,18000,7000,0,3000,Bank Transfer,1,5,No,
ORD01146,2025-06-23,Completed,C0061,VIP,35-44,Gyeonggi,Home,Storage Box Set,NeatHome,2,29000,12000,0.1,0,Virtual Account,1,4,No,
ORD01147,2025-08-01,Completed,C0732,Returning,18-24,Daejeon,Pet,Cat Toy Bundle,PawJoy,1,19000,8000,0,3000,Virtual Account,5,4,No,
ORD01148,2025-02-11,Completed,C0060,Returning,18-24,Jeju,Beauty,Lip Tint,Mellow,2,14000,5000,0,3000,Bank Transfer,9,3,No,
ORD01149,2025-12-25,Completed,C0688,New,35-44,Busan,Beauty,Hydrating Serum,PureLab,4,22000,9000,0,3000,Mobile Pay,3,5,No,
ORD01150,2025-03-10,Cancelled,C0524,Returning,18-24,Incheon,Beauty,Hydrating Serum,PureLab,1,22000,9000,0,0,Bank Transfer,,,No,
ORD01151,2025-05-27,Completed,C0439,New,25-34,Jeju,Fashion,Oversized Hoodie,Northline,4,45000,21000,0.1,0,Bank Transfer,2,4,No,
ORD01152,2025-01-21,Completed,C0352,Returning,18-24,Jeju,Beauty,Lip Tint,Mellow,4,14000,5000,0.05,3000,Mobile Pay,9,3,No,
ORD01153,2025-03-01,Completed,C0729,Returning,25-34,Busan,Electronics,Wireless Earbuds,Nova,3,49000,24000,0.2,3000,Virtual Account,2,5,No,
ORD01154,2025-11-15,Completed,C0722,New,18-24,Jeju,Pet,Dog Treats 1kg,Barkly,4,25000,11000,0,3000,Virtual Account,5,4,No,
ORD01155,2025-02-06,Completed,C0719,New,18-24,Gangwon,Food,Protein Bar Pack,FitBite,4,28000,12000,0,3000,Card,1,5,No,
ORD01156,2025-12-11,Cancelled,C0607,Returning,35-44,Seoul,Electronics,Wireless Earbuds,Nova,1,49000,24000,0,0,Bank Transfer,,,No,
ORD01157,2025-03-03,Cancelled,C0051,Returning,35-44,Busan,Fashion,Crossbody Bag,Morrow,3,43000,18000,0,0,Bank Transfer,,,No,
ORD01158,2025-02-27,Completed,C0745,New,45-54,Gwangju,Fashion,Canvas Sneakers,Walkon,3,59000,26000,0.2,0,Card,3,4,No,
ORD01159,2025-05-23,Completed,C0535,New,55+,Daejeon,Beauty,Sunscreen SPF50,Glow,1,18000,7000,0,3000,Mobile Pay,3,4,No,
ORD01160,2025-06-29,Completed,C0189,Returning,25-34,Jeju,Food,Protein Bar Pack,FitBite,4,28000,12000,0,3000,Bank Transfer,1,5,No,
ORD01161,2025-12-04,Completed,C0018,New,45-54,Seoul,Electronics,Wireless Earbuds,Nova,2,49000,24000,0.1,3000,Bank Transfer,3,5,No,
ORD01162,2025-01-10,Completed,C0090,Returning,45-54,Gangwon,Electronics,Wireless Earbuds,Nova,3,49000,24000,0,3000,Mobile Pay,7,4,No,
ORD01163,2025-06-12,Pending,C0768,Returning,35-44,Gyeonggi,Pet,Dog Treats 1kg,Barkly,4,25000,11000,0,0,Mobile Pay,,,No,
ORD01164,2025-05-17,Completed,C0659,Returning,45-54,Gangwon,Food,Protein Bar Pack,FitBite,1,28000,12000,0.25,3000,Mobile Pay,9,3,No,
ORD01165,2025-10-30,Completed,C0806,VIP,18-24,Gwangju,Beauty,Lip Tint,Mellow,1,14000,5000,0.15,3000,Card,3,5,No,
ORD01166,2025-03-08,Completed,C0345,Returning,55+,Busan,Fashion,Canvas Sneakers,Walkon,3,59000,26000,0,3000,Virtual Account,1,5,No,
ORD01167,2025-04-03,Completed,C0264,Returning,45-54,Daegu,Home,Desk Lamp,Lumen,3,39000,16000,0,3000,Bank Transfer,1,4,No,
ORD01168,2025-02-10,Completed,C0573,Returning,18-24,Gyeonggi,Food,Protein Bar Pack,FitBite,3,28000,12000,0,3000,Card,4,4,No,
ORD01169,2025-03-08,Completed,C0009,New,25-34,Gyeonggi,Beauty,Hydrating Serum,PureLab,3,22000,9000,0,3000,Mobile Pay,4,5,No,
ORD01170,2025-08-02,Completed,C0774,Returning,25-34,Gwangju,Food,Protein Bar Pack,FitBite,1,28000,12000,0,0,Mobile Pay,1,4,No,
ORD01171,2025-07-30,Completed,C0087,Returning,35-44,Gwangju,Pet,Dog Treats 1kg,Barkly,4,25000,11000,0,3000,Card,1,5,No,
ORD01172,2025-11-25,Completed,C0654,New,25-34,Gangwon,Pet,Dog Treats 1kg,Barkly,2,25000,11000,0,0,Mobile Pay,8,4,No,
ORD01173,2025-08-14,Completed,C0351,Returning,55+,Gangwon,Pet,Dog Treats 1kg,Barkly,4,25000,11000,0.05,0,Bank Transfer,5,5,No,
ORD01174,2025-04-10,Completed,C0647,VIP,35-44,Daejeon,Fashion,Oversized Hoodie,Northline,3,45000,21000,0.25,3000,Virtual Account,5,5,No,
ORD01175,2025-02-04,Completed,C0642,Returning,55+,Incheon,Fashion,Canvas Sneakers,Walkon,4,59000,26000,0,3000,Virtual Account,4,4,No,
ORD01176,2025-12-22,Completed,C0004,New,25-34,Incheon,Electronics,Wireless Earbuds,Nova,3,49000,24000,0.1,3000,Bank Transfer,3,5,No,
ORD01177,2025-03-07,Completed,C0170,Returning,25-34,Daejeon,Food,Coffee Bean 1kg,BeanRoot,1,32000,15000,0,3000,Card,5,5,No,
ORD01178,2025-02-15,Completed,C0421,VIP,45-54,Gangwon,Food,Gift Snack Box,HappyBox,1,33000,14000,0,0,Card,8,4,No,
ORD01179,2025-02-16,Completed,C0265,New,45-54,Daegu,Pet,Dog Treats 1kg,Barkly,2,25000,11000,0,3000,Card,2,4,No,
ORD01180,2025-04-12,Pending,C0114,New,35-44,Gangwon,Food,Coffee Bean 1kg,BeanRoot,1,32000,15000,0.1,0,Card,,,No,
ORD01181,2025-11-14,Completed,C0223,New,45-54,Daejeon,Electronics,Bluetooth Speaker,Soundly,2,65000,31000,0,0,Mobile Pay,3,4,No,
ORD01182,2025-06-15,Completed,C0223,Returning,55+,Jeju,Food,Coffee Bean 1kg,BeanRoot,1,32000,15000,0,3000,Virtual Account,4,5,No,
ORD01183,2025-08-30,Completed,C0845,New,35-44,Seoul,Pet,Pet Bed,ComfyPaws,4,47000,20000,0,0,Mobile Pay,1,5,No,
ORD01184,2025-10-25,Completed,C0512,VIP,35-44,Daegu,Electronics,Smart Watch,Pulse,3,99000,47000,0.15,3000,Bank Transfer,2,4,No,
ORD01185,2025-04-21,Completed,C0209,Returning,25-34,Seoul,Home,Storage Box Set,NeatHome,2,29000,12000,0.1,3000,Mobile Pay,4,5,No,
ORD01186,2025-01-11,Completed,C0050,Returning,25-34,Gangwon,Pet,Cat Toy Bundle,PawJoy,1,19000,8000,0.25,3000,Bank Transfer,7,3,No,
ORD01187,2025-12-13,Completed,C0260,New,25-34,Jeju,Home,Cotton Towel Set,SoftDay,3,24000,10000,0,3000,Virtual Account,9,4,No,
ORD01188,2025-01-20,Completed,C0578,Returning,35-44,Gyeonggi,Fashion,Canvas Sneakers,Walkon,2,59000,26000,0,0,Bank Transfer,1,4,No,
ORD01189,2025-03-05,Completed,C0634,Returning,45-54,Jeju,Fashion,Crossbody Bag,Morrow,1,43000,18000,0,3000,Card,6,3,No,
ORD01190,2025-09-16,Completed,C0172,Returning,45-54,Seoul,Food,Coffee Bean 1kg,BeanRoot,3,32000,15000,0,0,Virtual Account,5,5,No,
ORD01191,2025-01-23,Completed,C0839,New,35-44,Incheon,Beauty,Lip Tint,Mellow,1,14000,5000,0,3000,Card,3,4,No,
ORD01192,2025-03-01,Completed,C0527,Returning,45-54,Daegu,Electronics,Bluetooth Speaker,Soundly,4,65000,31000,0,0,Virtual Account,1,4,No,
ORD01193,2025-03-23,Completed,C0592,VIP,18-24,Gwangju,Pet,Cat Toy Bundle,PawJoy,1,19000,8000,0,3000,Mobile Pay,5,4,No,
ORD01194,2025-03-03,Completed,C0795,New,55+,Gangwon,Fashion,Canvas Sneakers,Walkon,1,59000,26000,0.25,3000,Mobile Pay,8,3,No,
ORD01195,2025-05-14,Completed,C0541,New,35-44,Gyeonggi,Electronics,Smart Watch,Pulse,1,99000,47000,0,3000,Bank Transfer,5,5,No,
ORD01196,2025-11-04,Completed,C0688,VIP,45-54,Jeju,Electronics,Wireless Earbuds,Nova,1,49000,24000,0,0,Card,9,4,No,
ORD01197,2025-05-31,Cancelled,C0080,Returning,45-54,Daegu,Food,Coffee Bean 1kg,BeanRoot,4,32000,15000,0,0,Virtual Account,,,No,
ORD01198,2025-08-15,Completed,C0425,New,55+,Gangwon,Pet,Cat Toy Bundle,PawJoy,4,19000,8000,0.05,0,Virtual Account,5,5,No,
ORD01199,2025-07-08,Completed,C0559,Returning,35-44,Daegu,Food,Gift Snack Box,HappyBox,1,33000,14000,0,3000,Card,1,5,No,
ORD01200,2025-06-27,Completed,C0234,New,18-24,Jeju,Beauty,Lip Tint,Mellow,3,14000,5000,0,0,Mobile Pay,2,4,No,
ORD01201,2025-10-16,Completed,C0764,Returning,18-24,Gyeonggi,Fashion,Crossbody Bag,Morrow,3,43000,18000,0,3000,Bank Transfer,3,3,Yes,Damaged item
ORD01202,2025-03-31,Completed,C0670,VIP,25-34,Incheon,Food,Protein Bar Pack,FitBite,3,28000,12000,0,3000,Bank Transfer,5,5,No,
ORD01203,2025-09-20,Completed,C0022,VIP,35-44,Seoul,Fashion,Crossbody Bag,Morrow,1,43000,18000,0,3000,Mobile Pay,2,5,No,
ORD01204,2025-08-30,Completed,C0471,New,25-34,Gyeonggi,Pet,Dog Treats 1kg,Barkly,1,25000,11000,0,3000,Virtual Account,4,5,No,
ORD01205,2025-02-22,Completed,C0041,VIP,55+,Busan,Food,Protein Bar Pack,FitBite,2,28000,12000,0,3000,Mobile Pay,4,4,No,
ORD01206,2025-12-14,Completed,C0539,Returning,25-34,Gyeonggi,Food,Protein Bar Pack,FitBite,3,28000,12000,0,3000,Mobile Pay,3,5,No,
ORD01207,2025-11-06,Completed,C0386,Returning,25-34,Seoul,Food,Protein Bar Pack,FitBite,4,28000,12000,0.25,3000,Bank Transfer,2,5,No,
ORD01208,2025-05-11,Completed,C0037,Returning,35-44,Gangwon,Electronics,Bluetooth Speaker,Soundly,2,65000,31000,0,0,Virtual Account,8,3,No,
ORD01209,2025-03-10,Completed,C0366,Returning,25-34,Daejeon,Pet,Dog Treats 1kg,Barkly,1,25000,11000,0,3000,Bank Transfer,3,5,No,
ORD01210,2025-11-12,Completed,C0721,New,55+,Jeju,Pet,Pet Bed,ComfyPaws,1,47000,20000,0,3000,Card,7,2,Yes,Different from description
ORD01211,2025-03-27,Completed,C0822,New,18-24,Gangwon,Electronics,Bluetooth Speaker,Soundly,1,65000,31000,0,3000,Card,9,4,No,
ORD01212,2025-03-04,Completed,C0132,New,35-44,Gyeonggi,Beauty,Hydrating Serum,PureLab,1,22000,9000,0,3000,Card,2,4,No,
ORD01213,2025-06-28,Completed,C0413,Returning,25-34,Gwangju,Home,Desk Lamp,Lumen,1,39000,16000,0,3000,Bank Transfer,5,4,No,
ORD01214,2025-01-06,Cancelled,C0042,Returning,45-54,Gwangju,Electronics,Bluetooth Speaker,Soundly,3,65000,31000,0.25,0,Virtual Account,,,No,
ORD01215,2025-08-02,Completed,C0349,VIP,25-34,Busan,Food,Coffee Bean 1kg,BeanRoot,1,32000,15000,0,3000,Virtual Account,3,4,No,
ORD01216,2025-07-02,Completed,C0485,New,18-24,Daejeon,Food,Protein Bar Pack,FitBite,2,28000,12000,0,3000,Bank Transfer,2,5,No,
ORD01217,2025-09-14,Completed,C0158,Returning,25-34,Busan,Fashion,Crossbody Bag,Morrow,2,43000,18000,0.25,0,Virtual Account,3,4,Yes,Damaged item
ORD01218,2025-10-10,Completed,C0111,Returning,35-44,Seoul,Electronics,Wireless Earbuds,Nova,1,49000,24000,0,3000,Virtual Account,5,4,No,
ORD01219,2025-05-30,Completed,C0726,Returning,25-34,Gwangju,Pet,Cat Toy Bundle,PawJoy,4,19000,8000,0,3000,Mobile Pay,2,4,No,
ORD01220,2025-01-29,Completed,C0250,Returning,35-44,Gyeonggi,Electronics,Wireless Earbuds,Nova,2,49000,24000,0,0,Card,4,4,No,
ORD01221,2025-03-18,Completed,C0811,New,35-44,Busan,Food,Coffee Bean 1kg,BeanRoot,2,32000,15000,0,0,Bank Transfer,5,5,No,
ORD01222,2025-08-29,Completed,C0110,New,25-34,Gangwon,Electronics,Bluetooth Speaker,Soundly,2,65000,31000,0,3000,Virtual Account,4,5,No,
ORD01223,2025-10-06,Completed,C0084,Returning,55+,Gwangju,Pet,Pet Bed,ComfyPaws,2,47000,20000,0,3000,Mobile Pay,1,5,No,
ORD01224,2025-08-26,Completed,C0507,New,45-54,Daegu,Electronics,Bluetooth Speaker,Soundly,4,65000,31000,0,3000,Virtual Account,5,5,No,
ORD01225,2025-04-07,Cancelled,C0629,Returning,45-54,Jeju,Fashion,Crossbody Bag,Morrow,4,43000,18000,0,0,Bank Transfer,,,No,
ORD01226,2025-06-07,Completed,C0427,New,18-24,Daejeon,Food,Coffee Bean 1kg,BeanRoot,2,32000,15000,0,3000,Card,1,4,No,
ORD01227,2025-09-20,Completed,C0739,VIP,18-24,Jeju,Pet,Pet Bed,ComfyPaws,3,47000,20000,0.1,3000,Mobile Pay,2,4,No,
ORD01228,2025-04-23,Completed,C0168,VIP,35-44,Incheon,Food,Protein Bar Pack,FitBite,3,28000,12000,0.25,3000,Bank Transfer,1,5,No,
ORD01229,2025-09-14,Completed,C0567,Returning,55+,Gyeonggi,Electronics,Smart Watch,Pulse,4,99000,47000,0.05,3000,Bank Transfer,5,4,No,
ORD01230,2025-02-26,Completed,C0378,Returning,45-54,Daegu,Home,Cotton Towel Set,SoftDay,1,24000,10000,0,3000,Mobile Pay,2,5,No,
ORD01231,2025-03-15,Completed,C0245,Returning,25-34,Daegu,Electronics,Smart Watch,Pulse,1,99000,47000,0,3000,Mobile Pay,4,4,No,
ORD01232,2025-02-20,Completed,C0658,Returning,18-24,Daegu,Beauty,Hydrating Serum,PureLab,2,22000,9000,0,3000,Mobile Pay,3,4,No,
ORD01233,2025-07-09,Completed,C0728,Returning,45-54,Daegu,Home,Cotton Towel Set,SoftDay,2,24000,10000,0.1,0,Mobile Pay,2,5,No,
ORD01234,2025-05-05,Completed,C0211,Returning,55+,Daegu,Electronics,Wireless Earbuds,Nova,2,49000,24000,0.05,3000,Virtual Account,2,5,No,
ORD01235,2025-07-21,Completed,C0309,New,45-54,Seoul,Home,Storage Box Set,NeatHome,1,29000,12000,0.2,3000,Mobile Pay,3,4,No,
ORD01236,2025-02-10,Completed,C0729,Returning,55+,Busan,Pet,Pet Bed,ComfyPaws,1,47000,20000,0,0,Virtual Account,1,5,No,
ORD01237,2025-04-10,Completed,C0084,Returning,45-54,Incheon,Beauty,Lip Tint,Mellow,3,14000,5000,0,0,Card,2,4,No,
ORD01238,2025-11-05,Completed,C0515,New,35-44,Gangwon,Food,Protein Bar Pack,FitBite,3,28000,12000,0.2,3000,Virtual Account,6,4,No,
ORD01239,2025-11-15,Completed,C0636,VIP,55+,Seoul,Fashion,Crossbody Bag,Morrow,1,43000,18000,0.2,0,Card,1,5,No,
ORD01240,2025-02-02,Cancelled,C0719,Returning,18-24,Daegu,Pet,Dog Treats 1kg,Barkly,4,25000,11000,0.25,0,Card,,,No,
ORD01241,2025-02-17,Cancelled,C0806,VIP,35-44,Daegu,Beauty,Hydrating Serum,PureLab,2,22000,9000,0,0,Mobile Pay,,,No,
ORD01242,2025-06-02,Completed,C0170,Returning,25-34,Daejeon,Electronics,Wireless Earbuds,Nova,3,49000,24000,0,3000,Card,1,4,No,
ORD01243,2025-08-24,Completed,C0589,Returning,18-24,Gangwon,Electronics,Smart Watch,Pulse,3,99000,47000,0,3000,Mobile Pay,2,5,No,
ORD01244,2025-04-16,Completed,C0655,New,35-44,Incheon,Food,Coffee Bean 1kg,BeanRoot,2,32000,15000,0,0,Card,4,5,No,
ORD01245,2025-02-21,Cancelled,C0651,VIP,18-24,Seoul,Fashion,Oversized Hoodie,Northline,4,45000,21000,0,0,Card,,,No,
ORD01246,2025-08-20,Completed,C0841,Returning,18-24,Gwangju,Pet,Pet Bed,ComfyPaws,1,47000,20000,0.2,3000,Bank Transfer,5,5,No,
ORD01247,2025-06-08,Completed,C0345,Returning,45-54,Jeju,Beauty,Sunscreen SPF50,Glow,4,18000,7000,0,3000,Mobile Pay,7,2,Yes,Damaged item
ORD01248,2025-03-14,Completed,C0471,VIP,55+,Daegu,Food,Protein Bar Pack,FitBite,1,28000,12000,0,0,Mobile Pay,2,5,No,
ORD01249,2025-04-29,Pending,C0703,New,35-44,Gangwon,Beauty,Hydrating Serum,PureLab,4,22000,9000,0,0,Bank Transfer,,,No,
ORD01250,2025-07-04,Completed,C0711,VIP,35-44,Daejeon,Fashion,Canvas Sneakers,Walkon,4,59000,26000,0.1,0,Mobile Pay,2,5,No,
ORD01251,2025-04-29,Completed,C0351,VIP,25-34,Jeju,Home,Desk Lamp,Lumen,4,39000,16000,0.2,3000,Mobile Pay,9,3,No,
ORD01252,2025-05-15,Completed,C0291,Returning,18-24,Daegu,Pet,Cat Toy Bundle,PawJoy,3,19000,8000,0.05,0,Card,5,4,No,
ORD01253,2025-02-28,Completed,C0228,Returning,55+,Jeju,Pet,Cat Toy Bundle,PawJoy,2,19000,8000,0.05,3000,Card,5,4,No,
ORD01254,2025-03-21,Cancelled,C0490,New,25-34,Daegu,Electronics,Wireless Earbuds,Nova,4,49000,24000,0,0,Card,,,No,
ORD01255,2025-05-02,Completed,C0062,VIP,45-54,Gwangju,Home,Desk Lamp,Lumen,2,39000,16000,0,0,Card,1,5,No,
ORD01256,2025-11-08,Completed,C0600,New,25-34,Daejeon,Electronics,Smart Watch,Pulse,3,99000,47000,0,3000,Virtual Account,1,4,No,
ORD01257,2025-09-10,Completed,C0197,New,25-34,Jeju,Home,Desk Lamp,Lumen,4,39000,16000,0,0,Card,2,5,No,
ORD01258,2025-11-04,Completed,C0288,Returning,55+,Gwangju,Fashion,Canvas Sneakers,Walkon,4,59000,26000,0.2,3000,Bank Transfer,4,4,No,
ORD01259,2025-07-31,Completed,C0827,Returning,25-34,Seoul,Beauty,Sunscreen SPF50,Glow,1,18000,7000,0,3000,Virtual Account,4,5,No,
ORD01260,2025-10-02,Completed,C0079,Returning,45-54,Jeju,Pet,Dog Treats 1kg,Barkly,4,25000,11000,0.1,0,Bank Transfer,9,4,No,
ORD01261,2025-03-12,Completed,C0323,New,35-44,Incheon,Electronics,Wireless Earbuds,Nova,1,49000,24000,0.05,3000,Card,2,5,No,
ORD01262,2025-04-05,Completed,C0827,Returning,25-34,Gyeonggi,Fashion,Crossbody Bag,Morrow,4,43000,18000,0.05,3000,Virtual Account,5,4,No,
ORD01263,2025-02-04,Completed,C0408,Returning,45-54,Busan,Fashion,Oversized Hoodie,Northline,1,45000,21000,0.1,0,Virtual Account,4,5,No,
ORD01264,2025-05-28,Completed,C0805,VIP,55+,Seoul,Electronics,Bluetooth Speaker,Soundly,2,65000,31000,0,3000,Bank Transfer,5,4,No,
ORD01265,2025-05-01,Completed,C0531,VIP,25-34,Gangwon,Fashion,Crossbody Bag,Morrow,4,43000,18000,0,3000,Bank Transfer,2,5,No,
ORD01266,2025-06-08,Completed,C0648,Returning,25-34,Gyeonggi,Fashion,Oversized Hoodie,Northline,4,45000,21000,0.2,3000,Card,3,4,No,
ORD01267,2025-04-19,Completed,C0190,Returning,55+,Gangwon,Electronics,Bluetooth Speaker,Soundly,3,65000,31000,0,3000,Mobile Pay,2,4,Yes,Damaged item
ORD01268,2025-07-13,Completed,C0711,New,25-34,Daejeon,Electronics,Bluetooth Speaker,Soundly,4,65000,31000,0,3000,Card,2,4,No,
ORD01269,2025-09-22,Completed,C0304,Returning,18-24,Gangwon,Beauty,Hydrating Serum,PureLab,3,22000,9000,0.2,3000,Virtual Account,5,4,No,
ORD01270,2025-12-10,Completed,C0029,Returning,45-54,Daejeon,Electronics,Smart Watch,Pulse,3,99000,47000,0.25,3000,Mobile Pay,1,3,Yes,Changed mind
ORD01271,2025-11-20,Completed,C0724,Returning,45-54,Busan,Fashion,Crossbody Bag,Morrow,1,43000,18000,0,3000,Card,4,5,No,
ORD01272,2025-09-04,Completed,C0797,Returning,25-34,Gyeonggi,Electronics,Wireless Earbuds,Nova,1,49000,24000,0,3000,Card,2,5,No,
ORD01273,2025-05-04,Completed,C0626,VIP,35-44,Gyeonggi,Electronics,Smart Watch,Pulse,2,99000,47000,0.2,0,Mobile Pay,1,4,No,
ORD01274,2025-12-26,Cancelled,C0258,New,55+,Busan,Home,Storage Box Set,NeatHome,4,29000,12000,0,0,Virtual Account,,,No,
ORD01275,2025-01-06,Completed,C0228,New,35-44,Jeju,Electronics,Smart Watch,Pulse,4,99000,47000,0.2,3000,Mobile Pay,1,4,No,
ORD01276,2025-09-26,Completed,C0452,VIP,45-54,Gyeonggi,Electronics,Wireless Earbuds,Nova,2,49000,24000,0.25,3000,Card,3,4,No,
ORD01277,2025-12-10,Completed,C0746,Returning,25-34,Jeju,Food,Coffee Bean 1kg,BeanRoot,1,32000,15000,0,0,Virtual Account,9,4,No,
ORD01278,2025-09-25,Cancelled,C0516,Returning,18-24,Daejeon,Beauty,Hydrating Serum,PureLab,1,22000,9000,0,0,Virtual Account,,,No,
ORD01279,2025-12-09,Completed,C0779,Returning,55+,Jeju,Electronics,Smart Watch,Pulse,1,99000,47000,0,3000,Bank Transfer,4,5,No,
ORD01280,2025-10-07,Completed,C0708,Returning,45-54,Gyeonggi,Home,Storage Box Set,NeatHome,2,29000,12000,0,3000,Card,1,3,Yes,Late delivery
ORD01281,2025-06-15,Completed,C0189,New,55+,Seoul,Electronics,Smart Watch,Pulse,1,99000,47000,0,3000,Mobile Pay,3,5,No,
ORD01282,2025-12-02,Completed,C0647,VIP,35-44,Busan,Pet,Pet Bed,ComfyPaws,3,47000,20000,0,3000,Mobile Pay,4,5,No,
ORD01283,2025-08-20,Completed,C0327,New,45-54,Seoul,Food,Protein Bar Pack,FitBite,1,28000,12000,0,0,Virtual Account,2,5,No,
ORD01284,2025-11-02,Completed,C0074,Returning,45-54,Jeju,Home,Desk Lamp,Lumen,1,39000,16000,0,3000,Virtual Account,9,3,No,
ORD01285,2025-04-22,Completed,C0248,New,55+,Gangwon,Beauty,Sunscreen SPF50,Glow,2,18000,7000,0.1,3000,Bank Transfer,6,4,No,
ORD01286,2025-11-11,Completed,C0815,New,25-34,Gangwon,Electronics,Bluetooth Speaker,Soundly,4,65000,31000,0,0,Virtual Account,5,3,Yes,Changed mind
ORD01287,2025-10-13,Completed,C0310,New,18-24,Gangwon,Electronics,Bluetooth Speaker,Soundly,2,65000,31000,0,3000,Bank Transfer,4,4,No,
ORD01288,2025-06-08,Completed,C0114,New,35-44,Busan,Pet,Pet Bed,ComfyPaws,2,47000,20000,0,3000,Bank Transfer,5,5,No,
ORD01289,2025-10-18,Completed,C0712,New,18-24,Gyeonggi,Beauty,Sunscreen SPF50,Glow,3,18000,7000,0.2,3000,Card,3,5,No,
ORD01290,2025-03-02,Completed,C0402,Returning,55+,Jeju,Beauty,Lip Tint,Mellow,2,14000,5000,0,3000,Card,7,2,Yes,Different from description
ORD01291,2025-04-30,Completed,C0768,New,45-54,Seoul,Fashion,Oversized Hoodie,Northline,4,45000,21000,0.15,3000,Card,3,5,No,
ORD01292,2025-09-04,Completed,C0234,New,18-24,Incheon,Fashion,Canvas Sneakers,Walkon,1,59000,26000,0.25,0,Mobile Pay,3,5,No,
ORD01293,2025-12-04,Completed,C0381,Returning,18-24,Daejeon,Fashion,Oversized Hoodie,Northline,2,45000,21000,0,3000,Mobile Pay,4,4,No,
ORD01294,2025-10-26,Completed,C0300,New,45-54,Busan,Pet,Dog Treats 1kg,Barkly,3,25000,11000,0.1,0,Card,3,4,No,
ORD01295,2025-07-28,Completed,C0709,New,45-54,Seoul,Beauty,Sunscreen SPF50,Glow,2,18000,7000,0.05,3000,Virtual Account,1,5,No,
ORD01296,2025-01-04,Completed,C0152,Returning,35-44,Jeju,Beauty,Lip Tint,Mellow,3,14000,5000,0,3000,Virtual Account,2,5,No,
ORD01297,2025-12-10,Completed,C0558,New,35-44,Gwangju,Beauty,Hydrating Serum,PureLab,1,22000,9000,0.25,3000,Virtual Account,1,5,No,
ORD01298,2025-05-14,Completed,C0238,New,35-44,Busan,Home,Cotton Towel Set,SoftDay,3,24000,10000,0,3000,Card,4,4,No,
ORD01299,2025-08-18,Completed,C0731,VIP,35-44,Incheon,Pet,Cat Toy Bundle,PawJoy,4,19000,8000,0.25,3000,Virtual Account,4,5,No,
ORD01300,2025-03-05,Pending,C0639,VIP,45-54,Busan,Electronics,Bluetooth Speaker,Soundly,4,65000,31000,0,0,Card,,,No,
ORD01301,2025-11-05,Completed,C0322,VIP,45-54,Gangwon,Beauty,Lip Tint,Mellow,3,14000,5000,0,3000,Virtual Account,6,4,No,
ORD01302,2025-10-10,Completed,C0457,Returning,45-54,Busan,Pet,Cat Toy Bundle,PawJoy,3,19000,8000,0,0,Virtual Account,1,4,No,
ORD01303,2025-11-13,Completed,C0574,VIP,25-34,Gwangju,Electronics,Bluetooth Speaker,Soundly,3,65000,31000,0,0,Virtual Account,4,4,No,
ORD01304,2025-08-28,Completed,C0312,VIP,18-24,Gangwon,Beauty,Sunscreen SPF50,Glow,4,18000,7000,0,3000,Card,7,4,No,
ORD01305,2025-03-05,Completed,C0695,New,55+,Gyeonggi,Electronics,Bluetooth Speaker,Soundly,3,65000,31000,0,0,Mobile Pay,5,4,No,
ORD01306,2025-05-19,Completed,C0466,Returning,45-54,Daegu,Food,Gift Snack Box,HappyBox,3,33000,14000,0.1,3000,Card,2,5,No,
ORD01307,2025-03-10,Completed,C0817,Returning,55+,Busan,Beauty,Hydrating Serum,PureLab,4,22000,9000,0,0,Virtual Account,5,,No,
ORD01308,2025-09-25,Completed,C0322,VIP,25-34,Jeju,Pet,Pet Bed,ComfyPaws,3,47000,20000,0,3000,Virtual Account,1,4,No,
ORD01309,2025-11-08,Completed,C0787,Returning,35-44,Jeju,Home,Storage Box Set,NeatHome,4,29000,12000,0,0,Card,9,3,Yes,Damaged item
ORD01310,2025-12-20,Completed,C0601,New,18-24,Busan,Electronics,Smart Watch,Pulse,2,99000,47000,0,3000,Bank Transfer,5,5,No,
ORD01311,2025-06-13,Completed,C0393,New,18-24,Gangwon,Home,Storage Box Set,NeatHome,3,29000,12000,0.1,3000,Card,7,3,No,
ORD01312,2025-12-18,Completed,C0548,Returning,35-44,Seoul,Electronics,Bluetooth Speaker,Soundly,1,65000,31000,0,0,Mobile Pay,3,,No,
ORD01313,2025-04-18,Completed,C0704,VIP,55+,Busan,Pet,Cat Toy Bundle,PawJoy,3,19000,8000,0,3000,Virtual Account,2,3,Yes,Changed mind
ORD01314,2025-08-26,Completed,C0563,Returning,18-24,Gangwon,Home,Cotton Towel Set,SoftDay,3,24000,10000,0.1,3000,Bank Transfer,2,5,No,
ORD01315,2025-08-03,Completed,C0698,Returning,45-54,Jeju,Fashion,Canvas Sneakers,Walkon,4,59000,26000,0,3000,Virtual Account,4,5,No,
ORD01316,2025-06-07,Pending,C0171,VIP,55+,Jeju,Beauty,Lip Tint,Mellow,1,14000,5000,0,0,Card,,,No,
ORD01317,2025-04-10,Completed,C0716,Returning,18-24,Daejeon,Beauty,Lip Tint,Mellow,2,14000,5000,0.15,3000,Bank Transfer,5,4,No,
ORD01318,2025-03-25,Completed,C0713,Returning,55+,Gangwon,Fashion,Canvas Sneakers,Walkon,1,59000,26000,0,0,Mobile Pay,4,4,No,
ORD01319,2025-03-27,Completed,C0644,VIP,18-24,Incheon,Electronics,Bluetooth Speaker,Soundly,3,65000,31000,0,3000,Bank Transfer,2,4,No,
ORD01320,2025-02-04,Completed,C0811,VIP,45-54,Gangwon,Food,Protein Bar Pack,FitBite,1,28000,12000,0.25,3000,Card,9,4,No,
ORD01321,2025-04-13,Completed,C0551,VIP,18-24,Daejeon,Pet,Cat Toy Bundle,PawJoy,3,19000,8000,0.2,3000,Mobile Pay,4,4,No,
ORD01322,2025-01-06,Completed,C0732,New,18-24,Gyeonggi,Home,Cotton Towel Set,SoftDay,4,24000,10000,0,3000,Card,3,5,No,
ORD01323,2025-09-20,Completed,C0425,Returning,45-54,Daegu,Beauty,Hydrating Serum,PureLab,4,22000,9000,0,3000,Virtual Account,2,4,No,
ORD01324,2025-06-16,Completed,C0172,VIP,18-24,Incheon,Beauty,Hydrating Serum,PureLab,2,22000,9000,0.2,3000,Mobile Pay,4,5,No,
ORD01325,2025-05-31,Completed,C0187,VIP,55+,Seoul,Beauty,Hydrating Serum,PureLab,1,22000,9000,0,0,Card,5,5,No,
ORD01326,2025-08-29,Completed,C0438,Returning,35-44,Incheon,Food,Protein Bar Pack,FitBite,4,28000,12000,0,0,Mobile Pay,3,5,No,
ORD01327,2025-05-14,Completed,C0484,New,25-34,Gyeonggi,Beauty,Lip Tint,Mellow,2,14000,5000,0,3000,Mobile Pay,3,5,No,
ORD01328,2025-07-11,Completed,C0238,New,55+,Gwangju,Home,Cotton Towel Set,SoftDay,2,24000,10000,0.05,3000,Virtual Account,3,5,No,
ORD01329,2025-08-21,Completed,C0151,Returning,45-54,Daejeon,Home,Storage Box Set,NeatHome,4,29000,12000,0,0,Bank Transfer,4,4,No,
ORD01330,2025-01-25,Completed,C0612,New,35-44,Busan,Food,Gift Snack Box,HappyBox,4,33000,14000,0.15,0,Bank Transfer,2,5,No,
ORD01331,2025-09-01,Completed,C0215,Returning,25-34,Incheon,Fashion,Oversized Hoodie,Northline,2,45000,21000,0.1,3000,Bank Transfer,1,5,No,
ORD01332,2025-09-24,Completed,C0700,Returning,35-44,Jeju,Food,Gift Snack Box,HappyBox,2,33000,14000,0,3000,Bank Transfer,5,4,No,
ORD01333,2025-08-28,Completed,C0075,New,25-34,Daejeon,Pet,Pet Bed,ComfyPaws,3,47000,20000,0,0,Bank Transfer,5,5,No,
ORD01334,2025-09-26,Completed,C0039,Returning,25-34,Busan,Fashion,Oversized Hoodie,Northline,3,45000,21000,0.05,0,Mobile Pay,4,4,No,
ORD01335,2025-12-03,Completed,C0148,Returning,55+,Gyeonggi,Food,Gift Snack Box,HappyBox,4,33000,14000,0,0,Mobile Pay,1,5,No,
ORD01336,2025-02-04,Pending,C0312,New,35-44,Jeju,Electronics,Wireless Earbuds,Nova,1,49000,24000,0,0,Virtual Account,,,No,
ORD01337,2025-04-29,Completed,C0062,New,18-24,Gangwon,Food,Coffee Bean 1kg,BeanRoot,3,32000,15000,0.05,3000,Mobile Pay,4,5,No,
ORD01338,2025-10-09,Completed,C0726,New,45-54,Gwangju,Home,Cotton Towel Set,SoftDay,2,24000,10000,0.05,0,Virtual Account,1,4,No,
ORD01339,2025-10-17,Completed,C0483,Returning,55+,Busan,Food,Coffee Bean 1kg,BeanRoot,1,32000,15000,0.15,3000,Virtual Account,1,4,No,
ORD01340,2025-11-30,Completed,C0703,Returning,55+,Jeju,Fashion,Oversized Hoodie,Northline,1,45000,21000,0,0,Bank Transfer,5,5,No,
ORD01341,2025-02-12,Completed,C0129,New,25-34,Gangwon,Pet,Dog Treats 1kg,Barkly,3,25000,11000,0.25,0,Bank Transfer,4,4,No,
ORD01342,2025-12-15,Completed,C0535,Returning,25-34,Incheon,Food,Coffee Bean 1kg,BeanRoot,2,32000,15000,0.1,3000,Card,4,4,No,
ORD01343,2025-07-25,Pending,C0625,New,55+,Gwangju,Pet,Pet Bed,ComfyPaws,2,47000,20000,0.2,0,Card,,,No,
ORD01344,2025-08-10,Completed,C0174,Returning,45-54,Gangwon,Electronics,Bluetooth Speaker,Soundly,1,65000,31000,0,0,Bank Transfer,3,5,No,
ORD01345,2025-11-01,Pending,C0550,VIP,25-34,Daejeon,Electronics,Smart Watch,Pulse,1,99000,47000,0.15,0,Virtual Account,,,No,
ORD01346,2025-09-06,Completed,C0274,Returning,18-24,Daegu,Beauty,Sunscreen SPF50,Glow,4,18000,7000,0.15,0,Virtual Account,1,5,No,
ORD01347,2025-12-18,Completed,C0381,New,35-44,Gangwon,Fashion,Oversized Hoodie,Northline,2,45000,21000,0.15,0,Virtual Account,6,4,No,
ORD01348,2025-04-21,Completed,C0757,New,18-24,Daegu,Food,Gift Snack Box,HappyBox,2,33000,14000,0,3000,Bank Transfer,3,5,No,
ORD01349,2025-09-05,Cancelled,C0814,New,35-44,Incheon,Beauty,Lip Tint,Mellow,2,14000,5000,0,0,Mobile Pay,,,No,
ORD01350,2025-02-20,Completed,C0751,Returning,35-44,Seoul,Fashion,Crossbody Bag,Morrow,2,43000,18000,0.1,0,Card,4,5,No,
ORD01351,2025-02-02,Completed,C0083,New,45-54,Gyeonggi,Fashion,Crossbody Bag,Morrow,1,43000,18000,0,3000,Bank Transfer,5,5,No,
ORD01352,2025-10-29,Completed,C0235,New,35-44,Busan,Home,Storage Box Set,NeatHome,4,29000,12000,0,0,Bank Transfer,1,4,No,
ORD01353,2025-01-22,Completed,C0563,Returning,18-24,Incheon,Beauty,Hydrating Serum,PureLab,2,22000,9000,0,3000,Card,3,5,No,
ORD01354,2025-07-07,Completed,C0672,New,55+,Incheon,Electronics,Bluetooth Speaker,Soundly,2,65000,31000,0,3000,Virtual Account,4,4,No,
ORD01355,2025-06-09,Completed,C0720,New,25-34,Jeju,Electronics,Smart Watch,Pulse,2,99000,47000,0,3000,Bank Transfer,5,4,No,
ORD01356,2025-03-08,Completed,C0793,Returning,55+,Gyeonggi,Home,Cotton Towel Set,SoftDay,4,24000,10000,0,0,Mobile Pay,2,5,No,
ORD01357,2025-12-27,Completed,C0450,New,55+,Daejeon,Home,Cotton Towel Set,SoftDay,4,24000,10000,0.05,3000,Card,4,5,No,
ORD01358,2025-02-03,Completed,C0367,Returning,35-44,Busan,Beauty,Lip Tint,Mellow,4,14000,5000,0.25,3000,Mobile Pay,1,4,No,
ORD01359,2025-05-27,Completed,C0185,New,55+,Jeju,Fashion,Oversized Hoodie,Northline,4,45000,21000,0.05,0,Mobile Pay,5,4,No,
ORD01360,2025-07-16,Completed,C0736,VIP,18-24,Gwangju,Electronics,Wireless Earbuds,Nova,1,49000,24000,0,3000,Virtual Account,5,5,No,
ORD01361,2025-02-10,Completed,C0532,VIP,18-24,Gyeonggi,Pet,Cat Toy Bundle,PawJoy,3,19000,8000,0,3000,Mobile Pay,4,5,No,
ORD01362,2025-07-03,Completed,C0772,New,45-54,Daejeon,Beauty,Sunscreen SPF50,Glow,2,18000,7000,0,0,Mobile Pay,3,5,No,
ORD01363,2025-09-11,Completed,C0415,VIP,45-54,Seoul,Beauty,Lip Tint,Mellow,1,14000,5000,0,3000,Card,3,4,No,
ORD01364,2025-12-07,Completed,C0071,Returning,55+,Daegu,Pet,Cat Toy Bundle,PawJoy,3,19000,8000,0,3000,Bank Transfer,3,5,No,
ORD01365,2025-08-19,Completed,C0753,New,18-24,Seoul,Home,Storage Box Set,NeatHome,4,29000,12000,0,3000,Bank Transfer,1,4,No,
ORD01366,2025-03-26,Completed,C0217,New,35-44,Gyeonggi,Pet,Cat Toy Bundle,PawJoy,4,19000,8000,0,3000,Virtual Account,1,5,No,
ORD01367,2025-06-14,Completed,C0793,Returning,55+,Gyeonggi,Fashion,Canvas Sneakers,Walkon,4,59000,26000,0,0,Bank Transfer,3,5,No,
ORD01368,2025-10-30,Completed,C0109,Returning,55+,Gangwon,Food,Coffee Bean 1kg,BeanRoot,2,32000,15000,0,3000,Card,3,,No,
ORD01369,2025-10-25,Completed,C0509,Returning,35-44,Gyeonggi,Food,Gift Snack Box,HappyBox,4,33000,14000,0.15,0,Card,1,4,No,
ORD01370,2025-04-26,Completed,C0839,New,55+,Daegu,Pet,Dog Treats 1kg,Barkly,1,25000,11000,0.15,0,Bank Transfer,5,4,No,
ORD01371,2025-07-11,Cancelled,C0242,New,18-24,Daegu,Electronics,Wireless Earbuds,Nova,2,49000,24000,0,0,Mobile Pay,,,No,
ORD01372,2025-03-10,Completed,C0050,VIP,45-54,Incheon,Beauty,Hydrating Serum,PureLab,2,22000,9000,0,0,Card,2,5,No,
ORD01373,2025-03-11,Completed,C0467,VIP,45-54,Seoul,Pet,Pet Bed,ComfyPaws,1,47000,20000,0,3000,Bank Transfer,3,5,No,
ORD01374,2025-09-08,Completed,C0819,VIP,55+,Daejeon,Pet,Cat Toy Bundle,PawJoy,3,19000,8000,0,3000,Card,2,4,No,
ORD01375,2025-08-05,Completed,C0297,VIP,45-54,Gyeonggi,Food,Coffee Bean 1kg,BeanRoot,3,32000,15000,0,3000,Card,1,5,No,
ORD01376,2025-02-13,Completed,C0201,Returning,55+,Gyeonggi,Home,Desk Lamp,Lumen,2,39000,16000,0,3000,Virtual Account,3,5,No,
ORD01377,2025-10-08,Completed,C0559,Returning,45-54,Gangwon,Pet,Cat Toy Bundle,PawJoy,3,19000,8000,0.1,3000,Virtual Account,3,5,No,
ORD01378,2025-04-14,Completed,C0221,New,25-34,Gangwon,Electronics,Wireless Earbuds,Nova,2,49000,24000,0,3000,Virtual Account,4,5,No,
ORD01379,2025-07-31,Completed,C0582,Returning,55+,Gwangju,Home,Cotton Towel Set,SoftDay,4,24000,10000,0.25,3000,Bank Transfer,1,4,No,
ORD01380,2025-07-21,Completed,C0847,Returning,45-54,Daejeon,Food,Coffee Bean 1kg,BeanRoot,4,32000,15000,0,0,Bank Transfer,4,5,No,
ORD01381,2025-11-21,Completed,C0747,VIP,45-54,Gwangju,Home,Cotton Towel Set,SoftDay,3,24000,10000,0,3000,Virtual Account,5,4,Yes,Damaged item
ORD01382,2025-05-08,Completed,C0197,VIP,55+,Gangwon,Food,Protein Bar Pack,FitBite,2,28000,12000,0,0,Mobile Pay,9,4,No,
ORD01383,2025-08-26,Completed,C0079,New,55+,Daegu,Beauty,Sunscreen SPF50,Glow,2,18000,7000,0,3000,Virtual Account,4,5,No,
ORD01384,2025-07-17,Completed,C0011,New,25-34,Daegu,Pet,Dog Treats 1kg,Barkly,2,25000,11000,0,3000,Card,3,3,Yes,Damaged item
ORD01385,2025-06-24,Completed,C0432,New,45-54,Jeju,Beauty,Hydrating Serum,PureLab,2,22000,9000,0.1,3000,Card,9,3,No,
ORD01386,2025-06-22,Completed,C0770,VIP,55+,Busan,Home,Desk Lamp,Lumen,1,39000,16000,0,0,Card,5,4,No,
ORD01387,2025-01-27,Completed,C0575,Returning,55+,Gangwon,Fashion,Canvas Sneakers,Walkon,3,59000,26000,0,3000,Virtual Account,6,3,No,
ORD01388,2025-12-02,Completed,C0110,New,55+,Seoul,Food,Gift Snack Box,HappyBox,1,33000,14000,0.1,3000,Mobile Pay,1,4,No,
ORD01389,2025-07-28,Completed,C0353,New,55+,Seoul,Home,Desk Lamp,Lumen,1,39000,16000,0.1,0,Virtual Account,1,4,No,
ORD01390,2025-09-30,Completed,C0727,Returning,45-54,Gwangju,Fashion,Crossbody Bag,Morrow,2,43000,18000,0,3000,Bank Transfer,1,4,No,
ORD01391,2025-10-11,Completed,C0615,New,25-34,Gangwon,Fashion,Oversized Hoodie,Northline,1,45000,21000,0.05,0,Bank Transfer,4,5,No,
ORD01392,2025-10-17,Completed,C0268,New,55+,Daegu,Fashion,Oversized Hoodie,Northline,4,45000,21000,0.05,3000,Bank Transfer,4,5,No,
ORD01393,2025-08-28,Completed,C0260,Returning,18-24,Gyeonggi,Pet,Pet Bed,ComfyPaws,4,47000,20000,0,0,Bank Transfer,2,4,Yes,Late delivery
ORD01394,2025-12-14,Completed,C0817,New,18-24,Gyeonggi,Home,Desk Lamp,Lumen,1,39000,16000,0,3000,Virtual Account,5,5,No,
ORD01395,2025-02-17,Completed,C0674,New,18-24,Jeju,Fashion,Crossbody Bag,Morrow,4,43000,18000,0,0,Bank Transfer,1,5,No,
ORD01396,2025-12-30,Completed,C0672,New,25-34,Incheon,Electronics,Wireless Earbuds,Nova,3,49000,24000,0.1,3000,Bank Transfer,3,5,No,
ORD01397,2025-04-03,Completed,C0838,Returning,55+,Gyeonggi,Fashion,Oversized Hoodie,Northline,2,45000,21000,0,3000,Mobile Pay,3,5,No,
ORD01398,2025-11-15,Completed,C0565,Returning,25-34,Busan,Pet,Cat Toy Bundle,PawJoy,1,19000,8000,0.1,0,Card,4,5,No,
ORD01399,2025-10-23,Completed,C0530,Returning,45-54,Daejeon,Electronics,Bluetooth Speaker,Soundly,3,65000,31000,0,0,Bank Transfer,2,5,No,
ORD01400,2025-05-20,Completed,C0118,VIP,25-34,Busan,Beauty,Sunscreen SPF50,Glow,4,18000,7000,0,0,Card,2,5,No,
ORD01401,2025-05-30,Completed,C0768,Returning,25-34,Gyeonggi,Fashion,Crossbody Bag,Morrow,1,43000,18000,0,3000,Card,1,5,No,
ORD01402,2025-06-30,Completed,C0096,Returning,35-44,Busan,Electronics,Wireless Earbuds,Nova,4,49000,24000,0,3000,Virtual Account,3,5,No,
ORD01403,2025-01-20,Completed,C0674,New,55+,Seoul,Food,Gift Snack Box,HappyBox,3,33000,14000,0,3000,Card,1,4,No,
ORD01404,2025-12-20,Completed,C0207,New,55+,Incheon,Fashion,Canvas Sneakers,Walkon,1,59000,26000,0.15,3000,Card,3,3,Yes,Different from description
ORD01405,2025-04-29,Completed,C0409,VIP,55+,Daegu,Food,Coffee Bean 1kg,BeanRoot,1,32000,15000,0.1,3000,Bank Transfer,2,4,No,
ORD01406,2025-06-04,Completed,C0508,Returning,25-34,Seoul,Food,Gift Snack Box,HappyBox,4,33000,14000,0.1,0,Bank Transfer,3,4,No,
ORD01407,2025-05-10,Completed,C0137,New,55+,Gangwon,Pet,Dog Treats 1kg,Barkly,1,25000,11000,0.25,3000,Virtual Account,4,5,No,
ORD01408,2025-05-13,Completed,C0208,Returning,25-34,Gangwon,Electronics,Smart Watch,Pulse,2,99000,47000,0,3000,Virtual Account,3,5,No,
ORD01409,2025-07-17,Completed,C0024,Returning,45-54,Daegu,Food,Coffee Bean 1kg,BeanRoot,2,32000,15000,0,3000,Mobile Pay,5,5,No,
ORD01410,2025-06-21,Completed,C0589,New,45-54,Incheon,Electronics,Smart Watch,Pulse,1,99000,47000,0,0,Mobile Pay,5,5,No,
ORD01411,2025-10-17,Completed,C0047,Returning,35-44,Incheon,Pet,Cat Toy Bundle,PawJoy,3,19000,8000,0,3000,Card,4,4,No,
ORD01412,2025-07-04,Completed,C0090,VIP,35-44,Busan,Food,Gift Snack Box,HappyBox,4,33000,14000,0,3000,Card,5,4,No,
ORD01413,2025-11-16,Completed,C0555,Returning,18-24,Busan,Fashion,Canvas Sneakers,Walkon,3,59000,26000,0.05,0,Bank Transfer,4,4,No,
ORD01414,2025-08-14,Completed,C0518,Returning,45-54,Seoul,Beauty,Hydrating Serum,PureLab,1,22000,9000,0.15,0,Mobile Pay,1,4,No,
ORD01415,2025-07-15,Cancelled,C0221,New,35-44,Seoul,Food,Protein Bar Pack,FitBite,1,28000,12000,0,0,Card,,,No,
ORD01416,2025-09-14,Completed,C0192,Returning,18-24,Gangwon,Food,Protein Bar Pack,FitBite,3,28000,12000,0,0,Bank Transfer,2,5,No,
ORD01417,2025-05-15,Cancelled,C0759,Returning,25-34,Gyeonggi,Food,Gift Snack Box,HappyBox,3,33000,14000,0.25,0,Card,,,No,
ORD01418,2025-08-04,Completed,C0846,Returning,45-54,Daegu,Home,Storage Box Set,NeatHome,2,29000,12000,0,0,Mobile Pay,4,5,No,
ORD01419,2025-09-05,Completed,C0059,New,45-54,Gangwon,Fashion,Canvas Sneakers,Walkon,2,59000,26000,0.1,0,Bank Transfer,3,5,No,
ORD01420,2025-12-13,Completed,C0066,Returning,35-44,Seoul,Food,Gift Snack Box,HappyBox,1,33000,14000,0,3000,Mobile Pay,3,4,No,
ORD01421,2025-07-10,Completed,C0270,New,55+,Gangwon,Home,Cotton Towel Set,SoftDay,1,24000,10000,0.1,0,Bank Transfer,5,5,No,
ORD01422,2025-05-06,Completed,C0278,Returning,25-34,Gwangju,Food,Coffee Bean 1kg,BeanRoot,1,32000,15000,0.1,0,Mobile Pay,3,4,No,
ORD01423,2025-01-26,Completed,C0102,New,35-44,Daejeon,Electronics,Smart Watch,Pulse,4,99000,47000,0.25,0,Card,5,5,No,
ORD01424,2025-04-16,Completed,C0669,VIP,45-54,Jeju,Beauty,Sunscreen SPF50,Glow,3,18000,7000,0,0,Mobile Pay,6,3,No,
ORD01425,2025-05-28,Completed,C0100,VIP,45-54,Incheon,Fashion,Crossbody Bag,Morrow,3,43000,18000,0.05,0,Card,4,5,No,
ORD01426,2025-10-29,Completed,C0334,VIP,55+,Gangwon,Pet,Pet Bed,ComfyPaws,1,47000,20000,0.15,3000,Bank Transfer,9,4,No,
ORD01427,2025-07-28,Completed,C0145,New,55+,Seoul,Food,Coffee Bean 1kg,BeanRoot,1,32000,15000,0.2,0,Virtual Account,5,5,No,
ORD01428,2025-06-10,Completed,C0791,VIP,25-34,Incheon,Fashion,Oversized Hoodie,Northline,3,45000,21000,0,0,Card,1,4,No,
ORD01429,2025-11-18,Completed,C0462,Returning,55+,Daegu,Beauty,Sunscreen SPF50,Glow,4,18000,7000,0,3000,Card,1,4,No,
ORD01430,2025-09-01,Completed,C0430,Returning,18-24,Incheon,Home,Desk Lamp,Lumen,4,39000,16000,0,0,Card,1,5,No,
ORD01431,2025-12-07,Completed,C0796,New,18-24,Daegu,Food,Gift Snack Box,HappyBox,1,33000,14000,0,3000,Bank Transfer,3,5,No,
ORD01432,2025-07-28,Completed,C0709,Returning,45-54,Gwangju,Home,Storage Box Set,NeatHome,4,29000,12000,0.25,3000,Card,2,,No,
ORD01433,2025-07-29,Completed,C0673,New,18-24,Busan,Beauty,Lip Tint,Mellow,4,14000,5000,0,3000,Bank Transfer,5,5,No,
ORD01434,2025-07-03,Completed,C0018,New,55+,Incheon,Home,Cotton Towel Set,SoftDay,2,24000,10000,0,3000,Mobile Pay,3,5,No,
ORD01435,2025-02-10,Completed,C0218,VIP,25-34,Busan,Food,Protein Bar Pack,FitBite,3,28000,12000,0.25,0,Bank Transfer,4,5,No,
ORD01436,2025-06-26,Completed,C0408,New,55+,Gwangju,Electronics,Bluetooth Speaker,Soundly,2,65000,31000,0.2,3000,Bank Transfer,1,4,No,
ORD01437,2025-01-26,Completed,C0470,New,35-44,Gwangju,Home,Cotton Towel Set,SoftDay,2,24000,10000,0,3000,Card,4,5,No,
ORD01438,2025-06-24,Completed,C0791,Returning,25-34,Daegu,Food,Protein Bar Pack,FitBite,2,28000,12000,0,3000,Card,1,5,No,
ORD01439,2025-11-26,Completed,C0742,Returning,55+,Seoul,Beauty,Lip Tint,Mellow,4,14000,5000,0.2,3000,Mobile Pay,2,4,No,
ORD01440,2025-05-17,Completed,C0164,New,55+,Gwangju,Electronics,Bluetooth Speaker,Soundly,2,65000,31000,0,0,Bank Transfer,3,5,No,
ORD01441,2025-05-08,Completed,C0106,New,45-54,Gangwon,Home,Desk Lamp,Lumen,4,39000,16000,0.2,3000,Bank Transfer,2,5,No,
ORD01442,2025-02-07,Completed,C0143,New,45-54,Busan,Pet,Cat Toy Bundle,PawJoy,2,19000,8000,0.05,3000,Bank Transfer,5,5,No,
ORD01443,2025-06-14,Completed,C0680,VIP,55+,Gwangju,Home,Storage Box Set,NeatHome,1,29000,12000,0.2,3000,Bank Transfer,4,5,No,
ORD01444,2025-09-24,Completed,C0291,Returning,55+,Gangwon,Fashion,Canvas Sneakers,Walkon,2,59000,26000,0,3000,Virtual Account,5,4,No,
ORD01445,2025-04-22,Completed,C0710,Returning,25-34,Busan,Beauty,Sunscreen SPF50,Glow,1,18000,7000,0,3000,Card,3,5,No,
ORD01446,2025-10-23,Completed,C0196,Returning,18-24,Busan,Pet,Pet Bed,ComfyPaws,4,47000,20000,0.1,3000,Bank Transfer,3,5,No,
ORD01447,2025-12-29,Completed,C0621,New,55+,Gyeonggi,Fashion,Oversized Hoodie,Northline,4,45000,21000,0,0,Card,3,5,No,
ORD01448,2025-11-20,Completed,C0671,New,35-44,Jeju,Pet,Dog Treats 1kg,Barkly,4,25000,11000,0.15,0,Virtual Account,9,3,No,
ORD01449,2025-11-07,Completed,C0252,New,55+,Gangwon,Electronics,Bluetooth Speaker,Soundly,2,65000,31000,0,0,Bank Transfer,8,4,No,
ORD01450,2025-10-31,Completed,C0349,New,45-54,Seoul,Pet,Pet Bed,ComfyPaws,3,47000,20000,0,0,Card,4,4,No,
ORD01451,2025-10-31,Completed,C0663,New,35-44,Daejeon,Food,Protein Bar Pack,FitBite,4,28000,12000,0,3000,Virtual Account,5,5,No,
ORD01452,2025-02-01,Completed,C0223,New,25-34,Incheon,Home,Cotton Towel Set,SoftDay,3,24000,10000,0.25,3000,Card,4,4,No,
ORD01453,2025-05-20,Completed,C0810,New,25-34,Busan,Pet,Pet Bed,ComfyPaws,4,47000,20000,0,0,Bank Transfer,2,4,No,
ORD01454,2025-01-29,Completed,C0186,Returning,55+,Busan,Pet,Cat Toy Bundle,PawJoy,2,19000,8000,0.1,3000,Virtual Account,5,4,Yes,Late delivery
ORD01455,2025-12-25,Completed,C0115,New,35-44,Daegu,Pet,Dog Treats 1kg,Barkly,2,25000,11000,0,3000,Card,1,4,No,
ORD01456,2025-04-17,Completed,C0329,Returning,35-44,Seoul,Fashion,Crossbody Bag,Morrow,4,43000,18000,0.25,0,Bank Transfer,1,5,No,
ORD01457,2025-11-06,Completed,C0059,New,55+,Daegu,Fashion,Oversized Hoodie,Northline,1,45000,21000,0,0,Bank Transfer,2,5,No,
ORD01458,2025-04-24,Completed,C0328,Returning,45-54,Gangwon,Electronics,Wireless Earbuds,Nova,3,49000,24000,0,3000,Card,2,5,No,
ORD01459,2025-06-22,Completed,C0053,Returning,35-44,Daejeon,Beauty,Hydrating Serum,PureLab,4,22000,9000,0,0,Card,5,4,No,
ORD01460,2025-02-07,Completed,C0357,VIP,25-34,Incheon,Food,Coffee Bean 1kg,BeanRoot,4,32000,15000,0.1,0,Card,3,5,No,
ORD01461,2025-01-19,Completed,C0332,VIP,25-34,Seoul,Fashion,Oversized Hoodie,Northline,4,45000,21000,0,3000,Card,2,5,No,
ORD01462,2025-01-16,Completed,C0160,New,45-54,Gangwon,Pet,Pet Bed,ComfyPaws,4,47000,20000,0.25,3000,Card,7,4,No,
ORD01463,2025-05-01,Completed,C0811,New,18-24,Daegu,Food,Gift Snack Box,HappyBox,2,33000,14000,0,3000,Virtual Account,5,4,No,
ORD01464,2025-11-30,Pending,C0784,New,35-44,Gyeonggi,Electronics,Bluetooth Speaker,Soundly,3,65000,31000,0,0,Card,,,No,
ORD01465,2025-12-09,Pending,C0307,Returning,35-44,Gwangju,Beauty,Hydrating Serum,PureLab,3,22000,9000,0,0,Bank Transfer,,,No,
ORD01466,2025-05-15,Completed,C0564,New,45-54,Gyeonggi,Fashion,Crossbody Bag,Morrow,4,43000,18000,0.05,3000,Mobile Pay,1,5,No,
ORD01467,2025-07-26,Completed,C0784,Returning,55+,Gangwon,Home,Desk Lamp,Lumen,1,39000,16000,0.1,0,Mobile Pay,6,4,No,
ORD01468,2025-11-10,Completed,C0195,Returning,18-24,Busan,Food,Gift Snack Box,HappyBox,3,33000,14000,0,3000,Virtual Account,3,5,No,
ORD01469,2025-10-05,Completed,C0721,New,25-34,Gyeonggi,Pet,Dog Treats 1kg,Barkly,3,25000,11000,0,3000,Mobile Pay,5,4,No,
ORD01470,2025-01-12,Completed,C0330,New,18-24,Incheon,Electronics,Smart Watch,Pulse,1,99000,47000,0,3000,Card,4,5,No,
ORD01471,2025-04-22,Completed,C0436,Returning,25-34,Jeju,Pet,Dog Treats 1kg,Barkly,1,25000,11000,0,0,Bank Transfer,6,3,Yes,Changed mind
ORD01472,2025-12-22,Completed,C0434,VIP,35-44,Daegu,Food,Protein Bar Pack,FitBite,1,28000,12000,0.1,3000,Virtual Account,4,5,No,
ORD01473,2025-06-16,Completed,C0586,Returning,35-44,Gwangju,Pet,Cat Toy Bundle,PawJoy,1,19000,8000,0,0,Card,5,4,No,
ORD01474,2025-08-02,Completed,C0178,VIP,35-44,Gwangju,Home,Desk Lamp,Lumen,3,39000,16000,0,3000,Virtual Account,2,5,No,
ORD01475,2025-12-08,Completed,C0394,New,25-34,Gwangju,Food,Protein Bar Pack,FitBite,2,28000,12000,0,0,Card,1,4,No,
ORD01476,2025-02-10,Completed,C0597,Returning,35-44,Daejeon,Pet,Pet Bed,ComfyPaws,2,47000,20000,0,0,Mobile Pay,1,5,No,
ORD01477,2025-05-14,Completed,C0489,New,18-24,Gangwon,Home,Storage Box Set,NeatHome,4,29000,12000,0.15,0,Virtual Account,5,5,No,
ORD01478,2025-06-17,Completed,C0594,Returning,45-54,Gwangju,Home,Desk Lamp,Lumen,2,39000,16000,0,3000,Card,5,4,No,
ORD01479,2025-07-14,Completed,C0227,Returning,18-24,Seoul,Food,Coffee Bean 1kg,BeanRoot,2,32000,15000,0.15,3000,Card,3,5,No,
ORD01480,2025-12-21,Completed,C0262,Returning,25-34,Daejeon,Food,Coffee Bean 1kg,BeanRoot,3,32000,15000,0.2,3000,Mobile Pay,1,,No,
ORD01481,2025-03-18,Completed,C0524,Returning,45-54,Incheon,Beauty,Hydrating Serum,PureLab,3,22000,9000,0.2,3000,Mobile Pay,4,4,No,
ORD01482,2025-12-20,Completed,C0003,VIP,18-24,Busan,Beauty,Lip Tint,Mellow,2,14000,5000,0.25,3000,Bank Transfer,4,4,No,
ORD01483,2025-03-09,Cancelled,C0087,Returning,45-54,Gangwon,Beauty,Sunscreen SPF50,Glow,1,18000,7000,0.2,0,Bank Transfer,,,No,
ORD01484,2025-12-03,Completed,C0496,New,18-24,Daejeon,Beauty,Lip Tint,Mellow,3,14000,5000,0,3000,Card,1,4,No,
ORD01485,2025-09-27,Cancelled,C0262,Returning,35-44,Daejeon,Beauty,Sunscreen SPF50,Glow,2,18000,7000,0,0,Bank Transfer,,,No,
ORD01486,2025-04-19,Completed,C0612,Returning,18-24,Gyeonggi,Pet,Pet Bed,ComfyPaws,3,47000,20000,0,3000,Mobile Pay,4,4,No,
ORD01487,2025-06-06,Completed,C0536,New,18-24,Daegu,Fashion,Canvas Sneakers,Walkon,3,59000,26000,0,0,Virtual Account,3,4,No,
ORD01488,2025-07-13,Completed,C0618,Returning,25-34,Gangwon,Food,Protein Bar Pack,FitBite,3,28000,12000,0,0,Card,2,4,No,
ORD01489,2025-05-27,Completed,C0420,Returning,35-44,Gangwon,Pet,Dog Treats 1kg,Barkly,2,25000,11000,0.15,3000,Card,9,4,No,
ORD01490,2025-07-04,Completed,C0464,Returning,35-44,Gangwon,Food,Protein Bar Pack,FitBite,3,28000,12000,0,3000,Card,9,4,No,
ORD01491,2025-02-23,Completed,C0709,Returning,45-54,Daegu,Food,Protein Bar Pack,FitBite,4,28000,12000,0,3000,Virtual Account,1,4,No,
ORD01492,2025-02-01,Completed,C0012,Returning,18-24,Jeju,Beauty,Lip Tint,Mellow,3,14000,5000,0,0,Card,7,4,No,
ORD01493,2025-01-23,Completed,C0163,New,45-54,Seoul,Electronics,Wireless Earbuds,Nova,3,49000,24000,0,3000,Mobile Pay,3,5,No,
ORD01494,2025-02-16,Completed,C0844,New,55+,Gwangju,Food,Coffee Bean 1kg,BeanRoot,2,32000,15000,0,3000,Virtual Account,4,5,No,
ORD01495,2025-10-09,Completed,C0441,Returning,55+,Gangwon,Food,Coffee Bean 1kg,BeanRoot,4,32000,15000,0,3000,Mobile Pay,1,5,No,
ORD01496,2025-03-19,Completed,C0561,Returning,25-34,Seoul,Beauty,Hydrating Serum,PureLab,2,22000,9000,0,0,Card,2,5,No,
ORD01497,2025-03-25,Completed,C0195,Returning,25-34,Gangwon,Beauty,Hydrating Serum,PureLab,4,22000,9000,0,0,Bank Transfer,4,4,No,
ORD01498,2025-09-02,Completed,C0468,Returning,25-34,Gyeonggi,Beauty,Hydrating Serum,PureLab,1,22000,9000,0.2,3000,Card,1,5,No,
ORD01499,2025-03-28,Completed,C0814,Returning,35-44,Jeju,Electronics,Bluetooth Speaker,Soundly,4,65000,31000,0.25,3000,Virtual Account,2,4,No,
ORD01500,2025-12-26,Completed,C0548,Returning,35-44,Daejeon,Food,Protein Bar Pack,FitBite,1,28000,12000,0,0,Card,5,5,No,
ORD01501,2025-12-24,Completed,C0848,Returning,55+,Gwangju,Food,Protein Bar Pack,FitBite,1,28000,12000,0.05,3000,Mobile Pay,5,5,No,
ORD01502,2025-08-10,Completed,C0316,Returning,25-34,Gangwon,Beauty,Sunscreen SPF50,Glow,2,18000,7000,0.05,3000,Mobile Pay,4,4,No,
ORD01503,2025-09-29,Completed,C0157,New,18-24,Gangwon,Food,Gift Snack Box,HappyBox,2,33000,14000,0,0,Mobile Pay,4,5,No,
ORD01504,2025-07-10,Completed,C0433,Returning,18-24,Gangwon,Fashion,Oversized Hoodie,Northline,2,45000,21000,0,0,Card,5,5,No,
ORD01505,2025-11-07,Completed,C0696,New,25-34,Gangwon,Home,Desk Lamp,Lumen,4,39000,16000,0.2,3000,Bank Transfer,5,4,No,
ORD01506,2025-12-15,Completed,C0433,New,55+,Gyeonggi,Electronics,Smart Watch,Pulse,1,99000,47000,0.1,0,Bank Transfer,2,5,No,
ORD01507,2025-03-08,Completed,C0118,New,35-44,Seoul,Food,Coffee Bean 1kg,BeanRoot,2,32000,15000,0,0,Card,2,5,No,
ORD01508,2025-10-07,Completed,C0015,Returning,55+,Gangwon,Electronics,Bluetooth Speaker,Soundly,1,65000,31000,0,3000,Card,1,5,No,
ORD01509,2025-05-27,Cancelled,C0199,New,25-34,Daegu,Fashion,Crossbody Bag,Morrow,2,43000,18000,0.15,0,Card,,,No,
ORD01510,2025-04-12,Completed,C0352,VIP,55+,Gwangju,Home,Desk Lamp,Lumen,4,39000,16000,0.2,3000,Mobile Pay,1,5,No,
ORD01511,2025-07-19,Completed,C0740,New,25-34,Seoul,Food,Protein Bar Pack,FitBite,4,28000,12000,0,3000,Mobile Pay,1,4,No,
ORD01512,2025-04-08,Completed,C0195,Returning,55+,Busan,Fashion,Canvas Sneakers,Walkon,1,59000,26000,0,3000,Mobile Pay,2,5,No,
ORD01513,2025-11-24,Completed,C0714,VIP,55+,Busan,Beauty,Lip Tint,Mellow,4,14000,5000,0,3000,Bank Transfer,2,5,No,
ORD01514,2025-01-09,Completed,C0369,VIP,18-24,Seoul,Fashion,Oversized Hoodie,Northline,3,45000,21000,0,3000,Bank Transfer,4,5,No,
ORD01515,2025-01-31,Completed,C0545,Returning,25-34,Daejeon,Electronics,Wireless Earbuds,Nova,4,49000,24000,0,3000,Mobile Pay,4,5,No,
ORD01516,2025-07-01,Completed,C0612,VIP,35-44,Gyeonggi,Pet,Cat Toy Bundle,PawJoy,2,19000,8000,0,3000,Mobile Pay,3,4,No,
ORD01517,2025-10-25,Completed,C0733,Returning,45-54,Gangwon,Food,Coffee Bean 1kg,BeanRoot,2,32000,15000,0,3000,Mobile Pay,1,4,No,
ORD01518,2025-05-28,Completed,C0766,New,45-54,Daegu,Electronics,Wireless Earbuds,Nova,3,49000,24000,0,3000,Card,4,4,No,
ORD01519,2025-03-28,Completed,C0712,New,55+,Gwangju,Home,Desk Lamp,Lumen,1,39000,16000,0,3000,Bank Transfer,3,5,No,
ORD01520,2025-09-26,Completed,C0413,New,18-24,Daegu,Home,Cotton Towel Set,SoftDay,4,24000,10000,0,0,Mobile Pay,4,5,No,
ORD01521,2025-01-04,Completed,C0578,Returning,25-34,Busan,Food,Gift Snack Box,HappyBox,4,33000,14000,0,3000,Virtual Account,3,5,No,
ORD01522,2025-10-04,Completed,C0744,VIP,25-34,Seoul,Food,Gift Snack Box,HappyBox,1,33000,14000,0.05,3000,Card,3,4,No,
ORD01523,2025-08-20,Completed,C0792,Returning,55+,Jeju,Home,Storage Box Set,NeatHome,2,29000,12000,0.15,3000,Card,6,4,No,
ORD01524,2025-05-06,Completed,C0604,New,35-44,Gangwon,Home,Cotton Towel Set,SoftDay,1,24000,10000,0,3000,Virtual Account,1,4,No,
ORD01525,2025-11-14,Completed,C0122,Returning,45-54,Gyeonggi,Food,Coffee Bean 1kg,BeanRoot,3,32000,15000,0,3000,Virtual Account,1,4,No,
ORD01526,2025-04-18,Completed,C0692,New,25-34,Daejeon,Beauty,Lip Tint,Mellow,2,14000,5000,0.1,3000,Virtual Account,5,5,No,
ORD01527,2025-10-21,Completed,C0755,Returning,45-54,Gangwon,Electronics,Smart Watch,Pulse,2,99000,47000,0,3000,Mobile Pay,8,4,No,
ORD01528,2025-03-20,Completed,C0546,New,45-54,Seoul,Fashion,Oversized Hoodie,Northline,1,45000,21000,0.15,3000,Card,4,5,No,
ORD01529,2025-12-23,Completed,C0562,New,18-24,Gangwon,Beauty,Hydrating Serum,PureLab,1,22000,9000,0,3000,Bank Transfer,4,4,No,
ORD01530,2025-11-23,Completed,C0074,Returning,18-24,Gwangju,Fashion,Oversized Hoodie,Northline,1,45000,21000,0,3000,Mobile Pay,5,4,Yes,Late delivery
ORD01531,2025-06-10,Completed,C0328,Returning,25-34,Gwangju,Beauty,Sunscreen SPF50,Glow,2,18000,7000,0,3000,Virtual Account,4,5,No,
ORD01532,2025-08-14,Completed,C0075,New,25-34,Busan,Home,Cotton Towel Set,SoftDay,4,24000,10000,0,3000,Virtual Account,1,5,No,
ORD01533,2025-10-23,Completed,C0120,New,35-44,Gyeonggi,Pet,Cat Toy Bundle,PawJoy,2,19000,8000,0.25,3000,Virtual Account,1,5,No,
ORD01534,2025-04-11,Completed,C0158,New,18-24,Jeju,Electronics,Smart Watch,Pulse,3,99000,47000,0,3000,Card,9,4,No,
ORD01535,2025-03-29,Completed,C0330,Returning,45-54,Daejeon,Electronics,Smart Watch,Pulse,4,99000,47000,0,3000,Card,3,5,No,
ORD01536,2025-11-02,Completed,C0586,Returning,45-54,Daejeon,Electronics,Bluetooth Speaker,Soundly,1,65000,31000,0,3000,Virtual Account,3,4,No,
ORD01537,2025-04-30,Completed,C0598,Returning,55+,Incheon,Food,Coffee Bean 1kg,BeanRoot,1,32000,15000,0.15,3000,Virtual Account,3,5,No,
ORD01538,2025-12-25,Completed,C0038,VIP,18-24,Busan,Pet,Dog Treats 1kg,Barkly,3,25000,11000,0,3000,Virtual Account,3,5,No,
ORD01539,2025-08-25,Completed,C0325,Returning,25-34,Gwangju,Home,Cotton Towel Set,SoftDay,4,24000,10000,0.2,3000,Bank Transfer,2,5,No,
ORD01540,2025-03-31,Completed,C0110,VIP,25-34,Gwangju,Electronics,Bluetooth Speaker,Soundly,4,65000,31000,0,3000,Virtual Account,2,5,No,
ORD01541,2025-03-22,Completed,C0331,Returning,35-44,Daejeon,Beauty,Sunscreen SPF50,Glow,1,18000,7000,0,3000,Bank Transfer,3,5,No,
ORD01542,2025-09-10,Completed,C0754,New,25-34,Jeju,Home,Cotton Towel Set,SoftDay,2,24000,10000,0.05,0,Mobile Pay,5,4,No,
ORD01543,2025-11-24,Completed,C0284,VIP,35-44,Incheon,Food,Gift Snack Box,HappyBox,2,33000,14000,0,3000,Mobile Pay,1,5,No,
ORD01544,2025-09-19,Completed,C0435,VIP,35-44,Busan,Pet,Pet Bed,ComfyPaws,3,47000,20000,0,0,Virtual Account,1,5,No,
ORD01545,2025-12-06,Completed,C0764,Returning,35-44,Gwangju,Beauty,Hydrating Serum,PureLab,1,22000,9000,0,3000,Virtual Account,4,4,No,
ORD01546,2025-08-24,Completed,C0404,New,55+,Gwangju,Electronics,Smart Watch,Pulse,4,99000,47000,0,0,Bank Transfer,1,5,No,
ORD01547,2025-09-02,Completed,C0506,Returning,55+,Gangwon,Beauty,Lip Tint,Mellow,3,14000,5000,0,3000,Mobile Pay,2,4,No,
ORD01548,2025-10-13,Completed,C0591,New,45-54,Seoul,Food,Coffee Bean 1kg,BeanRoot,2,32000,15000,0,3000,Virtual Account,5,,No,
ORD01549,2025-11-15,Completed,C0434,New,35-44,Busan,Electronics,Wireless Earbuds,Nova,1,49000,24000,0.15,3000,Bank Transfer,4,4,No,
ORD01550,2025-12-23,Completed,C0244,New,25-34,Daejeon,Electronics,Smart Watch,Pulse,3,99000,47000,0.05,3000,Bank Transfer,4,5,No,
ORD01551,2025-05-23,Completed,C0455,New,25-34,Seoul,Fashion,Crossbody Bag,Morrow,3,43000,18000,0,3000,Bank Transfer,3,5,No,
ORD01552,2025-08-27,Cancelled,C0197,Returning,25-34,Gwangju,Electronics,Bluetooth Speaker,Soundly,3,65000,31000,0.05,0,Mobile Pay,,,No,
ORD01553,2025-11-20,Completed,C0104,Returning,25-34,Gwangju,Electronics,Wireless Earbuds,Nova,3,49000,24000,0,3000,Virtual Account,5,4,No,
ORD01554,2025-10-09,Completed,C0523,New,35-44,Incheon,Home,Storage Box Set,NeatHome,4,29000,12000,0,3000,Mobile Pay,1,5,No,
ORD01555,2025-03-12,Completed,C0321,VIP,45-54,Daegu,Beauty,Hydrating Serum,PureLab,4,22000,9000,0,3000,Mobile Pay,4,5,No,
ORD01556,2025-09-13,Completed,C0036,New,45-54,Gangwon,Beauty,Lip Tint,Mellow,3,14000,5000,0.15,3000,Virtual Account,7,4,No,
ORD01557,2025-02-07,Completed,C0648,Returning,55+,Busan,Electronics,Smart Watch,Pulse,2,99000,47000,0,3000,Bank Transfer,2,4,No,
ORD01558,2025-08-05,Cancelled,C0686,Returning,55+,Gangwon,Beauty,Hydrating Serum,PureLab,4,22000,9000,0.15,0,Bank Transfer,,,No,
ORD01559,2025-05-09,Completed,C0688,New,45-54,Gyeonggi,Food,Gift Snack Box,HappyBox,4,33000,14000,0,0,Card,5,4,No,
ORD01560,2025-11-01,Completed,C0488,Returning,45-54,Gwangju,Electronics,Wireless Earbuds,Nova,1,49000,24000,0,3000,Card,2,5,No,
ORD01561,2025-06-26,Completed,C0364,New,25-34,Jeju,Pet,Dog Treats 1kg,Barkly,3,25000,11000,0.15,0,Card,8,4,No,
ORD01562,2025-09-25,Cancelled,C0764,New,18-24,Seoul,Fashion,Canvas Sneakers,Walkon,2,59000,26000,0.1,0,Mobile Pay,,,No,
ORD01563,2025-08-31,Completed,C0019,New,45-54,Gwangju,Home,Storage Box Set,NeatHome,2,29000,12000,0,0,Bank Transfer,2,4,No,
ORD01564,2025-07-05,Completed,C0335,VIP,35-44,Gwangju,Fashion,Oversized Hoodie,Northline,4,45000,21000,0,3000,Bank Transfer,3,3,Yes,Wrong size
ORD01565,2025-10-08,Completed,C0658,Returning,45-54,Gyeonggi,Food,Coffee Bean 1kg,BeanRoot,4,32000,15000,0,3000,Bank Transfer,3,5,No,
ORD01566,2025-06-08,Completed,C0744,New,25-34,Busan,Beauty,Hydrating Serum,PureLab,1,22000,9000,0.25,3000,Card,1,5,No,
ORD01567,2025-01-30,Completed,C0582,New,25-34,Gangwon,Home,Cotton Towel Set,SoftDay,3,24000,10000,0.25,3000,Card,9,4,No,
ORD01568,2025-08-14,Completed,C0560,Returning,55+,Busan,Pet,Cat Toy Bundle,PawJoy,2,19000,8000,0,0,Card,5,5,No,
ORD01569,2025-10-15,Completed,C0014,New,55+,Daegu,Electronics,Bluetooth Speaker,Soundly,4,65000,31000,0,3000,Bank Transfer,3,4,No,
ORD01570,2025-12-28,Cancelled,C0282,Returning,35-44,Daegu,Home,Storage Box Set,NeatHome,1,29000,12000,0,0,Mobile Pay,,,No,
ORD01571,2025-10-19,Completed,C0081,New,35-44,Daejeon,Fashion,Canvas Sneakers,Walkon,1,59000,26000,0,3000,Mobile Pay,4,3,Yes,Changed mind
ORD01572,2025-09-09,Completed,C0068,VIP,18-24,Gyeonggi,Fashion,Canvas Sneakers,Walkon,1,59000,26000,0.25,0,Virtual Account,3,5,No,
ORD01573,2025-03-15,Completed,C0456,New,25-34,Jeju,Fashion,Oversized Hoodie,Northline,1,45000,21000,0.2,0,Virtual Account,5,5,No,
ORD01574,2025-04-04,Completed,C0595,Returning,18-24,Daejeon,Electronics,Bluetooth Speaker,Soundly,2,65000,31000,0,0,Card,4,5,No,
ORD01575,2025-09-26,Completed,C0134,Returning,55+,Daejeon,Home,Desk Lamp,Lumen,4,39000,16000,0,3000,Mobile Pay,4,5,No,
ORD01576,2025-09-03,Completed,C0404,VIP,25-34,Incheon,Electronics,Smart Watch,Pulse,2,99000,47000,0.25,0,Card,4,4,No,
ORD01577,2025-03-19,Completed,C0828,New,25-34,Jeju,Fashion,Crossbody Bag,Morrow,1,43000,18000,0.1,0,Card,5,5,No,
ORD01578,2025-04-17,Completed,C0516,New,55+,Gangwon,Beauty,Lip Tint,Mellow,4,14000,5000,0.2,0,Mobile Pay,5,4,No,
ORD01579,2025-03-12,Completed,C0499,Returning,35-44,Jeju,Pet,Pet Bed,ComfyPaws,4,47000,20000,0,3000,Card,1,4,No,
ORD01580,2025-12-16,Cancelled,C0476,New,25-34,Busan,Fashion,Oversized Hoodie,Northline,1,45000,21000,0.2,0,Virtual Account,,,No,
ORD01581,2025-06-22,Completed,C0073,Returning,55+,Gwangju,Beauty,Hydrating Serum,PureLab,2,22000,9000,0,3000,Card,4,5,No,
ORD01582,2025-12-02,Completed,C0053,VIP,25-34,Jeju,Food,Gift Snack Box,HappyBox,1,33000,14000,0,0,Mobile Pay,2,5,No,
ORD01583,2025-01-24,Completed,C0178,Returning,25-34,Jeju,Food,Coffee Bean 1kg,BeanRoot,1,32000,15000,0,0,Mobile Pay,2,5,No,
ORD01584,2025-09-02,Completed,C0539,New,25-34,Gangwon,Fashion,Canvas Sneakers,Walkon,4,59000,26000,0,3000,Virtual Account,5,4,No,
ORD01585,2025-06-24,Completed,C0292,New,55+,Gwangju,Food,Protein Bar Pack,FitBite,2,28000,12000,0.05,3000,Card,4,4,No,
ORD01586,2025-01-28,Completed,C0458,Returning,18-24,Seoul,Electronics,Wireless Earbuds,Nova,1,49000,24000,0.1,0,Virtual Account,3,5,No,
ORD01587,2025-12-03,Cancelled,C0720,Returning,35-44,Jeju,Electronics,Smart Watch,Pulse,3,99000,47000,0,0,Mobile Pay,,,No,
ORD01588,2025-06-22,Completed,C0159,New,18-24,Seoul,Home,Cotton Towel Set,SoftDay,4,24000,10000,0,3000,Mobile Pay,2,5,No,
ORD01589,2025-03-20,Completed,C0413,VIP,18-24,Jeju,Home,Storage Box Set,NeatHome,4,29000,12000,0.25,3000,Card,4,4,No,
ORD01590,2025-10-12,Completed,C0481,Returning,45-54,Seoul,Fashion,Crossbody Bag,Morrow,3,43000,18000,0,3000,Mobile Pay,1,4,No,
ORD01591,2025-03-17,Completed,C0665,New,55+,Daegu,Pet,Dog Treats 1kg,Barkly,3,25000,11000,0,3000,Mobile Pay,1,4,No,
ORD01592,2025-01-31,Completed,C0848,Returning,18-24,Seoul,Food,Protein Bar Pack,FitBite,1,28000,12000,0,3000,Virtual Account,3,5,No,
ORD01593,2025-04-17,Completed,C0336,New,25-34,Gyeonggi,Beauty,Sunscreen SPF50,Glow,4,18000,7000,0,0,Virtual Account,3,5,No,
ORD01594,2025-11-03,Completed,C0837,New,18-24,Gangwon,Food,Coffee Bean 1kg,BeanRoot,2,32000,15000,0.1,3000,Virtual Account,6,4,No,
ORD01595,2025-07-10,Completed,C0220,Returning,35-44,Seoul,Electronics,Bluetooth Speaker,Soundly,4,65000,31000,0.1,3000,Mobile Pay,4,4,No,
ORD01596,2025-10-03,Completed,C0473,Returning,35-44,Daegu,Food,Coffee Bean 1kg,BeanRoot,4,32000,15000,0,3000,Card,1,5,No,
ORD01597,2025-12-02,Completed,C0662,Returning,18-24,Busan,Home,Cotton Towel Set,SoftDay,2,24000,10000,0.05,0,Card,5,5,No,
ORD01598,2025-11-18,Completed,C0637,New,25-34,Gwangju,Beauty,Sunscreen SPF50,Glow,2,18000,7000,0,3000,Virtual Account,3,,No,
ORD01599,2025-08-05,Completed,C0078,VIP,18-24,Jeju,Fashion,Canvas Sneakers,Walkon,3,59000,26000,0,0,Mobile Pay,5,5,No,
ORD01600,2025-05-11,Completed,C0007,Returning,25-34,Daejeon,Electronics,Smart Watch,Pulse,2,99000,47000,0,3000,Bank Transfer,4,4,No,
ORD01601,2025-03-12,Completed,C0134,New,45-54,Gyeonggi,Food,Protein Bar Pack,FitBite,3,28000,12000,0,0,Mobile Pay,2,4,No,
ORD01602,2025-03-31,Completed,C0096,New,25-34,Gwangju,Pet,Pet Bed,ComfyPaws,1,47000,20000,0.2,0,Virtual Account,5,5,No,
ORD01603,2025-05-12,Cancelled,C0723,New,25-34,Gangwon,Fashion,Oversized Hoodie,Northline,2,45000,21000,0.25,0,Bank Transfer,,,No,
ORD01604,2025-06-24,Completed,C0706,Returning,25-34,Gwangju,Food,Gift Snack Box,HappyBox,2,33000,14000,0,3000,Card,4,5,No,
ORD01605,2025-03-27,Completed,C0830,VIP,35-44,Gangwon,Home,Cotton Towel Set,SoftDay,1,24000,10000,0.25,3000,Virtual Account,4,5,No,
ORD01606,2025-06-16,Completed,C0337,Returning,25-34,Gangwon,Electronics,Smart Watch,Pulse,4,99000,47000,0.2,3000,Bank Transfer,8,3,No,
ORD01607,2025-12-01,Completed,C0404,Returning,18-24,Gyeonggi,Beauty,Sunscreen SPF50,Glow,3,18000,7000,0,3000,Virtual Account,5,,No,
ORD01608,2025-03-09,Completed,C0506,New,35-44,Incheon,Food,Gift Snack Box,HappyBox,4,33000,14000,0,3000,Card,4,4,No,
ORD01609,2025-09-28,Completed,C0833,New,18-24,Incheon,Electronics,Wireless Earbuds,Nova,1,49000,24000,0.2,0,Mobile Pay,1,5,No,
ORD01610,2025-02-15,Completed,C0131,New,45-54,Daejeon,Fashion,Crossbody Bag,Morrow,1,43000,18000,0.15,3000,Card,1,5,No,
ORD01611,2025-04-22,Completed,C0722,VIP,55+,Incheon,Beauty,Hydrating Serum,PureLab,4,22000,9000,0,3000,Bank Transfer,3,4,No,
ORD01612,2025-12-27,Completed,C0169,Returning,45-54,Daejeon,Fashion,Canvas Sneakers,Walkon,2,59000,26000,0,3000,Mobile Pay,2,4,No,
ORD01613,2025-06-27,Completed,C0837,Returning,45-54,Gyeonggi,Electronics,Smart Watch,Pulse,2,99000,47000,0.2,3000,Card,3,,Yes,Changed mind
ORD01614,2025-06-19,Cancelled,C0440,Returning,25-34,Daegu,Home,Cotton Towel Set,SoftDay,3,24000,10000,0.1,0,Bank Transfer,,,No,
ORD01615,2025-04-10,Completed,C0034,VIP,35-44,Gwangju,Food,Protein Bar Pack,FitBite,4,28000,12000,0,3000,Bank Transfer,1,5,No,
ORD01616,2025-11-05,Completed,C0070,New,25-34,Gwangju,Food,Coffee Bean 1kg,BeanRoot,3,32000,15000,0,3000,Virtual Account,3,5,No,
ORD01617,2025-07-27,Cancelled,C0798,VIP,45-54,Gangwon,Fashion,Crossbody Bag,Morrow,4,43000,18000,0.25,0,Bank Transfer,,,No,
ORD01618,2025-03-09,Completed,C0003,Returning,18-24,Seoul,Fashion,Crossbody Bag,Morrow,1,43000,18000,0.25,3000,Mobile Pay,1,5,No,
ORD01619,2025-07-28,Completed,C0113,Returning,45-54,Seoul,Home,Desk Lamp,Lumen,2,39000,16000,0,3000,Bank Transfer,2,5,No,
ORD01620,2025-10-29,Completed,C0018,Returning,55+,Seoul,Electronics,Bluetooth Speaker,Soundly,4,65000,31000,0,3000,Bank Transfer,1,5,No,
ORD01621,2025-03-08,Completed,C0694,Returning,55+,Daejeon,Fashion,Crossbody Bag,Morrow,4,43000,18000,0,3000,Mobile Pay,5,5,No,
ORD01622,2025-10-19,Completed,C0394,Returning,35-44,Jeju,Beauty,Lip Tint,Mellow,1,14000,5000,0.1,3000,Bank Transfer,5,5,No,
ORD01623,2025-08-25,Completed,C0043,Returning,45-54,Daejeon,Food,Gift Snack Box,HappyBox,3,33000,14000,0.2,3000,Bank Transfer,4,5,No,
ORD01624,2025-02-25,Completed,C0285,New,55+,Gwangju,Food,Coffee Bean 1kg,BeanRoot,2,32000,15000,0,3000,Card,1,4,No,
ORD01625,2025-10-03,Completed,C0511,VIP,18-24,Jeju,Pet,Dog Treats 1kg,Barkly,3,25000,11000,0,0,Card,5,5,No,
ORD01626,2025-12-10,Completed,C0288,Returning,18-24,Seoul,Food,Protein Bar Pack,FitBite,2,28000,12000,0,3000,Bank Transfer,4,5,No,
ORD01627,2025-06-28,Completed,C0487,New,55+,Incheon,Electronics,Bluetooth Speaker,Soundly,1,65000,31000,0,3000,Card,1,5,No,
ORD01628,2025-03-29,Completed,C0406,New,25-34,Gangwon,Electronics,Wireless Earbuds,Nova,4,49000,24000,0.1,0,Bank Transfer,1,4,No,
ORD01629,2025-12-06,Completed,C0322,New,35-44,Jeju,Electronics,Smart Watch,Pulse,3,99000,47000,0.15,0,Card,5,5,No,
ORD01630,2025-08-03,Completed,C0439,VIP,45-54,Gwangju,Home,Cotton Towel Set,SoftDay,3,24000,10000,0,3000,Card,3,4,No,
ORD01631,2025-03-26,Completed,C0237,New,25-34,Gwangju,Beauty,Hydrating Serum,PureLab,4,22000,9000,0,0,Card,1,5,No,
ORD01632,2025-07-07,Completed,C0745,Returning,25-34,Daegu,Beauty,Hydrating Serum,PureLab,3,22000,9000,0,3000,Bank Transfer,1,5,No,
ORD01633,2025-02-22,Completed,C0348,New,18-24,Seoul,Home,Storage Box Set,NeatHome,2,29000,12000,0,3000,Mobile Pay,3,5,No,
ORD01634,2025-08-30,Completed,C0175,VIP,18-24,Daejeon,Food,Gift Snack Box,HappyBox,1,33000,14000,0.15,3000,Card,3,4,No,
ORD01635,2025-04-15,Cancelled,C0556,Returning,35-44,Daegu,Pet,Dog Treats 1kg,Barkly,1,25000,11000,0.2,0,Bank Transfer,,,No,
ORD01636,2025-01-21,Completed,C0127,New,45-54,Daegu,Food,Gift Snack Box,HappyBox,1,33000,14000,0,3000,Card,5,4,No,
ORD01637,2025-08-11,Completed,C0571,New,25-34,Gwangju,Beauty,Lip Tint,Mellow,1,14000,5000,0.25,0,Bank Transfer,2,,No,
ORD01638,2025-08-16,Completed,C0124,Returning,55+,Incheon,Beauty,Lip Tint,Mellow,2,14000,5000,0,3000,Bank Transfer,4,5,No,
ORD01639,2025-12-16,Completed,C0111,Returning,35-44,Daegu,Food,Protein Bar Pack,FitBite,4,28000,12000,0,0,Virtual Account,5,5,No,
ORD01640,2025-02-02,Completed,C0718,Returning,25-34,Daegu,Beauty,Hydrating Serum,PureLab,2,22000,9000,0,3000,Mobile Pay,4,5,No,
ORD01641,2025-10-14,Completed,C0594,New,45-54,Gyeonggi,Home,Storage Box Set,NeatHome,1,29000,12000,0.05,3000,Mobile Pay,2,4,No,
ORD01642,2025-03-18,Completed,C0772,New,55+,Gyeonggi,Pet,Pet Bed,ComfyPaws,1,47000,20000,0.05,3000,Card,2,4,No,
ORD01643,2025-10-13,Completed,C0785,New,18-24,Gangwon,Food,Gift Snack Box,HappyBox,4,33000,14000,0,3000,Virtual Account,3,4,No,
ORD01644,2025-05-02,Pending,C0766,New,45-54,Gwangju,Food,Coffee Bean 1kg,BeanRoot,1,32000,15000,0,0,Bank Transfer,,,No,
ORD01645,2025-03-03,Completed,C0723,New,55+,Gangwon,Home,Storage Box Set,NeatHome,3,29000,12000,0,0,Bank Transfer,9,4,No,
ORD01646,2025-02-07,Completed,C0790,New,18-24,Daegu,Fashion,Crossbody Bag,Morrow,2,43000,18000,0,3000,Virtual Account,3,5,No,
ORD01647,2025-02-09,Cancelled,C0481,VIP,25-34,Busan,Fashion,Canvas Sneakers,Walkon,3,59000,26000,0,0,Bank Transfer,,,No,
ORD01648,2025-10-20,Completed,C0688,Returning,45-54,Busan,Beauty,Hydrating Serum,PureLab,2,22000,9000,0,0,Bank Transfer,1,5,No,
ORD01649,2025-12-20,Completed,C0602,New,55+,Incheon,Home,Storage Box Set,NeatHome,3,29000,12000,0.1,0,Mobile Pay,2,4,No,
ORD01650,2025-07-12,Completed,C0181,VIP,55+,Gangwon,Pet,Cat Toy Bundle,PawJoy,3,19000,8000,0.05,3000,Virtual Account,6,4,No,
ORD01651,2025-10-11,Completed,C0473,VIP,25-34,Gwangju,Electronics,Bluetooth Speaker,Soundly,4,65000,31000,0,3000,Mobile Pay,3,5,No,
ORD01652,2025-11-25,Completed,C0498,New,25-34,Daegu,Electronics,Bluetooth Speaker,Soundly,2,65000,31000,0.25,3000,Mobile Pay,1,5,No,
ORD01653,2025-12-16,Completed,C0400,New,55+,Incheon,Home,Desk Lamp,Lumen,4,39000,16000,0,3000,Mobile Pay,2,5,No,
ORD01654,2025-06-16,Pending,C0548,New,55+,Gyeonggi,Pet,Pet Bed,ComfyPaws,1,47000,20000,0.15,0,Card,,,No,
ORD01655,2025-06-08,Completed,C0400,New,45-54,Incheon,Electronics,Smart Watch,Pulse,4,99000,47000,0,3000,Card,1,5,No,
ORD01656,2025-12-11,Pending,C0551,Returning,18-24,Gwangju,Home,Desk Lamp,Lumen,4,39000,16000,0,0,Virtual Account,,,No,
ORD01657,2025-08-03,Completed,C0015,Returning,25-34,Seoul,Home,Storage Box Set,NeatHome,2,29000,12000,0.25,3000,Virtual Account,2,5,No,
ORD01658,2025-07-28,Completed,C0265,New,18-24,Gangwon,Beauty,Hydrating Serum,PureLab,3,22000,9000,0,3000,Card,9,4,No,
ORD01659,2025-10-09,Completed,C0497,VIP,45-54,Daejeon,Home,Desk Lamp,Lumen,4,39000,16000,0,3000,Card,3,4,No,
ORD01660,2025-11-23,Completed,C0288,Returning,45-54,Seoul,Home,Cotton Towel Set,SoftDay,1,24000,10000,0.25,3000,Card,4,5,No,
ORD01661,2025-01-23,Completed,C0725,Returning,45-54,Daejeon,Food,Protein Bar Pack,FitBite,4,28000,12000,0,3000,Mobile Pay,3,4,No,
ORD01662,2025-08-19,Cancelled,C0654,VIP,25-34,Seoul,Home,Cotton Towel Set,SoftDay,4,24000,10000,0,0,Card,,,No,
ORD01663,2025-06-17,Completed,C0111,Returning,35-44,Gwangju,Electronics,Wireless Earbuds,Nova,4,49000,24000,0,3000,Virtual Account,2,4,No,
ORD01664,2025-06-25,Completed,C0198,Returning,55+,Daejeon,Electronics,Smart Watch,Pulse,2,99000,47000,0,3000,Card,4,5,No,
ORD01665,2025-12-29,Completed,C0186,New,25-34,Incheon,Electronics,Wireless Earbuds,Nova,3,49000,24000,0,3000,Mobile Pay,4,5,No,
ORD01666,2025-03-03,Completed,C0659,New,35-44,Gyeonggi,Beauty,Lip Tint,Mellow,4,14000,5000,0,0,Card,3,5,No,
ORD01667,2025-08-15,Completed,C0795,Returning,35-44,Seoul,Electronics,Wireless Earbuds,Nova,4,49000,24000,0.05,3000,Card,2,5,No,
ORD01668,2025-11-20,Completed,C0692,Returning,18-24,Gwangju,Food,Coffee Bean 1kg,BeanRoot,1,32000,15000,0,3000,Card,3,4,No,
ORD01669,2025-05-11,Completed,C0613,New,45-54,Gangwon,Food,Gift Snack Box,HappyBox,2,33000,14000,0,3000,Bank Transfer,9,4,No,
ORD01670,2025-04-19,Completed,C0498,New,45-54,Daejeon,Beauty,Hydrating Serum,PureLab,4,22000,9000,0.25,0,Card,1,5,No,
ORD01671,2025-03-10,Completed,C0534,New,35-44,Gangwon,Fashion,Canvas Sneakers,Walkon,2,59000,26000,0,0,Mobile Pay,4,4,No,
ORD01672,2025-09-23,Completed,C0785,Returning,25-34,Daejeon,Beauty,Sunscreen SPF50,Glow,2,18000,7000,0,3000,Bank Transfer,3,5,No,
ORD01673,2025-06-20,Completed,C0515,Returning,35-44,Incheon,Food,Gift Snack Box,HappyBox,2,33000,14000,0,3000,Mobile Pay,4,4,No,
ORD01674,2025-10-28,Completed,C0747,Returning,55+,Seoul,Electronics,Smart Watch,Pulse,3,99000,47000,0,3000,Bank Transfer,1,4,No,
ORD01675,2025-01-19,Completed,C0158,New,55+,Incheon,Electronics,Bluetooth Speaker,Soundly,2,65000,31000,0.1,3000,Virtual Account,3,4,No,
ORD01676,2025-08-26,Cancelled,C0018,New,55+,Gwangju,Electronics,Smart Watch,Pulse,2,99000,47000,0,0,Mobile Pay,,,No,
ORD01677,2025-09-20,Completed,C0794,Returning,55+,Daejeon,Fashion,Canvas Sneakers,Walkon,2,59000,26000,0,3000,Virtual Account,5,5,No,
ORD01678,2025-04-06,Cancelled,C0756,New,25-34,Gwangju,Food,Gift Snack Box,HappyBox,3,33000,14000,0,0,Mobile Pay,,,No,
ORD01679,2025-10-12,Completed,C0802,New,35-44,Jeju,Food,Protein Bar Pack,FitBite,4,28000,12000,0,3000,Virtual Account,6,3,No,
ORD01680,2025-07-21,Completed,C0036,Returning,55+,Incheon,Food,Gift Snack Box,HappyBox,4,33000,14000,0,3000,Bank Transfer,2,5,No,
ORD01681,2025-06-29,Completed,C0045,Returning,35-44,Daegu,Beauty,Hydrating Serum,PureLab,4,22000,9000,0,3000,Virtual Account,1,5,No,
ORD01682,2025-06-05,Completed,C0668,VIP,45-54,Daejeon,Home,Desk Lamp,Lumen,1,39000,16000,0,3000,Mobile Pay,1,5,No,
ORD01683,2025-10-29,Completed,C0781,New,55+,Gangwon,Pet,Dog Treats 1kg,Barkly,4,25000,11000,0,3000,Mobile Pay,9,4,No,
ORD01684,2025-06-19,Completed,C0181,Returning,55+,Jeju,Home,Desk Lamp,Lumen,3,39000,16000,0,3000,Card,4,4,No,
ORD01685,2025-11-08,Completed,C0242,New,18-24,Seoul,Food,Protein Bar Pack,FitBite,4,28000,12000,0,3000,Mobile Pay,1,5,No,
ORD01686,2025-07-12,Completed,C0670,Returning,25-34,Seoul,Electronics,Smart Watch,Pulse,1,99000,47000,0.15,0,Card,4,5,No,
ORD01687,2025-07-16,Completed,C0546,Returning,55+,Incheon,Electronics,Wireless Earbuds,Nova,4,49000,24000,0,3000,Bank Transfer,1,5,No,
ORD01688,2025-09-10,Completed,C0114,New,18-24,Busan,Beauty,Hydrating Serum,PureLab,3,22000,9000,0,3000,Mobile Pay,2,5,No,
ORD01689,2025-11-04,Completed,C0521,Returning,18-24,Daegu,Home,Storage Box Set,NeatHome,1,29000,12000,0,0,Bank Transfer,4,5,No,
ORD01690,2025-12-02,Completed,C0061,New,25-34,Jeju,Food,Protein Bar Pack,FitBite,4,28000,12000,0,3000,Mobile Pay,5,4,No,
ORD01691,2025-07-23,Completed,C0602,Returning,25-34,Busan,Fashion,Canvas Sneakers,Walkon,4,59000,26000,0,3000,Bank Transfer,5,5,No,
ORD01692,2025-02-08,Cancelled,C0060,Returning,55+,Daejeon,Electronics,Smart Watch,Pulse,3,99000,47000,0.05,0,Bank Transfer,,,No,
ORD01693,2025-05-18,Completed,C0376,Returning,25-34,Gyeonggi,Food,Protein Bar Pack,FitBite,4,28000,12000,0,3000,Mobile Pay,4,5,No,
ORD01694,2025-12-28,Completed,C0615,VIP,45-54,Daegu,Electronics,Bluetooth Speaker,Soundly,1,65000,31000,0,3000,Bank Transfer,3,4,No,
ORD01695,2025-12-14,Pending,C0051,Returning,18-24,Gwangju,Home,Desk Lamp,Lumen,4,39000,16000,0.15,0,Virtual Account,,,No,
ORD01696,2025-01-12,Completed,C0361,New,45-54,Daejeon,Fashion,Canvas Sneakers,Walkon,4,59000,26000,0,0,Mobile Pay,3,4,No,
ORD01697,2025-08-11,Completed,C0415,Returning,35-44,Gangwon,Home,Storage Box Set,NeatHome,3,29000,12000,0.25,3000,Card,9,4,No,
ORD01698,2025-08-18,Completed,C0166,VIP,45-54,Gangwon,Food,Coffee Bean 1kg,BeanRoot,3,32000,15000,0,3000,Mobile Pay,3,4,No,
ORD01699,2025-07-31,Completed,C0319,Returning,35-44,Daegu,Electronics,Smart Watch,Pulse,2,99000,47000,0,0,Mobile Pay,1,5,No,
ORD01700,2025-03-26,Completed,C0569,VIP,45-54,Gangwon,Food,Gift Snack Box,HappyBox,3,33000,14000,0,3000,Mobile Pay,8,3,No,
ORD01701,2025-01-28,Completed,C0761,Returning,45-54,Daejeon,Food,Coffee Bean 1kg,BeanRoot,3,32000,15000,0,3000,Card,1,4,No,
ORD01702,2025-08-31,Completed,C0415,New,35-44,Jeju,Beauty,Lip Tint,Mellow,1,14000,5000,0.25,3000,Card,9,4,No,
ORD01703,2025-05-17,Completed,C0825,VIP,55+,Jeju,Pet,Dog Treats 1kg,Barkly,4,25000,11000,0,0,Virtual Account,5,5,No,
ORD01704,2025-09-06,Completed,C0138,New,45-54,Seoul,Fashion,Crossbody Bag,Morrow,1,43000,18000,0,0,Virtual Account,2,4,No,
ORD01705,2025-08-16,Completed,C0016,New,25-34,Gwangju,Home,Storage Box Set,NeatHome,1,29000,12000,0,3000,Card,5,,No,
ORD01706,2025-04-11,Completed,C0805,Returning,25-34,Gwangju,Beauty,Hydrating Serum,PureLab,3,22000,9000,0,3000,Virtual Account,5,5,No,
ORD01707,2025-01-12,Completed,C0758,Returning,18-24,Daegu,Food,Gift Snack Box,HappyBox,2,33000,14000,0.2,3000,Bank Transfer,5,5,No,
ORD01708,2025-08-03,Completed,C0557,Returning,18-24,Daegu,Electronics,Bluetooth Speaker,Soundly,4,65000,31000,0,3000,Bank Transfer,5,5,No,
ORD01709,2025-03-15,Completed,C0451,New,45-54,Busan,Beauty,Hydrating Serum,PureLab,3,22000,9000,0,3000,Card,5,5,No,
ORD01710,2025-07-12,Pending,C0166,New,18-24,Seoul,Food,Gift Snack Box,HappyBox,3,33000,14000,0.05,0,Bank Transfer,,,No,
ORD01711,2025-09-28,Completed,C0319,VIP,35-44,Gyeonggi,Electronics,Bluetooth Speaker,Soundly,1,65000,31000,0.15,0,Mobile Pay,5,5,No,
ORD01712,2025-06-28,Completed,C0087,VIP,18-24,Seoul,Electronics,Smart Watch,Pulse,1,99000,47000,0.1,3000,Virtual Account,3,4,No,
ORD01713,2025-01-23,Completed,C0715,VIP,45-54,Seoul,Fashion,Crossbody Bag,Morrow,4,43000,18000,0,3000,Virtual Account,5,5,No,
ORD01714,2025-09-17,Completed,C0065,Returning,35-44,Gyeonggi,Pet,Dog Treats 1kg,Barkly,2,25000,11000,0,3000,Card,1,4,No,
ORD01715,2025-05-03,Pending,C0514,Returning,55+,Jeju,Pet,Pet Bed,ComfyPaws,2,47000,20000,0,0,Bank Transfer,,,No,
ORD01716,2025-06-23,Completed,C0274,Returning,45-54,Seoul,Food,Protein Bar Pack,FitBite,4,28000,12000,0,3000,Card,3,4,No,
ORD01717,2025-01-29,Completed,C0346,VIP,55+,Daejeon,Beauty,Lip Tint,Mellow,4,14000,5000,0,3000,Card,4,5,No,
ORD01718,2025-07-07,Completed,C0060,Returning,45-54,Incheon,Home,Storage Box Set,NeatHome,3,29000,12000,0,0,Bank Transfer,5,4,Yes,Late delivery
ORD01719,2025-08-04,Completed,C0018,New,18-24,Jeju,Electronics,Smart Watch,Pulse,3,99000,47000,0,3000,Mobile Pay,5,4,No,
ORD01720,2025-12-27,Completed,C0090,Returning,35-44,Daejeon,Home,Desk Lamp,Lumen,4,39000,16000,0.2,3000,Bank Transfer,1,5,No,
ORD01721,2025-06-21,Completed,C0636,VIP,55+,Incheon,Beauty,Hydrating Serum,PureLab,4,22000,9000,0,3000,Card,5,5,No,
ORD01722,2025-12-07,Completed,C0686,VIP,35-44,Gangwon,Food,Protein Bar Pack,FitBite,3,28000,12000,0,3000,Bank Transfer,3,5,No,
ORD01723,2025-04-10,Completed,C0806,Returning,35-44,Gwangju,Home,Cotton Towel Set,SoftDay,4,24000,10000,0,3000,Bank Transfer,3,4,No,
ORD01724,2025-10-10,Completed,C0571,Returning,55+,Daejeon,Fashion,Oversized Hoodie,Northline,3,45000,21000,0.25,0,Mobile Pay,2,4,No,
ORD01725,2025-11-04,Completed,C0251,New,35-44,Seoul,Beauty,Sunscreen SPF50,Glow,2,18000,7000,0,3000,Virtual Account,5,4,No,
ORD01726,2025-07-16,Completed,C0668,New,55+,Seoul,Food,Protein Bar Pack,FitBite,1,28000,12000,0,3000,Virtual Account,5,5,No,
ORD01727,2025-11-14,Completed,C0402,Returning,55+,Jeju,Electronics,Smart Watch,Pulse,3,99000,47000,0.1,0,Bank Transfer,9,3,Yes,Damaged item
ORD01728,2025-01-13,Completed,C0583,Returning,45-54,Incheon,Food,Coffee Bean 1kg,BeanRoot,3,32000,15000,0,3000,Bank Transfer,5,4,No,
ORD01729,2025-01-21,Cancelled,C0378,New,18-24,Seoul,Food,Protein Bar Pack,FitBite,3,28000,12000,0.25,0,Virtual Account,,,No,
ORD01730,2025-03-26,Completed,C0320,New,35-44,Seoul,Food,Protein Bar Pack,FitBite,3,28000,12000,0,3000,Card,5,5,No,
ORD01731,2025-01-02,Pending,C0326,New,25-34,Daegu,Beauty,Sunscreen SPF50,Glow,2,18000,7000,0,0,Mobile Pay,,,No,
ORD01732,2025-05-02,Completed,C0072,Returning,55+,Jeju,Food,Gift Snack Box,HappyBox,4,33000,14000,0,0,Virtual Account,5,5,No,
ORD01733,2025-10-08,Completed,C0683,New,45-54,Jeju,Beauty,Sunscreen SPF50,Glow,1,18000,7000,0,3000,Mobile Pay,4,4,No,
ORD01734,2025-11-14,Completed,C0270,VIP,25-34,Daegu,Food,Gift Snack Box,HappyBox,3,33000,14000,0,0,Bank Transfer,1,4,No,
ORD01735,2025-11-24,Completed,C0676,New,25-34,Gangwon,Food,Protein Bar Pack,FitBite,2,28000,12000,0.1,3000,Mobile Pay,3,3,Yes,Late delivery
ORD01736,2025-05-25,Completed,C0009,VIP,55+,Incheon,Home,Cotton Towel Set,SoftDay,4,24000,10000,0,3000,Mobile Pay,2,3,Yes,Late delivery
ORD01737,2025-05-26,Completed,C0681,Returning,18-24,Jeju,Beauty,Sunscreen SPF50,Glow,4,18000,7000,0.15,0,Bank Transfer,9,3,No,
ORD01738,2025-06-17,Completed,C0290,VIP,45-54,Gyeonggi,Home,Cotton Towel Set,SoftDay,3,24000,10000,0.2,3000,Card,4,5,No,
ORD01739,2025-02-19,Completed,C0788,New,45-54,Daejeon,Food,Protein Bar Pack,FitBite,1,28000,12000,0,3000,Virtual Account,4,5,No,
ORD01740,2025-08-16,Completed,C0143,New,45-54,Gyeonggi,Pet,Cat Toy Bundle,PawJoy,1,19000,8000,0.05,3000,Mobile Pay,2,4,No,
ORD01741,2025-12-08,Completed,C0600,Returning,25-34,Gyeonggi,Home,Desk Lamp,Lumen,4,39000,16000,0,3000,Virtual Account,2,4,No,
ORD01742,2025-01-03,Completed,C0582,New,45-54,Seoul,Home,Cotton Towel Set,SoftDay,3,24000,10000,0.05,3000,Mobile Pay,2,4,No,
ORD01743,2025-12-29,Completed,C0472,New,45-54,Incheon,Fashion,Crossbody Bag,Morrow,1,43000,18000,0,3000,Bank Transfer,5,3,Yes,Wrong size
ORD01744,2025-11-05,Completed,C0365,New,45-54,Gyeonggi,Home,Desk Lamp,Lumen,1,39000,16000,0.25,3000,Card,2,4,No,
ORD01745,2025-06-14,Completed,C0268,Returning,35-44,Daejeon,Fashion,Crossbody Bag,Morrow,3,43000,18000,0.05,3000,Card,4,4,No,
ORD01746,2025-05-02,Completed,C0415,Returning,45-54,Incheon,Pet,Dog Treats 1kg,Barkly,4,25000,11000,0,3000,Mobile Pay,2,4,No,
ORD01747,2025-08-14,Completed,C0279,Returning,25-34,Gwangju,Beauty,Sunscreen SPF50,Glow,3,18000,7000,0.15,0,Card,5,4,No,
ORD01748,2025-10-10,Cancelled,C0295,New,45-54,Jeju,Fashion,Canvas Sneakers,Walkon,1,59000,26000,0,0,Bank Transfer,,,No,
ORD01749,2025-02-05,Completed,C0703,New,45-54,Seoul,Electronics,Smart Watch,Pulse,2,99000,47000,0,3000,Bank Transfer,1,4,No,
ORD01750,2025-12-30,Completed,C0255,Returning,25-34,Incheon,Electronics,Smart Watch,Pulse,3,99000,47000,0.2,0,Virtual Account,1,5,No,
ORD01751,2025-02-01,Completed,C0330,New,25-34,Busan,Fashion,Crossbody Bag,Morrow,3,43000,18000,0.15,3000,Virtual Account,1,5,No,
ORD01752,2025-05-27,Pending,C0390,VIP,55+,Gangwon,Pet,Dog Treats 1kg,Barkly,2,25000,11000,0,0,Mobile Pay,,,No,
ORD01753,2025-08-18,Completed,C0436,Returning,35-44,Daejeon,Electronics,Wireless Earbuds,Nova,4,49000,24000,0.15,3000,Card,5,4,No,
ORD01754,2025-03-20,Completed,C0436,Returning,45-54,Seoul,Beauty,Hydrating Serum,PureLab,2,22000,9000,0.15,3000,Virtual Account,1,5,No,
ORD01755,2025-10-05,Completed,C0185,Returning,18-24,Gangwon,Electronics,Bluetooth Speaker,Soundly,4,65000,31000,0,3000,Virtual Account,5,4,No,
ORD01756,2025-03-01,Completed,C0594,VIP,55+,Gangwon,Home,Cotton Towel Set,SoftDay,3,24000,10000,0,3000,Mobile Pay,2,5,No,
ORD01757,2025-04-23,Completed,C0130,New,25-34,Incheon,Pet,Dog Treats 1kg,Barkly,4,25000,11000,0.05,3000,Mobile Pay,5,5,No,
ORD01758,2025-09-20,Completed,C0755,Returning,45-54,Gangwon,Home,Storage Box Set,NeatHome,1,29000,12000,0,0,Card,5,4,No,
ORD01759,2025-04-22,Completed,C0576,Returning,35-44,Gwangju,Pet,Cat Toy Bundle,PawJoy,1,19000,8000,0,0,Mobile Pay,5,4,No,
ORD01760,2025-04-18,Completed,C0302,Returning,25-34,Gwangju,Home,Cotton Towel Set,SoftDay,1,24000,10000,0,3000,Mobile Pay,5,5,No,
ORD01761,2025-10-22,Cancelled,C0061,New,35-44,Daejeon,Fashion,Crossbody Bag,Morrow,2,43000,18000,0.2,0,Virtual Account,,,No,
ORD01762,2025-01-03,Cancelled,C0329,VIP,55+,Seoul,Electronics,Bluetooth Speaker,Soundly,1,65000,31000,0,0,Bank Transfer,,,No,
ORD01763,2025-07-04,Completed,C0831,New,18-24,Seoul,Home,Desk Lamp,Lumen,1,39000,16000,0.15,3000,Card,3,5,No,
ORD01764,2025-12-02,Completed,C0259,New,18-24,Busan,Electronics,Smart Watch,Pulse,2,99000,47000,0,3000,Card,3,4,No,
ORD01765,2025-02-21,Completed,C0057,Returning,25-34,Gwangju,Fashion,Oversized Hoodie,Northline,4,45000,21000,0,3000,Card,5,5,No,
ORD01766,2025-03-24,Completed,C0193,Returning,25-34,Daegu,Beauty,Hydrating Serum,PureLab,4,22000,9000,0,3000,Card,3,4,No,
ORD01767,2025-07-08,Completed,C0202,Returning,55+,Daejeon,Fashion,Canvas Sneakers,Walkon,2,59000,26000,0,3000,Card,1,3,Yes,Different from description
ORD01768,2025-12-02,Completed,C0572,New,45-54,Gyeonggi,Food,Coffee Bean 1kg,BeanRoot,3,32000,15000,0.25,3000,Card,1,5,No,
ORD01769,2025-11-07,Completed,C0033,New,35-44,Daejeon,Home,Storage Box Set,NeatHome,2,29000,12000,0.25,3000,Bank Transfer,5,5,No,
ORD01770,2025-08-25,Completed,C0835,New,35-44,Jeju,Electronics,Bluetooth Speaker,Soundly,2,65000,31000,0.05,3000,Card,9,4,No,
ORD01771,2025-04-26,Completed,C0663,New,25-34,Gwangju,Home,Desk Lamp,Lumen,3,39000,16000,0,3000,Card,2,5,No,
ORD01772,2025-11-07,Completed,C0317,Returning,18-24,Incheon,Beauty,Sunscreen SPF50,Glow,4,18000,7000,0,3000,Mobile Pay,3,5,No,
ORD01773,2025-08-24,Completed,C0375,Returning,35-44,Gangwon,Food,Protein Bar Pack,FitBite,1,28000,12000,0,3000,Bank Transfer,1,,No,
ORD01774,2025-03-03,Completed,C0013,Returning,45-54,Gangwon,Food,Protein Bar Pack,FitBite,2,28000,12000,0,3000,Card,1,5,No,
ORD01775,2025-07-29,Completed,C0788,Returning,18-24,Busan,Pet,Dog Treats 1kg,Barkly,3,25000,11000,0,3000,Mobile Pay,4,4,No,
ORD01776,2025-03-21,Completed,C0256,Returning,25-34,Incheon,Pet,Dog Treats 1kg,Barkly,3,25000,11000,0,0,Virtual Account,2,4,No,
ORD01777,2025-08-05,Completed,C0530,Returning,35-44,Gyeonggi,Home,Storage Box Set,NeatHome,3,29000,12000,0,3000,Bank Transfer,3,5,No,
ORD01778,2025-06-21,Completed,C0143,New,18-24,Incheon,Home,Cotton Towel Set,SoftDay,3,24000,10000,0,3000,Bank Transfer,5,,No,
ORD01779,2025-05-23,Completed,C0728,New,25-34,Jeju,Home,Storage Box Set,NeatHome,1,29000,12000,0.15,3000,Mobile Pay,5,5,No,
ORD01780,2025-11-03,Completed,C0633,New,45-54,Gangwon,Electronics,Wireless Earbuds,Nova,1,49000,24000,0,3000,Card,4,5,No,
ORD01781,2025-08-25,Completed,C0512,Returning,55+,Jeju,Home,Cotton Towel Set,SoftDay,4,24000,10000,0.2,3000,Mobile Pay,7,4,No,
ORD01782,2025-04-11,Pending,C0231,Returning,18-24,Seoul,Beauty,Sunscreen SPF50,Glow,3,18000,7000,0,0,Card,,,No,
ORD01783,2025-09-19,Completed,C0763,Returning,18-24,Busan,Beauty,Hydrating Serum,PureLab,2,22000,9000,0,0,Bank Transfer,5,4,No,
ORD01784,2025-07-16,Completed,C0594,New,55+,Incheon,Home,Storage Box Set,NeatHome,3,29000,12000,0.05,3000,Card,5,5,No,
ORD01785,2025-11-09,Completed,C0338,New,18-24,Daegu,Electronics,Smart Watch,Pulse,3,99000,47000,0,3000,Bank Transfer,3,3,Yes,Changed mind
ORD01786,2025-11-17,Completed,C0629,Returning,45-54,Gwangju,Electronics,Smart Watch,Pulse,2,99000,47000,0,3000,Card,1,5,No,
ORD01787,2025-05-15,Completed,C0440,Returning,18-24,Daegu,Fashion,Crossbody Bag,Morrow,3,43000,18000,0.05,3000,Bank Transfer,1,4,Yes,Wrong size
ORD01788,2025-11-23,Completed,C0381,Returning,35-44,Gwangju,Electronics,Wireless Earbuds,Nova,1,49000,24000,0.05,0,Card,5,5,No,
ORD01789,2025-08-05,Completed,C0179,VIP,25-34,Seoul,Beauty,Sunscreen SPF50,Glow,1,18000,7000,0,3000,Mobile Pay,5,5,No,
ORD01790,2025-10-02,Completed,C0793,New,18-24,Gangwon,Electronics,Smart Watch,Pulse,1,99000,47000,0,0,Card,1,4,No,
ORD01791,2025-05-16,Completed,C0244,Returning,45-54,Gwangju,Electronics,Bluetooth Speaker,Soundly,3,65000,31000,0,3000,Card,2,5,No,
ORD01792,2025-06-20,Completed,C0193,New,25-34,Incheon,Pet,Cat Toy Bundle,PawJoy,3,19000,8000,0,0,Virtual Account,4,5,No,
ORD01793,2025-07-11,Completed,C0372,New,18-24,Daegu,Fashion,Crossbody Bag,Morrow,4,43000,18000,0,3000,Mobile Pay,2,5,No,
ORD01794,2025-12-01,Completed,C0081,New,55+,Incheon,Home,Desk Lamp,Lumen,4,39000,16000,0,0,Card,2,4,No,
ORD01795,2025-03-01,Completed,C0580,New,18-24,Daegu,Pet,Dog Treats 1kg,Barkly,4,25000,11000,0.2,3000,Bank Transfer,2,5,No,
ORD01796,2025-10-01,Completed,C0207,Returning,55+,Seoul,Fashion,Canvas Sneakers,Walkon,1,59000,26000,0,3000,Bank Transfer,4,4,No,
ORD01797,2025-09-06,Completed,C0329,New,25-34,Incheon,Pet,Dog Treats 1kg,Barkly,4,25000,11000,0,0,Virtual Account,3,4,No,
ORD01798,2025-06-02,Completed,C0629,New,55+,Gangwon,Home,Desk Lamp,Lumen,2,39000,16000,0,0,Bank Transfer,5,5,No,
ORD01799,2025-12-12,Completed,C0092,New,35-44,Busan,Electronics,Wireless Earbuds,Nova,2,49000,24000,0,0,Bank Transfer,1,4,No,
ORD01800,2025-11-16,Completed,C0302,Returning,18-24,Jeju,Home,Cotton Towel Set,SoftDay,4,24000,10000,0,3000,Bank Transfer,2,5,No,
ORD01801,2025-04-29,Completed,C0615,New,55+,Gangwon,Beauty,Hydrating Serum,PureLab,3,22000,9000,0,3000,Mobile Pay,6,4,No,
ORD01802,2025-07-11,Cancelled,C0009,New,45-54,Gyeonggi,Home,Storage Box Set,NeatHome,1,29000,12000,0,0,Virtual Account,,,No,
ORD01803,2025-11-04,Cancelled,C0822,Returning,35-44,Busan,Electronics,Wireless Earbuds,Nova,3,49000,24000,0,0,Card,,,No,
ORD01804,2025-02-24,Completed,C0562,New,18-24,Busan,Food,Coffee Bean 1kg,BeanRoot,3,32000,15000,0,0,Mobile Pay,1,5,No,
ORD01805,2025-11-30,Cancelled,C0815,VIP,45-54,Gwangju,Food,Coffee Bean 1kg,BeanRoot,3,32000,15000,0.25,0,Mobile Pay,,,No,
ORD01806,2025-07-30,Completed,C0025,Returning,25-34,Busan,Electronics,Wireless Earbuds,Nova,3,49000,24000,0,3000,Virtual Account,1,4,No,
ORD01807,2025-11-16,Completed,C0691,New,55+,Busan,Food,Protein Bar Pack,FitBite,1,28000,12000,0,3000,Card,2,5,No,
ORD01808,2025-07-14,Pending,C0532,Returning,55+,Seoul,Fashion,Canvas Sneakers,Walkon,3,59000,26000,0,0,Virtual Account,,,No,
ORD01809,2025-05-15,Completed,C0503,VIP,55+,Gyeonggi,Home,Cotton Towel Set,SoftDay,2,24000,10000,0,0,Card,3,,No,
ORD01810,2025-04-23,Completed,C0242,New,55+,Gwangju,Home,Desk Lamp,Lumen,3,39000,16000,0.05,0,Mobile Pay,4,4,No,
ORD01811,2025-08-24,Completed,C0164,Returning,18-24,Incheon,Pet,Pet Bed,ComfyPaws,2,47000,20000,0,3000,Mobile Pay,4,4,No,
ORD01812,2025-03-15,Completed,C0560,Returning,25-34,Seoul,Electronics,Bluetooth Speaker,Soundly,4,65000,31000,0,0,Bank Transfer,5,4,No,
ORD01813,2025-12-25,Completed,C0557,New,45-54,Daejeon,Home,Desk Lamp,Lumen,3,39000,16000,0.25,3000,Card,2,5,No,
ORD01814,2025-07-17,Completed,C0395,VIP,55+,Busan,Home,Cotton Towel Set,SoftDay,4,24000,10000,0,3000,Virtual Account,3,5,No,
ORD01815,2025-11-13,Completed,C0479,Returning,25-34,Gwangju,Food,Protein Bar Pack,FitBite,1,28000,12000,0.25,3000,Card,4,4,No,
ORD01816,2025-02-12,Completed,C0132,Returning,45-54,Daegu,Pet,Pet Bed,ComfyPaws,2,47000,20000,0,3000,Mobile Pay,1,4,No,
ORD01817,2025-04-30,Completed,C0071,New,35-44,Seoul,Pet,Dog Treats 1kg,Barkly,1,25000,11000,0,0,Bank Transfer,3,5,No,
ORD01818,2025-02-16,Completed,C0787,VIP,18-24,Incheon,Food,Protein Bar Pack,FitBite,1,28000,12000,0,3000,Virtual Account,3,4,No,
ORD01819,2025-03-15,Completed,C0233,VIP,55+,Daejeon,Food,Coffee Bean 1kg,BeanRoot,3,32000,15000,0,3000,Card,4,4,No,
ORD01820,2025-09-06,Completed,C0160,Returning,55+,Seoul,Home,Desk Lamp,Lumen,4,39000,16000,0,3000,Bank Transfer,3,4,No,
ORD01821,2025-11-16,Completed,C0442,Returning,18-24,Daejeon,Food,Gift Snack Box,HappyBox,3,33000,14000,0,3000,Card,3,4,No,
ORD01822,2025-04-22,Completed,C0271,Returning,55+,Gyeonggi,Fashion,Oversized Hoodie,Northline,2,45000,21000,0,3000,Mobile Pay,4,5,No,
ORD01823,2025-03-29,Completed,C0036,Returning,25-34,Gwangju,Home,Storage Box Set,NeatHome,4,29000,12000,0.2,3000,Mobile Pay,4,5,No,
ORD01824,2025-02-11,Completed,C0554,Returning,45-54,Incheon,Food,Coffee Bean 1kg,BeanRoot,4,32000,15000,0,3000,Mobile Pay,4,5,No,
ORD01825,2025-07-14,Completed,C0648,Returning,35-44,Daegu,Food,Protein Bar Pack,FitBite,1,28000,12000,0.1,0,Bank Transfer,4,5,No,
ORD01826,2025-04-20,Completed,C0745,New,25-34,Daegu,Beauty,Sunscreen SPF50,Glow,2,18000,7000,0,0,Mobile Pay,1,4,No,
ORD01827,2025-12-28,Completed,C0322,Returning,18-24,Daegu,Electronics,Wireless Earbuds,Nova,4,49000,24000,0.1,3000,Mobile Pay,1,4,No,
ORD01828,2025-06-20,Completed,C0695,New,25-34,Jeju,Home,Storage Box Set,NeatHome,1,29000,12000,0.05,3000,Bank Transfer,6,4,No,
ORD01829,2025-08-28,Completed,C0140,Returning,45-54,Jeju,Food,Coffee Bean 1kg,BeanRoot,4,32000,15000,0,0,Card,2,5,No,
ORD01830,2025-01-15,Completed,C0348,Returning,25-34,Gangwon,Electronics,Bluetooth Speaker,Soundly,3,65000,31000,0.15,0,Virtual Account,2,5,No,
ORD01831,2025-03-09,Completed,C0786,New,18-24,Seoul,Pet,Cat Toy Bundle,PawJoy,3,19000,8000,0,0,Bank Transfer,1,5,No,
ORD01832,2025-03-25,Completed,C0732,VIP,45-54,Incheon,Home,Storage Box Set,NeatHome,4,29000,12000,0,0,Virtual Account,1,4,No,
ORD01833,2025-09-26,Completed,C0612,VIP,18-24,Daegu,Home,Storage Box Set,NeatHome,3,29000,12000,0,3000,Bank Transfer,1,5,No,
ORD01834,2025-04-11,Completed,C0374,New,18-24,Gangwon,Pet,Pet Bed,ComfyPaws,1,47000,20000,0.1,0,Virtual Account,5,4,No,
ORD01835,2025-12-14,Completed,C0438,New,55+,Busan,Food,Coffee Bean 1kg,BeanRoot,1,32000,15000,0.2,3000,Card,4,5,No,
ORD01836,2025-10-25,Completed,C0200,Returning,18-24,Gangwon,Food,Coffee Bean 1kg,BeanRoot,4,32000,15000,0,3000,Virtual Account,7,4,No,
ORD01837,2025-01-08,Completed,C0571,New,45-54,Daejeon,Food,Protein Bar Pack,FitBite,3,28000,12000,0,0,Mobile Pay,4,4,No,
ORD01838,2025-07-21,Completed,C0063,VIP,35-44,Daegu,Fashion,Crossbody Bag,Morrow,4,43000,18000,0.15,0,Bank Transfer,3,,No,
ORD01839,2025-11-27,Completed,C0261,VIP,18-24,Gangwon,Home,Storage Box Set,NeatHome,4,29000,12000,0,0,Card,2,5,No,
ORD01840,2025-01-01,Completed,C0248,Returning,25-34,Incheon,Food,Gift Snack Box,HappyBox,3,33000,14000,0,3000,Card,4,4,No,
ORD01841,2025-05-29,Completed,C0493,New,35-44,Busan,Food,Protein Bar Pack,FitBite,3,28000,12000,0,0,Bank Transfer,4,4,No,
ORD01842,2025-05-26,Completed,C0298,New,35-44,Gyeonggi,Pet,Pet Bed,ComfyPaws,2,47000,20000,0,3000,Virtual Account,4,4,No,
ORD01843,2025-08-22,Completed,C0223,Returning,55+,Daejeon,Electronics,Wireless Earbuds,Nova,3,49000,24000,0,3000,Card,3,5,No,
ORD01844,2025-03-18,Completed,C0463,VIP,18-24,Seoul,Electronics,Wireless Earbuds,Nova,1,49000,24000,0,0,Bank Transfer,5,5,No,
ORD01845,2025-09-13,Cancelled,C0291,New,45-54,Gangwon,Pet,Dog Treats 1kg,Barkly,3,25000,11000,0,0,Virtual Account,,,No,
ORD01846,2025-05-11,Completed,C0624,New,45-54,Jeju,Electronics,Wireless Earbuds,Nova,4,49000,24000,0.25,3000,Mobile Pay,1,5,No,
ORD01847,2025-04-19,Completed,C0183,New,45-54,Incheon,Home,Desk Lamp,Lumen,2,39000,16000,0,0,Bank Transfer,4,5,No,
ORD01848,2025-01-18,Completed,C0678,Returning,55+,Busan,Pet,Dog Treats 1kg,Barkly,2,25000,11000,0.1,0,Virtual Account,3,5,No,
ORD01849,2025-10-15,Completed,C0744,VIP,35-44,Gangwon,Fashion,Canvas Sneakers,Walkon,4,59000,26000,0,3000,Mobile Pay,8,,Yes,Damaged item
ORD01850,2025-05-23,Completed,C0574,Returning,25-34,Busan,Pet,Pet Bed,ComfyPaws,3,47000,20000,0,3000,Bank Transfer,3,4,No,
ORD01851,2025-04-05,Cancelled,C0733,Returning,35-44,Seoul,Food,Gift Snack Box,HappyBox,1,33000,14000,0,0,Card,,,No,
ORD01852,2025-04-22,Completed,C0592,New,18-24,Daegu,Pet,Dog Treats 1kg,Barkly,2,25000,11000,0,3000,Bank Transfer,1,5,No,
ORD01853,2025-08-28,Completed,C0680,Returning,18-24,Incheon,Electronics,Smart Watch,Pulse,3,99000,47000,0,0,Mobile Pay,5,4,No,
ORD01854,2025-12-11,Completed,C0438,VIP,45-54,Daegu,Electronics,Wireless Earbuds,Nova,2,49000,24000,0,0,Bank Transfer,5,,No,
ORD01855,2025-06-11,Completed,C0749,Returning,18-24,Daegu,Food,Protein Bar Pack,FitBite,3,28000,12000,0,3000,Card,4,4,No,
ORD01856,2025-04-13,Completed,C0345,Returning,25-34,Busan,Pet,Pet Bed,ComfyPaws,2,47000,20000,0,3000,Mobile Pay,4,3,Yes,Wrong size
ORD01857,2025-06-15,Completed,C0261,Returning,18-24,Daejeon,Fashion,Canvas Sneakers,Walkon,4,59000,26000,0,3000,Virtual Account,1,5,No,
ORD01858,2025-07-23,Completed,C0312,Returning,18-24,Busan,Home,Cotton Towel Set,SoftDay,3,24000,10000,0.2,0,Bank Transfer,5,4,No,
ORD01859,2025-03-18,Cancelled,C0373,VIP,45-54,Busan,Pet,Pet Bed,ComfyPaws,4,47000,20000,0.2,0,Card,,,No,
ORD01860,2025-10-02,Completed,C0415,VIP,45-54,Gangwon,Electronics,Wireless Earbuds,Nova,4,49000,24000,0,3000,Card,8,4,No,
ORD01861,2025-11-13,Completed,C0504,Returning,45-54,Jeju,Food,Coffee Bean 1kg,BeanRoot,1,32000,15000,0.25,3000,Bank Transfer,8,4,No,
ORD01862,2025-12-06,Completed,C0657,Returning,45-54,Gwangju,Food,Protein Bar Pack,FitBite,3,28000,12000,0.15,0,Card,3,,No,
ORD01863,2025-09-12,Completed,C0152,Returning,45-54,Daejeon,Pet,Pet Bed,ComfyPaws,4,47000,20000,0.2,3000,Mobile Pay,2,5,No,
ORD01864,2025-09-13,Completed,C0165,New,55+,Jeju,Beauty,Hydrating Serum,PureLab,1,22000,9000,0.1,0,Mobile Pay,3,4,No,
ORD01865,2025-06-12,Completed,C0476,New,18-24,Daegu,Pet,Pet Bed,ComfyPaws,2,47000,20000,0,3000,Virtual Account,4,5,No,
ORD01866,2025-07-14,Completed,C0234,Returning,45-54,Incheon,Pet,Cat Toy Bundle,PawJoy,4,19000,8000,0,0,Virtual Account,2,4,No,
ORD01867,2025-01-18,Completed,C0135,New,55+,Gyeonggi,Food,Gift Snack Box,HappyBox,1,33000,14000,0.1,3000,Bank Transfer,5,4,No,
ORD01868,2025-10-01,Completed,C0534,New,18-24,Gangwon,Beauty,Hydrating Serum,PureLab,3,22000,9000,0.1,3000,Virtual Account,1,4,No,
ORD01869,2025-05-24,Cancelled,C0505,New,25-34,Daegu,Fashion,Oversized Hoodie,Northline,3,45000,21000,0,0,Mobile Pay,,,No,
ORD01870,2025-09-01,Pending,C0750,Returning,55+,Gwangju,Food,Coffee Bean 1kg,BeanRoot,4,32000,15000,0.25,0,Bank Transfer,,,No,
ORD01871,2025-08-10,Completed,C0431,Returning,55+,Gyeonggi,Food,Gift Snack Box,HappyBox,4,33000,14000,0,3000,Virtual Account,5,5,No,
ORD01872,2025-11-12,Completed,C0074,New,45-54,Gwangju,Pet,Cat Toy Bundle,PawJoy,1,19000,8000,0.2,0,Bank Transfer,3,5,No,
ORD01873,2025-10-10,Completed,C0644,VIP,35-44,Seoul,Home,Cotton Towel Set,SoftDay,2,24000,10000,0,3000,Bank Transfer,1,5,No,
ORD01874,2025-09-14,Completed,C0131,New,55+,Jeju,Beauty,Hydrating Serum,PureLab,4,22000,9000,0,3000,Mobile Pay,4,4,No,
ORD01875,2025-10-01,Completed,C0113,New,35-44,Busan,Electronics,Smart Watch,Pulse,4,99000,47000,0,3000,Mobile Pay,1,4,No,
ORD01876,2025-10-09,Completed,C0415,New,25-34,Gyeonggi,Food,Gift Snack Box,HappyBox,1,33000,14000,0,0,Virtual Account,3,5,No,
ORD01877,2025-11-29,Completed,C0680,Returning,35-44,Daejeon,Electronics,Bluetooth Speaker,Soundly,1,65000,31000,0.15,3000,Card,3,4,No,
ORD01878,2025-03-08,Completed,C0547,VIP,35-44,Jeju,Home,Storage Box Set,NeatHome,3,29000,12000,0,0,Bank Transfer,1,5,No,
ORD01879,2025-10-23,Completed,C0566,New,35-44,Daejeon,Pet,Pet Bed,ComfyPaws,1,47000,20000,0,3000,Virtual Account,2,5,No,
ORD01880,2025-07-20,Completed,C0441,Returning,18-24,Busan,Fashion,Canvas Sneakers,Walkon,2,59000,26000,0,3000,Card,2,5,No,
ORD01881,2025-03-14,Completed,C0445,Returning,55+,Gangwon,Home,Cotton Towel Set,SoftDay,2,24000,10000,0,0,Virtual Account,4,,No,
ORD01882,2025-06-12,Completed,C0283,Returning,45-54,Seoul,Food,Coffee Bean 1kg,BeanRoot,4,32000,15000,0.2,0,Mobile Pay,1,5,No,
ORD01883,2025-05-25,Completed,C0786,Returning,18-24,Gangwon,Beauty,Sunscreen SPF50,Glow,3,18000,7000,0,3000,Card,6,4,No,
ORD01884,2025-12-23,Completed,C0316,Returning,35-44,Gwangju,Electronics,Bluetooth Speaker,Soundly,1,65000,31000,0,0,Virtual Account,1,5,No,
ORD01885,2025-07-01,Completed,C0415,Returning,55+,Gangwon,Electronics,Smart Watch,Pulse,4,99000,47000,0.15,0,Mobile Pay,7,4,No,
ORD01886,2025-04-23,Completed,C0122,Returning,45-54,Seoul,Home,Storage Box Set,NeatHome,3,29000,12000,0,3000,Virtual Account,1,4,No,
ORD01887,2025-02-25,Completed,C0659,New,35-44,Daejeon,Food,Protein Bar Pack,FitBite,1,28000,12000,0.1,3000,Virtual Account,1,4,No,
ORD01888,2025-10-29,Completed,C0735,Returning,45-54,Busan,Home,Cotton Towel Set,SoftDay,1,24000,10000,0,3000,Virtual Account,2,5,No,
ORD01889,2025-05-25,Completed,C0843,Returning,18-24,Gangwon,Fashion,Canvas Sneakers,Walkon,2,59000,26000,0,3000,Card,1,4,Yes,Changed mind
ORD01890,2025-03-18,Completed,C0062,New,55+,Busan,Food,Coffee Bean 1kg,BeanRoot,4,32000,15000,0,0,Mobile Pay,3,4,No,
ORD01891,2025-05-01,Completed,C0684,New,55+,Daejeon,Electronics,Wireless Earbuds,Nova,4,49000,24000,0.05,0,Bank Transfer,1,5,No,
ORD01892,2025-02-15,Completed,C0273,New,18-24,Daegu,Electronics,Wireless Earbuds,Nova,2,49000,24000,0,3000,Bank Transfer,3,4,No,
ORD01893,2025-04-23,Completed,C0403,New,45-54,Jeju,Food,Protein Bar Pack,FitBite,4,28000,12000,0.15,0,Bank Transfer,3,5,No,
ORD01894,2025-04-22,Completed,C0511,New,35-44,Jeju,Home,Cotton Towel Set,SoftDay,3,24000,10000,0.15,3000,Mobile Pay,6,4,No,
ORD01895,2025-10-03,Completed,C0747,Returning,45-54,Jeju,Fashion,Canvas Sneakers,Walkon,4,59000,26000,0,3000,Bank Transfer,6,4,No,
ORD01896,2025-05-05,Completed,C0012,Returning,45-54,Incheon,Home,Cotton Towel Set,SoftDay,2,24000,10000,0,0,Card,4,5,No,
ORD01897,2025-02-07,Completed,C0604,New,25-34,Gwangju,Food,Coffee Bean 1kg,BeanRoot,2,32000,15000,0.1,0,Card,4,5,No,
ORD01898,2025-02-27,Completed,C0042,New,25-34,Daejeon,Beauty,Sunscreen SPF50,Glow,2,18000,7000,0,3000,Mobile Pay,3,4,No,
ORD01899,2025-12-19,Completed,C0692,Returning,35-44,Seoul,Beauty,Lip Tint,Mellow,4,14000,5000,0,3000,Virtual Account,5,4,No,
ORD01900,2025-11-20,Completed,C0399,New,55+,Daejeon,Home,Cotton Towel Set,SoftDay,4,24000,10000,0,3000,Card,2,5,No,
ORD01901,2025-05-01,Completed,C0282,Returning,18-24,Daegu,Electronics,Smart Watch,Pulse,4,99000,47000,0,0,Virtual Account,4,4,No,
ORD01902,2025-12-18,Completed,C0615,New,45-54,Daegu,Home,Cotton Towel Set,SoftDay,1,24000,10000,0.25,3000,Bank Transfer,4,5,No,
ORD01903,2025-08-25,Completed,C0444,VIP,25-34,Busan,Home,Cotton Towel Set,SoftDay,3,24000,10000,0,3000,Card,2,4,No,
ORD01904,2025-11-12,Completed,C0055,Returning,55+,Seoul,Beauty,Sunscreen SPF50,Glow,1,18000,7000,0.2,3000,Mobile Pay,4,4,No,
ORD01905,2025-06-07,Completed,C0081,Returning,25-34,Daegu,Home,Storage Box Set,NeatHome,2,29000,12000,0.05,3000,Mobile Pay,2,5,No,
ORD01906,2025-04-24,Completed,C0679,New,25-34,Gwangju,Electronics,Wireless Earbuds,Nova,1,49000,24000,0,3000,Card,4,4,No,
ORD01907,2025-07-22,Completed,C0095,Returning,45-54,Gangwon,Home,Desk Lamp,Lumen,4,39000,16000,0,0,Bank Transfer,3,5,No,
ORD01908,2025-04-08,Completed,C0258,VIP,45-54,Gyeonggi,Beauty,Sunscreen SPF50,Glow,2,18000,7000,0,3000,Virtual Account,3,4,No,
ORD01909,2025-01-04,Completed,C0723,VIP,45-54,Daegu,Pet,Cat Toy Bundle,PawJoy,2,19000,8000,0.05,3000,Virtual Account,5,5,No,
ORD01910,2025-03-30,Completed,C0322,Returning,55+,Daejeon,Pet,Cat Toy Bundle,PawJoy,1,19000,8000,0,3000,Card,1,,Yes,Different from description
ORD01911,2025-06-10,Completed,C0554,VIP,25-34,Gyeonggi,Home,Desk Lamp,Lumen,2,39000,16000,0,3000,Virtual Account,1,5,No,
ORD01912,2025-01-20,Completed,C0608,Returning,18-24,Gangwon,Beauty,Sunscreen SPF50,Glow,2,18000,7000,0,3000,Card,3,5,No,
ORD01913,2025-05-07,Completed,C0551,New,18-24,Daejeon,Fashion,Canvas Sneakers,Walkon,1,59000,26000,0,3000,Mobile Pay,3,4,No,
ORD01914,2025-12-05,Pending,C0673,VIP,45-54,Seoul,Fashion,Oversized Hoodie,Northline,3,45000,21000,0,0,Virtual Account,,,No,
ORD01915,2025-04-15,Completed,C0295,New,35-44,Gyeonggi,Home,Storage Box Set,NeatHome,2,29000,12000,0.15,3000,Bank Transfer,2,5,No,
ORD01916,2025-12-01,Completed,C0255,VIP,55+,Seoul,Beauty,Hydrating Serum,PureLab,4,22000,9000,0.05,0,Card,2,5,No,
ORD01917,2025-02-13,Completed,C0194,New,25-34,Daegu,Fashion,Canvas Sneakers,Walkon,3,59000,26000,0,3000,Virtual Account,4,5,No,
ORD01918,2025-12-01,Completed,C0053,Returning,35-44,Jeju,Electronics,Smart Watch,Pulse,1,99000,47000,0,3000,Bank Transfer,2,5,No,
ORD01919,2025-06-24,Completed,C0674,VIP,45-54,Jeju,Beauty,Hydrating Serum,PureLab,1,22000,9000,0,3000,Card,9,3,No,
ORD01920,2025-02-03,Completed,C0439,Returning,35-44,Busan,Fashion,Crossbody Bag,Morrow,2,43000,18000,0,3000,Bank Transfer,5,5,No,
ORD01921,2025-08-05,Pending,C0179,New,45-54,Gwangju,Fashion,Oversized Hoodie,Northline,2,45000,21000,0,0,Bank Transfer,,,No,
ORD01922,2025-02-09,Completed,C0699,Returning,35-44,Gwangju,Pet,Dog Treats 1kg,Barkly,2,25000,11000,0,0,Bank Transfer,4,4,No,
ORD01923,2025-01-11,Completed,C0637,New,45-54,Daejeon,Beauty,Lip Tint,Mellow,3,14000,5000,0,3000,Card,1,5,No,
ORD01924,2025-08-09,Completed,C0207,New,55+,Gwangju,Electronics,Bluetooth Speaker,Soundly,1,65000,31000,0,3000,Card,1,5,No,
ORD01925,2025-10-26,Completed,C0051,Returning,25-34,Daejeon,Food,Coffee Bean 1kg,BeanRoot,4,32000,15000,0.15,0,Virtual Account,4,,No,
ORD01926,2025-01-15,Completed,C0545,VIP,35-44,Gyeonggi,Home,Storage Box Set,NeatHome,1,29000,12000,0,3000,Card,1,5,No,
ORD01927,2025-07-06,Completed,C0033,Returning,55+,Gwangju,Beauty,Hydrating Serum,PureLab,2,22000,9000,0.25,0,Bank Transfer,2,5,No,
ORD01928,2025-02-27,Completed,C0072,Returning,55+,Incheon,Pet,Cat Toy Bundle,PawJoy,2,19000,8000,0,3000,Card,4,4,No,
ORD01929,2025-03-24,Completed,C0741,VIP,18-24,Seoul,Food,Gift Snack Box,HappyBox,3,33000,14000,0,3000,Bank Transfer,5,5,No,
ORD01930,2025-02-01,Cancelled,C0648,Returning,45-54,Jeju,Food,Protein Bar Pack,FitBite,4,28000,12000,0,0,Virtual Account,,,No,
ORD01931,2025-02-28,Completed,C0100,Returning,18-24,Jeju,Food,Coffee Bean 1kg,BeanRoot,2,32000,15000,0,3000,Virtual Account,9,4,No,
ORD01932,2025-10-10,Completed,C0381,New,18-24,Gyeonggi,Food,Gift Snack Box,HappyBox,3,33000,14000,0,3000,Mobile Pay,2,4,No,
ORD01933,2025-02-04,Completed,C0424,New,55+,Gyeonggi,Home,Storage Box Set,NeatHome,2,29000,12000,0.2,3000,Bank Transfer,3,4,No,
ORD01934,2025-10-24,Completed,C0225,New,25-34,Incheon,Fashion,Canvas Sneakers,Walkon,4,59000,26000,0,3000,Virtual Account,4,4,No,
ORD01935,2025-07-24,Completed,C0282,VIP,35-44,Incheon,Beauty,Lip Tint,Mellow,1,14000,5000,0.2,3000,Card,4,4,No,
ORD01936,2025-01-05,Completed,C0656,Returning,45-54,Gangwon,Beauty,Sunscreen SPF50,Glow,3,18000,7000,0.15,0,Card,4,5,No,
ORD01937,2025-01-16,Completed,C0350,Returning,25-34,Seoul,Fashion,Crossbody Bag,Morrow,1,43000,18000,0,3000,Virtual Account,4,4,No,
ORD01938,2025-06-09,Completed,C0364,New,25-34,Gyeonggi,Beauty,Hydrating Serum,PureLab,2,22000,9000,0,0,Virtual Account,4,4,No,
ORD01939,2025-03-09,Completed,C0036,New,25-34,Busan,Pet,Pet Bed,ComfyPaws,3,47000,20000,0.25,3000,Card,2,5,No,
ORD01940,2025-11-24,Completed,C0245,New,25-34,Daejeon,Pet,Pet Bed,ComfyPaws,2,47000,20000,0,0,Card,2,5,No,
ORD01941,2025-06-09,Completed,C0141,Returning,55+,Gangwon,Pet,Cat Toy Bundle,PawJoy,4,19000,8000,0,0,Card,7,4,No,
ORD01942,2025-06-29,Completed,C0206,New,45-54,Daegu,Beauty,Lip Tint,Mellow,1,14000,5000,0,0,Bank Transfer,3,4,No,
ORD01943,2025-01-27,Completed,C0438,New,35-44,Gangwon,Beauty,Hydrating Serum,PureLab,1,22000,9000,0,3000,Virtual Account,4,4,No,
ORD01944,2025-12-04,Completed,C0420,New,18-24,Gwangju,Beauty,Sunscreen SPF50,Glow,1,18000,7000,0.2,3000,Mobile Pay,4,4,No,
ORD01945,2025-03-03,Completed,C0060,VIP,25-34,Daegu,Home,Storage Box Set,NeatHome,3,29000,12000,0,0,Mobile Pay,3,4,No,
ORD01946,2025-03-17,Completed,C0544,New,45-54,Gyeonggi,Fashion,Oversized Hoodie,Northline,1,45000,21000,0.1,0,Bank Transfer,4,5,No,
ORD01947,2025-12-24,Completed,C0139,Returning,55+,Gangwon,Food,Protein Bar Pack,FitBite,2,28000,12000,0,3000,Virtual Account,3,5,No,
ORD01948,2025-07-03,Completed,C0482,Returning,35-44,Daegu,Home,Cotton Towel Set,SoftDay,3,24000,10000,0,3000,Mobile Pay,5,5,No,
ORD01949,2025-10-26,Completed,C0266,Returning,45-54,Gwangju,Food,Gift Snack Box,HappyBox,3,33000,14000,0,0,Bank Transfer,5,4,No,
ORD01950,2025-07-10,Cancelled,C0517,New,18-24,Gangwon,Home,Storage Box Set,NeatHome,1,29000,12000,0,0,Mobile Pay,,,No,
ORD01951,2025-10-19,Completed,C0814,New,35-44,Gwangju,Home,Desk Lamp,Lumen,2,39000,16000,0,3000,Virtual Account,5,4,No,
ORD01952,2025-08-15,Completed,C0040,New,35-44,Gyeonggi,Pet,Pet Bed,ComfyPaws,2,47000,20000,0,3000,Bank Transfer,3,5,No,
ORD01953,2025-05-04,Completed,C0223,Returning,35-44,Incheon,Fashion,Canvas Sneakers,Walkon,2,59000,26000,0,0,Card,5,4,No,
ORD01954,2025-11-07,Completed,C0050,Returning,35-44,Gyeonggi,Pet,Cat Toy Bundle,PawJoy,2,19000,8000,0,3000,Mobile Pay,3,5,No,
ORD01955,2025-01-20,Completed,C0319,VIP,18-24,Seoul,Food,Protein Bar Pack,FitBite,2,28000,12000,0.15,0,Virtual Account,1,5,No,
ORD01956,2025-04-17,Completed,C0826,New,55+,Gangwon,Home,Cotton Towel Set,SoftDay,2,24000,10000,0.15,3000,Card,1,5,No,
ORD01957,2025-07-04,Completed,C0229,VIP,25-34,Busan,Home,Cotton Towel Set,SoftDay,4,24000,10000,0,0,Mobile Pay,1,4,No,
ORD01958,2025-09-02,Completed,C0608,New,25-34,Gangwon,Electronics,Bluetooth Speaker,Soundly,1,65000,31000,0.1,3000,Mobile Pay,2,5,No,
ORD01959,2025-08-24,Completed,C0240,New,18-24,Busan,Home,Storage Box Set,NeatHome,1,29000,12000,0,3000,Card,5,4,No,
ORD01960,2025-06-06,Completed,C0095,VIP,55+,Jeju,Home,Cotton Towel Set,SoftDay,1,24000,10000,0,3000,Mobile Pay,5,5,No,
ORD01961,2025-03-09,Cancelled,C0465,Returning,25-34,Seoul,Home,Desk Lamp,Lumen,2,39000,16000,0,0,Card,,,No,
ORD01962,2025-11-22,Completed,C0621,Returning,35-44,Daejeon,Fashion,Crossbody Bag,Morrow,1,43000,18000,0,0,Virtual Account,4,4,No,
ORD01963,2025-09-20,Completed,C0377,Returning,35-44,Jeju,Electronics,Bluetooth Speaker,Soundly,4,65000,31000,0.25,0,Bank Transfer,5,4,No,
ORD01964,2025-12-20,Completed,C0059,Returning,55+,Daegu,Electronics,Wireless Earbuds,Nova,3,49000,24000,0,3000,Virtual Account,3,3,Yes,Wrong size
ORD01965,2025-02-21,Completed,C0233,New,18-24,Daejeon,Electronics,Smart Watch,Pulse,1,99000,47000,0,3000,Bank Transfer,2,4,No,
ORD01966,2025-05-19,Completed,C0536,Returning,25-34,Daegu,Pet,Cat Toy Bundle,PawJoy,1,19000,8000,0.2,0,Card,1,5,No,
ORD01967,2025-01-10,Completed,C0418,New,18-24,Gangwon,Pet,Pet Bed,ComfyPaws,2,47000,20000,0,0,Mobile Pay,2,5,No,
ORD01968,2025-09-24,Completed,C0483,New,45-54,Daegu,Pet,Cat Toy Bundle,PawJoy,2,19000,8000,0,3000,Card,2,5,No,
ORD01969,2025-02-04,Completed,C0336,Returning,55+,Busan,Home,Cotton Towel Set,SoftDay,4,24000,10000,0.1,3000,Card,3,5,No,
ORD01970,2025-07-16,Completed,C0054,New,25-34,Busan,Beauty,Lip Tint,Mellow,2,14000,5000,0,3000,Virtual Account,5,5,No,
ORD01971,2025-12-30,Cancelled,C0318,Returning,45-54,Incheon,Food,Coffee Bean 1kg,BeanRoot,1,32000,15000,0,0,Bank Transfer,,,No,
ORD01972,2025-04-19,Completed,C0095,VIP,45-54,Incheon,Beauty,Sunscreen SPF50,Glow,4,18000,7000,0,3000,Bank Transfer,3,5,No,
ORD01973,2025-12-26,Cancelled,C0417,Returning,25-34,Gangwon,Food,Protein Bar Pack,FitBite,4,28000,12000,0.1,0,Mobile Pay,,,No,
ORD01974,2025-01-12,Completed,C0603,New,55+,Daejeon,Home,Desk Lamp,Lumen,1,39000,16000,0.2,3000,Bank Transfer,2,4,No,
ORD01975,2025-12-22,Completed,C0118,VIP,35-44,Gangwon,Food,Coffee Bean 1kg,BeanRoot,2,32000,15000,0,3000,Mobile Pay,4,5,No,
ORD01976,2025-11-07,Completed,C0230,Returning,55+,Incheon,Food,Gift Snack Box,HappyBox,3,33000,14000,0.15,3000,Bank Transfer,3,4,No,
ORD01977,2025-10-27,Completed,C0367,Returning,25-34,Busan,Fashion,Canvas Sneakers,Walkon,4,59000,26000,0.05,3000,Mobile Pay,2,4,No,
ORD01978,2025-04-27,Completed,C0365,VIP,45-54,Gwangju,Electronics,Smart Watch,Pulse,1,99000,47000,0,3000,Card,3,4,No,
ORD01979,2025-05-26,Completed,C0022,New,45-54,Incheon,Electronics,Wireless Earbuds,Nova,4,49000,24000,0.05,3000,Bank Transfer,1,5,No,
ORD01980,2025-07-18,Completed,C0461,New,55+,Daegu,Beauty,Lip Tint,Mellow,2,14000,5000,0,0,Mobile Pay,1,5,No,
ORD01981,2025-01-25,Completed,C0391,Returning,18-24,Jeju,Electronics,Bluetooth Speaker,Soundly,1,65000,31000,0.2,3000,Bank Transfer,8,3,No,
ORD01982,2025-01-09,Completed,C0725,Returning,18-24,Incheon,Electronics,Bluetooth Speaker,Soundly,2,65000,31000,0.25,3000,Card,3,5,No,
ORD01983,2025-02-02,Completed,C0551,VIP,45-54,Incheon,Food,Gift Snack Box,HappyBox,4,33000,14000,0.25,3000,Card,3,5,No,
ORD01984,2025-05-24,Completed,C0248,Returning,35-44,Incheon,Home,Storage Box Set,NeatHome,2,29000,12000,0.2,0,Mobile Pay,5,5,No,
ORD01985,2025-10-06,Completed,C0261,New,18-24,Daegu,Fashion,Canvas Sneakers,Walkon,3,59000,26000,0,3000,Virtual Account,1,4,No,
ORD01986,2025-11-19,Completed,C0407,Returning,55+,Daegu,Food,Gift Snack Box,HappyBox,3,33000,14000,0,3000,Card,1,5,No,
ORD01987,2025-10-02,Completed,C0058,New,18-24,Daejeon,Food,Coffee Bean 1kg,BeanRoot,2,32000,15000,0,3000,Card,4,5,No,
ORD01988,2025-02-09,Completed,C0273,New,45-54,Jeju,Fashion,Canvas Sneakers,Walkon,1,59000,26000,0,3000,Card,3,4,No,
ORD01989,2025-09-14,Completed,C0790,New,18-24,Seoul,Home,Storage Box Set,NeatHome,2,29000,12000,0.2,3000,Bank Transfer,4,5,No,
ORD01990,2025-07-15,Completed,C0676,Returning,45-54,Gwangju,Beauty,Sunscreen SPF50,Glow,3,18000,7000,0.15,0,Card,2,5,No,
ORD01991,2025-03-24,Completed,C0307,New,55+,Incheon,Home,Cotton Towel Set,SoftDay,2,24000,10000,0,0,Bank Transfer,3,4,No,
ORD01992,2025-10-04,Completed,C0531,New,55+,Daejeon,Home,Cotton Towel Set,SoftDay,2,24000,10000,0,3000,Virtual Account,5,,No,
ORD01993,2025-09-22,Completed,C0677,VIP,35-44,Incheon,Beauty,Lip Tint,Mellow,3,14000,5000,0.1,3000,Mobile Pay,4,5,No,
ORD01994,2025-09-27,Completed,C0451,Returning,55+,Seoul,Home,Desk Lamp,Lumen,1,39000,16000,0.15,3000,Bank Transfer,3,4,Yes,Different from description
ORD01995,2025-10-15,Completed,C0644,Returning,45-54,Jeju,Pet,Cat Toy Bundle,PawJoy,2,19000,8000,0.05,0,Mobile Pay,7,3,No,
ORD01996,2025-03-11,Completed,C0688,New,45-54,Gwangju,Pet,Cat Toy Bundle,PawJoy,1,19000,8000,0,3000,Bank Transfer,5,5,No,
ORD01997,2025-06-02,Completed,C0553,Returning,45-54,Daejeon,Beauty,Sunscreen SPF50,Glow,3,18000,7000,0.15,3000,Card,4,4,No,
ORD01998,2025-10-22,Completed,C0381,Returning,55+,Gangwon,Food,Gift Snack Box,HappyBox,2,33000,14000,0,0,Mobile Pay,3,5,No,
ORD01999,2025-01-01,Completed,C0795,VIP,35-44,Gwangju,Electronics,Wireless Earbuds,Nova,2,49000,24000,0.1,3000,Card,4,5,No,
ORD02000,2025-03-29,Cancelled,C0809,Returning,18-24,Daegu,Beauty,Sunscreen SPF50,Glow,1,18000,7000,0,0,Mobile Pay,,,No,
ORD02001,2025-05-09,Completed,C0209,Returning,18-24,Incheon,Food,Protein Bar Pack,FitBite,4,28000,12000,0,0,Bank Transfer,3,4,No,
ORD02002,2025-09-12,Completed,C0311,Returning,18-24,Gangwon,Electronics,Smart Watch,Pulse,2,99000,47000,0.25,3000,Bank Transfer,5,4,No,
ORD02003,2025-05-10,Completed,C0232,Returning,35-44,Daegu,Electronics,Smart Watch,Pulse,2,99000,47000,0,0,Bank Transfer,5,5,No,
ORD02004,2025-03-18,Completed,C0521,New,18-24,Busan,Electronics,Bluetooth Speaker,Soundly,4,65000,31000,0.15,0,Card,2,4,No,
ORD02005,2025-03-20,Cancelled,C0562,New,45-54,Gyeonggi,Fashion,Oversized Hoodie,Northline,3,45000,21000,0.1,0,Card,,,No,
ORD02006,2025-03-13,Pending,C0148,Returning,35-44,Gyeonggi,Pet,Dog Treats 1kg,Barkly,4,25000,11000,0,0,Bank Transfer,,,No,
ORD02007,2025-06-10,Cancelled,C0698,Returning,45-54,Daejeon,Beauty,Hydrating Serum,PureLab,1,22000,9000,0.1,0,Card,,,No,
ORD02008,2025-08-15,Completed,C0280,Returning,18-24,Daejeon,Home,Cotton Towel Set,SoftDay,1,24000,10000,0,3000,Bank Transfer,1,5,No,
ORD02009,2025-02-05,Completed,C0023,New,35-44,Gangwon,Electronics,Bluetooth Speaker,Soundly,2,65000,31000,0.1,0,Card,6,4,No,
ORD02010,2025-02-26,Completed,C0453,Returning,25-34,Seoul,Pet,Dog Treats 1kg,Barkly,4,25000,11000,0,3000,Bank Transfer,5,4,No,
ORD02011,2025-04-25,Completed,C0427,New,45-54,Incheon,Beauty,Lip Tint,Mellow,3,14000,5000,0,3000,Card,3,4,No,
ORD02012,2025-10-01,Completed,C0643,Returning,45-54,Jeju,Home,Desk Lamp,Lumen,1,39000,16000,0,3000,Virtual Account,5,5,No,
ORD02013,2025-01-27,Completed,C0823,Returning,55+,Daegu,Fashion,Canvas Sneakers,Walkon,1,59000,26000,0.2,3000,Mobile Pay,5,5,No,
ORD02014,2025-04-05,Completed,C0801,Returning,45-54,Gangwon,Fashion,Crossbody Bag,Morrow,4,43000,18000,0.15,0,Card,4,5,No,
ORD02015,2025-10-13,Completed,C0460,VIP,25-34,Gangwon,Food,Gift Snack Box,HappyBox,2,33000,14000,0,3000,Card,3,4,No,
ORD02016,2025-04-25,Completed,C0538,New,35-44,Incheon,Pet,Dog Treats 1kg,Barkly,1,25000,11000,0,3000,Card,3,5,No,
ORD02017,2025-01-24,Completed,C0742,New,55+,Jeju,Beauty,Sunscreen SPF50,Glow,3,18000,7000,0,3000,Bank Transfer,6,4,No,
ORD02018,2025-10-05,Completed,C0226,Returning,55+,Busan,Food,Protein Bar Pack,FitBite,2,28000,12000,0,3000,Virtual Account,4,4,No,
ORD02019,2025-06-16,Completed,C0786,New,25-34,Busan,Fashion,Canvas Sneakers,Walkon,4,59000,26000,0.2,3000,Bank Transfer,2,5,No,
ORD02020,2025-12-16,Pending,C0518,VIP,45-54,Seoul,Pet,Pet Bed,ComfyPaws,2,47000,20000,0,0,Bank Transfer,,,No,
ORD02021,2025-12-22,Completed,C0615,VIP,45-54,Daejeon,Electronics,Wireless Earbuds,Nova,1,49000,24000,0,0,Virtual Account,1,5,No,
ORD02022,2025-09-02,Completed,C0809,Returning,25-34,Busan,Electronics,Smart Watch,Pulse,1,99000,47000,0,3000,Mobile Pay,3,5,No,
ORD02023,2025-04-20,Cancelled,C0078,New,25-34,Seoul,Electronics,Smart Watch,Pulse,1,99000,47000,0,0,Bank Transfer,,,No,
ORD02024,2025-07-26,Completed,C0082,VIP,18-24,Seoul,Electronics,Smart Watch,Pulse,3,99000,47000,0,0,Bank Transfer,2,5,No,
ORD02025,2025-09-03,Completed,C0604,New,25-34,Incheon,Home,Desk Lamp,Lumen,2,39000,16000,0,3000,Card,1,5,No,
ORD02026,2025-07-17,Completed,C0297,VIP,55+,Jeju,Electronics,Bluetooth Speaker,Soundly,1,65000,31000,0.1,3000,Card,6,2,Yes,Late delivery
ORD02027,2025-10-11,Completed,C0580,New,35-44,Daegu,Beauty,Sunscreen SPF50,Glow,1,18000,7000,0,0,Bank Transfer,1,5,No,
ORD02028,2025-12-03,Completed,C0774,New,18-24,Gwangju,Beauty,Sunscreen SPF50,Glow,2,18000,7000,0,3000,Card,1,5,No,
ORD02029,2025-11-24,Completed,C0184,Returning,25-34,Jeju,Beauty,Sunscreen SPF50,Glow,2,18000,7000,0.15,3000,Card,9,3,No,
ORD02030,2025-05-04,Completed,C0180,Returning,35-44,Seoul,Electronics,Bluetooth Speaker,Soundly,2,65000,31000,0,3000,Bank Transfer,3,5,No,
ORD02031,2025-10-09,Completed,C0741,New,45-54,Gwangju,Food,Coffee Bean 1kg,BeanRoot,2,32000,15000,0,0,Bank Transfer,2,5,No,
ORD02032,2025-06-09,Cancelled,C0647,New,35-44,Daejeon,Home,Cotton Towel Set,SoftDay,2,24000,10000,0,0,Card,,,No,
ORD02033,2025-10-29,Completed,C0435,New,25-34,Gangwon,Electronics,Smart Watch,Pulse,1,99000,47000,0.05,0,Mobile Pay,4,4,No,
ORD02034,2025-12-26,Completed,C0049,New,25-34,Jeju,Food,Coffee Bean 1kg,BeanRoot,2,32000,15000,0,3000,Bank Transfer,4,5,No,
ORD02035,2025-09-03,Completed,C0048,VIP,25-34,Gwangju,Fashion,Crossbody Bag,Morrow,2,43000,18000,0.25,0,Card,5,5,No,
ORD02036,2025-02-26,Completed,C0170,New,18-24,Daegu,Electronics,Smart Watch,Pulse,4,99000,47000,0,3000,Mobile Pay,4,5,No,
ORD02037,2025-11-04,Completed,C0022,Returning,35-44,Gwangju,Pet,Pet Bed,ComfyPaws,3,47000,20000,0,0,Virtual Account,4,4,No,
ORD02038,2025-08-09,Completed,C0511,Returning,25-34,Busan,Home,Cotton Towel Set,SoftDay,3,24000,10000,0,3000,Mobile Pay,3,5,No,
ORD02039,2025-12-01,Completed,C0080,Returning,25-34,Daejeon,Pet,Cat Toy Bundle,PawJoy,2,19000,8000,0,3000,Virtual Account,4,4,No,
ORD02040,2025-09-11,Cancelled,C0808,Returning,45-54,Daegu,Electronics,Smart Watch,Pulse,4,99000,47000,0,0,Virtual Account,,,No,
ORD02041,2025-07-17,Completed,C0111,New,45-54,Incheon,Pet,Cat Toy Bundle,PawJoy,2,19000,8000,0,3000,Card,3,5,No,
ORD02042,2025-11-27,Completed,C0648,Returning,25-34,Gyeonggi,Fashion,Oversized Hoodie,Northline,3,45000,21000,0.05,3000,Bank Transfer,1,,No,
ORD02043,2025-11-26,Completed,C0048,Returning,25-34,Gangwon,Beauty,Lip Tint,Mellow,1,14000,5000,0,3000,Mobile Pay,5,5,No,
ORD02044,2025-09-03,Completed,C0585,New,45-54,Busan,Food,Gift Snack Box,HappyBox,2,33000,14000,0.1,0,Virtual Account,5,4,No,
ORD02045,2025-05-24,Cancelled,C0566,Returning,55+,Gangwon,Beauty,Sunscreen SPF50,Glow,2,18000,7000,0,0,Bank Transfer,,,No,
ORD02046,2025-11-10,Completed,C0437,Returning,55+,Busan,Electronics,Bluetooth Speaker,Soundly,3,65000,31000,0,3000,Bank Transfer,4,4,No,
ORD02047,2025-02-24,Completed,C0349,New,55+,Daegu,Home,Desk Lamp,Lumen,2,39000,16000,0,3000,Card,3,5,No,
ORD02048,2025-06-06,Completed,C0593,New,18-24,Busan,Food,Protein Bar Pack,FitBite,3,28000,12000,0,3000,Mobile Pay,2,4,No,
ORD02049,2025-01-22,Completed,C0125,New,35-44,Daegu,Food,Protein Bar Pack,FitBite,1,28000,12000,0,3000,Card,4,4,No,
ORD02050,2025-02-26,Cancelled,C0523,New,35-44,Daegu,Pet,Cat Toy Bundle,PawJoy,4,19000,8000,0,0,Card,,,No,
ORD02051,2025-12-22,Completed,C0717,Returning,45-54,Gyeonggi,Electronics,Bluetooth Speaker,Soundly,4,65000,31000,0.1,0,Card,4,5,No,
ORD02052,2025-04-19,Completed,C0153,VIP,18-24,Gyeonggi,Food,Protein Bar Pack,FitBite,3,28000,12000,0,3000,Mobile Pay,2,5,No,
ORD02053,2025-07-28,Cancelled,C0429,Returning,55+,Busan,Home,Desk Lamp,Lumen,1,39000,16000,0,0,Virtual Account,,,No,
ORD02054,2025-09-20,Completed,C0048,Returning,25-34,Gwangju,Home,Desk Lamp,Lumen,2,39000,16000,0,0,Bank Transfer,3,4,No,
ORD02055,2025-09-26,Completed,C0074,VIP,25-34,Gwangju,Electronics,Bluetooth Speaker,Soundly,1,65000,31000,0.05,3000,Card,1,4,No,
ORD02056,2025-06-15,Completed,C0505,New,35-44,Gangwon,Fashion,Canvas Sneakers,Walkon,3,59000,26000,0,0,Mobile Pay,3,5,No,
ORD02057,2025-08-13,Completed,C0162,Returning,25-34,Gyeonggi,Food,Coffee Bean 1kg,BeanRoot,3,32000,15000,0,3000,Mobile Pay,4,4,No,
ORD02058,2025-11-21,Completed,C0355,Returning,18-24,Seoul,Food,Gift Snack Box,HappyBox,1,33000,14000,0,0,Bank Transfer,3,4,No,
ORD02059,2025-01-03,Completed,C0402,Returning,55+,Busan,Food,Gift Snack Box,HappyBox,2,33000,14000,0,0,Virtual Account,2,5,No,
ORD02060,2025-11-08,Completed,C0356,New,45-54,Gyeonggi,Electronics,Wireless Earbuds,Nova,2,49000,24000,0.2,0,Bank Transfer,4,5,No,
ORD02061,2025-07-04,Completed,C0427,New,45-54,Jeju,Pet,Dog Treats 1kg,Barkly,1,25000,11000,0,3000,Mobile Pay,8,4,No,
ORD02062,2025-09-18,Completed,C0244,Returning,55+,Jeju,Fashion,Canvas Sneakers,Walkon,3,59000,26000,0,3000,Mobile Pay,8,4,No,
ORD02063,2025-07-19,Completed,C0533,New,55+,Daejeon,Food,Protein Bar Pack,FitBite,2,28000,12000,0,0,Bank Transfer,4,5,No,
ORD02064,2025-02-22,Completed,C0484,Returning,45-54,Gyeonggi,Home,Desk Lamp,Lumen,4,39000,16000,0,3000,Mobile Pay,4,5,No,
ORD02065,2025-02-28,Completed,C0419,New,45-54,Gyeonggi,Beauty,Sunscreen SPF50,Glow,3,18000,7000,0,3000,Mobile Pay,5,5,No,
ORD02066,2025-05-05,Completed,C0190,Returning,35-44,Incheon,Beauty,Lip Tint,Mellow,4,14000,5000,0,3000,Virtual Account,3,5,No,
ORD02067,2025-04-21,Completed,C0581,New,25-34,Busan,Pet,Cat Toy Bundle,PawJoy,2,19000,8000,0,0,Mobile Pay,1,4,No,
ORD02068,2025-08-22,Completed,C0608,Returning,45-54,Jeju,Home,Storage Box Set,NeatHome,4,29000,12000,0.2,3000,Card,8,4,No,
ORD02069,2025-08-23,Completed,C0209,New,35-44,Daegu,Beauty,Sunscreen SPF50,Glow,3,18000,7000,0.25,3000,Mobile Pay,4,5,No,
ORD02070,2025-07-17,Completed,C0330,Returning,18-24,Gwangju,Home,Storage Box Set,NeatHome,2,29000,12000,0,0,Mobile Pay,2,5,No,
ORD02071,2025-02-23,Completed,C0327,VIP,55+,Gyeonggi,Pet,Pet Bed,ComfyPaws,3,47000,20000,0,0,Mobile Pay,1,4,No,
ORD02072,2025-01-23,Completed,C0768,Returning,18-24,Daejeon,Electronics,Wireless Earbuds,Nova,2,49000,24000,0,3000,Card,4,,No,
ORD02073,2025-07-06,Completed,C0382,New,35-44,Gwangju,Home,Desk Lamp,Lumen,2,39000,16000,0.25,0,Card,1,4,No,
ORD02074,2025-08-26,Completed,C0652,New,55+,Gyeonggi,Electronics,Bluetooth Speaker,Soundly,1,65000,31000,0,3000,Bank Transfer,4,5,No,
ORD02075,2025-09-20,Completed,C0394,Returning,18-24,Incheon,Electronics,Wireless Earbuds,Nova,4,49000,24000,0.2,3000,Mobile Pay,3,5,No,
ORD02076,2025-06-15,Completed,C0737,New,18-24,Daejeon,Home,Desk Lamp,Lumen,2,39000,16000,0,0,Mobile Pay,1,5,No,
ORD02077,2025-01-26,Completed,C0433,Returning,45-54,Gyeonggi,Pet,Cat Toy Bundle,PawJoy,3,19000,8000,0,3000,Bank Transfer,2,4,No,
ORD02078,2025-09-06,Completed,C0450,New,18-24,Busan,Pet,Dog Treats 1kg,Barkly,2,25000,11000,0,0,Mobile Pay,2,5,No,
ORD02079,2025-02-19,Completed,C0553,Returning,35-44,Jeju,Pet,Cat Toy Bundle,PawJoy,2,19000,8000,0,3000,Bank Transfer,5,4,No,
ORD02080,2025-07-21,Completed,C0325,New,18-24,Jeju,Food,Gift Snack Box,HappyBox,1,33000,14000,0,3000,Mobile Pay,6,4,No,
ORD02081,2025-08-20,Pending,C0553,New,25-34,Gwangju,Home,Cotton Towel Set,SoftDay,2,24000,10000,0.1,0,Card,,,No,
ORD02082,2025-01-30,Completed,C0062,VIP,55+,Busan,Food,Coffee Bean 1kg,BeanRoot,4,32000,15000,0,3000,Mobile Pay,2,4,No,
ORD02083,2025-03-16,Completed,C0836,Returning,18-24,Daegu,Fashion,Crossbody Bag,Morrow,3,43000,18000,0.05,0,Bank Transfer,5,4,No,
ORD02084,2025-02-02,Completed,C0664,New,25-34,Daejeon,Pet,Dog Treats 1kg,Barkly,1,25000,11000,0.1,0,Virtual Account,5,4,No,
ORD02085,2025-03-03,Completed,C0732,VIP,45-54,Gyeonggi,Food,Protein Bar Pack,FitBite,2,28000,12000,0,3000,Virtual Account,2,5,No,
ORD02086,2025-06-26,Completed,C0323,Returning,25-34,Gyeonggi,Home,Storage Box Set,NeatHome,1,29000,12000,0,3000,Virtual Account,4,5,No,
ORD02087,2025-12-08,Completed,C0494,Returning,55+,Daejeon,Beauty,Hydrating Serum,PureLab,3,22000,9000,0,0,Bank Transfer,3,4,No,
ORD02088,2025-02-17,Completed,C0060,New,18-24,Gyeonggi,Home,Desk Lamp,Lumen,2,39000,16000,0.2,0,Virtual Account,3,5,No,
ORD02089,2025-05-19,Completed,C0580,New,55+,Incheon,Food,Coffee Bean 1kg,BeanRoot,3,32000,15000,0,3000,Bank Transfer,2,5,No,
ORD02090,2025-06-22,Completed,C0106,Returning,45-54,Daejeon,Fashion,Oversized Hoodie,Northline,3,45000,21000,0,0,Mobile Pay,5,4,No,
ORD02091,2025-02-16,Completed,C0322,VIP,25-34,Daegu,Fashion,Crossbody Bag,Morrow,2,43000,18000,0,3000,Bank Transfer,2,5,No,
ORD02092,2025-08-31,Completed,C0701,Returning,55+,Gangwon,Pet,Pet Bed,ComfyPaws,1,47000,20000,0,3000,Bank Transfer,8,4,No,
ORD02093,2025-11-17,Completed,C0778,Returning,18-24,Gyeonggi,Pet,Dog Treats 1kg,Barkly,2,25000,11000,0,3000,Mobile Pay,3,5,No,
ORD02094,2025-08-08,Cancelled,C0322,Returning,35-44,Jeju,Home,Storage Box Set,NeatHome,3,29000,12000,0.2,0,Virtual Account,,,No,
ORD02095,2025-11-09,Completed,C0244,New,35-44,Gyeonggi,Pet,Pet Bed,ComfyPaws,3,47000,20000,0,3000,Bank Transfer,4,5,No,
ORD02096,2025-11-10,Completed,C0741,VIP,18-24,Incheon,Electronics,Smart Watch,Pulse,2,99000,47000,0.25,3000,Virtual Account,2,,No,
ORD02097,2025-03-05,Completed,C0282,Returning,25-34,Incheon,Pet,Cat Toy Bundle,PawJoy,2,19000,8000,0.1,3000,Mobile Pay,1,4,No,
ORD02098,2025-09-18,Completed,C0066,Returning,25-34,Gyeonggi,Pet,Cat Toy Bundle,PawJoy,4,19000,8000,0,0,Virtual Account,1,5,No,
ORD02099,2025-02-15,Completed,C0729,New,45-54,Gwangju,Beauty,Lip Tint,Mellow,1,14000,5000,0,3000,Virtual Account,3,4,No,
ORD02100,2025-01-07,Completed,C0510,VIP,35-44,Gangwon,Pet,Dog Treats 1kg,Barkly,3,25000,11000,0,3000,Mobile Pay,7,4,No,
ORD02101,2025-10-11,Completed,C0342,New,45-54,Daejeon,Home,Desk Lamp,Lumen,3,39000,16000,0,3000,Bank Transfer,4,5,No,
ORD02102,2025-01-02,Completed,C0741,Returning,25-34,Daegu,Fashion,Canvas Sneakers,Walkon,4,59000,26000,0,3000,Virtual Account,3,5,No,
ORD02103,2025-06-02,Completed,C0710,VIP,25-34,Incheon,Food,Coffee Bean 1kg,BeanRoot,2,32000,15000,0.25,3000,Bank Transfer,3,5,No,
ORD02104,2025-07-12,Completed,C0446,VIP,18-24,Gangwon,Fashion,Crossbody Bag,Morrow,4,43000,18000,0.1,0,Mobile Pay,8,3,Yes,Damaged item
ORD02105,2025-07-18,Completed,C0774,New,55+,Gyeonggi,Home,Cotton Towel Set,SoftDay,2,24000,10000,0,3000,Bank Transfer,1,4,No,
ORD02106,2025-12-02,Completed,C0190,Returning,18-24,Incheon,Electronics,Smart Watch,Pulse,4,99000,47000,0.25,0,Mobile Pay,4,4,No,
ORD02107,2025-10-26,Completed,C0441,VIP,25-34,Gangwon,Fashion,Oversized Hoodie,Northline,2,45000,21000,0.15,0,Bank Transfer,7,4,No,
ORD02108,2025-12-24,Completed,C0712,Returning,55+,Gyeonggi,Electronics,Bluetooth Speaker,Soundly,1,65000,31000,0.25,3000,Mobile Pay,2,5,No,
ORD02109,2025-10-01,Completed,C0088,New,45-54,Jeju,Electronics,Bluetooth Speaker,Soundly,1,65000,31000,0.1,3000,Mobile Pay,5,5,No,
ORD02110,2025-06-04,Completed,C0493,VIP,35-44,Gangwon,Home,Storage Box Set,NeatHome,2,29000,12000,0,3000,Virtual Account,1,5,No,
ORD02111,2025-11-11,Completed,C0845,VIP,55+,Busan,Electronics,Wireless Earbuds,Nova,1,49000,24000,0.25,0,Bank Transfer,5,4,No,
ORD02112,2025-09-25,Completed,C0550,New,18-24,Gyeonggi,Pet,Pet Bed,ComfyPaws,1,47000,20000,0.25,3000,Virtual Account,1,4,Yes,Damaged item
ORD02113,2025-05-31,Completed,C0559,New,18-24,Jeju,Fashion,Crossbody Bag,Morrow,3,43000,18000,0,3000,Mobile Pay,1,4,No,
ORD02114,2025-12-26,Completed,C0174,Returning,55+,Jeju,Home,Cotton Towel Set,SoftDay,3,24000,10000,0,3000,Mobile Pay,9,2,Yes,Changed mind
ORD02115,2025-09-03,Completed,C0754,Returning,25-34,Busan,Fashion,Canvas Sneakers,Walkon,2,59000,26000,0.15,3000,Bank Transfer,2,4,No,
ORD02116,2025-08-12,Completed,C0124,New,25-34,Daegu,Food,Coffee Bean 1kg,BeanRoot,3,32000,15000,0.25,3000,Virtual Account,1,4,No,
ORD02117,2025-02-26,Completed,C0110,VIP,55+,Busan,Home,Desk Lamp,Lumen,4,39000,16000,0.2,3000,Mobile Pay,1,5,No,
ORD02118,2025-03-07,Completed,C0611,Returning,25-34,Gangwon,Pet,Dog Treats 1kg,Barkly,1,25000,11000,0,0,Mobile Pay,4,5,No,
ORD02119,2025-12-14,Completed,C0048,Returning,18-24,Gyeonggi,Fashion,Crossbody Bag,Morrow,4,43000,18000,0.15,0,Bank Transfer,5,4,No,
ORD02120,2025-04-13,Completed,C0223,VIP,25-34,Busan,Fashion,Oversized Hoodie,Northline,2,45000,21000,0.05,3000,Mobile Pay,1,4,No,
ORD02121,2025-12-14,Completed,C0474,Returning,55+,Gwangju,Home,Desk Lamp,Lumen,4,39000,16000,0.1,3000,Mobile Pay,4,4,No,
ORD02122,2025-07-12,Completed,C0801,Returning,25-34,Gangwon,Pet,Cat Toy Bundle,PawJoy,4,19000,8000,0,3000,Virtual Account,5,4,No,
ORD02123,2025-01-03,Cancelled,C0181,Returning,55+,Gangwon,Fashion,Oversized Hoodie,Northline,4,45000,21000,0,0,Bank Transfer,,,No,
ORD02124,2025-09-05,Completed,C0061,Returning,55+,Gangwon,Food,Protein Bar Pack,FitBite,2,28000,12000,0,3000,Bank Transfer,1,4,No,
ORD02125,2025-03-16,Completed,C0699,New,45-54,Incheon,Electronics,Smart Watch,Pulse,4,99000,47000,0,0,Virtual Account,2,4,No,
ORD02126,2025-03-02,Completed,C0651,Returning,25-34,Seoul,Fashion,Canvas Sneakers,Walkon,1,59000,26000,0,0,Mobile Pay,4,4,No,
ORD02127,2025-11-27,Completed,C0566,Returning,18-24,Gwangju,Beauty,Hydrating Serum,PureLab,3,22000,9000,0.1,0,Mobile Pay,2,4,No,
ORD02128,2025-02-24,Completed,C0711,New,55+,Gangwon,Pet,Cat Toy Bundle,PawJoy,4,19000,8000,0.05,0,Mobile Pay,5,5,No,
ORD02129,2025-10-23,Completed,C0501,New,55+,Daegu,Pet,Pet Bed,ComfyPaws,1,47000,20000,0,3000,Card,1,5,No,
ORD02130,2025-10-26,Completed,C0080,New,35-44,Jeju,Beauty,Sunscreen SPF50,Glow,2,18000,7000,0.2,0,Bank Transfer,3,4,No,
ORD02131,2025-05-02,Completed,C0214,Returning,25-34,Gyeonggi,Electronics,Wireless Earbuds,Nova,2,49000,24000,0,0,Virtual Account,3,4,No,
ORD02132,2025-05-30,Completed,C0098,VIP,18-24,Jeju,Fashion,Canvas Sneakers,Walkon,3,59000,26000,0,3000,Mobile Pay,8,3,No,
ORD02133,2025-05-12,Completed,C0538,Returning,25-34,Busan,Fashion,Oversized Hoodie,Northline,2,45000,21000,0,3000,Card,2,5,No,
ORD02134,2025-08-27,Completed,C0307,VIP,25-34,Busan,Food,Protein Bar Pack,FitBite,4,28000,12000,0.15,0,Bank Transfer,1,4,No,
ORD02135,2025-10-02,Completed,C0678,VIP,45-54,Gyeonggi,Food,Coffee Bean 1kg,BeanRoot,3,32000,15000,0,3000,Card,1,4,No,
ORD02136,2025-01-31,Completed,C0375,Returning,35-44,Gwangju,Beauty,Lip Tint,Mellow,2,14000,5000,0,3000,Card,3,5,No,
ORD02137,2025-12-10,Completed,C0417,New,25-34,Incheon,Beauty,Hydrating Serum,PureLab,3,22000,9000,0,0,Mobile Pay,5,5,No,
ORD02138,2025-04-15,Completed,C0580,Returning,35-44,Daegu,Electronics,Smart Watch,Pulse,1,99000,47000,0,0,Virtual Account,2,4,No,
ORD02139,2025-01-13,Completed,C0675,New,55+,Busan,Fashion,Canvas Sneakers,Walkon,4,59000,26000,0,3000,Card,2,5,No,
ORD02140,2025-10-01,Completed,C0527,New,55+,Jeju,Fashion,Crossbody Bag,Morrow,2,43000,18000,0,0,Virtual Account,2,5,No,
ORD02141,2025-02-14,Completed,C0152,New,45-54,Gangwon,Beauty,Sunscreen SPF50,Glow,2,18000,7000,0.15,0,Virtual Account,9,3,No,
ORD02142,2025-10-29,Completed,C0164,Returning,55+,Seoul,Electronics,Bluetooth Speaker,Soundly,3,65000,31000,0,0,Virtual Account,3,4,No,
ORD02143,2025-03-04,Completed,C0366,VIP,45-54,Daegu,Beauty,Sunscreen SPF50,Glow,2,18000,7000,0,3000,Mobile Pay,3,5,No,
ORD02144,2025-03-17,Completed,C0469,VIP,45-54,Daejeon,Pet,Cat Toy Bundle,PawJoy,2,19000,8000,0,3000,Virtual Account,2,5,No,
ORD02145,2025-12-03,Completed,C0345,Returning,55+,Daegu,Electronics,Smart Watch,Pulse,4,99000,47000,0,3000,Virtual Account,4,4,No,
ORD02146,2025-09-30,Completed,C0716,New,45-54,Jeju,Beauty,Lip Tint,Mellow,1,14000,5000,0,3000,Bank Transfer,5,4,No,
ORD02147,2025-03-27,Completed,C0492,VIP,45-54,Gwangju,Fashion,Oversized Hoodie,Northline,4,45000,21000,0,3000,Mobile Pay,1,3,Yes,Different from description
ORD02148,2025-08-21,Completed,C0567,New,35-44,Gyeonggi,Home,Cotton Towel Set,SoftDay,2,24000,10000,0,3000,Bank Transfer,2,4,No,
ORD02149,2025-06-23,Completed,C0205,New,45-54,Seoul,Home,Cotton Towel Set,SoftDay,4,24000,10000,0,3000,Bank Transfer,4,,No,
ORD02150,2025-06-25,Completed,C0381,Returning,45-54,Jeju,Beauty,Sunscreen SPF50,Glow,2,18000,7000,0,3000,Bank Transfer,7,4,No,
ORD02151,2025-04-28,Completed,C0679,VIP,18-24,Jeju,Beauty,Sunscreen SPF50,Glow,1,18000,7000,0.25,3000,Mobile Pay,6,4,No,
ORD02152,2025-01-03,Completed,C0242,New,25-34,Gangwon,Electronics,Bluetooth Speaker,Soundly,3,65000,31000,0,3000,Card,5,5,No,
ORD02153,2025-11-17,Completed,C0725,Returning,35-44,Daejeon,Pet,Pet Bed,ComfyPaws,3,47000,20000,0,3000,Virtual Account,3,4,No,
ORD02154,2025-11-20,Completed,C0802,New,45-54,Gwangju,Electronics,Bluetooth Speaker,Soundly,3,65000,31000,0,0,Virtual Account,4,4,No,
ORD02155,2025-06-10,Completed,C0024,VIP,18-24,Busan,Food,Coffee Bean 1kg,BeanRoot,3,32000,15000,0,3000,Bank Transfer,3,,No,
ORD02156,2025-11-03,Completed,C0152,Returning,18-24,Gwangju,Beauty,Sunscreen SPF50,Glow,3,18000,7000,0,0,Virtual Account,5,4,No,
ORD02157,2025-02-10,Completed,C0267,New,25-34,Daegu,Home,Cotton Towel Set,SoftDay,3,24000,10000,0,0,Mobile Pay,2,5,No,
ORD02158,2025-10-05,Completed,C0790,Returning,25-34,Gwangju,Pet,Pet Bed,ComfyPaws,2,47000,20000,0.25,3000,Virtual Account,5,5,No,
ORD02159,2025-12-14,Completed,C0024,VIP,45-54,Gyeonggi,Food,Protein Bar Pack,FitBite,1,28000,12000,0.15,3000,Mobile Pay,3,4,No,
ORD02160,2025-04-28,Completed,C0306,New,25-34,Busan,Pet,Pet Bed,ComfyPaws,2,47000,20000,0.15,3000,Bank Transfer,5,5,No,
ORD02161,2025-04-30,Completed,C0369,New,18-24,Daegu,Fashion,Oversized Hoodie,Northline,3,45000,21000,0.25,3000,Card,4,4,Yes,Wrong size
ORD02162,2025-10-03,Completed,C0563,VIP,45-54,Gyeonggi,Home,Cotton Towel Set,SoftDay,1,24000,10000,0,3000,Card,5,5,No,
ORD02163,2025-06-12,Completed,C0834,New,18-24,Gyeonggi,Home,Storage Box Set,NeatHome,4,29000,12000,0,3000,Virtual Account,3,4,No,
ORD02164,2025-04-18,Completed,C0218,VIP,45-54,Busan,Electronics,Bluetooth Speaker,Soundly,3,65000,31000,0,3000,Card,4,5,No,
ORD02165,2025-02-04,Completed,C0665,Returning,18-24,Gwangju,Home,Desk Lamp,Lumen,3,39000,16000,0.1,3000,Mobile Pay,1,4,No,
ORD02166,2025-03-21,Pending,C0435,Returning,35-44,Daegu,Food,Gift Snack Box,HappyBox,2,33000,14000,0,0,Card,,,No,
ORD02167,2025-09-03,Pending,C0233,New,55+,Gyeonggi,Beauty,Sunscreen SPF50,Glow,3,18000,7000,0,0,Virtual Account,,,No,
ORD02168,2025-04-19,Completed,C0441,New,18-24,Incheon,Food,Gift Snack Box,HappyBox,4,33000,14000,0,0,Bank Transfer,1,4,No,
ORD02169,2025-11-05,Completed,C0573,New,25-34,Daejeon,Food,Gift Snack Box,HappyBox,1,33000,14000,0.2,3000,Mobile Pay,3,5,No,
ORD02170,2025-05-24,Completed,C0168,Returning,55+,Gyeonggi,Fashion,Crossbody Bag,Morrow,3,43000,18000,0,3000,Card,5,4,Yes,Damaged item
ORD02171,2025-11-28,Completed,C0593,New,25-34,Busan,Fashion,Canvas Sneakers,Walkon,1,59000,26000,0,3000,Mobile Pay,3,4,No,
ORD02172,2025-06-06,Completed,C0557,New,18-24,Gangwon,Home,Storage Box Set,NeatHome,2,29000,12000,0,0,Card,5,5,No,
ORD02173,2025-11-20,Completed,C0273,VIP,35-44,Gwangju,Electronics,Smart Watch,Pulse,1,99000,47000,0,3000,Bank Transfer,1,4,No,
ORD02174,2025-08-19,Completed,C0057,Returning,35-44,Gyeonggi,Beauty,Sunscreen SPF50,Glow,3,18000,7000,0.2,3000,Bank Transfer,5,4,No,
ORD02175,2025-10-29,Completed,C0450,New,45-54,Gwangju,Beauty,Lip Tint,Mellow,4,14000,5000,0,3000,Card,1,4,No,
ORD02176,2025-03-02,Completed,C0002,VIP,55+,Gwangju,Home,Storage Box Set,NeatHome,2,29000,12000,0,0,Mobile Pay,1,3,Yes,Late delivery
ORD02177,2025-11-26,Completed,C0462,Returning,25-34,Daejeon,Home,Desk Lamp,Lumen,2,39000,16000,0.2,0,Bank Transfer,1,4,No,
ORD02178,2025-04-06,Completed,C0143,New,45-54,Gangwon,Pet,Cat Toy Bundle,PawJoy,4,19000,8000,0,0,Mobile Pay,5,4,No,
ORD02179,2025-07-04,Completed,C0268,New,55+,Daegu,Food,Coffee Bean 1kg,BeanRoot,1,32000,15000,0.1,0,Bank Transfer,1,5,No,
ORD02180,2025-08-23,Completed,C0305,New,35-44,Gwangju,Beauty,Hydrating Serum,PureLab,1,22000,9000,0,3000,Virtual Account,4,4,No,
ORD02181,2025-04-13,Completed,C0164,Returning,55+,Seoul,Fashion,Oversized Hoodie,Northline,2,45000,21000,0,3000,Bank Transfer,2,5,No,
ORD02182,2025-09-27,Cancelled,C0503,New,45-54,Gangwon,Electronics,Wireless Earbuds,Nova,3,49000,24000,0.05,0,Virtual Account,,,No,
ORD02183,2025-09-13,Completed,C0788,New,18-24,Daejeon,Fashion,Canvas Sneakers,Walkon,1,59000,26000,0.1,0,Mobile Pay,2,5,No,
ORD02184,2025-07-14,Completed,C0221,VIP,35-44,Gwangju,Food,Protein Bar Pack,FitBite,2,28000,12000,0.05,3000,Bank Transfer,1,,No,
ORD02185,2025-06-24,Completed,C0154,Returning,18-24,Busan,Food,Gift Snack Box,HappyBox,3,33000,14000,0,3000,Virtual Account,5,5,No,
ORD02186,2025-12-10,Completed,C0683,Returning,55+,Busan,Home,Storage Box Set,NeatHome,3,29000,12000,0,3000,Mobile Pay,4,5,No,
ORD02187,2025-10-31,Completed,C0499,New,35-44,Gangwon,Beauty,Hydrating Serum,PureLab,2,22000,9000,0,3000,Bank Transfer,3,5,No,
ORD02188,2025-08-11,Completed,C0420,Returning,35-44,Busan,Pet,Pet Bed,ComfyPaws,4,47000,20000,0,3000,Virtual Account,4,5,No,
ORD02189,2025-08-22,Completed,C0148,Returning,45-54,Gyeonggi,Electronics,Wireless Earbuds,Nova,4,49000,24000,0,3000,Virtual Account,1,5,No,
ORD02190,2025-10-18,Completed,C0588,VIP,35-44,Gangwon,Electronics,Bluetooth Speaker,Soundly,1,65000,31000,0,3000,Bank Transfer,7,4,No,
ORD02191,2025-04-26,Completed,C0178,Returning,45-54,Busan,Fashion,Canvas Sneakers,Walkon,2,59000,26000,0.05,0,Mobile Pay,3,3,Yes,Changed mind
ORD02192,2025-07-20,Completed,C0497,New,35-44,Seoul,Home,Storage Box Set,NeatHome,4,29000,12000,0.15,3000,Card,5,5,No,
ORD02193,2025-01-17,Completed,C0126,New,45-54,Gwangju,Fashion,Canvas Sneakers,Walkon,2,59000,26000,0,0,Virtual Account,1,5,No,
ORD02194,2025-12-24,Completed,C0165,New,45-54,Seoul,Beauty,Lip Tint,Mellow,4,14000,5000,0,0,Card,2,4,No,
ORD02195,2025-08-12,Completed,C0192,Returning,35-44,Gangwon,Fashion,Oversized Hoodie,Northline,1,45000,21000,0,3000,Bank Transfer,2,4,No,
ORD02196,2025-04-03,Completed,C0660,Returning,55+,Seoul,Home,Desk Lamp,Lumen,3,39000,16000,0.1,0,Card,2,5,No,
ORD02197,2025-02-01,Completed,C0382,Returning,18-24,Daegu,Home,Cotton Towel Set,SoftDay,2,24000,10000,0.15,3000,Virtual Account,5,5,No,
ORD02198,2025-01-11,Completed,C0101,New,55+,Incheon,Food,Gift Snack Box,HappyBox,4,33000,14000,0.2,3000,Card,4,,No,
ORD02199,2025-05-05,Cancelled,C0249,Returning,35-44,Incheon,Pet,Dog Treats 1kg,Barkly,2,25000,11000,0,0,Bank Transfer,,,No,
ORD02200,2025-07-10,Completed,C0455,New,35-44,Gyeonggi,Beauty,Hydrating Serum,PureLab,1,22000,9000,0.25,3000,Card,3,4,No,
ORD02201,2025-03-11,Completed,C0149,Returning,55+,Incheon,Food,Protein Bar Pack,FitBite,1,28000,12000,0,0,Bank Transfer,5,4,No,
ORD02202,2025-01-30,Completed,C0506,New,35-44,Daejeon,Electronics,Bluetooth Speaker,Soundly,3,65000,31000,0,3000,Card,1,5,No,
ORD02203,2025-07-08,Completed,C0666,New,35-44,Daejeon,Fashion,Crossbody Bag,Morrow,2,43000,18000,0.15,3000,Bank Transfer,3,5,No,
ORD02204,2025-08-26,Completed,C0075,New,35-44,Seoul,Beauty,Hydrating Serum,PureLab,4,22000,9000,0.25,0,Card,2,4,No,
ORD02205,2025-10-04,Completed,C0599,New,35-44,Daejeon,Home,Storage Box Set,NeatHome,1,29000,12000,0,3000,Card,5,5,No,
ORD02206,2025-11-17,Completed,C0162,VIP,55+,Busan,Home,Desk Lamp,Lumen,1,39000,16000,0.1,3000,Mobile Pay,3,5,No,
ORD02207,2025-04-04,Completed,C0006,Returning,25-34,Gwangju,Pet,Cat Toy Bundle,PawJoy,2,19000,8000,0,0,Bank Transfer,2,4,No,
ORD02208,2025-04-08,Completed,C0849,VIP,35-44,Daegu,Electronics,Bluetooth Speaker,Soundly,4,65000,31000,0,0,Virtual Account,4,3,Yes,Damaged item
ORD02209,2025-11-12,Completed,C0214,Returning,35-44,Incheon,Pet,Cat Toy Bundle,PawJoy,3,19000,8000,0.25,3000,Bank Transfer,4,5,No,
ORD02210,2025-03-29,Completed,C0566,Returning,25-34,Jeju,Fashion,Crossbody Bag,Morrow,1,43000,18000,0,0,Virtual Account,2,3,Yes,Changed mind
ORD02211,2025-06-02,Completed,C0494,Returning,45-54,Busan,Beauty,Hydrating Serum,PureLab,4,22000,9000,0.1,3000,Bank Transfer,4,5,No,
ORD02212,2025-05-29,Completed,C0733,VIP,35-44,Seoul,Food,Gift Snack Box,HappyBox,2,33000,14000,0,0,Virtual Account,5,4,No,
ORD02213,2025-03-15,Completed,C0749,New,25-34,Seoul,Home,Desk Lamp,Lumen,4,39000,16000,0,3000,Virtual Account,1,4,No,
ORD02214,2025-09-04,Completed,C0740,New,18-24,Busan,Home,Storage Box Set,NeatHome,1,29000,12000,0,3000,Mobile Pay,3,4,No,
ORD02215,2025-01-30,Completed,C0787,Returning,35-44,Daejeon,Fashion,Canvas Sneakers,Walkon,2,59000,26000,0,3000,Virtual Account,5,5,No,
ORD02216,2025-09-30,Completed,C0209,New,35-44,Daegu,Fashion,Canvas Sneakers,Walkon,3,59000,26000,0.15,3000,Card,4,3,Yes,Changed mind
ORD02217,2025-11-22,Pending,C0546,Returning,45-54,Incheon,Electronics,Bluetooth Speaker,Soundly,4,65000,31000,0,0,Mobile Pay,,,No,
ORD02218,2025-09-06,Completed,C0504,New,25-34,Gyeonggi,Pet,Dog Treats 1kg,Barkly,2,25000,11000,0.1,3000,Card,3,4,No,
ORD02219,2025-10-06,Completed,C0217,Returning,45-54,Gangwon,Food,Protein Bar Pack,FitBite,3,28000,12000,0,3000,Virtual Account,3,4,No,
ORD02220,2025-07-05,Completed,C0545,Returning,25-34,Daegu,Home,Cotton Towel Set,SoftDay,4,24000,10000,0,3000,Mobile Pay,1,3,Yes,Damaged item
ORD02221,2025-01-01,Completed,C0813,VIP,25-34,Gyeonggi,Food,Gift Snack Box,HappyBox,3,33000,14000,0,3000,Virtual Account,4,5,No,
ORD02222,2025-12-21,Completed,C0480,New,35-44,Incheon,Home,Cotton Towel Set,SoftDay,2,24000,10000,0,3000,Virtual Account,1,4,No,
ORD02223,2025-11-10,Cancelled,C0034,New,25-34,Jeju,Food,Gift Snack Box,HappyBox,4,33000,14000,0,0,Card,,,No,
ORD02224,2025-08-27,Completed,C0449,VIP,55+,Daejeon,Electronics,Wireless Earbuds,Nova,1,49000,24000,0,3000,Card,1,5,No,
ORD02225,2025-05-22,Completed,C0833,New,35-44,Incheon,Fashion,Canvas Sneakers,Walkon,1,59000,26000,0,3000,Virtual Account,2,4,No,
ORD02226,2025-11-29,Completed,C0379,Returning,35-44,Busan,Food,Gift Snack Box,HappyBox,2,33000,14000,0.25,0,Virtual Account,2,4,No,
ORD02227,2025-06-24,Completed,C0229,VIP,35-44,Gangwon,Beauty,Sunscreen SPF50,Glow,2,18000,7000,0,3000,Virtual Account,4,5,No,
ORD02228,2025-01-28,Completed,C0471,VIP,18-24,Gyeonggi,Food,Gift Snack Box,HappyBox,1,33000,14000,0,3000,Card,5,5,No,
ORD02229,2025-11-25,Completed,C0289,Returning,18-24,Incheon,Home,Cotton Towel Set,SoftDay,1,24000,10000,0,0,Mobile Pay,1,5,No,
ORD02230,2025-12-19,Completed,C0199,Returning,55+,Daegu,Electronics,Bluetooth Speaker,Soundly,1,65000,31000,0.2,3000,Bank Transfer,1,5,No,
ORD02231,2025-04-01,Completed,C0623,Returning,55+,Gyeonggi,Food,Protein Bar Pack,FitBite,4,28000,12000,0,3000,Virtual Account,5,4,No,
ORD02232,2025-01-04,Completed,C0598,VIP,35-44,Daegu,Fashion,Crossbody Bag,Morrow,4,43000,18000,0,0,Bank Transfer,4,4,No,
ORD02233,2025-12-24,Completed,C0265,Returning,18-24,Gangwon,Food,Protein Bar Pack,FitBite,4,28000,12000,0,3000,Bank Transfer,5,5,No,
ORD02234,2025-09-08,Completed,C0509,Returning,18-24,Gangwon,Electronics,Bluetooth Speaker,Soundly,4,65000,31000,0,3000,Card,5,4,No,
ORD02235,2025-12-09,Completed,C0213,New,18-24,Incheon,Food,Protein Bar Pack,FitBite,1,28000,12000,0.15,3000,Mobile Pay,3,5,No,
ORD02236,2025-03-30,Completed,C0767,Returning,18-24,Incheon,Fashion,Canvas Sneakers,Walkon,4,59000,26000,0.2,0,Bank Transfer,3,4,No,
ORD02237,2025-06-23,Completed,C0031,New,25-34,Jeju,Pet,Pet Bed,ComfyPaws,4,47000,20000,0,3000,Virtual Account,6,4,No,
ORD02238,2025-01-18,Completed,C0450,New,45-54,Incheon,Fashion,Oversized Hoodie,Northline,2,45000,21000,0.2,3000,Card,5,4,No,
ORD02239,2025-06-20,Completed,C0389,New,35-44,Busan,Electronics,Smart Watch,Pulse,1,99000,47000,0,3000,Card,1,5,No,
ORD02240,2025-06-28,Completed,C0823,Returning,55+,Seoul,Beauty,Hydrating Serum,PureLab,4,22000,9000,0,0,Virtual Account,5,,No,
ORD02241,2025-04-07,Completed,C0337,New,18-24,Jeju,Home,Cotton Towel Set,SoftDay,3,24000,10000,0,0,Bank Transfer,3,5,No,
ORD02242,2025-08-11,Completed,C0255,New,55+,Incheon,Home,Cotton Towel Set,SoftDay,2,24000,10000,0,0,Bank Transfer,3,4,No,
ORD02243,2025-02-08,Completed,C0543,New,45-54,Gwangju,Fashion,Canvas Sneakers,Walkon,2,59000,26000,0,0,Card,5,4,No,
ORD02244,2025-10-31,Completed,C0430,Returning,25-34,Incheon,Home,Cotton Towel Set,SoftDay,2,24000,10000,0,3000,Card,4,5,No,
ORD02245,2025-06-20,Completed,C0229,Returning,35-44,Seoul,Fashion,Canvas Sneakers,Walkon,2,59000,26000,0,0,Bank Transfer,4,4,No,
ORD02246,2025-06-23,Completed,C0327,Returning,18-24,Gwangju,Fashion,Canvas Sneakers,Walkon,3,59000,26000,0,3000,Mobile Pay,2,4,No,
ORD02247,2025-12-24,Completed,C0410,VIP,55+,Busan,Food,Gift Snack Box,HappyBox,1,33000,14000,0,3000,Virtual Account,4,5,No,
ORD02248,2025-05-27,Completed,C0729,Returning,35-44,Gangwon,Food,Coffee Bean 1kg,BeanRoot,4,32000,15000,0.15,0,Card,6,4,No,
ORD02249,2025-09-06,Completed,C0361,Returning,45-54,Seoul,Food,Coffee Bean 1kg,BeanRoot,2,32000,15000,0.1,3000,Bank Transfer,3,5,No,
ORD02250,2025-05-18,Completed,C0008,Returning,18-24,Gangwon,Beauty,Lip Tint,Mellow,4,14000,5000,0,3000,Mobile Pay,8,3,No,
ORD02251,2025-04-05,Completed,C0633,Returning,55+,Daegu,Beauty,Sunscreen SPF50,Glow,2,18000,7000,0,3000,Mobile Pay,4,5,No,
ORD02252,2025-11-09,Completed,C0054,Returning,35-44,Jeju,Home,Desk Lamp,Lumen,3,39000,16000,0,3000,Virtual Account,4,5,No,
ORD02253,2025-09-01,Completed,C0745,Returning,45-54,Daejeon,Home,Cotton Towel Set,SoftDay,1,24000,10000,0,3000,Bank Transfer,3,5,No,
ORD02254,2025-10-18,Completed,C0495,New,35-44,Jeju,Home,Desk Lamp,Lumen,2,39000,16000,0,3000,Bank Transfer,9,4,No,
ORD02255,2025-07-11,Completed,C0029,New,55+,Daejeon,Home,Desk Lamp,Lumen,3,39000,16000,0,3000,Bank Transfer,2,5,No,
ORD02256,2025-04-21,Completed,C0149,VIP,18-24,Gangwon,Pet,Cat Toy Bundle,PawJoy,4,19000,8000,0.25,3000,Virtual Account,8,3,No,
ORD02257,2025-07-19,Completed,C0504,Returning,35-44,Seoul,Electronics,Wireless Earbuds,Nova,2,49000,24000,0.1,0,Virtual Account,2,4,No,
ORD02258,2025-06-10,Completed,C0730,New,25-34,Gwangju,Beauty,Hydrating Serum,PureLab,3,22000,9000,0,3000,Mobile Pay,4,5,No,
ORD02259,2025-09-11,Completed,C0568,Returning,35-44,Gyeonggi,Pet,Pet Bed,ComfyPaws,4,47000,20000,0.2,0,Mobile Pay,4,4,No,
ORD02260,2025-06-06,Completed,C0252,New,25-34,Daegu,Home,Storage Box Set,NeatHome,4,29000,12000,0.1,3000,Bank Transfer,4,5,No,
ORD02261,2025-11-04,Completed,C0423,Returning,55+,Seoul,Home,Cotton Towel Set,SoftDay,4,24000,10000,0,3000,Mobile Pay,2,4,No,
ORD02262,2025-06-12,Completed,C0148,New,35-44,Daejeon,Electronics,Wireless Earbuds,Nova,4,49000,24000,0,0,Mobile Pay,5,5,No,
ORD02263,2025-09-18,Completed,C0145,Returning,55+,Incheon,Beauty,Sunscreen SPF50,Glow,1,18000,7000,0,3000,Mobile Pay,5,4,No,
ORD02264,2025-10-11,Completed,C0067,Returning,55+,Gyeonggi,Electronics,Wireless Earbuds,Nova,1,49000,24000,0,3000,Bank Transfer,3,3,Yes,Changed mind
ORD02265,2025-04-02,Completed,C0140,Returning,35-44,Gyeonggi,Pet,Cat Toy Bundle,PawJoy,2,19000,8000,0,3000,Bank Transfer,3,3,Yes,Changed mind
ORD02266,2025-05-04,Completed,C0724,Returning,45-54,Gangwon,Food,Protein Bar Pack,FitBite,1,28000,12000,0,3000,Bank Transfer,4,4,No,
ORD02267,2025-04-26,Completed,C0394,New,55+,Busan,Food,Coffee Bean 1kg,BeanRoot,2,32000,15000,0,0,Bank Transfer,1,5,No,
ORD02268,2025-12-16,Completed,C0415,Returning,55+,Daejeon,Food,Coffee Bean 1kg,BeanRoot,2,32000,15000,0.25,3000,Card,1,5,No,
ORD02269,2025-06-30,Completed,C0131,New,25-34,Gyeonggi,Beauty,Hydrating Serum,PureLab,2,22000,9000,0,0,Card,2,5,No,
ORD02270,2025-11-26,Cancelled,C0842,Returning,55+,Jeju,Pet,Pet Bed,ComfyPaws,4,47000,20000,0,0,Mobile Pay,,,No,
ORD02271,2025-04-25,Cancelled,C0712,New,45-54,Gyeonggi,Fashion,Canvas Sneakers,Walkon,1,59000,26000,0,0,Virtual Account,,,No,
ORD02272,2025-04-18,Completed,C0799,Returning,55+,Jeju,Home,Desk Lamp,Lumen,2,39000,16000,0,3000,Virtual Account,6,4,No,
ORD02273,2025-06-25,Completed,C0042,Returning,18-24,Gwangju,Home,Storage Box Set,NeatHome,4,29000,12000,0.2,3000,Virtual Account,2,5,No,
ORD02274,2025-02-25,Completed,C0317,Returning,25-34,Gangwon,Beauty,Hydrating Serum,PureLab,4,22000,9000,0,0,Card,8,3,Yes,Late delivery
ORD02275,2025-07-20,Completed,C0167,New,35-44,Seoul,Pet,Pet Bed,ComfyPaws,4,47000,20000,0,3000,Virtual Account,5,4,No,
ORD02276,2025-11-24,Completed,C0832,Returning,55+,Daegu,Food,Gift Snack Box,HappyBox,1,33000,14000,0,3000,Bank Transfer,5,5,No,
ORD02277,2025-12-06,Pending,C0510,Returning,18-24,Daejeon,Pet,Pet Bed,ComfyPaws,4,47000,20000,0,0,Card,,,No,
ORD02278,2025-02-10,Pending,C0409,Returning,18-24,Gwangju,Beauty,Hydrating Serum,PureLab,1,22000,9000,0,0,Virtual Account,,,No,
ORD02279,2025-03-19,Completed,C0438,VIP,18-24,Gyeonggi,Pet,Cat Toy Bundle,PawJoy,3,19000,8000,0.05,3000,Mobile Pay,5,5,No,
ORD02280,2025-03-10,Completed,C0382,New,35-44,Incheon,Home,Desk Lamp,Lumen,1,39000,16000,0,3000,Card,5,4,No,
ORD02281,2025-12-13,Completed,C0520,Returning,35-44,Busan,Electronics,Bluetooth Speaker,Soundly,3,65000,31000,0,0,Card,1,5,No,
ORD02282,2025-03-19,Completed,C0620,VIP,35-44,Daejeon,Home,Cotton Towel Set,SoftDay,1,24000,10000,0.1,3000,Bank Transfer,2,5,No,
ORD02283,2025-08-22,Completed,C0431,VIP,55+,Daejeon,Pet,Dog Treats 1kg,Barkly,1,25000,11000,0,0,Mobile Pay,1,4,No,
ORD02284,2025-11-11,Completed,C0812,Returning,45-54,Busan,Fashion,Oversized Hoodie,Northline,2,45000,21000,0.15,3000,Mobile Pay,1,4,No,
ORD02285,2025-05-12,Completed,C0460,VIP,18-24,Incheon,Electronics,Bluetooth Speaker,Soundly,4,65000,31000,0.25,3000,Virtual Account,1,4,No,
ORD02286,2025-02-04,Completed,C0814,VIP,45-54,Busan,Beauty,Sunscreen SPF50,Glow,1,18000,7000,0,3000,Virtual Account,2,4,No,
ORD02287,2025-03-18,Completed,C0712,VIP,18-24,Busan,Fashion,Oversized Hoodie,Northline,3,45000,21000,0,3000,Bank Transfer,5,5,No,
ORD02288,2025-08-28,Completed,C0029,New,25-34,Busan,Fashion,Canvas Sneakers,Walkon,3,59000,26000,0,0,Virtual Account,5,5,No,
ORD02289,2025-08-08,Completed,C0802,New,25-34,Daegu,Fashion,Crossbody Bag,Morrow,4,43000,18000,0.25,3000,Card,1,4,No,
ORD02290,2025-06-06,Completed,C0825,Returning,18-24,Daegu,Home,Cotton Towel Set,SoftDay,3,24000,10000,0,3000,Virtual Account,1,4,No,
ORD02291,2025-02-04,Completed,C0203,New,55+,Gyeonggi,Food,Coffee Bean 1kg,BeanRoot,3,32000,15000,0,0,Bank Transfer,1,5,No,
ORD02292,2025-10-20,Completed,C0352,Returning,35-44,Incheon,Home,Desk Lamp,Lumen,1,39000,16000,0,3000,Bank Transfer,2,5,No,
ORD02293,2025-08-01,Completed,C0511,New,25-34,Busan,Home,Desk Lamp,Lumen,3,39000,16000,0.05,3000,Mobile Pay,4,5,No,
ORD02294,2025-06-02,Cancelled,C0019,New,25-34,Gwangju,Fashion,Oversized Hoodie,Northline,1,45000,21000,0,0,Mobile Pay,,,No,
ORD02295,2025-10-10,Completed,C0367,New,35-44,Seoul,Home,Cotton Towel Set,SoftDay,3,24000,10000,0,0,Card,1,5,No,
ORD02296,2025-07-03,Pending,C0038,Returning,25-34,Seoul,Home,Desk Lamp,Lumen,3,39000,16000,0,0,Mobile Pay,,,No,
ORD02297,2025-12-12,Completed,C0009,VIP,18-24,Gangwon,Food,Protein Bar Pack,FitBite,1,28000,12000,0,3000,Bank Transfer,6,2,Yes,Damaged item
ORD02298,2025-07-05,Completed,C0381,Returning,35-44,Gyeonggi,Pet,Pet Bed,ComfyPaws,2,47000,20000,0,3000,Virtual Account,5,5,No,
ORD02299,2025-06-19,Completed,C0665,VIP,45-54,Seoul,Food,Protein Bar Pack,FitBite,2,28000,12000,0,3000,Virtual Account,3,4,No,
ORD02300,2025-08-19,Completed,C0584,Returning,55+,Busan,Home,Storage Box Set,NeatHome,3,29000,12000,0.1,3000,Mobile Pay,1,5,No,
ORD02301,2025-09-01,Completed,C0418,New,25-34,Incheon,Beauty,Sunscreen SPF50,Glow,2,18000,7000,0.2,0,Virtual Account,4,4,No,
ORD02302,2025-11-13,Completed,C0090,Returning,18-24,Gangwon,Beauty,Hydrating Serum,PureLab,3,22000,9000,0,0,Virtual Account,3,5,No,
ORD02303,2025-09-04,Completed,C0172,Returning,55+,Seoul,Home,Cotton Towel Set,SoftDay,4,24000,10000,0.2,3000,Card,3,3,Yes,Damaged item
ORD02304,2025-10-30,Completed,C0090,New,35-44,Jeju,Pet,Pet Bed,ComfyPaws,3,47000,20000,0,3000,Mobile Pay,2,5,No,
ORD02305,2025-04-27,Completed,C0449,New,25-34,Gyeonggi,Home,Storage Box Set,NeatHome,4,29000,12000,0,0,Card,5,5,No,
ORD02306,2025-09-16,Completed,C0205,New,25-34,Seoul,Fashion,Oversized Hoodie,Northline,3,45000,21000,0,3000,Virtual Account,1,4,No,
ORD02307,2025-12-21,Completed,C0256,Returning,55+,Gwangju,Food,Protein Bar Pack,FitBite,4,28000,12000,0,3000,Bank Transfer,3,5,No,
ORD02308,2025-06-12,Completed,C0344,Returning,45-54,Busan,Electronics,Smart Watch,Pulse,4,99000,47000,0,0,Mobile Pay,5,,No,
ORD02309,2025-10-19,Completed,C0148,New,45-54,Gangwon,Home,Desk Lamp,Lumen,4,39000,16000,0,3000,Bank Transfer,9,3,No,
ORD02310,2025-02-19,Completed,C0583,New,45-54,Daejeon,Pet,Pet Bed,ComfyPaws,1,47000,20000,0,0,Card,5,4,No,
ORD02311,2025-11-07,Completed,C0659,Returning,35-44,Gwangju,Food,Coffee Bean 1kg,BeanRoot,3,32000,15000,0,3000,Card,2,5,No,
ORD02312,2025-08-15,Completed,C0738,Returning,25-34,Gangwon,Pet,Dog Treats 1kg,Barkly,4,25000,11000,0,3000,Card,4,5,No,
ORD02313,2025-08-25,Completed,C0684,Returning,25-34,Gwangju,Home,Desk Lamp,Lumen,4,39000,16000,0.25,0,Bank Transfer,1,3,Yes,Different from description
ORD02314,2025-10-18,Completed,C0044,Returning,55+,Jeju,Electronics,Bluetooth Speaker,Soundly,2,65000,31000,0,0,Bank Transfer,1,5,No,
ORD02315,2025-12-17,Completed,C0094,Returning,25-34,Daegu,Pet,Cat Toy Bundle,PawJoy,2,19000,8000,0,0,Mobile Pay,4,,No,
ORD02316,2025-10-28,Completed,C0224,Returning,18-24,Gyeonggi,Fashion,Crossbody Bag,Morrow,2,43000,18000,0,3000,Virtual Account,2,4,No,
ORD02317,2025-01-15,Completed,C0057,Returning,25-34,Gwangju,Food,Protein Bar Pack,FitBite,2,28000,12000,0,3000,Virtual Account,3,4,No,
ORD02318,2025-11-27,Completed,C0252,VIP,25-34,Daegu,Pet,Pet Bed,ComfyPaws,2,47000,20000,0.15,0,Mobile Pay,5,5,No,
ORD02319,2025-04-26,Completed,C0825,Returning,18-24,Gyeonggi,Fashion,Crossbody Bag,Morrow,2,43000,18000,0.15,3000,Bank Transfer,5,5,No,
ORD02320,2025-08-13,Completed,C0299,Returning,25-34,Gwangju,Beauty,Lip Tint,Mellow,1,14000,5000,0.1,0,Mobile Pay,5,4,No,
ORD02321,2025-09-06,Completed,C0627,Returning,45-54,Incheon,Fashion,Canvas Sneakers,Walkon,2,59000,26000,0.05,3000,Bank Transfer,5,4,No,
ORD02322,2025-04-13,Completed,C0267,Returning,45-54,Daejeon,Pet,Pet Bed,ComfyPaws,4,47000,20000,0,0,Mobile Pay,3,5,No,
ORD02323,2025-03-14,Completed,C0054,Returning,18-24,Incheon,Fashion,Crossbody Bag,Morrow,1,43000,18000,0.2,3000,Virtual Account,3,5,No,
ORD02324,2025-09-24,Completed,C0729,Returning,45-54,Jeju,Food,Gift Snack Box,HappyBox,2,33000,14000,0,3000,Card,1,4,No,
ORD02325,2025-12-17,Completed,C0825,New,45-54,Seoul,Food,Coffee Bean 1kg,BeanRoot,2,32000,15000,0,3000,Virtual Account,2,5,No,
ORD02326,2025-11-04,Completed,C0661,Returning,25-34,Gwangju,Food,Protein Bar Pack,FitBite,4,28000,12000,0.05,3000,Bank Transfer,4,4,No,
ORD02327,2025-06-10,Pending,C0661,Returning,25-34,Gyeonggi,Fashion,Oversized Hoodie,Northline,2,45000,21000,0,0,Card,,,No,
ORD02328,2025-03-03,Completed,C0818,Returning,45-54,Gangwon,Electronics,Bluetooth Speaker,Soundly,2,65000,31000,0,3000,Bank Transfer,3,5,No,
ORD02329,2025-01-01,Completed,C0638,New,45-54,Gangwon,Food,Gift Snack Box,HappyBox,2,33000,14000,0,0,Mobile Pay,6,3,Yes,Different from description
ORD02330,2025-01-19,Completed,C0001,Returning,25-34,Gyeonggi,Beauty,Hydrating Serum,PureLab,1,22000,9000,0,3000,Virtual Account,3,4,No,
ORD02331,2025-09-15,Completed,C0258,Returning,18-24,Incheon,Pet,Dog Treats 1kg,Barkly,4,25000,11000,0,3000,Virtual Account,4,4,No,
ORD02332,2025-09-24,Completed,C0719,New,35-44,Jeju,Beauty,Sunscreen SPF50,Glow,1,18000,7000,0,3000,Card,7,3,No,
ORD02333,2025-05-05,Completed,C0604,Returning,35-44,Gwangju,Pet,Dog Treats 1kg,Barkly,4,25000,11000,0,3000,Bank Transfer,2,4,Yes,Wrong size
ORD02334,2025-02-17,Completed,C0750,Returning,35-44,Incheon,Pet,Pet Bed,ComfyPaws,1,47000,20000,0,3000,Mobile Pay,3,5,No,
ORD02335,2025-07-26,Completed,C0776,Returning,55+,Daejeon,Home,Cotton Towel Set,SoftDay,3,24000,10000,0,0,Virtual Account,4,5,No,
ORD02336,2025-02-05,Completed,C0266,New,18-24,Incheon,Fashion,Oversized Hoodie,Northline,4,45000,21000,0,0,Bank Transfer,2,5,No,
ORD02337,2025-10-17,Completed,C0717,Returning,55+,Daejeon,Fashion,Canvas Sneakers,Walkon,2,59000,26000,0,3000,Card,3,5,No,
ORD02338,2025-07-15,Completed,C0433,Returning,25-34,Jeju,Home,Desk Lamp,Lumen,4,39000,16000,0,3000,Bank Transfer,5,4,No,
ORD02339,2025-12-07,Completed,C0810,VIP,55+,Jeju,Electronics,Bluetooth Speaker,Soundly,1,65000,31000,0.1,3000,Card,9,3,No,
ORD02340,2025-07-21,Completed,C0692,New,25-34,Gangwon,Home,Storage Box Set,NeatHome,1,29000,12000,0,3000,Mobile Pay,6,4,No,
ORD02341,2025-04-16,Completed,C0094,Returning,45-54,Seoul,Fashion,Crossbody Bag,Morrow,3,43000,18000,0,3000,Mobile Pay,3,5,No,
ORD02342,2025-09-14,Completed,C0758,VIP,35-44,Gangwon,Food,Gift Snack Box,HappyBox,3,33000,14000,0,3000,Card,9,3,No,
ORD02343,2025-03-11,Completed,C0305,New,35-44,Daejeon,Home,Desk Lamp,Lumen,2,39000,16000,0,3000,Bank Transfer,5,5,No,
ORD02344,2025-11-21,Completed,C0330,Returning,25-34,Incheon,Electronics,Bluetooth Speaker,Soundly,4,65000,31000,0.1,0,Virtual Account,4,4,No,
ORD02345,2025-11-30,Completed,C0806,New,45-54,Incheon,Pet,Pet Bed,ComfyPaws,2,47000,20000,0.15,3000,Virtual Account,2,5,No,
ORD02346,2025-12-10,Completed,C0643,VIP,18-24,Incheon,Fashion,Oversized Hoodie,Northline,4,45000,21000,0.2,0,Bank Transfer,1,5,No,
ORD02347,2025-02-04,Completed,C0062,VIP,55+,Daegu,Home,Desk Lamp,Lumen,2,39000,16000,0,3000,Bank Transfer,5,5,No,
ORD02348,2025-12-18,Cancelled,C0396,Returning,55+,Daegu,Beauty,Lip Tint,Mellow,2,14000,5000,0.25,0,Virtual Account,,,No,
ORD02349,2025-07-15,Completed,C0118,Returning,45-54,Incheon,Electronics,Bluetooth Speaker,Soundly,3,65000,31000,0,3000,Bank Transfer,1,5,No,
ORD02350,2025-05-09,Cancelled,C0367,New,35-44,Daegu,Pet,Cat Toy Bundle,PawJoy,1,19000,8000,0.2,0,Virtual Account,,,No,
ORD02351,2025-06-11,Completed,C0145,New,55+,Daegu,Beauty,Sunscreen SPF50,Glow,2,18000,7000,0.1,3000,Mobile Pay,3,5,No,
ORD02352,2025-12-24,Completed,C0004,New,18-24,Incheon,Home,Desk Lamp,Lumen,4,39000,16000,0.25,0,Card,3,4,No,
ORD02353,2025-01-13,Completed,C0078,Returning,35-44,Seoul,Food,Protein Bar Pack,FitBite,3,28000,12000,0,3000,Virtual Account,3,5,No,
ORD02354,2025-02-25,Completed,C0007,New,45-54,Jeju,Home,Cotton Towel Set,SoftDay,3,24000,10000,0.2,0,Card,6,4,No,
ORD02355,2025-05-10,Completed,C0025,Returning,18-24,Busan,Pet,Pet Bed,ComfyPaws,1,47000,20000,0,3000,Virtual Account,4,5,No,
ORD02356,2025-03-26,Completed,C0694,Returning,25-34,Gyeonggi,Electronics,Smart Watch,Pulse,4,99000,47000,0,3000,Card,5,5,No,
ORD02357,2025-05-26,Completed,C0309,Returning,55+,Gyeonggi,Food,Protein Bar Pack,FitBite,2,28000,12000,0.2,3000,Bank Transfer,1,5,No,
ORD02358,2025-12-19,Pending,C0371,Returning,18-24,Gyeonggi,Electronics,Bluetooth Speaker,Soundly,2,65000,31000,0.15,0,Mobile Pay,,,No,
ORD02359,2025-09-10,Completed,C0836,Returning,35-44,Jeju,Fashion,Canvas Sneakers,Walkon,2,59000,26000,0,3000,Card,2,5,No,
ORD02360,2025-08-13,Completed,C0184,VIP,35-44,Seoul,Home,Cotton Towel Set,SoftDay,2,24000,10000,0.2,3000,Card,4,3,Yes,Damaged item
ORD02361,2025-12-01,Completed,C0240,New,35-44,Jeju,Food,Coffee Bean 1kg,BeanRoot,2,32000,15000,0.1,0,Bank Transfer,1,5,No,
ORD02362,2025-08-15,Completed,C0033,VIP,35-44,Seoul,Pet,Cat Toy Bundle,PawJoy,1,19000,8000,0.05,0,Card,3,5,No,
ORD02363,2025-11-29,Completed,C0618,VIP,25-34,Gangwon,Electronics,Smart Watch,Pulse,2,99000,47000,0.25,3000,Bank Transfer,5,4,No,
ORD02364,2025-08-24,Cancelled,C0514,New,35-44,Daegu,Beauty,Sunscreen SPF50,Glow,3,18000,7000,0,0,Mobile Pay,,,No,
ORD02365,2025-05-10,Completed,C0100,Returning,35-44,Gwangju,Beauty,Sunscreen SPF50,Glow,2,18000,7000,0,0,Card,5,5,No,
ORD02366,2025-11-27,Completed,C0230,VIP,25-34,Incheon,Home,Storage Box Set,NeatHome,4,29000,12000,0.15,3000,Mobile Pay,2,5,No,
ORD02367,2025-03-01,Completed,C0240,VIP,45-54,Gangwon,Food,Protein Bar Pack,FitBite,1,28000,12000,0,3000,Mobile Pay,3,5,No,
ORD02368,2025-11-24,Completed,C0359,Returning,45-54,Seoul,Food,Protein Bar Pack,FitBite,2,28000,12000,0,0,Bank Transfer,2,4,No,
ORD02369,2025-06-03,Completed,C0404,New,35-44,Incheon,Beauty,Sunscreen SPF50,Glow,3,18000,7000,0,3000,Mobile Pay,3,5,No,
ORD02370,2025-04-23,Completed,C0385,Returning,25-34,Gyeonggi,Electronics,Wireless Earbuds,Nova,1,49000,24000,0,3000,Mobile Pay,3,3,Yes,Damaged item
ORD02371,2025-03-16,Completed,C0234,VIP,25-34,Seoul,Fashion,Canvas Sneakers,Walkon,1,59000,26000,0,3000,Virtual Account,4,5,No,
ORD02372,2025-09-29,Pending,C0074,New,35-44,Daegu,Electronics,Bluetooth Speaker,Soundly,2,65000,31000,0.15,0,Mobile Pay,,,No,
ORD02373,2025-04-09,Completed,C0070,Returning,25-34,Incheon,Fashion,Crossbody Bag,Morrow,2,43000,18000,0,3000,Card,5,5,No,
ORD02374,2025-04-01,Completed,C0210,Returning,18-24,Jeju,Pet,Dog Treats 1kg,Barkly,1,25000,11000,0,3000,Card,5,5,No,
ORD02375,2025-08-23,Completed,C0844,Returning,18-24,Incheon,Home,Cotton Towel Set,SoftDay,3,24000,10000,0,3000,Bank Transfer,2,5,No,
ORD02376,2025-01-25,Completed,C0701,New,18-24,Seoul,Food,Protein Bar Pack,FitBite,3,28000,12000,0,3000,Mobile Pay,3,4,No,
ORD02377,2025-08-25,Completed,C0589,Returning,45-54,Gangwon,Food,Protein Bar Pack,FitBite,4,28000,12000,0.2,3000,Bank Transfer,2,5,No,
ORD02378,2025-03-27,Completed,C0582,Returning,25-34,Incheon,Home,Cotton Towel Set,SoftDay,4,24000,10000,0,0,Card,2,5,No,
ORD02379,2025-07-01,Completed,C0592,Returning,45-54,Daejeon,Beauty,Sunscreen SPF50,Glow,4,18000,7000,0,3000,Bank Transfer,5,5,No,
ORD02380,2025-03-17,Completed,C0609,Returning,18-24,Jeju,Home,Storage Box Set,NeatHome,4,29000,12000,0,0,Mobile Pay,7,4,No,
ORD02381,2025-12-14,Completed,C0607,Returning,18-24,Daejeon,Food,Gift Snack Box,HappyBox,1,33000,14000,0,0,Card,5,5,No,
ORD02382,2025-03-16,Completed,C0725,New,55+,Incheon,Fashion,Canvas Sneakers,Walkon,1,59000,26000,0.25,3000,Card,5,4,No,
ORD02383,2025-07-01,Completed,C0030,New,55+,Seoul,Food,Coffee Bean 1kg,BeanRoot,2,32000,15000,0,3000,Card,1,5,No,
ORD02384,2025-02-15,Completed,C0823,VIP,35-44,Gwangju,Home,Cotton Towel Set,SoftDay,2,24000,10000,0,3000,Bank Transfer,3,5,No,
ORD02385,2025-07-10,Completed,C0554,New,35-44,Gangwon,Home,Desk Lamp,Lumen,2,39000,16000,0,3000,Bank Transfer,6,4,No,
ORD02386,2025-08-18,Completed,C0504,Returning,45-54,Jeju,Home,Cotton Towel Set,SoftDay,1,24000,10000,0,0,Virtual Account,3,5,No,
ORD02387,2025-10-21,Completed,C0707,New,55+,Gyeonggi,Beauty,Sunscreen SPF50,Glow,4,18000,7000,0,3000,Bank Transfer,4,4,No,
ORD02388,2025-03-27,Pending,C0825,Returning,55+,Daegu,Home,Storage Box Set,NeatHome,2,29000,12000,0.15,0,Bank Transfer,,,No,
ORD02389,2025-04-17,Completed,C0833,New,35-44,Busan,Beauty,Hydrating Serum,PureLab,1,22000,9000,0,0,Virtual Account,3,4,No,
ORD02390,2025-09-07,Completed,C0783,New,35-44,Daegu,Pet,Dog Treats 1kg,Barkly,2,25000,11000,0,0,Mobile Pay,5,5,No,
ORD02391,2025-11-07,Completed,C0181,VIP,18-24,Busan,Beauty,Sunscreen SPF50,Glow,1,18000,7000,0,0,Card,2,4,No,
ORD02392,2025-06-10,Pending,C0410,New,25-34,Daejeon,Pet,Pet Bed,ComfyPaws,2,47000,20000,0,0,Mobile Pay,,,No,
ORD02393,2025-08-14,Completed,C0274,New,35-44,Gyeonggi,Beauty,Lip Tint,Mellow,4,14000,5000,0,3000,Card,5,4,No,
ORD02394,2025-07-19,Completed,C0595,Returning,18-24,Seoul,Pet,Dog Treats 1kg,Barkly,4,25000,11000,0,3000,Virtual Account,2,4,No,
ORD02395,2025-01-22,Cancelled,C0137,Returning,55+,Busan,Electronics,Smart Watch,Pulse,2,99000,47000,0.1,0,Virtual Account,,,No,
ORD02396,2025-09-25,Completed,C0150,VIP,45-54,Incheon,Fashion,Crossbody Bag,Morrow,3,43000,18000,0.05,3000,Mobile Pay,4,4,No,
ORD02397,2025-04-22,Completed,C0768,New,35-44,Busan,Fashion,Oversized Hoodie,Northline,4,45000,21000,0,0,Virtual Account,2,4,No,
ORD02398,2025-07-17,Completed,C0690,New,25-34,Gangwon,Home,Desk Lamp,Lumen,4,39000,16000,0,0,Card,3,5,No,
ORD02399,2025-01-18,Completed,C0351,Returning,55+,Gyeonggi,Pet,Cat Toy Bundle,PawJoy,2,19000,8000,0.25,3000,Virtual Account,2,4,No,
ORD02400,2025-03-05,Cancelled,C0373,VIP,18-24,Jeju,Home,Desk Lamp,Lumen,2,39000,16000,0,0,Virtual Account,,,No,
ORD00001,2025-05-12,Completed,C0447,Returning,55+,Incheon,Electronics,Smart Watch,Pulse,3,99000,47000,0,0,Mobile Pay,4,5,No,
ORD00038,2025-04-18,Completed,C0115,Returning,55+,Jeju,Food,Coffee Bean 1kg,BeanRoot,1,32000,15000,0.1,3000,Mobile Pay,9,3,No,
ORD00075,2025-11-29,Completed,C0485,New,55+,Daegu,Home,Storage Box Set,NeatHome,3,29000,12000,0.15,0,Virtual Account,2,5,No,
ORD00112,2025-11-21,Pending,C0129,New,55+,Daejeon,Beauty,Sunscreen SPF50,Glow,4,18000,7000,0,0,Card,,,No,
ORD00149,2025-09-01,Completed,C0517,New,18-24,Gyeonggi,Beauty,Lip Tint,Mellow,4,14000,5000,0,3000,Card,5,4,No,
ORD00186,2025-03-04,Completed,C0169,Returning,35-44,Daejeon,Beauty,Sunscreen SPF50,Glow,4,18000,7000,0,3000,Card,1,5,No,
ORD00223,2025-03-14,Completed,C0628,Returning,35-44,Jeju,Electronics,Smart Watch,Pulse,3,99000,47000,0,0,Mobile Pay,2,5,No,
ORD00260,2025-11-03,Completed,C0511,Returning,45-54,Daejeon,Food,Gift Snack Box,HappyBox,4,33000,14000,0,3000,Bank Transfer,1,5,No,
ORD00297,2025-11-14,Completed,C0555,Returning,55+,Busan,Electronics,Smart Watch,Pulse,1,99000,47000,0,3000,Virtual Account,2,4,No,
ORD00334,2025-02-16,Completed,C0042,Returning,55+,Gangwon,Fashion,Canvas Sneakers,Walkon,1,59000,26000,0,3000,Card,2,4,No,
ORD00371,2025-12-11,Completed,C0279,Returning,25-34,Daegu,Pet,Dog Treats 1kg,Barkly,2,25000,11000,0.1,3000,Bank Transfer,2,4,No,
ORD00408,2025-04-30,Cancelled,C0480,New,45-54,Busan,Pet,Dog Treats 1kg,Barkly,2,25000,11000,0,0,Card,,,No,
ORD00445,2025-12-15,Completed,C0474,Returning,25-34,Incheon,Food,Coffee Bean 1kg,BeanRoot,1,32000,15000,0.25,3000,Mobile Pay,3,4,No,
ORD00482,2025-02-16,Completed,C0322,New,55+,Gangwon,Electronics,Bluetooth Speaker,Soundly,4,65000,31000,0,3000,Card,7,4,No,
ORD00519,2025-02-19,Completed,C0799,New,35-44,Gangwon,Food,Protein Bar Pack,FitBite,4,28000,12000,0.15,3000,Card,5,5,No,
ORD00556,2025-07-16,Completed,C0753,Returning,45-54,Daejeon,Pet,Dog Treats 1kg,Barkly,3,25000,11000,0,0,Bank Transfer,4,5,No,
ORD00593,2025-05-07,Completed,C0442,New,35-44,Gwangju,Pet,Dog Treats 1kg,Barkly,4,25000,11000,0,3000,Bank Transfer,5,5,No,
ORD00630,2025-01-18,Completed,C0109,Returning,35-44,Gyeonggi,Food,Protein Bar Pack,FitBite,2,28000,12000,0.2,3000,Mobile Pay,1,4,No,
ORD00667,2025-06-10,Completed,C0157,Returning,35-44,Jeju,Fashion,Canvas Sneakers,Walkon,3,59000,26000,0,0,Virtual Account,8,4,No,
ORD00704,2025-02-16,Completed,C0486,New,35-44,Gangwon,Home,Storage Box Set,NeatHome,3,29000,12000,0.05,3000,Bank Transfer,1,5,No,
ORD00741,2025-04-24,Completed,C0321,New,25-34,Incheon,Home,Desk Lamp,Lumen,1,39000,16000,0,3000,Bank Transfer,1,5,No,
ORD00778,2025-03-22,Completed,C0470,New,18-24,Daejeon,Fashion,Oversized Hoodie,Northline,1,45000,21000,0,3000,Bank Transfer,2,4,No,
ORD00815,2025-08-23,Completed,C0251,Returning,45-54,Gangwon,Electronics,Wireless Earbuds,Nova,1,49000,24000,0,3000,Mobile Pay,2,5,No,
ORD00852,2025-05-31,Completed,C0291,New,55+,Gyeonggi,Electronics,Bluetooth Speaker,Soundly,2,65000,31000,0.2,3000,Virtual Account,5,5,No,
